#
# A fatal error has been detected by the Java Runtime Environment:
#
#  SIGSEGV (0xb) at pc=0x00000001148b1d05, pid=59914, tid=28419
#
# JRE version: OpenJDK Runtime Environment Zulu17.62+17-CA (17.0.17+10) (build 17.0.17+10-LTS)
# Java VM: OpenJDK 64-Bit Server VM Zulu17.62+17-CA (17.0.17+10-LTS, mixed mode, sharing, tiered, compressed oops, compressed class ptrs, g1 gc, bsd-amd64)
# Problematic frame:
# V  [libjvm.dylib+0x793d05]  MachNode::operand_index(unsigned int) const+0x25
#
# No core dump will be written. Core dumps have been disabled. To enable core dumping, try "ulimit -c unlimited" before starting Java again
#
# If you would like to submit a bug report, please visit:
#   http://www.azul.com/support/
#

---------------  S U M M A R Y ------------

Command Line: --add-opens=java.base/java.lang=ALL-UNNAMED --add-opens=java.base/java.lang.invoke=ALL-UNNAMED --add-opens=java.base/java.util=ALL-UNNAMED --add-opens=java.prefs/java.util.prefs=ALL-UNNAMED --add-exports=jdk.compiler/com.sun.tools.javac.api=ALL-UNNAMED --add-exports=jdk.compiler/com.sun.tools.javac.util=ALL-UNNAMED --add-opens=java.base/java.util=ALL-UNNAMED --add-opens=java.prefs/java.util.prefs=ALL-UNNAMED --add-opens=java.base/java.nio.charset=ALL-UNNAMED --add-opens=java.base/java.net=ALL-UNNAMED --add-opens=java.base/java.util.concurrent=ALL-UNNAMED --add-opens=java.base/java.util.concurrent.atomic=ALL-UNNAMED --add-opens=java.xml/javax.xml.namespace=ALL-UNNAMED -XX:MaxMetaspaceSize=512m -Xmx2048m -Dfile.encoding=UTF-8 -Duser.country=AR -Duser.language=es -Duser.variant -javaagent:/Users/juanprogramador/.gradle/wrapper/dists/gradle-9.0.0-bin/d6wjpkvcgsg3oed0qlfss3wgl/gradle-9.0.0/lib/agents/gradle-instrumentation-agent-9.0.0.jar org.gradle.launcher.daemon.bootstrap.GradleDaemon 9.0.0

Host: "MacBookPro16,1" x86_64 2400 MHz, 16 cores, 32G, Darwin 25.1.0, macOS 26.1 (25B78)
Time: Wed Feb  4 19:33:41 2026 -03 elapsed time: 258.101516 seconds (0d 0h 4m 18s)

---------------  T H R E A D  ---------------

Current thread (0x00007fd98900f400):  JavaThread "C2 CompilerThread0" daemon [_thread_in_native, id=28419, stack(0x000070000db04000,0x000070000dc04000)]


Current CompileTask:
C2:258101 14018   !   4       java.net.URL::<init> (543 bytes)

Stack: [0x000070000db04000,0x000070000dc04000],  sp=0x000070000dc007b0,  free space=1009k
Native frames: (J=compiled Java code, j=interpreted, Vv=VM code, C=native code)
V  [libjvm.dylib+0x793d05]  MachNode::operand_index(unsigned int) const+0x25
V  [libjvm.dylib+0x2a3cef]  PhaseChaitin::gather_lrg_masks(bool)+0x44f
V  [libjvm.dylib+0x2a3261]  PhaseChaitin::Register_Allocate()+0x8e1
V  [libjvm.dylib+0x323670]  Compile::Code_Gen()+0x3d0
V  [libjvm.dylib+0x32070d]  Compile::Compile(ciEnv*, ciMethod*, int, bool, bool, bool, bool, bool, DirectiveSet*)+0x116d
V  [libjvm.dylib+0x283392]  C2Compiler::compile_method(ciEnv*, ciMethod*, int, bool, DirectiveSet*)+0xf2
V  [libjvm.dylib+0x333c5a]  CompileBroker::invoke_compiler_on_method(CompileTask*)+0x62a
V  [libjvm.dylib+0x33340c]  CompileBroker::compiler_thread_loop()+0x41c
V  [libjvm.dylib+0xa976e0]  JavaThread::thread_main_inner()+0x150
V  [libjvm.dylib+0xa959d7]  Thread::call_run()+0xa7
V  [libjvm.dylib+0x8ad748]  thread_native_entry(Thread*)+0x148
C  [libsystem_pthread.dylib+0x5e4d]  _pthread_start+0x73
C  [libsystem_pthread.dylib+0x1857]  thread_start+0xf


siginfo: si_signo: 11 (SIGSEGV), si_code: 1 (SEGV_MAPERR), si_addr: 0x00007fda30507ca0

Registers:
RAX=0x00007fd988f5b460, RBX=0x00007fd90b5d3138, RCX=0x00007fd940118010, RDX=0x000000000000027a
RSP=0x000070000dc007b0, RBP=0x000070000dc007e0, RSI=0x0000000014eb5908, RDI=0x00007fd95f834b58
R8 =0x0000000000000000, R9 =0x5555555555555555, R10=0x0f0f0f0f0f0f0f0f, R11=0x0101010101010101
R12=0x0000000014eb5908, R13=0x00000000ffffffff, R14=0x00007fd95f834b58, R15=0x0000000014eb5908
RIP=0x00000001148b1d05, EFLAGS=0x0000000000010202, ERR=0x0000000000000004
  TRAPNO=0x000000000000000e


Register to memory mapping:

RAX=0x00007fd988f5b460 points into unknown readable memory: 0x0000000114e34f58 | 58 4f e3 14 01 00 00 00
RBX=0x00007fd90b5d3138 points into unknown readable memory: 0x0000000114dec920 | 20 c9 de 14 01 00 00 00
RCX=0x00007fd940118010 points into unknown readable memory: 0x0000000000000000 | 00 00 00 00 00 00 00 00
RDX=0x000000000000027a is an unknown value
RSP=0x000070000dc007b0 is pointing into the stack for thread: 0x00007fd98900f400
RBP=0x000070000dc007e0 is pointing into the stack for thread: 0x00007fd98900f400
RSI=0x0000000014eb5908 is an unknown value
RDI=0x00007fd95f834b58 points into unknown readable memory: 0x0000000114df9050 | 50 90 df 14 01 00 00 00
R8 =0x0 is NULL
R9 =0x5555555555555555 is an unknown value
R10=0x0f0f0f0f0f0f0f0f is an unknown value
R11=0x0101010101010101 is an unknown value
R12=0x0000000014eb5908 is an unknown value
R13=0x00000000ffffffff is an unknown value
R14=0x00007fd95f834b58 points into unknown readable memory: 0x0000000114df9050 | 50 90 df 14 01 00 00 00
R15=0x0000000014eb5908 is an unknown value


Top of Stack: (sp=0x000070000dc007b0)
0x000070000dc007b0:   0000000114eb5908 00007fd90b5d3138
0x000070000dc007c0:   000070000dc021f8 0000000000000001
0x000070000dc007d0:   00000000ffffffff 0000000000000000
0x000070000dc007e0:   000070000dc00880 00000001143c1cef
0x000070000dc007f0:   00007fd978229930 0000000000024228
0x000070000dc00800:   00000000ffffffff 0000000000000003
0x000070000dc00810:   000000000000027a 00007fd978254270
0x000070000dc00820:   0000000000000003 00000000000e1bf0
0x000070000dc00830:   00007fd90b5d3138 000070000dc021f8
0x000070000dc00840:   000000010dc00880 00007fd95f834b58
0x000070000dc00850:   00000000000d7000 00007fd908f526b0
0x000070000dc00860:   0000000114e79c08 000070000dc021f8
0x000070000dc00870:   000070000dc00890 000070000dc00aa0
0x000070000dc00880:   000070000dc00b10 00000001143c1261
0x000070000dc00890:   000000010000000a 000070000dc03080
0x000070000dc008a0:   00007fd9780f8010 0000000000000000
0x000070000dc008b0:   00007fd978318010 00007fd90b4a8a10
0x000070000dc008c0:   00007fd90b4ab310 00007fd90ba69f60
0x000070000dc008d0:   000070000dc02368 000070000dc022f8
0x000070000dc008e0:   0000000000001574 000070000dc00aa0
0x000070000dc008f0:   000070000dc00900 0000000114e10000
0x000070000dc00900:   0000000000000000 000070000dc03080
0x000070000dc00910:   000070000dc02100 0000000100002072
0x000070000dc00920:   0000000114cb8af2 0000000000000000
0x000070000dc00930:   000070000dc03080 0000000000000000
0x000070000dc00940:   0000000114cb8af2 000070000dc02100
0x000070000dc00950:   0000000114e10000 0000000000000000
0x000070000dc00960:   000070000dc03080 000070000dc02100
0x000070000dc00970:   0000000000000000 0000000114cb8a33
0x000070000dc00980:   0000000000000000 0000000000000000
0x000070000dc00990:   0000000000000000 0000000114cb8a33
0x000070000dc009a0:   000070000dc00900 0000000114bbceb3 

Instructions: (pc=0x00000001148b1d05)
0x00000001148b1c05:   85 f6 74 60 49 8b 45 40 44 89 f3 48 8b 3c d8 48
0x00000001148b1c15:   8b 07 ff 50 08 85 c0 74 4b 48 89 5d d0 49 8b 45
0x00000001148b1c25:   00 4c 89 ef ff 90 c8 00 00 00 41 89 c4 41 83 fe
0x00000001148b1c35:   02 72 31 bb 01 00 00 00 4c 8b 75 d0 66 2e 0f 1f
0x00000001148b1c45:   84 00 00 00 00 00 0f 1f 44 00 00 49 8b 45 40 48
0x00000001148b1c55:   8b 3c d8 48 8b 07 ff 50 08 41 01 c4 48 ff c3 49
0x00000001148b1c65:   39 de 75 e7 49 8b 07 4c 89 ff ff 90 98 00 00 00
0x00000001148b1c75:   85 c0 78 14 49 8b 4d 08 44 01 e0 48 98 48 8b 04
0x00000001148b1c85:   c1 48 8b 4d c8 48 89 01 49 8b 07 4c 89 ff ff 90
0x00000001148b1c95:   a0 00 00 00 85 c0 48 8b 55 c0 78 21 49 8b 4d 08
0x00000001148b1ca5:   44 01 e0 48 98 48 8b 04 c1 48 89 02 eb 0f 48 c7
0x00000001148b1cb5:   03 ff ff ff ff 49 c7 04 24 ff ff ff ff 4c 89 f8
0x00000001148b1cc5:   48 83 c4 18 5b 41 5c 41 5d 41 5e 41 5f 5d c3 66
0x00000001148b1cd5:   2e 0f 1f 84 00 00 00 00 00 66 90 55 48 89 e5 41
0x00000001148b1ce5:   57 41 56 41 55 41 54 53 50 41 bd ff ff ff ff 85
0x00000001148b1cf5:   f6 74 51 41 89 f7 49 89 fe 48 8b 47 40 41 89 f4
0x00000001148b1d05:   4a 8b 3c e0 48 8b 07 ff 50 08 85 c0 74 36 49 8b
0x00000001148b1d15:   06 4c 89 f7 ff 90 c8 00 00 00 41 89 c5 41 83 ff
0x00000001148b1d25:   02 72 21 bb 01 00 00 00 0f 1f 00 49 8b 46 40 48
0x00000001148b1d35:   8b 3c d8 48 8b 07 ff 50 08 41 01 c5 48 ff c3 49
0x00000001148b1d45:   39 dc 75 e7 44 89 e8 48 83 c4 08 5b 41 5c 41 5d
0x00000001148b1d55:   41 5e 41 5f 5d c3 0f 1f 44 00 00 55 48 89 e5 41
0x00000001148b1d65:   57 41 56 41 55 41 54 53 48 83 ec 28 49 89 d6 48
0x00000001148b1d75:   89 f3 48 8d 75 c8 48 8d 55 b0 e8 fc fd ff ff 48
0x00000001148b1d85:   83 f8 ff 74 14 49 89 c4 48 85 c0 75 18 48 c7 03
0x00000001148b1d95:   00 00 00 00 e9 4d 01 00 00 48 c7 03 ff 6b ca 88
0x00000001148b1da5:   e9 41 01 00 00 4c 89 75 d0 49 8b 04 24 4c 89 e7
0x00000001148b1db5:   ff 90 90 00 00 00 41 89 c6 4c 63 f8 49 8b 04 24
0x00000001148b1dc5:   4c 89 e7 ff 50 78 4c 8b 6d b0 4d 85 ed 0f 84 96
0x00000001148b1dd5:   00 00 00 89 45 c4 4c 89 7d b8 49 8b 45 00 4c 89
0x00000001148b1de5:   ef ff 50 28 8b 48 10 48 85 c0 74 3d 89 ca 83 e2
0x00000001148b1df5:   fe 83 fa 06 75 33 48 8b 75 b8 48 89 33 8b 48 10 


Stack slot to memory mapping:
stack at sp + 0 slots: 0x0000000114eb5908: _ZL32pipeline_class_Zero_Instructions+0 in /Library/Java/JavaVirtualMachines/zulu-17.jdk/Contents/Home/lib/server/libjvm.dylib at 0x000000011411e000
stack at sp + 1 slots: 0x00007fd90b5d3138 points into unknown readable memory: 0x0000000114dec920 | 20 c9 de 14 01 00 00 00
stack at sp + 2 slots: 0x000070000dc021f8 is pointing into the stack for thread: 0x00007fd98900f400
stack at sp + 3 slots: 0x0000000000000001 is an unknown value
stack at sp + 4 slots: 0x00000000ffffffff is an unknown value
stack at sp + 5 slots: 0x0 is NULL
stack at sp + 6 slots: 0x000070000dc00880 is pointing into the stack for thread: 0x00007fd98900f400
stack at sp + 7 slots: 0x00000001143c1cef: _ZN12PhaseChaitin16gather_lrg_masksEb+0x44f in /Library/Java/JavaVirtualMachines/zulu-17.jdk/Contents/Home/lib/server/libjvm.dylib at 0x000000011411e000


---------------  P R O C E S S  ---------------

Threads class SMR info:
_java_thread_list=0x00007fd90d20e220, length=42, elements={
0x00007fd98f80d400, 0x00007fd9a080f400, 0x00007fd9a080da00, 0x00007fd98900da00,
0x00007fd98900e800, 0x00007fd98900ee00, 0x00007fd98900f400, 0x00007fd98900fa00,
0x00007fd989014000, 0x00007fd98f990600, 0x00007fd96f814400, 0x00007fd98fb31400,
0x00007fd98fb22e00, 0x00007fd9a1244c00, 0x00007fd9a0a06800, 0x00007fd9a0a07c00,
0x00007fd9a122de00, 0x00007fd98fb46c00, 0x00007fd9a12d0e00, 0x00007fd99fc33400,
0x00007fd99fc32200, 0x00007fd9a0a31200, 0x00007fd989637e00, 0x00007fd98fe0a400,
0x00007fd9a0a34000, 0x00007fd99f812200, 0x00007fd9a0a34600, 0x00007fd9a0a34c00,
0x00007fd98fe15000, 0x00007fd9a1563400, 0x00007fd98fe15600, 0x00007fd9889f3c00,
0x00007fd9a141e000, 0x00007fd9a0a8d200, 0x00007fd99f930600, 0x00007fd90aa1f600,
0x00007fd90aa90e00, 0x00007fd988c73a00, 0x00007fd90aa1d000, 0x00007fd988c46000,
0x00007fd988c46600, 0x00007fd989298e00
}

Java Threads: ( => current thread )
  0x00007fd98f80d400 JavaThread "main" [_thread_blocked, id=9987, stack(0x000070000cdda000,0x000070000ceda000)]
  0x00007fd9a080f400 JavaThread "Reference Handler" daemon [_thread_blocked, id=31235, stack(0x000070000d4ef000,0x000070000d5ef000)]
  0x00007fd9a080da00 JavaThread "Finalizer" daemon [_thread_blocked, id=23555, stack(0x000070000d5f2000,0x000070000d6f2000)]
  0x00007fd98900da00 JavaThread "Signal Dispatcher" daemon [_thread_blocked, id=29187, stack(0x000070000d7fb000,0x000070000d8fb000)]
  0x00007fd98900e800 JavaThread "Service Thread" daemon [_thread_blocked, id=25091, stack(0x000070000d8fe000,0x000070000d9fe000)]
  0x00007fd98900ee00 JavaThread "Monitor Deflation Thread" daemon [_thread_blocked, id=28675, stack(0x000070000da01000,0x000070000db01000)]
=>0x00007fd98900f400 JavaThread "C2 CompilerThread0" daemon [_thread_in_native, id=28419, stack(0x000070000db04000,0x000070000dc04000)]
  0x00007fd98900fa00 JavaThread "C1 CompilerThread0" daemon [_thread_blocked, id=27907, stack(0x000070000dc07000,0x000070000dd07000)]
  0x00007fd989014000 JavaThread "Sweeper thread" daemon [_thread_blocked, id=27651, stack(0x000070000dd0a000,0x000070000de0a000)]
  0x00007fd98f990600 JavaThread "Common-Cleaner" daemon [_thread_blocked, id=27139, stack(0x000070000de0d000,0x000070000df0d000)]
  0x00007fd96f814400 JavaThread "Notification Thread" daemon [_thread_blocked, id=43267, stack(0x000070000e116000,0x000070000e216000)]
  0x00007fd98fb31400 JavaThread "Daemon health stats" [_thread_blocked, id=35843, stack(0x000070000ee3d000,0x000070000ef3d000)]
  0x00007fd98fb22e00 JavaThread "Incoming local TCP Connector on port 57831" [_thread_in_native, id=39427, stack(0x000070000ef40000,0x000070000f040000)]
  0x00007fd9a1244c00 JavaThread "Daemon periodic checks" [_thread_blocked, id=36355, stack(0x000070000f043000,0x000070000f143000)]
  0x00007fd9a0a06800 JavaThread "Cache worker for journal cache (/Users/juanprogramador/.gradle/caches/journal-1)" [_thread_blocked, id=44035, stack(0x000070000f95e000,0x000070000fa5e000)]
  0x00007fd9a0a07c00 JavaThread "File lock request listener" [_thread_in_native, id=64003, stack(0x000070000fa61000,0x000070000fb61000)]
  0x00007fd9a122de00 JavaThread "Cache worker for file hash cache (/Users/juanprogramador/.gradle/caches/9.0.0/fileHashes)" [_thread_blocked, id=63747, stack(0x000070000fb64000,0x000070000fc64000)]
  0x00007fd98fb46c00 JavaThread "File watcher server" daemon [_thread_in_native, id=46339, stack(0x0000700010073000,0x0000700010173000)]
  0x00007fd9a12d0e00 JavaThread "File watcher consumer" daemon [_thread_blocked, id=46851, stack(0x0000700010176000,0x0000700010276000)]
  0x00007fd99fc33400 JavaThread "Cache worker for file content cache (/Users/juanprogramador/.gradle/caches/9.0.0/fileContent)" [_thread_blocked, id=47619, stack(0x000070001037c000,0x000070001047c000)]
  0x00007fd99fc32200 JavaThread "jar transforms" [_thread_blocked, id=48643, stack(0x0000700010788000,0x0000700010888000)]
  0x00007fd9a0a31200 JavaThread "Daemon Thread 2" [_thread_blocked, id=38675, stack(0x000070000df10000,0x000070000e010000)]
  0x00007fd989637e00 JavaThread "Handler for socket connection from /127.0.0.1:57831 to /127.0.0.1:58996" [_thread_in_native, id=37915, stack(0x000070000e013000,0x000070000e113000)]
  0x00007fd98fe0a400 JavaThread "Cancel handler" [_thread_blocked, id=37643, stack(0x000070000f146000,0x000070000f246000)]
  0x00007fd9a0a34000 JavaThread "Daemon worker Thread 2" [_thread_in_Java, id=29967, stack(0x000070000f249000,0x000070000f349000)]
  0x00007fd99f812200 JavaThread "Asynchronous log dispatcher for DefaultDaemonConnection: socket connection from /127.0.0.1:57831 to /127.0.0.1:58996" [_thread_blocked, id=26639, stack(0x000070000f34c000,0x000070000f44c000)]
  0x00007fd9a0a34600 JavaThread "Stdin handler" [_thread_blocked, id=32783, stack(0x000070000f44f000,0x000070000f54f000)]
  0x00007fd9a0a34c00 JavaThread "Daemon client event forwarder" [_thread_blocked, id=36883, stack(0x000070000f552000,0x000070000f652000)]
  0x00007fd98fe15000 JavaThread "Cache worker for file hash cache (/Users/juanprogramador/Trabajos/ticketTransfer/v2/apps/mobile/android/.gradle/9.0.0/fileHashes)" [_thread_blocked, id=62243, stack(0x000070000f758000,0x000070000f858000)]
  0x00007fd9a1563400 JavaThread "Cache worker for Build Output Cleanup Cache (/Users/juanprogramador/Trabajos/ticketTransfer/v2/apps/mobile/android/.gradle/buildOutputCleanup)" [_thread_blocked, id=65291, stack(0x000070000fe6d000,0x000070000ff6d000)]
  0x00007fd98fe15600 JavaThread "Cache worker for checksums cache (/Users/juanprogramador/Trabajos/ticketTransfer/v2/apps/mobile/android/.gradle/9.0.0/checksums)" [_thread_blocked, id=64775, stack(0x000070000ff70000,0x0000700010070000)]
  0x00007fd9889f3c00 JavaThread "Cache worker for cache directory md-supplier (/Users/juanprogramador/.gradle/caches/9.0.0/md-supplier)" [_thread_blocked, id=47375, stack(0x0000700010279000,0x0000700010379000)]
  0x00007fd9a141e000 JavaThread "Cache worker for cache directory md-rule (/Users/juanprogramador/.gradle/caches/9.0.0/md-rule)" [_thread_blocked, id=63239, stack(0x000070001047f000,0x000070001057f000)]
  0x00007fd9a0a8d200 JavaThread "Cache worker for Build Output Cleanup Cache (/Users/juanprogramador/Trabajos/ticketTransfer/v2/node_modules/.pnpm/@react-native+gradle-plugin@0.73.4/node_modules/@react-native/gradle-plugin/.gradle/buildOutputCleanup)" [_thread_blocked, id=62991, stack(0x0000700010582000,0x0000700010682000)]
  0x00007fd99f930600 JavaThread "C1 CompilerThread1" daemon [_thread_blocked, id=37403, stack(0x000070000f655000,0x000070000f755000)]
  0x00007fd90aa1f600 JavaThread "Unconstrained build operations" [_thread_blocked, id=48915, stack(0x000070001088b000,0x000070001098b000)]
  0x00007fd90aa90e00 JavaThread "Unconstrained build operations Thread 2" [_thread_blocked, id=49415, stack(0x000070001098e000,0x0000700010a8e000)]
  0x00007fd988c73a00 JavaThread "Unconstrained build operations Thread 3" [_thread_blocked, id=60679, stack(0x0000700010a91000,0x0000700010b91000)]
  0x00007fd90aa1d000 JavaThread "Unconstrained build operations Thread 4" [_thread_blocked, id=49923, stack(0x0000700010b94000,0x0000700010c94000)]
  0x00007fd988c46000 JavaThread "Unconstrained build operations Thread 5" [_thread_blocked, id=50435, stack(0x0000700010c97000,0x0000700010d97000)]
  0x00007fd988c46600 JavaThread "Unconstrained build operations Thread 6" [_thread_blocked, id=60163, stack(0x0000700010d9a000,0x0000700010e9a000)]
  0x00007fd989298e00 JavaThread "Kotlin DSL Writer" [_thread_blocked, id=50947, stack(0x0000700010e9d000,0x0000700010f9d000)]

Other Threads:
  0x00007fd98810dc90 VMThread "VM Thread" [stack: 0x000070000d3ec000,0x000070000d4ec000] [id=19971]
  0x00007fd9a0112860 WatcherThread [stack: 0x000070000e219000,0x000070000e319000] [id=33027]
  0x00007fd98f715f60 GCTaskThread "GC Thread#0" [stack: 0x000070000cedd000,0x000070000cfdd000] [id=13571]
  0x00007fd9a0124ee0 GCTaskThread "GC Thread#1" [stack: 0x000070000e31c000,0x000070000e41c000] [id=33283]
  0x00007fd98f78b170 GCTaskThread "GC Thread#2" [stack: 0x000070000e41f000,0x000070000e51f000] [id=42243]
  0x00007fd98f78ba10 GCTaskThread "GC Thread#3" [stack: 0x000070000e522000,0x000070000e622000] [id=41731]
  0x00007fd9a001f940 GCTaskThread "GC Thread#4" [stack: 0x000070000e625000,0x000070000e725000] [id=41475]
  0x00007fd9a00201e0 GCTaskThread "GC Thread#5" [stack: 0x000070000e728000,0x000070000e828000] [id=41219]
  0x00007fd9a01257f0 GCTaskThread "GC Thread#6" [stack: 0x000070000e82b000,0x000070000e92b000] [id=34051]
  0x00007fd9a0126510 GCTaskThread "GC Thread#7" [stack: 0x000070000e92e000,0x000070000ea2e000] [id=34563]
  0x00007fd99f72d990 GCTaskThread "GC Thread#8" [stack: 0x000070000ea31000,0x000070000eb31000] [id=40451]
  0x00007fd99f72e5d0 GCTaskThread "GC Thread#9" [stack: 0x000070000eb34000,0x000070000ec34000] [id=35075]
  0x00007fd99f72f290 GCTaskThread "GC Thread#10" [stack: 0x000070000ec37000,0x000070000ed37000] [id=35587]
  0x00007fd98804a830 GCTaskThread "GC Thread#11" [stack: 0x000070000ed3a000,0x000070000ee3a000] [id=39939]
  0x00007fd9a009a0b0 GCTaskThread "GC Thread#12" [stack: 0x000070000f85b000,0x000070000f95b000] [id=64515]
  0x00007fd98f716de0 ConcurrentGCThread "G1 Main Marker" [stack: 0x000070000cfe0000,0x000070000d0e0000] [id=12291]
  0x00007fd98f717b60 ConcurrentGCThread "G1 Conc#0" [stack: 0x000070000d0e3000,0x000070000d1e3000] [id=12803]
  0x00007fd99f7afe40 ConcurrentGCThread "G1 Conc#1" [stack: 0x000070000fc67000,0x000070000fd67000] [id=45059]
  0x00007fd908a0bea0 ConcurrentGCThread "G1 Conc#2" [stack: 0x000070000fd6a000,0x000070000fe6a000] [id=45571]
  0x00007fd98f77a1d0 ConcurrentGCThread "G1 Refine#0" [stack: 0x000070000d1e6000,0x000070000d2e6000] [id=16643]
  0x00007fd908d2d560 ConcurrentGCThread "G1 Refine#1" [stack: 0x0000700010685000,0x0000700010785000] [id=61699]
  0x00007fd96f7047e0 ConcurrentGCThread "G1 Service" [stack: 0x000070000d2e9000,0x000070000d3e9000] [id=20995]

Threads with active compile tasks:
C2 CompilerThread0  258115 14018   !   4       java.net.URL::<init> (543 bytes)

VM state: not at safepoint (normal execution)

VM Mutex/Monitor currently owned by a thread: None

Heap address: 0x0000000780000000, size: 2048 MB, Compressed Oops mode: Zero based, Oop shift amount: 3

CDS archive(s) mapped at: [0x0000000133000000-0x0000000133bf0000-0x0000000133bf0000), size 12517376, SharedBaseAddress: 0x0000000133000000, ArchiveRelocationMode: 1.
Compressed class space mapped at: 0x0000000134000000-0x000000014e000000, reserved size: 436207616
Narrow klass base: 0x0000000133000000, Narrow klass shift: 0, Narrow klass range: 0x100000000

GC Precious Log:
 CPUs: 16 total, 16 available
 Memory: 32768M
 Large Page Support: Disabled
 NUMA Support: Disabled
 Compressed Oops: Enabled (Zero based)
 Heap Region Size: 1M
 Heap Min Capacity: 8M
 Heap Initial Capacity: 512M
 Heap Max Capacity: 2G
 Pre-touch: Disabled
 Parallel Workers: 13
 Concurrent Workers: 3
 Concurrent Refinement Workers: 13
 Periodic GC: Disabled

Heap:
 garbage-first heap   total 345088K, used 253927K [0x0000000780000000, 0x0000000800000000)
  region size 1024K, 168 young (172032K), 6 survivors (6144K)
 Metaspace       used 126854K, committed 127680K, reserved 557056K
  class space    used 16475K, committed 16896K, reserved 425984K

Heap Regions: E=young(eden), S=young(survivor), O=old, HS=humongous(starts), HC=humongous(continues), CS=collection set, F=free, OA=open archive, CA=closed archive, TAMS=top-at-mark-start (previous, next)
|   0|0x0000000780000000, 0x0000000780100000, 0x0000000780100000|100%|HS|  |TAMS 0x0000000780100000, 0x0000000780000000| Complete 
|   1|0x0000000780100000, 0x0000000780200000, 0x0000000780200000|100%|HC|  |TAMS 0x0000000780200000, 0x0000000780100000| Complete 
|   2|0x0000000780200000, 0x0000000780300000, 0x0000000780300000|100%|HC|  |TAMS 0x0000000780300000, 0x0000000780200000| Complete 
|   3|0x0000000780300000, 0x0000000780400000, 0x0000000780400000|100%| O|  |TAMS 0x0000000780400000, 0x0000000780300000| Untracked 
|   4|0x0000000780400000, 0x0000000780500000, 0x0000000780500000|100%| O|  |TAMS 0x0000000780500000, 0x0000000780400000| Untracked 
|   5|0x0000000780500000, 0x0000000780600000, 0x0000000780600000|100%| O|  |TAMS 0x0000000780600000, 0x0000000780500000| Untracked 
|   6|0x0000000780600000, 0x0000000780700000, 0x0000000780700000|100%| O|  |TAMS 0x0000000780700000, 0x0000000780600000| Untracked 
|   7|0x0000000780700000, 0x0000000780800000, 0x0000000780800000|100%| O|  |TAMS 0x0000000780800000, 0x0000000780700000| Untracked 
|   8|0x0000000780800000, 0x0000000780900000, 0x0000000780900000|100%| O|  |TAMS 0x0000000780900000, 0x0000000780800000| Untracked 
|   9|0x0000000780900000, 0x0000000780a00000, 0x0000000780a00000|100%| O|  |TAMS 0x0000000780a00000, 0x0000000780900000| Untracked 
|  10|0x0000000780a00000, 0x0000000780b00000, 0x0000000780b00000|100%|HS|  |TAMS 0x0000000780b00000, 0x0000000780a00000| Complete 
|  11|0x0000000780b00000, 0x0000000780c00000, 0x0000000780c00000|100%| O|  |TAMS 0x0000000780c00000, 0x0000000780b00000| Untracked 
|  12|0x0000000780c00000, 0x0000000780cb7200, 0x0000000780d00000| 71%| O|  |TAMS 0x0000000780cb7200, 0x0000000780c00000| Untracked 
|  13|0x0000000780d00000, 0x0000000780e00000, 0x0000000780e00000|100%| O|  |TAMS 0x0000000780e00000, 0x0000000780d00000| Untracked 
|  14|0x0000000780e00000, 0x0000000780f00000, 0x0000000780f00000|100%| O|  |TAMS 0x0000000780f00000, 0x0000000780e00000| Untracked 
|  15|0x0000000780f00000, 0x0000000781000000, 0x0000000781000000|100%| O|  |TAMS 0x0000000781000000, 0x0000000780f00000| Untracked 
|  16|0x0000000781000000, 0x0000000781100000, 0x0000000781100000|100%| O|  |TAMS 0x0000000781100000, 0x0000000781000000| Untracked 
|  17|0x0000000781100000, 0x0000000781200000, 0x0000000781200000|100%| O|  |TAMS 0x0000000781200000, 0x0000000781100000| Untracked 
|  18|0x0000000781200000, 0x0000000781300000, 0x0000000781300000|100%| O|  |TAMS 0x0000000781300000, 0x0000000781200000| Untracked 
|  19|0x0000000781300000, 0x0000000781400000, 0x0000000781400000|100%| O|  |TAMS 0x0000000781400000, 0x0000000781300000| Untracked 
|  20|0x0000000781400000, 0x0000000781500000, 0x0000000781500000|100%| O|  |TAMS 0x0000000781500000, 0x0000000781400000| Untracked 
|  21|0x0000000781500000, 0x0000000781600000, 0x0000000781600000|100%| O|  |TAMS 0x0000000781600000, 0x0000000781500000| Untracked 
|  22|0x0000000781600000, 0x0000000781700000, 0x0000000781700000|100%| O|  |TAMS 0x0000000781700000, 0x0000000781600000| Untracked 
|  23|0x0000000781700000, 0x0000000781800000, 0x0000000781800000|100%| O|  |TAMS 0x0000000781800000, 0x0000000781700000| Untracked 
|  24|0x0000000781800000, 0x0000000781900000, 0x0000000781900000|100%| O|  |TAMS 0x0000000781900000, 0x0000000781800000| Untracked 
|  25|0x0000000781900000, 0x0000000781a00000, 0x0000000781a00000|100%| O|  |TAMS 0x0000000781a00000, 0x0000000781900000| Untracked 
|  26|0x0000000781a00000, 0x0000000781b00000, 0x0000000781b00000|100%| O|  |TAMS 0x0000000781b00000, 0x0000000781a00000| Untracked 
|  27|0x0000000781b00000, 0x0000000781c00000, 0x0000000781c00000|100%| O|  |TAMS 0x0000000781c00000, 0x0000000781b00000| Untracked 
|  28|0x0000000781c00000, 0x0000000781d00000, 0x0000000781d00000|100%| O|  |TAMS 0x0000000781d00000, 0x0000000781c00000| Untracked 
|  29|0x0000000781d00000, 0x0000000781e00000, 0x0000000781e00000|100%| O|  |TAMS 0x0000000781e00000, 0x0000000781d00000| Untracked 
|  30|0x0000000781e00000, 0x0000000781f00000, 0x0000000781f00000|100%| O|  |TAMS 0x0000000781f00000, 0x0000000781e00000| Untracked 
|  31|0x0000000781f00000, 0x0000000782000000, 0x0000000782000000|100%| O|  |TAMS 0x0000000782000000, 0x0000000781f00000| Untracked 
|  32|0x0000000782000000, 0x0000000782100000, 0x0000000782100000|100%| O|  |TAMS 0x0000000782100000, 0x0000000782000000| Untracked 
|  33|0x0000000782100000, 0x0000000782200000, 0x0000000782200000|100%| O|  |TAMS 0x0000000782200000, 0x0000000782100000| Untracked 
|  34|0x0000000782200000, 0x0000000782300000, 0x0000000782300000|100%| O|  |TAMS 0x0000000782300000, 0x0000000782200000| Untracked 
|  35|0x0000000782300000, 0x0000000782400000, 0x0000000782400000|100%| O|  |TAMS 0x0000000782400000, 0x0000000782300000| Untracked 
|  36|0x0000000782400000, 0x0000000782500000, 0x0000000782500000|100%|HS|  |TAMS 0x0000000782400000, 0x0000000782400000| Complete 
|  37|0x0000000782500000, 0x0000000782600000, 0x0000000782600000|100%| O|  |TAMS 0x0000000782500000, 0x0000000782500000| Untracked 
|  38|0x0000000782600000, 0x0000000782700000, 0x0000000782700000|100%| O|  |TAMS 0x0000000782700000, 0x0000000782600000| Untracked 
|  39|0x0000000782700000, 0x0000000782800000, 0x0000000782800000|100%| O|  |TAMS 0x0000000782800000, 0x0000000782700000| Untracked 
|  40|0x0000000782800000, 0x0000000782900000, 0x0000000782900000|100%| O|  |TAMS 0x0000000782900000, 0x0000000782800000| Untracked 
|  41|0x0000000782900000, 0x0000000782a00000, 0x0000000782a00000|100%| O|  |TAMS 0x0000000782a00000, 0x0000000782900000| Untracked 
|  42|0x0000000782a00000, 0x0000000782b00000, 0x0000000782b00000|100%| O|  |TAMS 0x0000000782b00000, 0x0000000782a00000| Untracked 
|  43|0x0000000782b00000, 0x0000000782c00000, 0x0000000782c00000|100%| O|  |TAMS 0x0000000782c00000, 0x0000000782b00000| Untracked 
|  44|0x0000000782c00000, 0x0000000782d00000, 0x0000000782d00000|100%| O|  |TAMS 0x0000000782d00000, 0x0000000782c00000| Untracked 
|  45|0x0000000782d00000, 0x0000000782d00000, 0x0000000782e00000|  0%| F|  |TAMS 0x0000000782d00000, 0x0000000782d00000| Untracked 
|  46|0x0000000782e00000, 0x0000000782f00000, 0x0000000782f00000|100%| O|  |TAMS 0x0000000782f00000, 0x0000000782e00000| Untracked 
|  47|0x0000000782f00000, 0x0000000783000000, 0x0000000783000000|100%| O|  |TAMS 0x0000000783000000, 0x0000000782f00000| Untracked 
|  48|0x0000000783000000, 0x0000000783000000, 0x0000000783100000|  0%| F|  |TAMS 0x0000000783000000, 0x0000000783000000| Untracked 
|  49|0x0000000783100000, 0x0000000783100000, 0x0000000783200000|  0%| F|  |TAMS 0x0000000783100000, 0x0000000783100000| Untracked 
|  50|0x0000000783200000, 0x0000000783300000, 0x0000000783300000|100%| O|  |TAMS 0x0000000783300000, 0x0000000783200000| Untracked 
|  51|0x0000000783300000, 0x0000000783300000, 0x0000000783400000|  0%| F|  |TAMS 0x0000000783300000, 0x0000000783300000| Untracked 
|  52|0x0000000783400000, 0x0000000783500000, 0x0000000783500000|100%| O|  |TAMS 0x0000000783500000, 0x0000000783400000| Untracked 
|  53|0x0000000783500000, 0x0000000783600000, 0x0000000783600000|100%| O|  |TAMS 0x0000000783600000, 0x0000000783500000| Untracked 
|  54|0x0000000783600000, 0x0000000783600000, 0x0000000783700000|  0%| F|  |TAMS 0x0000000783600000, 0x0000000783600000| Untracked 
|  55|0x0000000783700000, 0x0000000783700000, 0x0000000783800000|  0%| F|  |TAMS 0x0000000783700000, 0x0000000783700000| Untracked 
|  56|0x0000000783800000, 0x0000000783900000, 0x0000000783900000|100%| O|  |TAMS 0x0000000783900000, 0x0000000783800000| Untracked 
|  57|0x0000000783900000, 0x0000000783a00000, 0x0000000783a00000|100%| O|  |TAMS 0x0000000783a00000, 0x0000000783900000| Untracked 
|  58|0x0000000783a00000, 0x0000000783b00000, 0x0000000783b00000|100%| O|  |TAMS 0x0000000783b00000, 0x0000000783a00000| Untracked 
|  59|0x0000000783b00000, 0x0000000783c00000, 0x0000000783c00000|100%|HS|  |TAMS 0x0000000783b00000, 0x0000000783b00000| Complete 
|  60|0x0000000783c00000, 0x0000000783d00000, 0x0000000783d00000|100%|HC|  |TAMS 0x0000000783c00000, 0x0000000783c00000| Complete 
|  61|0x0000000783d00000, 0x0000000783e00000, 0x0000000783e00000|100%|HC|  |TAMS 0x0000000783d00000, 0x0000000783d00000| Complete 
|  62|0x0000000783e00000, 0x0000000783f00000, 0x0000000783f00000|100%|HC|  |TAMS 0x0000000783e00000, 0x0000000783e00000| Complete 
|  63|0x0000000783f00000, 0x0000000784000000, 0x0000000784000000|100%|HC|  |TAMS 0x0000000783f00000, 0x0000000783f00000| Complete 
|  64|0x0000000784000000, 0x0000000784100000, 0x0000000784100000|100%|HC|  |TAMS 0x0000000784000000, 0x0000000784000000| Complete 
|  65|0x0000000784100000, 0x0000000784200000, 0x0000000784200000|100%| O|  |TAMS 0x0000000784200000, 0x0000000784100000| Untracked 
|  66|0x0000000784200000, 0x0000000784300000, 0x0000000784300000|100%| O|  |TAMS 0x0000000784300000, 0x0000000784200000| Untracked 
|  67|0x0000000784300000, 0x0000000784400000, 0x0000000784400000|100%| O|  |TAMS 0x0000000784400000, 0x0000000784300000| Untracked 
|  68|0x0000000784400000, 0x0000000784500000, 0x0000000784500000|100%| O|  |TAMS 0x0000000784500000, 0x0000000784400000| Untracked 
|  69|0x0000000784500000, 0x0000000784600000, 0x0000000784600000|100%| O|  |TAMS 0x0000000784600000, 0x0000000784500000| Untracked 
|  70|0x0000000784600000, 0x0000000784700000, 0x0000000784700000|100%| O|  |TAMS 0x0000000784700000, 0x0000000784600000| Untracked 
|  71|0x0000000784700000, 0x0000000784800000, 0x0000000784800000|100%| O|  |TAMS 0x0000000784800000, 0x0000000784700000| Untracked 
|  72|0x0000000784800000, 0x0000000784900000, 0x0000000784900000|100%| O|  |TAMS 0x0000000784900000, 0x0000000784800000| Untracked 
|  73|0x0000000784900000, 0x0000000784a00000, 0x0000000784a00000|100%| O|  |TAMS 0x0000000784a00000, 0x0000000784900000| Untracked 
|  74|0x0000000784a00000, 0x0000000784b00000, 0x0000000784b00000|100%| O|  |TAMS 0x0000000784b00000, 0x0000000784a00000| Untracked 
|  75|0x0000000784b00000, 0x0000000784c00000, 0x0000000784c00000|100%| O|  |TAMS 0x0000000784c00000, 0x0000000784b00000| Untracked 
|  76|0x0000000784c00000, 0x0000000784d00000, 0x0000000784d00000|100%| O|  |TAMS 0x0000000784d00000, 0x0000000784c00000| Untracked 
|  77|0x0000000784d00000, 0x0000000784e00000, 0x0000000784e00000|100%| O|  |TAMS 0x0000000784e00000, 0x0000000784d00000| Untracked 
|  78|0x0000000784e00000, 0x0000000784e00000, 0x0000000784f00000|  0%| F|  |TAMS 0x0000000784e00000, 0x0000000784e00000| Untracked 
|  79|0x0000000784f00000, 0x0000000784f00000, 0x0000000785000000|  0%| F|  |TAMS 0x0000000784f00000, 0x0000000784f00000| Untracked 
|  80|0x0000000785000000, 0x0000000785000000, 0x0000000785100000|  0%| F|  |TAMS 0x0000000785000000, 0x0000000785000000| Untracked 
|  81|0x0000000785100000, 0x0000000785100000, 0x0000000785200000|  0%| F|  |TAMS 0x0000000785100000, 0x0000000785100000| Untracked 
|  82|0x0000000785200000, 0x0000000785200000, 0x0000000785300000|  0%| F|  |TAMS 0x0000000785200000, 0x0000000785200000| Untracked 
|  83|0x0000000785300000, 0x0000000785400000, 0x0000000785400000|100%| O|  |TAMS 0x0000000785300000, 0x0000000785300000| Untracked 
|  84|0x0000000785400000, 0x0000000785500000, 0x0000000785500000|100%| O|  |TAMS 0x0000000785400000, 0x0000000785400000| Untracked 
|  85|0x0000000785500000, 0x0000000785500000, 0x0000000785600000|  0%| F|  |TAMS 0x0000000785500000, 0x0000000785500000| Untracked 
|  86|0x0000000785600000, 0x0000000785600000, 0x0000000785700000|  0%| F|  |TAMS 0x0000000785600000, 0x0000000785600000| Untracked 
|  87|0x0000000785700000, 0x0000000785700000, 0x0000000785800000|  0%| F|  |TAMS 0x0000000785700000, 0x0000000785700000| Untracked 
|  88|0x0000000785800000, 0x0000000785800000, 0x0000000785900000|  0%| F|  |TAMS 0x0000000785800000, 0x0000000785800000| Untracked 
|  89|0x0000000785900000, 0x0000000785900000, 0x0000000785a00000|  0%| F|  |TAMS 0x0000000785900000, 0x0000000785900000| Untracked 
|  90|0x0000000785a00000, 0x0000000785a00000, 0x0000000785b00000|  0%| F|  |TAMS 0x0000000785a00000, 0x0000000785a00000| Untracked 
|  91|0x0000000785b00000, 0x0000000785c00000, 0x0000000785c00000|100%| O|  |TAMS 0x0000000785bbc400, 0x0000000785b00000| Untracked 
|  92|0x0000000785c00000, 0x0000000785c00000, 0x0000000785d00000|  0%| F|  |TAMS 0x0000000785c00000, 0x0000000785c00000| Untracked 
|  93|0x0000000785d00000, 0x0000000785e00000, 0x0000000785e00000|100%| O|  |TAMS 0x0000000785d00000, 0x0000000785d00000| Untracked 
|  94|0x0000000785e00000, 0x0000000785e00000, 0x0000000785f00000|  0%| F|  |TAMS 0x0000000785e00000, 0x0000000785e00000| Untracked 
|  95|0x0000000785f00000, 0x0000000786000000, 0x0000000786000000|100%| O|  |TAMS 0x0000000785f00000, 0x0000000785f00000| Untracked 
|  96|0x0000000786000000, 0x0000000786100000, 0x0000000786100000|100%| O|  |TAMS 0x0000000786000000, 0x0000000786000000| Untracked 
|  97|0x0000000786100000, 0x0000000786189800, 0x0000000786200000| 53%| O|  |TAMS 0x0000000786100000, 0x0000000786100000| Untracked 
|  98|0x0000000786200000, 0x0000000786200000, 0x0000000786300000|  0%| F|  |TAMS 0x0000000786200000, 0x0000000786200000| Untracked 
|  99|0x0000000786300000, 0x0000000786300000, 0x0000000786400000|  0%| F|  |TAMS 0x0000000786300000, 0x0000000786300000| Untracked 
| 100|0x0000000786400000, 0x0000000786400000, 0x0000000786500000|  0%| F|  |TAMS 0x0000000786400000, 0x0000000786400000| Untracked 
| 101|0x0000000786500000, 0x0000000786500000, 0x0000000786600000|  0%| F|  |TAMS 0x0000000786500000, 0x0000000786500000| Untracked 
| 102|0x0000000786600000, 0x0000000786600000, 0x0000000786700000|  0%| F|  |TAMS 0x0000000786600000, 0x0000000786600000| Untracked 
| 103|0x0000000786700000, 0x0000000786700000, 0x0000000786800000|  0%| F|  |TAMS 0x0000000786700000, 0x0000000786700000| Untracked 
| 104|0x0000000786800000, 0x0000000786800000, 0x0000000786900000|  0%| F|  |TAMS 0x0000000786800000, 0x0000000786800000| Untracked 
| 105|0x0000000786900000, 0x0000000786a00000, 0x0000000786a00000|100%| O|  |TAMS 0x0000000786a00000, 0x0000000786900000| Untracked 
| 106|0x0000000786a00000, 0x0000000786a00000, 0x0000000786b00000|  0%| F|  |TAMS 0x0000000786a00000, 0x0000000786a00000| Untracked 
| 107|0x0000000786b00000, 0x0000000786b00000, 0x0000000786c00000|  0%| F|  |TAMS 0x0000000786b00000, 0x0000000786b00000| Untracked 
| 108|0x0000000786c00000, 0x0000000786c00000, 0x0000000786d00000|  0%| F|  |TAMS 0x0000000786c00000, 0x0000000786c00000| Untracked 
| 109|0x0000000786d00000, 0x0000000786d00000, 0x0000000786e00000|  0%| F|  |TAMS 0x0000000786d00000, 0x0000000786d00000| Untracked 
| 110|0x0000000786e00000, 0x0000000786e00000, 0x0000000786f00000|  0%| F|  |TAMS 0x0000000786e00000, 0x0000000786e00000| Untracked 
| 111|0x0000000786f00000, 0x0000000786f00000, 0x0000000787000000|  0%| F|  |TAMS 0x0000000786f00000, 0x0000000786f00000| Untracked 
| 112|0x0000000787000000, 0x0000000787000000, 0x0000000787100000|  0%| F|  |TAMS 0x0000000787000000, 0x0000000787000000| Untracked 
| 113|0x0000000787100000, 0x0000000787100000, 0x0000000787200000|  0%| F|  |TAMS 0x0000000787100000, 0x0000000787100000| Untracked 
| 114|0x0000000787200000, 0x0000000787200000, 0x0000000787300000|  0%| F|  |TAMS 0x0000000787200000, 0x0000000787200000| Untracked 
| 115|0x0000000787300000, 0x0000000787400000, 0x0000000787400000|100%| O|  |TAMS 0x0000000787400000, 0x0000000787300000| Untracked 
| 116|0x0000000787400000, 0x0000000787400000, 0x0000000787500000|  0%| F|  |TAMS 0x0000000787400000, 0x0000000787400000| Untracked 
| 117|0x0000000787500000, 0x0000000787500000, 0x0000000787600000|  0%| F|  |TAMS 0x0000000787500000, 0x0000000787500000| Untracked 
| 118|0x0000000787600000, 0x0000000787600000, 0x0000000787700000|  0%| F|  |TAMS 0x0000000787600000, 0x0000000787600000| Untracked 
| 119|0x0000000787700000, 0x0000000787700000, 0x0000000787800000|  0%| F|  |TAMS 0x0000000787700000, 0x0000000787700000| Untracked 
| 120|0x0000000787800000, 0x0000000787800000, 0x0000000787900000|  0%| F|  |TAMS 0x0000000787800000, 0x0000000787800000| Untracked 
| 121|0x0000000787900000, 0x0000000787900000, 0x0000000787a00000|  0%| F|  |TAMS 0x0000000787900000, 0x0000000787900000| Untracked 
| 122|0x0000000787a00000, 0x0000000787a00000, 0x0000000787b00000|  0%| F|  |TAMS 0x0000000787a00000, 0x0000000787a00000| Untracked 
| 123|0x0000000787b00000, 0x0000000787b00000, 0x0000000787c00000|  0%| F|  |TAMS 0x0000000787b00000, 0x0000000787b00000| Untracked 
| 124|0x0000000787c00000, 0x0000000787c00000, 0x0000000787d00000|  0%| F|  |TAMS 0x0000000787c00000, 0x0000000787c00000| Untracked 
| 125|0x0000000787d00000, 0x0000000787d00000, 0x0000000787e00000|  0%| F|  |TAMS 0x0000000787d00000, 0x0000000787d00000| Untracked 
| 126|0x0000000787e00000, 0x0000000787e00000, 0x0000000787f00000|  0%| F|  |TAMS 0x0000000787e00000, 0x0000000787e00000| Untracked 
| 127|0x0000000787f00000, 0x0000000787f00000, 0x0000000788000000|  0%| F|  |TAMS 0x0000000787f00000, 0x0000000787f00000| Untracked 
| 128|0x0000000788000000, 0x0000000788000000, 0x0000000788100000|  0%| F|  |TAMS 0x0000000788000000, 0x0000000788000000| Untracked 
| 129|0x0000000788100000, 0x0000000788100000, 0x0000000788200000|  0%| F|  |TAMS 0x0000000788100000, 0x0000000788100000| Untracked 
| 130|0x0000000788200000, 0x0000000788200000, 0x0000000788300000|  0%| F|  |TAMS 0x0000000788200000, 0x0000000788200000| Untracked 
| 131|0x0000000788300000, 0x00000007883cf320, 0x0000000788400000| 80%| S|CS|TAMS 0x0000000788300000, 0x0000000788300000| Complete 
| 132|0x0000000788400000, 0x0000000788500000, 0x0000000788500000|100%| S|CS|TAMS 0x0000000788400000, 0x0000000788400000| Complete 
| 133|0x0000000788500000, 0x0000000788600000, 0x0000000788600000|100%| S|CS|TAMS 0x0000000788500000, 0x0000000788500000| Complete 
| 134|0x0000000788600000, 0x0000000788700000, 0x0000000788700000|100%| S|CS|TAMS 0x0000000788600000, 0x0000000788600000| Complete 
| 135|0x0000000788700000, 0x0000000788800000, 0x0000000788800000|100%| S|CS|TAMS 0x0000000788700000, 0x0000000788700000| Complete 
| 136|0x0000000788800000, 0x0000000788900000, 0x0000000788900000|100%| S|CS|TAMS 0x0000000788800000, 0x0000000788800000| Complete 
| 137|0x0000000788900000, 0x0000000788900000, 0x0000000788a00000|  0%| F|  |TAMS 0x0000000788900000, 0x0000000788900000| Untracked 
| 138|0x0000000788a00000, 0x0000000788a00000, 0x0000000788b00000|  0%| F|  |TAMS 0x0000000788a00000, 0x0000000788a00000| Untracked 
| 139|0x0000000788b00000, 0x0000000788b00000, 0x0000000788c00000|  0%| F|  |TAMS 0x0000000788b00000, 0x0000000788b00000| Untracked 
| 140|0x0000000788c00000, 0x0000000788c00000, 0x0000000788d00000|  0%| F|  |TAMS 0x0000000788c00000, 0x0000000788c00000| Untracked 
| 141|0x0000000788d00000, 0x0000000788d00000, 0x0000000788e00000|  0%| F|  |TAMS 0x0000000788d00000, 0x0000000788d00000| Untracked 
| 142|0x0000000788e00000, 0x0000000788e00000, 0x0000000788f00000|  0%| F|  |TAMS 0x0000000788e00000, 0x0000000788e00000| Untracked 
| 143|0x0000000788f00000, 0x0000000788f00000, 0x0000000789000000|  0%| F|  |TAMS 0x0000000788f00000, 0x0000000788f00000| Untracked 
| 144|0x0000000789000000, 0x0000000789000000, 0x0000000789100000|  0%| F|  |TAMS 0x0000000789000000, 0x0000000789000000| Untracked 
| 145|0x0000000789100000, 0x0000000789100000, 0x0000000789200000|  0%| F|  |TAMS 0x0000000789100000, 0x0000000789100000| Untracked 
| 146|0x0000000789200000, 0x0000000789200000, 0x0000000789300000|  0%| F|  |TAMS 0x0000000789200000, 0x0000000789200000| Untracked 
| 147|0x0000000789300000, 0x0000000789300000, 0x0000000789400000|  0%| F|  |TAMS 0x0000000789300000, 0x0000000789300000| Untracked 
| 148|0x0000000789400000, 0x0000000789400000, 0x0000000789500000|  0%| F|  |TAMS 0x0000000789400000, 0x0000000789400000| Untracked 
| 149|0x0000000789500000, 0x0000000789500000, 0x0000000789600000|  0%| F|  |TAMS 0x0000000789500000, 0x0000000789500000| Untracked 
| 150|0x0000000789600000, 0x0000000789600000, 0x0000000789700000|  0%| F|  |TAMS 0x0000000789600000, 0x0000000789600000| Untracked 
| 151|0x0000000789700000, 0x0000000789700000, 0x0000000789800000|  0%| F|  |TAMS 0x0000000789700000, 0x0000000789700000| Untracked 
| 152|0x0000000789800000, 0x0000000789800000, 0x0000000789900000|  0%| F|  |TAMS 0x0000000789800000, 0x0000000789800000| Untracked 
| 153|0x0000000789900000, 0x0000000789900000, 0x0000000789a00000|  0%| F|  |TAMS 0x0000000789900000, 0x0000000789900000| Untracked 
| 154|0x0000000789a00000, 0x0000000789a00000, 0x0000000789b00000|  0%| F|  |TAMS 0x0000000789a00000, 0x0000000789a00000| Untracked 
| 155|0x0000000789b00000, 0x0000000789b00000, 0x0000000789c00000|  0%| F|  |TAMS 0x0000000789b00000, 0x0000000789b00000| Untracked 
| 156|0x0000000789c00000, 0x0000000789c00000, 0x0000000789d00000|  0%| F|  |TAMS 0x0000000789c00000, 0x0000000789c00000| Untracked 
| 157|0x0000000789d00000, 0x0000000789d00000, 0x0000000789e00000|  0%| F|  |TAMS 0x0000000789d00000, 0x0000000789d00000| Untracked 
| 158|0x0000000789e00000, 0x0000000789e00000, 0x0000000789f00000|  0%| F|  |TAMS 0x0000000789e00000, 0x0000000789e00000| Untracked 
| 159|0x0000000789f00000, 0x0000000789f00000, 0x000000078a000000|  0%| F|  |TAMS 0x0000000789f00000, 0x0000000789f00000| Untracked 
| 160|0x000000078a000000, 0x000000078a000000, 0x000000078a100000|  0%| F|  |TAMS 0x000000078a000000, 0x000000078a000000| Untracked 
| 161|0x000000078a100000, 0x000000078a100000, 0x000000078a200000|  0%| F|  |TAMS 0x000000078a100000, 0x000000078a100000| Untracked 
| 162|0x000000078a200000, 0x000000078a200000, 0x000000078a300000|  0%| F|  |TAMS 0x000000078a200000, 0x000000078a200000| Untracked 
| 163|0x000000078a300000, 0x000000078a300000, 0x000000078a400000|  0%| F|  |TAMS 0x000000078a300000, 0x000000078a300000| Untracked 
| 164|0x000000078a400000, 0x000000078a400000, 0x000000078a500000|  0%| F|  |TAMS 0x000000078a400000, 0x000000078a400000| Untracked 
| 165|0x000000078a500000, 0x000000078a500000, 0x000000078a600000|  0%| F|  |TAMS 0x000000078a500000, 0x000000078a500000| Untracked 
| 166|0x000000078a600000, 0x000000078a600000, 0x000000078a700000|  0%| F|  |TAMS 0x000000078a600000, 0x000000078a600000| Untracked 
| 167|0x000000078a700000, 0x000000078a700000, 0x000000078a800000|  0%| F|  |TAMS 0x000000078a700000, 0x000000078a700000| Untracked 
| 168|0x000000078a800000, 0x000000078a800000, 0x000000078a900000|  0%| F|  |TAMS 0x000000078a800000, 0x000000078a800000| Untracked 
| 169|0x000000078a900000, 0x000000078a900000, 0x000000078aa00000|  0%| F|  |TAMS 0x000000078a900000, 0x000000078a900000| Untracked 
| 170|0x000000078aa00000, 0x000000078aa80000, 0x000000078ab00000| 50%| E|  |TAMS 0x000000078aa00000, 0x000000078aa00000| Complete 
| 171|0x000000078ab00000, 0x000000078ac00000, 0x000000078ac00000|100%| E|CS|TAMS 0x000000078ab00000, 0x000000078ab00000| Complete 
| 172|0x000000078ac00000, 0x000000078ad00000, 0x000000078ad00000|100%| E|CS|TAMS 0x000000078ac00000, 0x000000078ac00000| Complete 
| 173|0x000000078ad00000, 0x000000078ae00000, 0x000000078ae00000|100%| E|CS|TAMS 0x000000078ad00000, 0x000000078ad00000| Complete 
| 174|0x000000078ae00000, 0x000000078af00000, 0x000000078af00000|100%| E|CS|TAMS 0x000000078ae00000, 0x000000078ae00000| Complete 
| 175|0x000000078af00000, 0x000000078b000000, 0x000000078b000000|100%| E|CS|TAMS 0x000000078af00000, 0x000000078af00000| Complete 
| 176|0x000000078b000000, 0x000000078b100000, 0x000000078b100000|100%| E|CS|TAMS 0x000000078b000000, 0x000000078b000000| Complete 
| 177|0x000000078b100000, 0x000000078b200000, 0x000000078b200000|100%| E|CS|TAMS 0x000000078b100000, 0x000000078b100000| Complete 
| 178|0x000000078b200000, 0x000000078b300000, 0x000000078b300000|100%| E|CS|TAMS 0x000000078b200000, 0x000000078b200000| Complete 
| 179|0x000000078b300000, 0x000000078b400000, 0x000000078b400000|100%| E|CS|TAMS 0x000000078b300000, 0x000000078b300000| Complete 
| 180|0x000000078b400000, 0x000000078b500000, 0x000000078b500000|100%| E|CS|TAMS 0x000000078b400000, 0x000000078b400000| Complete 
| 181|0x000000078b500000, 0x000000078b600000, 0x000000078b600000|100%| E|CS|TAMS 0x000000078b500000, 0x000000078b500000| Complete 
| 182|0x000000078b600000, 0x000000078b700000, 0x000000078b700000|100%| E|CS|TAMS 0x000000078b600000, 0x000000078b600000| Complete 
| 183|0x000000078b700000, 0x000000078b800000, 0x000000078b800000|100%| E|CS|TAMS 0x000000078b700000, 0x000000078b700000| Complete 
| 184|0x000000078b800000, 0x000000078b900000, 0x000000078b900000|100%| E|CS|TAMS 0x000000078b800000, 0x000000078b800000| Complete 
| 185|0x000000078b900000, 0x000000078ba00000, 0x000000078ba00000|100%| E|CS|TAMS 0x000000078b900000, 0x000000078b900000| Complete 
| 186|0x000000078ba00000, 0x000000078bb00000, 0x000000078bb00000|100%| E|CS|TAMS 0x000000078ba00000, 0x000000078ba00000| Complete 
| 187|0x000000078bb00000, 0x000000078bc00000, 0x000000078bc00000|100%| E|CS|TAMS 0x000000078bb00000, 0x000000078bb00000| Complete 
| 188|0x000000078bc00000, 0x000000078bd00000, 0x000000078bd00000|100%| E|CS|TAMS 0x000000078bc00000, 0x000000078bc00000| Complete 
| 189|0x000000078bd00000, 0x000000078be00000, 0x000000078be00000|100%| E|CS|TAMS 0x000000078bd00000, 0x000000078bd00000| Complete 
| 190|0x000000078be00000, 0x000000078bf00000, 0x000000078bf00000|100%| E|CS|TAMS 0x000000078be00000, 0x000000078be00000| Complete 
| 191|0x000000078bf00000, 0x000000078c000000, 0x000000078c000000|100%| E|CS|TAMS 0x000000078bf00000, 0x000000078bf00000| Complete 
| 192|0x000000078c000000, 0x000000078c100000, 0x000000078c100000|100%| E|CS|TAMS 0x000000078c000000, 0x000000078c000000| Complete 
| 193|0x000000078c100000, 0x000000078c200000, 0x000000078c200000|100%| E|CS|TAMS 0x000000078c100000, 0x000000078c100000| Complete 
| 194|0x000000078c200000, 0x000000078c300000, 0x000000078c300000|100%| E|CS|TAMS 0x000000078c200000, 0x000000078c200000| Complete 
| 195|0x000000078c300000, 0x000000078c400000, 0x000000078c400000|100%| E|CS|TAMS 0x000000078c300000, 0x000000078c300000| Complete 
| 196|0x000000078c400000, 0x000000078c500000, 0x000000078c500000|100%| E|CS|TAMS 0x000000078c400000, 0x000000078c400000| Complete 
| 197|0x000000078c500000, 0x000000078c600000, 0x000000078c600000|100%| E|CS|TAMS 0x000000078c500000, 0x000000078c500000| Complete 
| 198|0x000000078c600000, 0x000000078c700000, 0x000000078c700000|100%| E|CS|TAMS 0x000000078c600000, 0x000000078c600000| Complete 
| 199|0x000000078c700000, 0x000000078c800000, 0x000000078c800000|100%| E|CS|TAMS 0x000000078c700000, 0x000000078c700000| Complete 
| 200|0x000000078c800000, 0x000000078c900000, 0x000000078c900000|100%| E|CS|TAMS 0x000000078c800000, 0x000000078c800000| Complete 
| 201|0x000000078c900000, 0x000000078ca00000, 0x000000078ca00000|100%| E|CS|TAMS 0x000000078c900000, 0x000000078c900000| Complete 
| 202|0x000000078ca00000, 0x000000078cb00000, 0x000000078cb00000|100%| E|CS|TAMS 0x000000078ca00000, 0x000000078ca00000| Complete 
| 203|0x000000078cb00000, 0x000000078cc00000, 0x000000078cc00000|100%| E|CS|TAMS 0x000000078cb00000, 0x000000078cb00000| Complete 
| 204|0x000000078cc00000, 0x000000078cd00000, 0x000000078cd00000|100%| E|CS|TAMS 0x000000078cc00000, 0x000000078cc00000| Complete 
| 205|0x000000078cd00000, 0x000000078ce00000, 0x000000078ce00000|100%| E|CS|TAMS 0x000000078cd00000, 0x000000078cd00000| Complete 
| 206|0x000000078ce00000, 0x000000078cf00000, 0x000000078cf00000|100%| E|CS|TAMS 0x000000078ce00000, 0x000000078ce00000| Complete 
| 207|0x000000078cf00000, 0x000000078d000000, 0x000000078d000000|100%| E|CS|TAMS 0x000000078cf00000, 0x000000078cf00000| Complete 
| 208|0x000000078d000000, 0x000000078d100000, 0x000000078d100000|100%| E|CS|TAMS 0x000000078d000000, 0x000000078d000000| Complete 
| 209|0x000000078d100000, 0x000000078d200000, 0x000000078d200000|100%| E|CS|TAMS 0x000000078d100000, 0x000000078d100000| Complete 
| 210|0x000000078d200000, 0x000000078d300000, 0x000000078d300000|100%| E|CS|TAMS 0x000000078d200000, 0x000000078d200000| Complete 
| 211|0x000000078d300000, 0x000000078d400000, 0x000000078d400000|100%| E|CS|TAMS 0x000000078d300000, 0x000000078d300000| Complete 
| 212|0x000000078d400000, 0x000000078d500000, 0x000000078d500000|100%| E|CS|TAMS 0x000000078d400000, 0x000000078d400000| Complete 
| 213|0x000000078d500000, 0x000000078d600000, 0x000000078d600000|100%| E|CS|TAMS 0x000000078d500000, 0x000000078d500000| Complete 
| 214|0x000000078d600000, 0x000000078d700000, 0x000000078d700000|100%| E|CS|TAMS 0x000000078d600000, 0x000000078d600000| Complete 
| 215|0x000000078d700000, 0x000000078d800000, 0x000000078d800000|100%| E|CS|TAMS 0x000000078d700000, 0x000000078d700000| Complete 
| 216|0x000000078d800000, 0x000000078d900000, 0x000000078d900000|100%| E|CS|TAMS 0x000000078d800000, 0x000000078d800000| Complete 
| 217|0x000000078d900000, 0x000000078da00000, 0x000000078da00000|100%| E|CS|TAMS 0x000000078d900000, 0x000000078d900000| Complete 
| 218|0x000000078da00000, 0x000000078db00000, 0x000000078db00000|100%| E|CS|TAMS 0x000000078da00000, 0x000000078da00000| Complete 
| 219|0x000000078db00000, 0x000000078dc00000, 0x000000078dc00000|100%| E|CS|TAMS 0x000000078db00000, 0x000000078db00000| Complete 
| 220|0x000000078dc00000, 0x000000078dd00000, 0x000000078dd00000|100%| E|CS|TAMS 0x000000078dc00000, 0x000000078dc00000| Complete 
| 221|0x000000078dd00000, 0x000000078de00000, 0x000000078de00000|100%| E|CS|TAMS 0x000000078dd00000, 0x000000078dd00000| Complete 
| 222|0x000000078de00000, 0x000000078df00000, 0x000000078df00000|100%| E|CS|TAMS 0x000000078de00000, 0x000000078de00000| Complete 
| 223|0x000000078df00000, 0x000000078e000000, 0x000000078e000000|100%| E|CS|TAMS 0x000000078df00000, 0x000000078df00000| Complete 
| 224|0x000000078e000000, 0x000000078e100000, 0x000000078e100000|100%| E|CS|TAMS 0x000000078e000000, 0x000000078e000000| Complete 
| 225|0x000000078e100000, 0x000000078e200000, 0x000000078e200000|100%| E|CS|TAMS 0x000000078e100000, 0x000000078e100000| Complete 
| 226|0x000000078e200000, 0x000000078e300000, 0x000000078e300000|100%| E|CS|TAMS 0x000000078e200000, 0x000000078e200000| Complete 
| 227|0x000000078e300000, 0x000000078e400000, 0x000000078e400000|100%| E|CS|TAMS 0x000000078e300000, 0x000000078e300000| Complete 
| 228|0x000000078e400000, 0x000000078e500000, 0x000000078e500000|100%| E|CS|TAMS 0x000000078e400000, 0x000000078e400000| Complete 
| 229|0x000000078e500000, 0x000000078e600000, 0x000000078e600000|100%| E|CS|TAMS 0x000000078e500000, 0x000000078e500000| Complete 
| 230|0x000000078e600000, 0x000000078e700000, 0x000000078e700000|100%| E|CS|TAMS 0x000000078e600000, 0x000000078e600000| Complete 
| 231|0x000000078e700000, 0x000000078e800000, 0x000000078e800000|100%| E|CS|TAMS 0x000000078e700000, 0x000000078e700000| Complete 
| 232|0x000000078e800000, 0x000000078e900000, 0x000000078e900000|100%| E|CS|TAMS 0x000000078e800000, 0x000000078e800000| Complete 
| 233|0x000000078e900000, 0x000000078ea00000, 0x000000078ea00000|100%| E|CS|TAMS 0x000000078e900000, 0x000000078e900000| Complete 
| 234|0x000000078ea00000, 0x000000078eb00000, 0x000000078eb00000|100%| E|CS|TAMS 0x000000078ea00000, 0x000000078ea00000| Complete 
| 235|0x000000078eb00000, 0x000000078ec00000, 0x000000078ec00000|100%| E|CS|TAMS 0x000000078eb00000, 0x000000078eb00000| Complete 
| 236|0x000000078ec00000, 0x000000078ed00000, 0x000000078ed00000|100%| E|CS|TAMS 0x000000078ec00000, 0x000000078ec00000| Complete 
| 237|0x000000078ed00000, 0x000000078ee00000, 0x000000078ee00000|100%| E|CS|TAMS 0x000000078ed00000, 0x000000078ed00000| Complete 
| 238|0x000000078ee00000, 0x000000078ef00000, 0x000000078ef00000|100%| E|CS|TAMS 0x000000078ee00000, 0x000000078ee00000| Complete 
| 239|0x000000078ef00000, 0x000000078f000000, 0x000000078f000000|100%| E|CS|TAMS 0x000000078ef00000, 0x000000078ef00000| Complete 
| 240|0x000000078f000000, 0x000000078f100000, 0x000000078f100000|100%| E|CS|TAMS 0x000000078f000000, 0x000000078f000000| Complete 
| 241|0x000000078f100000, 0x000000078f200000, 0x000000078f200000|100%| E|CS|TAMS 0x000000078f100000, 0x000000078f100000| Complete 
| 242|0x000000078f200000, 0x000000078f300000, 0x000000078f300000|100%| E|CS|TAMS 0x000000078f200000, 0x000000078f200000| Complete 
| 243|0x000000078f300000, 0x000000078f400000, 0x000000078f400000|100%| E|CS|TAMS 0x000000078f300000, 0x000000078f300000| Complete 
| 244|0x000000078f400000, 0x000000078f500000, 0x000000078f500000|100%| E|CS|TAMS 0x000000078f400000, 0x000000078f400000| Complete 
| 245|0x000000078f500000, 0x000000078f600000, 0x000000078f600000|100%| E|CS|TAMS 0x000000078f500000, 0x000000078f500000| Complete 
| 246|0x000000078f600000, 0x000000078f700000, 0x000000078f700000|100%| E|CS|TAMS 0x000000078f600000, 0x000000078f600000| Complete 
| 247|0x000000078f700000, 0x000000078f800000, 0x000000078f800000|100%| E|CS|TAMS 0x000000078f700000, 0x000000078f700000| Complete 
| 248|0x000000078f800000, 0x000000078f900000, 0x000000078f900000|100%| E|CS|TAMS 0x000000078f800000, 0x000000078f800000| Complete 
| 249|0x000000078f900000, 0x000000078fa00000, 0x000000078fa00000|100%| E|CS|TAMS 0x000000078f900000, 0x000000078f900000| Complete 
| 250|0x000000078fa00000, 0x000000078fb00000, 0x000000078fb00000|100%| E|CS|TAMS 0x000000078fa00000, 0x000000078fa00000| Complete 
| 251|0x000000078fb00000, 0x000000078fc00000, 0x000000078fc00000|100%| E|CS|TAMS 0x000000078fb00000, 0x000000078fb00000| Complete 
| 252|0x000000078fc00000, 0x000000078fd00000, 0x000000078fd00000|100%| E|CS|TAMS 0x000000078fc00000, 0x000000078fc00000| Complete 
| 253|0x000000078fd00000, 0x000000078fe00000, 0x000000078fe00000|100%| E|CS|TAMS 0x000000078fd00000, 0x000000078fd00000| Complete 
| 254|0x000000078fe00000, 0x000000078ff00000, 0x000000078ff00000|100%| E|CS|TAMS 0x000000078fe00000, 0x000000078fe00000| Complete 
| 255|0x000000078ff00000, 0x0000000790000000, 0x0000000790000000|100%| E|CS|TAMS 0x000000078ff00000, 0x000000078ff00000| Complete 
| 256|0x0000000790000000, 0x0000000790100000, 0x0000000790100000|100%| E|CS|TAMS 0x0000000790000000, 0x0000000790000000| Complete 
| 257|0x0000000790100000, 0x0000000790200000, 0x0000000790200000|100%| E|CS|TAMS 0x0000000790100000, 0x0000000790100000| Complete 
| 258|0x0000000790200000, 0x0000000790300000, 0x0000000790300000|100%| E|CS|TAMS 0x0000000790200000, 0x0000000790200000| Complete 
| 259|0x0000000790300000, 0x0000000790400000, 0x0000000790400000|100%| E|CS|TAMS 0x0000000790300000, 0x0000000790300000| Complete 
| 260|0x0000000790400000, 0x0000000790500000, 0x0000000790500000|100%| E|CS|TAMS 0x0000000790400000, 0x0000000790400000| Complete 
| 261|0x0000000790500000, 0x0000000790600000, 0x0000000790600000|100%| E|CS|TAMS 0x0000000790500000, 0x0000000790500000| Complete 
| 262|0x0000000790600000, 0x0000000790700000, 0x0000000790700000|100%| E|CS|TAMS 0x0000000790600000, 0x0000000790600000| Complete 
| 263|0x0000000790700000, 0x0000000790800000, 0x0000000790800000|100%| E|CS|TAMS 0x0000000790700000, 0x0000000790700000| Complete 
| 264|0x0000000790800000, 0x0000000790900000, 0x0000000790900000|100%| E|CS|TAMS 0x0000000790800000, 0x0000000790800000| Complete 
| 265|0x0000000790900000, 0x0000000790a00000, 0x0000000790a00000|100%| E|CS|TAMS 0x0000000790900000, 0x0000000790900000| Complete 
| 266|0x0000000790a00000, 0x0000000790b00000, 0x0000000790b00000|100%| E|CS|TAMS 0x0000000790a00000, 0x0000000790a00000| Complete 
| 267|0x0000000790b00000, 0x0000000790c00000, 0x0000000790c00000|100%| E|CS|TAMS 0x0000000790b00000, 0x0000000790b00000| Complete 
| 268|0x0000000790c00000, 0x0000000790d00000, 0x0000000790d00000|100%| E|CS|TAMS 0x0000000790c00000, 0x0000000790c00000| Complete 
| 269|0x0000000790d00000, 0x0000000790e00000, 0x0000000790e00000|100%| E|CS|TAMS 0x0000000790d00000, 0x0000000790d00000| Complete 
| 270|0x0000000790e00000, 0x0000000790f00000, 0x0000000790f00000|100%| E|CS|TAMS 0x0000000790e00000, 0x0000000790e00000| Complete 
| 271|0x0000000790f00000, 0x0000000791000000, 0x0000000791000000|100%| E|CS|TAMS 0x0000000790f00000, 0x0000000790f00000| Complete 
| 272|0x0000000791000000, 0x0000000791100000, 0x0000000791100000|100%| E|CS|TAMS 0x0000000791000000, 0x0000000791000000| Complete 
| 273|0x0000000791100000, 0x0000000791200000, 0x0000000791200000|100%| E|CS|TAMS 0x0000000791100000, 0x0000000791100000| Complete 
| 274|0x0000000791200000, 0x0000000791300000, 0x0000000791300000|100%| E|CS|TAMS 0x0000000791200000, 0x0000000791200000| Complete 
| 275|0x0000000791300000, 0x0000000791400000, 0x0000000791400000|100%| E|CS|TAMS 0x0000000791300000, 0x0000000791300000| Complete 
| 276|0x0000000791400000, 0x0000000791500000, 0x0000000791500000|100%| E|CS|TAMS 0x0000000791400000, 0x0000000791400000| Complete 
| 277|0x0000000791500000, 0x0000000791600000, 0x0000000791600000|100%| E|CS|TAMS 0x0000000791500000, 0x0000000791500000| Complete 
| 278|0x0000000791600000, 0x0000000791700000, 0x0000000791700000|100%| E|CS|TAMS 0x0000000791600000, 0x0000000791600000| Complete 
| 279|0x0000000791700000, 0x0000000791800000, 0x0000000791800000|100%| E|CS|TAMS 0x0000000791700000, 0x0000000791700000| Complete 
| 280|0x0000000791800000, 0x0000000791900000, 0x0000000791900000|100%| E|CS|TAMS 0x0000000791800000, 0x0000000791800000| Complete 
| 281|0x0000000791900000, 0x0000000791a00000, 0x0000000791a00000|100%| E|CS|TAMS 0x0000000791900000, 0x0000000791900000| Complete 
| 282|0x0000000791a00000, 0x0000000791b00000, 0x0000000791b00000|100%| E|CS|TAMS 0x0000000791a00000, 0x0000000791a00000| Complete 
| 283|0x0000000791b00000, 0x0000000791c00000, 0x0000000791c00000|100%| E|CS|TAMS 0x0000000791b00000, 0x0000000791b00000| Complete 
| 284|0x0000000791c00000, 0x0000000791d00000, 0x0000000791d00000|100%| E|CS|TAMS 0x0000000791c00000, 0x0000000791c00000| Complete 
| 285|0x0000000791d00000, 0x0000000791e00000, 0x0000000791e00000|100%| E|CS|TAMS 0x0000000791d00000, 0x0000000791d00000| Complete 
| 286|0x0000000791e00000, 0x0000000791f00000, 0x0000000791f00000|100%| E|CS|TAMS 0x0000000791e00000, 0x0000000791e00000| Complete 
| 287|0x0000000791f00000, 0x0000000792000000, 0x0000000792000000|100%| E|CS|TAMS 0x0000000791f00000, 0x0000000791f00000| Complete 
| 288|0x0000000792000000, 0x0000000792100000, 0x0000000792100000|100%| E|CS|TAMS 0x0000000792000000, 0x0000000792000000| Complete 
| 289|0x0000000792100000, 0x0000000792200000, 0x0000000792200000|100%| E|CS|TAMS 0x0000000792100000, 0x0000000792100000| Complete 
| 290|0x0000000792200000, 0x0000000792300000, 0x0000000792300000|100%| E|CS|TAMS 0x0000000792200000, 0x0000000792200000| Complete 
| 291|0x0000000792300000, 0x0000000792400000, 0x0000000792400000|100%| E|CS|TAMS 0x0000000792300000, 0x0000000792300000| Complete 
| 292|0x0000000792400000, 0x0000000792500000, 0x0000000792500000|100%| E|CS|TAMS 0x0000000792400000, 0x0000000792400000| Complete 
| 293|0x0000000792500000, 0x0000000792600000, 0x0000000792600000|100%| E|CS|TAMS 0x0000000792500000, 0x0000000792500000| Complete 
| 294|0x0000000792600000, 0x0000000792700000, 0x0000000792700000|100%| E|CS|TAMS 0x0000000792600000, 0x0000000792600000| Complete 
| 295|0x0000000792700000, 0x0000000792800000, 0x0000000792800000|100%| E|CS|TAMS 0x0000000792700000, 0x0000000792700000| Complete 
| 296|0x0000000792800000, 0x0000000792900000, 0x0000000792900000|100%| E|CS|TAMS 0x0000000792800000, 0x0000000792800000| Complete 
| 297|0x0000000792900000, 0x0000000792a00000, 0x0000000792a00000|100%| E|CS|TAMS 0x0000000792900000, 0x0000000792900000| Complete 
| 298|0x0000000792a00000, 0x0000000792b00000, 0x0000000792b00000|100%| E|CS|TAMS 0x0000000792a00000, 0x0000000792a00000| Complete 
| 299|0x0000000792b00000, 0x0000000792c00000, 0x0000000792c00000|100%| E|CS|TAMS 0x0000000792b00000, 0x0000000792b00000| Complete 
| 300|0x0000000792c00000, 0x0000000792d00000, 0x0000000792d00000|100%| E|CS|TAMS 0x0000000792c00000, 0x0000000792c00000| Complete 
| 301|0x0000000792d00000, 0x0000000792e00000, 0x0000000792e00000|100%| E|CS|TAMS 0x0000000792d00000, 0x0000000792d00000| Complete 
| 302|0x0000000792e00000, 0x0000000792f00000, 0x0000000792f00000|100%| E|CS|TAMS 0x0000000792e00000, 0x0000000792e00000| Complete 
| 303|0x0000000792f00000, 0x0000000793000000, 0x0000000793000000|100%| E|CS|TAMS 0x0000000792f00000, 0x0000000792f00000| Complete 
| 304|0x0000000793000000, 0x0000000793100000, 0x0000000793100000|100%| E|CS|TAMS 0x0000000793000000, 0x0000000793000000| Complete 
| 305|0x0000000793100000, 0x0000000793200000, 0x0000000793200000|100%| E|CS|TAMS 0x0000000793100000, 0x0000000793100000| Complete 
| 306|0x0000000793200000, 0x0000000793300000, 0x0000000793300000|100%| E|CS|TAMS 0x0000000793200000, 0x0000000793200000| Complete 
| 307|0x0000000793300000, 0x0000000793400000, 0x0000000793400000|100%| E|CS|TAMS 0x0000000793300000, 0x0000000793300000| Complete 
| 308|0x0000000793400000, 0x0000000793500000, 0x0000000793500000|100%| E|CS|TAMS 0x0000000793400000, 0x0000000793400000| Complete 
| 309|0x0000000793500000, 0x0000000793600000, 0x0000000793600000|100%| E|CS|TAMS 0x0000000793500000, 0x0000000793500000| Complete 
| 310|0x0000000793600000, 0x0000000793700000, 0x0000000793700000|100%| E|CS|TAMS 0x0000000793600000, 0x0000000793600000| Complete 
| 311|0x0000000793700000, 0x0000000793800000, 0x0000000793800000|100%| E|CS|TAMS 0x0000000793700000, 0x0000000793700000| Complete 
| 312|0x0000000793800000, 0x0000000793900000, 0x0000000793900000|100%| E|CS|TAMS 0x0000000793800000, 0x0000000793800000| Complete 
| 313|0x0000000793900000, 0x0000000793a00000, 0x0000000793a00000|100%| E|CS|TAMS 0x0000000793900000, 0x0000000793900000| Complete 
| 314|0x0000000793a00000, 0x0000000793b00000, 0x0000000793b00000|100%| E|CS|TAMS 0x0000000793a00000, 0x0000000793a00000| Complete 
| 315|0x0000000793b00000, 0x0000000793c00000, 0x0000000793c00000|100%| E|CS|TAMS 0x0000000793b00000, 0x0000000793b00000| Complete 
| 316|0x0000000793c00000, 0x0000000793d00000, 0x0000000793d00000|100%| E|CS|TAMS 0x0000000793c00000, 0x0000000793c00000| Complete 
| 317|0x0000000793d00000, 0x0000000793e00000, 0x0000000793e00000|100%| E|CS|TAMS 0x0000000793d00000, 0x0000000793d00000| Complete 
| 318|0x0000000793e00000, 0x0000000793f00000, 0x0000000793f00000|100%| E|CS|TAMS 0x0000000793e00000, 0x0000000793e00000| Complete 
| 319|0x0000000793f00000, 0x0000000794000000, 0x0000000794000000|100%| E|CS|TAMS 0x0000000793f00000, 0x0000000793f00000| Complete 
| 320|0x0000000794000000, 0x0000000794100000, 0x0000000794100000|100%| E|CS|TAMS 0x0000000794000000, 0x0000000794000000| Complete 
| 321|0x0000000794100000, 0x0000000794200000, 0x0000000794200000|100%| E|CS|TAMS 0x0000000794100000, 0x0000000794100000| Complete 
| 322|0x0000000794200000, 0x0000000794300000, 0x0000000794300000|100%| E|CS|TAMS 0x0000000794200000, 0x0000000794200000| Complete 
| 323|0x0000000794300000, 0x0000000794400000, 0x0000000794400000|100%| E|CS|TAMS 0x0000000794300000, 0x0000000794300000| Complete 
| 324|0x0000000794400000, 0x0000000794500000, 0x0000000794500000|100%| E|CS|TAMS 0x0000000794400000, 0x0000000794400000| Complete 
| 325|0x0000000794500000, 0x0000000794600000, 0x0000000794600000|100%| E|CS|TAMS 0x0000000794500000, 0x0000000794500000| Complete 
| 326|0x0000000794600000, 0x0000000794700000, 0x0000000794700000|100%| E|CS|TAMS 0x0000000794600000, 0x0000000794600000| Complete 
| 327|0x0000000794700000, 0x0000000794800000, 0x0000000794800000|100%| E|CS|TAMS 0x0000000794700000, 0x0000000794700000| Complete 
| 328|0x0000000794800000, 0x0000000794900000, 0x0000000794900000|100%| E|CS|TAMS 0x0000000794800000, 0x0000000794800000| Complete 
| 329|0x0000000794900000, 0x0000000794a00000, 0x0000000794a00000|100%| E|CS|TAMS 0x0000000794900000, 0x0000000794900000| Complete 
| 330|0x0000000794a00000, 0x0000000794b00000, 0x0000000794b00000|100%| E|CS|TAMS 0x0000000794a00000, 0x0000000794a00000| Complete 
| 331|0x0000000794b00000, 0x0000000794c00000, 0x0000000794c00000|100%| E|CS|TAMS 0x0000000794b00000, 0x0000000794b00000| Complete 
| 435|0x000000079b300000, 0x000000079b400000, 0x000000079b400000|100%| E|CS|TAMS 0x000000079b300000, 0x000000079b300000| Complete 
| 510|0x000000079fe00000, 0x000000079ff00000, 0x000000079ff00000|100%| E|CS|TAMS 0x000000079fe00000, 0x000000079fe00000| Complete 
| 511|0x000000079ff00000, 0x00000007a0000000, 0x00000007a0000000|100%| E|CS|TAMS 0x000000079ff00000, 0x000000079ff00000| Complete 
|2046|0x00000007ffe00000, 0x00000007ffe76000, 0x00000007fff00000| 46%|OA|  |TAMS 0x00000007ffe76000, 0x00000007ffe00000| Untracked 
|2047|0x00000007fff00000, 0x00000007fff74000, 0x0000000800000000| 45%|CA|  |TAMS 0x00000007fff74000, 0x00000007fff00000| Untracked 

Card table byte_map: [0x0000000113000000,0x0000000113400000] _byte_map_base: 0x000000010f400000

Marking Bits (Prev, Next): (CMBitMap*) 0x00007fd98f82b450, (CMBitMap*) 0x00007fd98f82b410
 Prev Bits: [0x000000012ec3d000, 0x0000000130c3d000)
 Next Bits: [0x000000012cc3d000, 0x000000012ec3d000)

Polling page: 0x000000010a849000

Metaspace:

Usage:
  Non-class:    107.84 MB used.
      Class:     16.09 MB used.
       Both:    123.93 MB used.

Virtual space:
  Non-class space:      128.00 MB reserved,     108.25 MB ( 85%) committed,  2 nodes.
      Class space:      416.00 MB reserved,      16.50 MB (  4%) committed,  1 nodes.
             Both:      544.00 MB reserved,     124.75 MB ( 23%) committed. 

Chunk freelists:
   Non-Class:  3.72 MB
       Class:  15.53 MB
        Both:  19.25 MB

MaxMetaspaceSize: 512.00 MB
CompressedClassSpaceSize: 416.00 MB
Initial GC threshold: 21.00 MB
Current GC threshold: 203.56 MB
CDS: on
MetaspaceReclaimPolicy: balanced
 - commit_granule_bytes: 65536.
 - commit_granule_words: 8192.
 - virtual_space_node_default_size: 8388608.
 - enlarge_chunks_in_place: 1.
 - new_chunks_are_fully_committed: 0.
 - uncommit_free_chunks: 1.
 - use_allocation_guard: 0.
 - handle_deallocations: 1.


Internal statistics:

num_allocs_failed_limit: 15.
num_arena_births: 1144.
num_arena_deaths: 2.
num_vsnodes_births: 3.
num_vsnodes_deaths: 0.
num_space_committed: 1995.
num_space_uncommitted: 0.
num_chunks_returned_to_freelist: 19.
num_chunks_taken_from_freelist: 5770.
num_chunk_merges: 15.
num_chunk_splits: 4340.
num_chunks_enlarged: 3476.
num_inconsistent_stats: 0.

CodeHeap 'non-profiled nmethods': size=119168Kb used=6452Kb max_used=7284Kb free=112715Kb
 bounds [0x00000001257dd000, 0x0000000125efd000, 0x000000012cc3d000]
CodeHeap 'profiled nmethods': size=119164Kb used=21066Kb max_used=21455Kb free=98097Kb
 bounds [0x000000011dc3d000, 0x000000011f14d000, 0x000000012509c000]
CodeHeap 'non-nmethods': size=7428Kb used=2479Kb max_used=3429Kb free=4948Kb
 bounds [0x000000012509c000, 0x000000012542c000, 0x00000001257dd000]
 total_blobs=11965 nmethods=10899 adapters=978
 compilation: enabled
              stopped_count=0, restarted_count=0
 full_count=0

Compilation events (20 events):
Event: 258.086 Thread 0x00007fd99f930600 nmethod 14145 0x000000011f00ba90 code [0x000000011f00bc20, 0x000000011f00bd30]
Event: 258.086 Thread 0x00007fd99f930600 14146       1       org.jetbrains.kotlin.com.intellij.lang.impl.PsiBuilderImpl$StartMarker::access$1900 (5 bytes)
Event: 258.086 Thread 0x00007fd99f930600 nmethod 14146 0x0000000125decb90 code [0x0000000125decd20, 0x0000000125decdd0]
Event: 258.087 Thread 0x00007fd99f930600 14147       2       org.jetbrains.kotlin.com.intellij.openapi.util.UserDataHolderBase::putUserData (60 bytes)
Event: 258.087 Thread 0x00007fd98900fa00 nmethod 14137% 0x000000011f0cd310 code [0x000000011f0cda40, 0x000000011f0d17d0]
Event: 258.087 Thread 0x00007fd98900fa00 14148       1       jdk.internal.loader.URLClassPath$JarLoader$2::getURL (5 bytes)
Event: 258.087 Thread 0x00007fd98900fa00 nmethod 14148 0x0000000125dec890 code [0x0000000125deca20, 0x0000000125decaf0]
Event: 258.087 Thread 0x00007fd99f930600 nmethod 14147 0x000000011e8d2690 code [0x000000011e8d28e0, 0x000000011e8d3070]
Event: 258.088 Thread 0x00007fd98900fa00 14150       2       org.jetbrains.kotlin.scripting.definitions.AutoloadedScriptDefinitions::access$getMAIN_KTS_JARS$cp (4 bytes)
Event: 258.088 Thread 0x00007fd99f930600 14152       2       org.jetbrains.kotlin.scripting.definitions.AutoloadedScriptDefinitions$definitions$1::invokeSuspend$lambda$1 (101 bytes)
Event: 258.088 Thread 0x00007fd98900fa00 nmethod 14150 0x000000011ef80410 code [0x000000011ef805a0, 0x000000011ef80690]
Event: 258.088 Thread 0x00007fd98900fa00 14151       2       org.jetbrains.kotlin.scripting.definitions.AutoloadedScriptDefinitions$definitions$1$$Lambda$1201/0x0000000134959800::accept (5 bytes)
Event: 258.088 Thread 0x00007fd98900fa00 nmethod 14151 0x000000011eea8210 code [0x000000011eea83c0, 0x000000011eea84e0]
Event: 258.088 Thread 0x00007fd98900fa00 14153       3       kotlin.text.StringsKt__StringsKt::endsWith (73 bytes)
Event: 258.088 Thread 0x00007fd99f930600 nmethod 14152 0x000000011ebc4890 code [0x000000011ebc4ae0, 0x000000011ebc5150]
Event: 258.089 Thread 0x00007fd99f930600 14154       3       kotlin.text.StringsKt__StringsKt::removeSuffix (61 bytes)
Event: 258.089 Thread 0x00007fd98900fa00 nmethod 14153 0x000000011ece3a10 code [0x000000011ece3d20, 0x000000011ece4f80]
Event: 258.089 Thread 0x00007fd99f930600 nmethod 14154 0x000000011ec2d810 code [0x000000011ec2db00, 0x000000011ec2e890]
Event: 258.090 Thread 0x00007fd98900fa00 14156       3       org.jetbrains.kotlin.cli.jvm.compiler.jarfs.ZipImplementationKt::parseCentralDirectory (105 bytes)
Event: 258.091 Thread 0x00007fd98900fa00 nmethod 14156 0x000000011e18a910 code [0x000000011e18ac60, 0x000000011e18c260]

GC Heap History (20 events):
Event: 252.817 GC heap before
{Heap before GC invocations=57 (full 0):
 garbage-first heap   total 345088K, used 108223K [0x0000000780000000, 0x0000000800000000)
  region size 1024K, 26 young (26624K), 25 survivors (25600K)
 Metaspace       used 75821K, committed 76544K, reserved 557056K
  class space    used 10294K, committed 10624K, reserved 425984K
}
Event: 252.833 GC heap after
{Heap after GC invocations=58 (full 0):
 garbage-first heap   total 345088K, used 100144K [0x0000000780000000, 0x0000000800000000)
  region size 1024K, 3 young (3072K), 3 survivors (3072K)
 Metaspace       used 75821K, committed 76544K, reserved 557056K
  class space    used 10294K, committed 10624K, reserved 425984K
}
Event: 254.002 GC heap before
{Heap before GC invocations=58 (full 0):
 garbage-first heap   total 345088K, used 278320K [0x0000000780000000, 0x0000000800000000)
  region size 1024K, 176 young (180224K), 3 survivors (3072K)
 Metaspace       used 90543K, committed 91200K, reserved 557056K
  class space    used 11983K, committed 12288K, reserved 425984K
}
Event: 254.008 GC heap after
{Heap after GC invocations=59 (full 0):
 garbage-first heap   total 345088K, used 119068K [0x0000000780000000, 0x0000000800000000)
  region size 1024K, 21 young (21504K), 21 survivors (21504K)
 Metaspace       used 90543K, committed 91200K, reserved 557056K
  class space    used 11983K, committed 12288K, reserved 425984K
}
Event: 254.815 GC heap before
{Heap before GC invocations=59 (full 0):
 garbage-first heap   total 345088K, used 211228K [0x0000000780000000, 0x0000000800000000)
  region size 1024K, 113 young (115712K), 21 survivors (21504K)
 Metaspace       used 100607K, committed 101248K, reserved 557056K
  class space    used 12964K, committed 13248K, reserved 425984K
}
Event: 254.822 GC heap after
{Heap after GC invocations=60 (full 0):
 garbage-first heap   total 345088K, used 126854K [0x0000000780000000, 0x0000000800000000)
  region size 1024K, 8 young (8192K), 8 survivors (8192K)
 Metaspace       used 100607K, committed 101248K, reserved 557056K
  class space    used 12964K, committed 13248K, reserved 425984K
}
Event: 256.469 GC heap before
{Heap before GC invocations=61 (full 0):
 garbage-first heap   total 345088K, used 252806K [0x0000000780000000, 0x0000000800000000)
  region size 1024K, 148 young (151552K), 8 survivors (8192K)
 Metaspace       used 120263K, committed 121088K, reserved 557056K
  class space    used 15619K, committed 16000K, reserved 425984K
}
Event: 256.475 GC heap after
{Heap after GC invocations=62 (full 0):
 garbage-first heap   total 345088K, used 117639K [0x0000000780000000, 0x0000000800000000)
  region size 1024K, 15 young (15360K), 15 survivors (15360K)
 Metaspace       used 120263K, committed 121088K, reserved 557056K
  class space    used 15619K, committed 16000K, reserved 425984K
}
Event: 256.478 GC heap before
{Heap before GC invocations=62 (full 0):
 garbage-first heap   total 345088K, used 118663K [0x0000000780000000, 0x0000000800000000)
  region size 1024K, 16 young (16384K), 15 survivors (15360K)
 Metaspace       used 120332K, committed 121152K, reserved 557056K
  class space    used 15629K, committed 16064K, reserved 425984K
}
Event: 256.483 GC heap after
{Heap after GC invocations=63 (full 0):
 garbage-first heap   total 345088K, used 115061K [0x0000000780000000, 0x0000000800000000)
  region size 1024K, 2 young (2048K), 2 survivors (2048K)
 Metaspace       used 120332K, committed 121152K, reserved 557056K
  class space    used 15629K, committed 16064K, reserved 425984K
}
Event: 257.015 GC heap before
{Heap before GC invocations=63 (full 0):
 garbage-first heap   total 345088K, used 279925K [0x0000000780000000, 0x0000000800000000)
  region size 1024K, 156 young (159744K), 2 survivors (2048K)
 Metaspace       used 124220K, committed 125056K, reserved 557056K
  class space    used 16180K, committed 16576K, reserved 425984K
}
Event: 257.017 GC heap after
{Heap after GC invocations=64 (full 0):
 garbage-first heap   total 345088K, used 123453K [0x0000000780000000, 0x0000000800000000)
  region size 1024K, 4 young (4096K), 4 survivors (4096K)
 Metaspace       used 124220K, committed 125056K, reserved 557056K
  class space    used 16180K, committed 16576K, reserved 425984K
}
Event: 257.206 GC heap before
{Heap before GC invocations=65 (full 0):
 garbage-first heap   total 345088K, used 262717K [0x0000000780000000, 0x0000000800000000)
  region size 1024K, 155 young (158720K), 4 survivors (4096K)
 Metaspace       used 124220K, committed 125056K, reserved 557056K
  class space    used 16180K, committed 16576K, reserved 425984K
}
Event: 257.209 GC heap after
{Heap after GC invocations=66 (full 0):
 garbage-first heap   total 345088K, used 110077K [0x0000000780000000, 0x0000000800000000)
  region size 1024K, 6 young (6144K), 6 survivors (6144K)
 Metaspace       used 124220K, committed 125056K, reserved 557056K
  class space    used 16180K, committed 16576K, reserved 425984K
}
Event: 257.221 GC heap before
{Heap before GC invocations=66 (full 0):
 garbage-first heap   total 345088K, used 119293K [0x0000000780000000, 0x0000000800000000)
  region size 1024K, 16 young (16384K), 6 survivors (6144K)
 Metaspace       used 124220K, committed 125056K, reserved 557056K
  class space    used 16180K, committed 16576K, reserved 425984K
}
Event: 257.225 GC heap after
{Heap after GC invocations=67 (full 0):
 garbage-first heap   total 345088K, used 83978K [0x0000000780000000, 0x0000000800000000)
  region size 1024K, 1 young (1024K), 1 survivors (1024K)
 Metaspace       used 124220K, committed 125056K, reserved 557056K
  class space    used 16180K, committed 16576K, reserved 425984K
}
Event: 257.450 GC heap before
{Heap before GC invocations=67 (full 0):
 garbage-first heap   total 345088K, used 281610K [0x0000000780000000, 0x0000000800000000)
  region size 1024K, 194 young (198656K), 1 survivors (1024K)
 Metaspace       used 124221K, committed 125056K, reserved 557056K
  class space    used 16181K, committed 16576K, reserved 425984K
}
Event: 257.452 GC heap after
{Heap after GC invocations=68 (full 0):
 garbage-first heap   total 345088K, used 86277K [0x0000000780000000, 0x0000000800000000)
  region size 1024K, 4 young (4096K), 4 survivors (4096K)
 Metaspace       used 124221K, committed 125056K, reserved 557056K
  class space    used 16181K, committed 16576K, reserved 425984K
}
Event: 257.730 GC heap before
{Heap before GC invocations=68 (full 0):
 garbage-first heap   total 345088K, used 284933K [0x0000000780000000, 0x0000000800000000)
  region size 1024K, 198 young (202752K), 4 survivors (4096K)
 Metaspace       used 124238K, committed 125056K, reserved 557056K
  class space    used 16184K, committed 16576K, reserved 425984K
}
Event: 257.733 GC heap after
{Heap after GC invocations=69 (full 0):
 garbage-first heap   total 345088K, used 81895K [0x0000000780000000, 0x0000000800000000)
  region size 1024K, 6 young (6144K), 6 survivors (6144K)
 Metaspace       used 124238K, committed 125056K, reserved 557056K
  class space    used 16184K, committed 16576K, reserved 425984K
}

Dll operation events (13 events):
Event: 0.017 Loaded shared library /Library/Java/JavaVirtualMachines/zulu-17.jdk/Contents/Home/lib/libjava.dylib
Event: 0.113 Loaded shared library /Library/Java/JavaVirtualMachines/zulu-17.jdk/Contents/Home/lib/libzip.dylib
Event: 0.116 Loaded shared library /Library/Java/JavaVirtualMachines/zulu-17.jdk/Contents/Home/lib/libinstrument.dylib
Event: 0.120 Loaded shared library /Library/Java/JavaVirtualMachines/zulu-17.jdk/Contents/Home/lib/libnio.dylib
Event: 0.123 Loaded shared library /Library/Java/JavaVirtualMachines/zulu-17.jdk/Contents/Home/lib/libzip.dylib
Event: 0.268 Loaded shared library /Library/Java/JavaVirtualMachines/zulu-17.jdk/Contents/Home/lib/libjimage.dylib
Event: 0.379 Loaded shared library /Library/Java/JavaVirtualMachines/zulu-17.jdk/Contents/Home/lib/libverify.dylib
Event: 0.395 Loaded shared library /Library/Java/JavaVirtualMachines/zulu-17.jdk/Contents/Home/lib/libnet.dylib
Event: 0.404 Loaded shared library /Users/juanprogramador/.gradle/native/1def1411415f61bf3af743bc5b6707747c0891f09f0c88961ee8f79bc544acac/osx-amd64/libnative-platform.dylib
Event: 0.843 Loaded shared library /Users/juanprogramador/.gradle/native/0.2.8/x86_64-macos/libgradle-fileevents.dylib
Event: 1.311 Loaded shared library /Library/Java/JavaVirtualMachines/zulu-17.jdk/Contents/Home/lib/libmanagement.dylib
Event: 1.312 Loaded shared library /Library/Java/JavaVirtualMachines/zulu-17.jdk/Contents/Home/lib/libmanagement_ext.dylib
Event: 1.481 Loaded shared library /Library/Java/JavaVirtualMachines/zulu-17.jdk/Contents/Home/lib/libextnet.dylib

Deoptimization events (20 events):
Event: 258.069 Thread 0x00007fd9a0a34000 Uncommon trap: trap_request=0xffffffdc fr.pc=0x0000000125e2d638 relative=0x00000000000004d8
Event: 258.069 Thread 0x00007fd9a0a34000 Uncommon trap: reason=class_check action=make_not_entrant pc=0x0000000125e2d638 method=java.util.ArrayList.toArray([Ljava/lang/Object;)[Ljava/lang/Object; @ 21 c2
Event: 258.069 Thread 0x00007fd9a0a34000 DEOPT PACKING pc=0x0000000125e2d638 sp=0x000070000f33ee90
Event: 258.069 Thread 0x00007fd9a0a34000 DEOPT UNPACKING pc=0x00000001250f2699 sp=0x000070000f33ede8 mode 2
Event: 258.077 Thread 0x00007fd9a0a34000 Uncommon trap: trap_request=0xffffffd6 fr.pc=0x0000000125cdb8ac relative=0x00000000000018cc
Event: 258.077 Thread 0x00007fd9a0a34000 Uncommon trap: reason=array_check action=maybe_recompile pc=0x0000000125cdb8ac method=java.util.TimSort.binarySort([Ljava/lang/Object;IIILjava/util/Comparator;)V @ 215 c2
Event: 258.077 Thread 0x00007fd9a0a34000 DEOPT PACKING pc=0x0000000125cdb8ac sp=0x000070000f340090
Event: 258.077 Thread 0x00007fd9a0a34000 DEOPT UNPACKING pc=0x00000001250f2699 sp=0x000070000f33ffb0 mode 2
Event: 258.077 Thread 0x00007fd9a0a34000 Uncommon trap: trap_request=0xffffffde fr.pc=0x0000000125b98598 relative=0x00000000000001d8
Event: 258.077 Thread 0x00007fd9a0a34000 Uncommon trap: reason=class_check action=maybe_recompile pc=0x0000000125b98598 method=java.security.MessageDigest$Delegate.engineDigest()[B @ 4 c2
Event: 258.077 Thread 0x00007fd9a0a34000 DEOPT PACKING pc=0x0000000125b98598 sp=0x000070000f3401a0
Event: 258.077 Thread 0x00007fd9a0a34000 DEOPT UNPACKING pc=0x00000001250f2699 sp=0x000070000f340108 mode 2
Event: 258.078 Thread 0x00007fd9a0a34000 Uncommon trap: trap_request=0xffffffde fr.pc=0x0000000125b98598 relative=0x00000000000001d8
Event: 258.078 Thread 0x00007fd9a0a34000 Uncommon trap: reason=class_check action=maybe_recompile pc=0x0000000125b98598 method=java.security.MessageDigest$Delegate.engineDigest()[B @ 4 c2
Event: 258.078 Thread 0x00007fd9a0a34000 DEOPT PACKING pc=0x0000000125b98598 sp=0x000070000f33e6e0
Event: 258.078 Thread 0x00007fd9a0a34000 DEOPT UNPACKING pc=0x00000001250f2699 sp=0x000070000f33e648 mode 2
Event: 258.081 Thread 0x00007fd9a0a34000 Uncommon trap: trap_request=0xffffff45 fr.pc=0x0000000125c38310 relative=0x0000000000000070
Event: 258.081 Thread 0x00007fd9a0a34000 Uncommon trap: reason=unstable_if action=reinterpret pc=0x0000000125c38310 method=java.nio.ByteBuffer.order(Ljava/nio/ByteOrder;)Ljava/nio/ByteBuffer; @ 5 c2
Event: 258.081 Thread 0x00007fd9a0a34000 DEOPT PACKING pc=0x0000000125c38310 sp=0x000070000f33cd60
Event: 258.081 Thread 0x00007fd9a0a34000 DEOPT UNPACKING pc=0x00000001250f2699 sp=0x000070000f33cd00 mode 2

Classes loaded (20 events):
Event: 256.431 Loading class sun/reflect/ReflectionFactory
Event: 256.432 Loading class sun/reflect/ReflectionFactory done
Event: 256.432 Loading class sun/reflect/ReflectionFactory$1
Event: 256.432 Loading class sun/reflect/ReflectionFactory$1 done
Event: 256.477 Loading class sun/security/ssl/Alert
Event: 256.477 Loading class sun/security/ssl/Alert done
Event: 256.477 Loading class sun/security/ssl/Alert$AlertConsumer
Event: 256.477 Loading class sun/security/ssl/Alert$AlertConsumer done
Event: 256.477 Loading class sun/security/ssl/Alert$Level
Event: 256.477 Loading class sun/security/ssl/Alert$Level done
Event: 256.615 Loading class java/util/stream/SortedOps$OfRef
Event: 256.615 Loading class java/util/stream/SortedOps$OfRef done
Event: 256.616 Loading class java/util/stream/SortedOps$SizedRefSortingSink
Event: 256.616 Loading class java/util/stream/SortedOps$AbstractRefSortingSink
Event: 256.616 Loading class java/util/stream/SortedOps$AbstractRefSortingSink done
Event: 256.616 Loading class java/util/stream/SortedOps$SizedRefSortingSink done
Event: 256.622 Loading class java/util/stream/SortedOps$RefSortingSink
Event: 256.622 Loading class java/util/stream/SortedOps$RefSortingSink done
Event: 257.603 Loading class java/io/PushbackInputStream
Event: 257.603 Loading class java/io/PushbackInputStream done

Classes unloaded (3 events):
Event: 251.564 Thread 0x00007fd98810dc90 Unloading class 0x0000000134590bf8 '_BuildScript_$_run_closure2'
Event: 251.564 Thread 0x00007fd98810dc90 Unloading class 0x0000000134590800 '_BuildScript_$_run_closure1'
Event: 251.564 Thread 0x00007fd98810dc90 Unloading class 0x0000000134588800 '_BuildScript_'

Classes redefined (0 events):
No events

Internal exceptions (20 events):
Event: 255.506 Thread 0x00007fd9a0a34000 Exception <a 'java/lang/NoSuchMethodError'{0x00000007907da798}: 'int java.lang.invoke.DirectMethodHandle$Holder.invokeInterface(java.lang.Object, java.lang.Object, java.lang.Object, java.lang.Object)'> (0x00000007907da798) 
thrown [src/hotspot/share/interpreter/linkResolver.cpp, line 759]
Event: 255.527 Thread 0x00007fd9a0a34000 Exception <a 'java/lang/NoSuchMethodError'{0x00000007904533c8}: 'java.lang.Object java.lang.invoke.DirectMethodHandle$Holder.invokeStatic(java.lang.Object, long, java.lang.Object)'> (0x00000007904533c8) 
thrown [src/hotspot/share/interpreter/linkResolver.cpp, line 759]
Event: 255.528 Thread 0x00007fd9a0a34000 Exception <a 'java/lang/NoSuchMethodError'{0x000000079045b8f8}: 'java.lang.Object java.lang.invoke.DirectMethodHandle$Holder.newInvokeSpecial(java.lang.Object, long)'> (0x000000079045b8f8) 
thrown [src/hotspot/share/interpreter/linkResolver.cpp, line 759]
Event: 255.532 Thread 0x00007fd9a0a34000 Exception <a 'java/lang/NoSuchMethodError'{0x00000007904d0c90}: 'java.lang.Object java.lang.invoke.Invokers$Holder.linkToTargetMethod(java.lang.Object, java.lang.Object, java.lang.Object, java.lang.Object, long, java.lang.Object, java.lang.Object)'> (0x00000007904d0c90) 
thrown [src/hotspot/share/interpreter/linkResolver.cpp, line 759]
Event: 255.534 Thread 0x00007fd9a0a34000 Exception <a 'java/lang/NoSuchMethodError'{0x0000000790316378}: 'java.lang.Object java.lang.invoke.DirectMethodHandle$Holder.newInvokeSpecial(java.lang.Object, java.lang.Object, java.lang.Object, long, java.lang.Object)'> (0x0000000790316378) 
thrown [src/hotspot/share/interpreter/linkResolver.cpp, line 759]
Event: 255.535 Thread 0x00007fd9a0a34000 Exception <a 'java/lang/NoSuchMethodError'{0x000000079031b578}: 'java.lang.Object java.lang.invoke.DirectMethodHandle$Holder.invokeSpecial(java.lang.Object, java.lang.Object, java.lang.Object, java.lang.Object, long, java.lang.Object)'> (0x000000079031b578) 
thrown [src/hotspot/share/interpreter/linkResolver.cpp, line 759]
Event: 255.535 Thread 0x00007fd9a0a34000 Exception <a 'java/lang/NoSuchMethodError'{0x00000007903202b0}: 'java.lang.Object java.lang.invoke.Invokers$Holder.linkToTargetMethod(java.lang.Object, java.lang.Object, long, java.lang.Object, java.lang.Object)'> (0x00000007903202b0) 
thrown [src/hotspot/share/interpreter/linkResolver.cpp, line 759]
Event: 255.714 Thread 0x00007fd9a0a34000 Exception <a 'java/lang/NoSuchMethodError'{0x000000078e6cd5b8}: 'int java.lang.invoke.DirectMethodHandle$Holder.invokeSpecialIFC(java.lang.Object, java.lang.Object, java.lang.Object)'> (0x000000078e6cd5b8) 
thrown [src/hotspot/share/interpreter/linkResolver.cpp, line 759]
Event: 255.761 Thread 0x00007fd9a0a34000 Exception <a 'java/lang/NoSuchMethodError'{0x000000078e1cf370}: 'void java.lang.invoke.DirectMethodHandle$Holder.invokeSpecial(java.lang.Object, java.lang.Object, long, java.lang.Object, java.lang.Object)'> (0x000000078e1cf370) 
thrown [src/hotspot/share/interpreter/linkResolver.cpp, line 759]
Event: 255.761 Thread 0x00007fd9a0a34000 Exception <a 'java/lang/NoSuchMethodError'{0x000000078e1d7e40}: 'java.lang.Object java.lang.invoke.DirectMethodHandle$Holder.newInvokeSpecial(java.lang.Object, java.lang.Object, long, java.lang.Object)'> (0x000000078e1d7e40) 
thrown [src/hotspot/share/interpreter/linkResolver.cpp, line 759]
Event: 255.761 Thread 0x00007fd9a0a34000 Exception <a 'java/lang/NoSuchMethodError'{0x000000078e1dd148}: 'java.lang.Object java.lang.invoke.DirectMethodHandle$Holder.invokeSpecial(java.lang.Object, java.lang.Object, java.lang.Object, long, java.lang.Object)'> (0x000000078e1dd148) 
thrown [src/hotspot/share/interpreter/linkResolver.cpp, line 759]
Event: 255.761 Thread 0x00007fd9a0a34000 Exception <a 'java/lang/NoSuchMethodError'{0x000000078e1e1d98}: 'java.lang.Object java.lang.invoke.Invokers$Holder.linkToTargetMethod(java.lang.Object, long, java.lang.Object, java.lang.Object)'> (0x000000078e1e1d98) 
thrown [src/hotspot/share/interpreter/linkResolver.cpp, line 759]
Event: 255.763 Thread 0x00007fd9a0a34000 Exception <a 'java/lang/NoSuchMethodError'{0x000000078e010cd0}: 'void java.lang.invoke.DirectMethodHandle$Holder.invokeStatic(java.lang.Object, java.lang.Object, java.lang.Object, int, java.lang.Object)'> (0x000000078e010cd0) 
thrown [src/hotspot/share/interpreter/linkResolver.cpp, line 759]
Event: 255.776 Thread 0x00007fd9a0a34000 Exception <a 'java/lang/NoSuchMethodError'{0x000000078dfefc08}: 'int java.lang.invoke.DirectMethodHandle$Holder.invokeInterface(java.lang.Object, java.lang.Object, java.lang.Object, java.lang.Object, java.lang.Object)'> (0x000000078dfefc08) 
thrown [src/hotspot/share/interpreter/linkResolver.cpp, line 759]
Event: 256.388 Thread 0x00007fd9a0a34000 Exception <a 'java/lang/NoSuchMethodError'{0x000000078c4bfd20}: 'java.lang.Object java.lang.invoke.DirectMethodHandle$Holder.invokeSpecial(java.lang.Object, java.lang.Object, long, java.lang.Object, java.lang.Object)'> (0x000000078c4bfd20) 
thrown [src/hotspot/share/interpreter/linkResolver.cpp, line 759]
Event: 256.477 Thread 0x00007fd9a080da00 Implicit null exception at 0x0000000125c5488f to 0x0000000125c54a1c
Event: 256.509 Thread 0x00007fd9a0a34000 Exception <a 'java/lang/NoSuchMethodError'{0x00000007949fdf18}: 'java.lang.Object java.lang.invoke.DirectMethodHandle$Holder.invokeSpecialIFC(java.lang.Object, java.lang.Object, java.lang.Object)'> (0x00000007949fdf18) 
thrown [src/hotspot/share/interpreter/linkResolver.cpp, line 759]
Event: 256.547 Thread 0x00007fd988c46000 Exception <a 'sun/nio/fs/UnixException'{0x000000079440e020}> (0x000000079440e020) 
thrown [src/hotspot/share/prims/jni.cpp, line 516]
Event: 256.547 Thread 0x00007fd9a0a34000 Exception <a 'sun/nio/fs/UnixException'{0x00000007945bb0e0}> (0x00000007945bb0e0) 
thrown [src/hotspot/share/prims/jni.cpp, line 516]
Event: 256.684 Thread 0x00007fd9a0a34000 Exception <a 'java/lang/NoSuchMethodError'{0x000000079324e378}: 'long java.lang.invoke.DirectMethodHandle$Holder.invokeStatic(java.lang.Object, java.lang.Object)'> (0x000000079324e378) 
thrown [src/hotspot/share/interpreter/linkResolver.cpp, line 759]

VM Operations (20 events):
Event: 257.221 Executing VM operation: G1CollectForAllocation
Event: 257.225 Executing VM operation: G1CollectForAllocation done
Event: 257.450 Executing VM operation: G1CollectForAllocation
Event: 257.452 Executing VM operation: G1CollectForAllocation done
Event: 257.603 Executing VM operation: HandshakeAllThreads
Event: 257.603 Executing VM operation: HandshakeAllThreads done
Event: 257.603 Executing VM operation: HandshakeAllThreads
Event: 257.603 Executing VM operation: HandshakeAllThreads done
Event: 257.604 Executing VM operation: HandshakeAllThreads
Event: 257.604 Executing VM operation: HandshakeAllThreads done
Event: 257.605 Executing VM operation: HandshakeAllThreads
Event: 257.605 Executing VM operation: HandshakeAllThreads done
Event: 257.605 Executing VM operation: HandshakeAllThreads
Event: 257.605 Executing VM operation: HandshakeAllThreads done
Event: 257.730 Executing VM operation: G1CollectForAllocation
Event: 257.733 Executing VM operation: G1CollectForAllocation done
Event: 258.059 Executing VM operation: HandshakeAllThreads
Event: 258.059 Executing VM operation: HandshakeAllThreads done
Event: 258.077 Executing VM operation: ICBufferFull
Event: 258.077 Executing VM operation: ICBufferFull done

Memory protections (20 events):
Event: 238.588 Protecting memory [0x000070000fe6d000,0x000070000fe71000] with protection modes 0
Event: 238.594 Protecting memory [0x000070000ff70000,0x000070000ff74000] with protection modes 0
Event: 238.597 Protecting memory [0x0000700010279000,0x000070001027d000] with protection modes 0
Event: 238.598 Protecting memory [0x000070001047f000,0x0000700010483000] with protection modes 0
Event: 238.611 Protecting memory [0x0000700010582000,0x0000700010586000] with protection modes 0
Event: 238.802 Protecting memory [0x000070001088b000,0x000070001088f000] with protection modes 0
Event: 238.802 Protecting memory [0x000070001098e000,0x0000700010992000] with protection modes 0
Event: 238.803 Protecting memory [0x0000700010a91000,0x0000700010a95000] with protection modes 0
Event: 243.405 Protecting memory [0x0000700010a91000,0x0000700010a95000] with protection modes 3
Event: 243.709 Protecting memory [0x000070001098e000,0x0000700010992000] with protection modes 3
Event: 243.799 Protecting memory [0x000070001088b000,0x000070001088f000] with protection modes 3
Event: 244.685 Protecting memory [0x000070000f655000,0x000070000f659000] with protection modes 3
Event: 247.357 Protecting memory [0x000070000f655000,0x000070000f659000] with protection modes 0
Event: 256.416 Protecting memory [0x000070001088b000,0x000070001088f000] with protection modes 0
Event: 256.416 Protecting memory [0x000070001098e000,0x0000700010992000] with protection modes 0
Event: 256.455 Protecting memory [0x0000700010a91000,0x0000700010a95000] with protection modes 0
Event: 256.458 Protecting memory [0x0000700010b94000,0x0000700010b98000] with protection modes 0
Event: 256.509 Protecting memory [0x0000700010c97000,0x0000700010c9b000] with protection modes 0
Event: 256.510 Protecting memory [0x0000700010d9a000,0x0000700010d9e000] with protection modes 0
Event: 257.936 Protecting memory [0x0000700010e9d000,0x0000700010ea1000] with protection modes 0

Nmethod flushes (20 events):
Event: 256.657 Thread 0x00007fd989014000 flushing  nmethod 0x000000011f00f710
Event: 256.657 Thread 0x00007fd989014000 flushing  nmethod 0x000000011f010690
Event: 256.657 Thread 0x00007fd989014000 flushing  nmethod 0x000000011f014d10
Event: 256.657 Thread 0x00007fd989014000 flushing  nmethod 0x000000011f040310
Event: 256.657 Thread 0x00007fd989014000 flushing  nmethod 0x000000011f046f10
Event: 256.657 Thread 0x00007fd989014000 flushing  nmethod 0x000000011f047590
Event: 256.657 Thread 0x00007fd989014000 flushing  nmethod 0x000000011f047e10
Event: 256.657 Thread 0x00007fd989014000 flushing  nmethod 0x000000011f0b2c90
Event: 256.657 Thread 0x00007fd989014000 flushing  nmethod 0x000000011f0b3590
Event: 256.657 Thread 0x00007fd989014000 flushing  nmethod 0x000000011f0b3d90
Event: 256.657 Thread 0x00007fd989014000 flushing  nmethod 0x000000011f0b4510
Event: 256.657 Thread 0x00007fd989014000 flushing  nmethod 0x000000011f0b4910
Event: 256.657 Thread 0x00007fd989014000 flushing  nmethod 0x000000011f0b8010
Event: 256.657 Thread 0x00007fd989014000 flushing  nmethod 0x000000011f0b8610
Event: 256.657 Thread 0x00007fd989014000 flushing  nmethod 0x000000011f0b8e10
Event: 256.657 Thread 0x00007fd989014000 flushing  nmethod 0x000000011f0b9510
Event: 256.657 Thread 0x00007fd989014000 flushing  nmethod 0x000000011f0ba210
Event: 256.657 Thread 0x00007fd989014000 flushing  nmethod 0x000000011f0c5390
Event: 256.657 Thread 0x00007fd989014000 flushing  nmethod 0x000000011f0c5810
Event: 256.657 Thread 0x00007fd989014000 flushing  nmethod 0x000000011f0c8410

Events (20 events):
Event: 238.588 Thread 0x00007fd9a0a34000 Thread added: 0x00007fd9a1563400
Event: 238.594 Thread 0x00007fd9a0a34000 Thread added: 0x00007fd98fe15600
Event: 238.597 Thread 0x00007fd9a0a34000 Thread added: 0x00007fd9889f3c00
Event: 238.598 Thread 0x00007fd9a0a34000 Thread added: 0x00007fd9a141e000
Event: 238.611 Thread 0x00007fd9a0a34000 Thread added: 0x00007fd9a0a8d200
Event: 238.802 Thread 0x00007fd98900fa00 Thread added: 0x00007fd9a15ea600
Event: 238.802 Thread 0x00007fd98900fa00 Thread added: 0x00007fd98fe15c00
Event: 238.802 Thread 0x00007fd98900fa00 Thread added: 0x00007fd9a1422800
Event: 243.405 Thread 0x00007fd9a1422800 Thread exited: 0x00007fd9a1422800
Event: 243.709 Thread 0x00007fd98fe15c00 Thread exited: 0x00007fd98fe15c00
Event: 243.799 Thread 0x00007fd9a15ea600 Thread exited: 0x00007fd9a15ea600
Event: 244.685 Thread 0x00007fd989638400 Thread exited: 0x00007fd989638400
Event: 247.357 Thread 0x00007fd98900fa00 Thread added: 0x00007fd99f930600
Event: 256.416 Thread 0x00007fd9a0a34000 Thread added: 0x00007fd90aa1f600
Event: 256.416 Thread 0x00007fd9a0a34000 Thread added: 0x00007fd90aa90e00
Event: 256.455 Thread 0x00007fd9a0a34000 Thread added: 0x00007fd988c73a00
Event: 256.458 Thread 0x00007fd9a0a34000 Thread added: 0x00007fd90aa1d000
Event: 256.509 Thread 0x00007fd9a0a34000 Thread added: 0x00007fd988c46000
Event: 256.510 Thread 0x00007fd9a0a34000 Thread added: 0x00007fd988c46600
Event: 257.936 Thread 0x00007fd9a0a34000 Thread added: 0x00007fd989298e00


Dynamic libraries:
0x000000010a852000 	/Library/Java/JavaVirtualMachines/zulu-17.jdk/Contents/Home/lib/libjli.dylib
0x00007ff823046000 	/usr/lib/libz.1.dylib
0x00007ff823132000 	/usr/lib/libSystem.B.dylib
0x00007ff82312c000 	/usr/lib/system/libcache.dylib
0x00007ff8230e4000 	/usr/lib/system/libcommonCrypto.dylib
0x00007ff82310e000 	/usr/lib/system/libcompiler_rt.dylib
0x00007ff823102000 	/usr/lib/system/libcopyfile.dylib
0x00007ff8133a1000 	/usr/lib/system/libcorecrypto.dylib
0x00007ff8134ad000 	/usr/lib/system/libdispatch.dylib
0x00007ff81325c000 	/usr/lib/system/libdyld.dylib
0x00007ff823122000 	/usr/lib/system/libkeymgr.dylib
0x00007ff8230c9000 	/usr/lib/system/libmacho.dylib
0x00007ff8222b1000 	/usr/lib/system/libquarantine.dylib
0x00007ff82311f000 	/usr/lib/system/libremovefile.dylib
0x00007ff81993d000 	/usr/lib/system/libsystem_asl.dylib
0x00007ff81332a000 	/usr/lib/system/libsystem_blocks.dylib
0x00007ff8134f8000 	/usr/lib/system/libsystem_c.dylib
0x00007ff823116000 	/usr/lib/system/libsystem_collections.dylib
0x00007ff820c47000 	/usr/lib/system/libsystem_configuration.dylib
0x00007ff81f7da000 	/usr/lib/system/libsystem_containermanager.dylib
0x00007ff822baf000 	/usr/lib/system/libsystem_coreservices.dylib
0x00007ff81707a000 	/usr/lib/system/libsystem_darwin.dylib
0x00007ffe11ca9000 	/usr/lib/system/libsystem_darwindirectory.dylib
0x00007ff823123000 	/usr/lib/system/libsystem_dnssd.dylib
0x00007ffe11cae000 	/usr/lib/system/libsystem_eligibility.dylib
0x00007ff8134f5000 	/usr/lib/system/libsystem_featureflags.dylib
0x00007ff81367a000 	/usr/lib/system/libsystem_info.dylib
0x00007ff82305a000 	/usr/lib/system/libsystem_m.dylib
0x00007ff813460000 	/usr/lib/system/libsystem_malloc.dylib
0x00007ff8198a7000 	/usr/lib/system/libsystem_networkextension.dylib
0x00007ff8174c1000 	/usr/lib/system/libsystem_notify.dylib
0x00007ff820c4b000 	/usr/lib/system/libsystem_sandbox.dylib
0x00007ffe11cb6000 	/usr/lib/system/libsystem_sanitizers.dylib
0x00007ff82311b000 	/usr/lib/system/libsystem_secinit.dylib
0x00007ff813625000 	/usr/lib/system/libsystem_kernel.dylib
0x00007ff813670000 	/usr/lib/system/libsystem_platform.dylib
0x00007ff813663000 	/usr/lib/system/libsystem_pthread.dylib
0x00007ff81b70a000 	/usr/lib/system/libsystem_symptoms.dylib
0x00007ff813381000 	/usr/lib/system/libsystem_trace.dylib
0x00007ffe11cbf000 	/usr/lib/system/libsystem_trial.dylib
0x00007ff8230f1000 	/usr/lib/system/libunwind.dylib
0x00007ff81332e000 	/usr/lib/system/libxpc.dylib
0x00007ff813216000 	/usr/lib/libobjc.A.dylib
0x00007ff8136a9000 	/System/Library/Frameworks/CoreFoundation.framework/Versions/A/CoreFoundation
0x00007ff826da3000 	/usr/lib/swift/libswiftCore.dylib
0x00007ff81360d000 	/usr/lib/libc++abi.dylib
0x00007ffd3030f000 	/usr/lib/libRosetta.dylib
0x00007ff813582000 	/usr/lib/libc++.1.dylib
0x00007ff814938000 	/System/Library/Frameworks/Foundation.framework/Versions/C/Foundation
0x00007ff830813000 	/usr/lib/swift/libswiftObjectiveC.dylib
0x00007ffe11555000 	/usr/lib/libswiftPrespecialized.dylib
0x00007ff8145c3000 	/System/Library/Frameworks/SystemConfiguration.framework/Versions/A/SystemConfiguration
0x00007ff81dba6000 	/System/Library/PrivateFrameworks/CoreAutoLayout.framework/Versions/A/CoreAutoLayout
0x00007ff823134000 	/usr/lib/libfakelink.dylib
0x00007ff82332e000 	/usr/lib/libcompression.dylib
0x00007ff819512000 	/System/Library/Frameworks/CFNetwork.framework/Versions/A/CFNetwork
0x00007ff81cd55000 	/System/Library/Frameworks/DiskArbitration.framework/Versions/A/DiskArbitration
0x00007ff823185000 	/usr/lib/libarchive.2.dylib
0x00007ff81cc67000 	/usr/lib/libDiagnosticMessagesClient.dylib
0x00007ff816dce000 	/usr/lib/libicucore.A.dylib
0x00007ff81dbf0000 	/usr/lib/libxml2.2.dylib
0x00007ff82ba90000 	/System/Library/Frameworks/CoreServices.framework/Versions/A/CoreServices
0x00007ff820c58000 	/usr/lib/liblangid.dylib
0x00007ff8173f5000 	/System/Library/Frameworks/IOKit.framework/Versions/A/IOKit
0x00007ff829562000 	/System/Library/Frameworks/Combine.framework/Versions/A/Combine
0x00007ffb2ff2f000 	/System/Library/PrivateFrameworks/CollectionsInternal.framework/Versions/A/CollectionsInternal
0x00007ffd14989000 	/System/Library/PrivateFrameworks/ReflectionInternal.framework/Versions/A/ReflectionInternal
0x00007ffd156ca000 	/System/Library/PrivateFrameworks/RuntimeInternal.framework/Versions/A/RuntimeInternal
0x00007ff823137000 	/System/Library/PrivateFrameworks/SoftLinking.framework/Versions/A/SoftLinking
0x00007ff91e14b000 	/usr/lib/swift/libswiftCoreFoundation.dylib
0x00007ff91b328000 	/usr/lib/swift/libswiftDarwin.dylib
0x00007ff82da5a000 	/usr/lib/swift/libswiftDispatch.dylib
0x00007ff91e199000 	/usr/lib/swift/libswiftIOKit.dylib
0x00007ffe1193e000 	/usr/lib/swift/libswiftSystem.dylib
0x00007ff91e15b000 	/usr/lib/swift/libswiftXPC.dylib
0x00007ffe1196c000 	/usr/lib/swift/libswift_Builtin_float.dylib
0x00007ffe1196f000 	/usr/lib/swift/libswift_Concurrency.dylib
0x00007ffe119dc000 	/usr/lib/swift/libswift_DarwinFoundation1.dylib
0x00007ffe11ac3000 	/usr/lib/swift/libswift_StringProcessing.dylib
0x00007ff830817000 	/usr/lib/swift/libswiftos.dylib
0x00007ff817374000 	/System/Library/PrivateFrameworks/CoreServicesInternal.framework/Versions/A/CoreServicesInternal
0x00007ff8230fa000 	/usr/lib/liboah.dylib
0x00007ff8169d0000 	/System/Library/Frameworks/Security.framework/Versions/A/Security
0x00007ff82fd51000 	/System/Library/PrivateFrameworks/DiskImages.framework/Versions/A/DiskImages
0x00007ff91adec000 	/System/Library/Frameworks/NetFS.framework/Versions/A/NetFS
0x00007ff81db6e000 	/System/Library/Frameworks/CoreServices.framework/Versions/A/Frameworks/FSEvents.framework/Versions/A/FSEvents
0x00007ff817085000 	/System/Library/Frameworks/CoreServices.framework/Versions/A/Frameworks/CarbonCore.framework/Versions/A/CarbonCore
0x00007ff81cccb000 	/System/Library/Frameworks/CoreServices.framework/Versions/A/Frameworks/Metadata.framework/Versions/A/Metadata
0x00007ff822bb6000 	/System/Library/Frameworks/CoreServices.framework/Versions/A/Frameworks/OSServices.framework/Versions/A/OSServices
0x00007ff823260000 	/System/Library/Frameworks/CoreServices.framework/Versions/A/Frameworks/SearchKit.framework/Versions/A/SearchKit
0x00007ff81b688000 	/System/Library/Frameworks/CoreServices.framework/Versions/A/Frameworks/AE.framework/Versions/A/AE
0x00007ff813b65000 	/System/Library/Frameworks/CoreServices.framework/Versions/A/Frameworks/LaunchServices.framework/Versions/A/LaunchServices
0x00007ff824877000 	/System/Library/Frameworks/CoreServices.framework/Versions/A/Frameworks/DictionaryServices.framework/Versions/A/DictionaryServices
0x00007ff81db7c000 	/System/Library/Frameworks/CoreServices.framework/Versions/A/Frameworks/SharedFileList.framework/Versions/A/SharedFileList
0x00007ff8232e2000 	/usr/lib/libapple_nghttp2.dylib
0x00007ff81b299000 	/usr/lib/libsqlite3.dylib
0x00007ff82ff8a000 	/System/Library/PrivateFrameworks/AppSupport.framework/Versions/A/AppSupport
0x00007ff81cc39000 	/System/Library/PrivateFrameworks/CoreAnalytics.framework/Versions/A/CoreAnalytics
0x00007ff819eb7000 	/System/Library/Frameworks/CoreGraphics.framework/Versions/A/CoreGraphics
0x00007ff827a05000 	/System/Library/Frameworks/GSS.framework/Versions/A/GSS
0x00007ff825e97000 	/System/Library/PrivateFrameworks/InternationalSupport.framework/Versions/A/InternationalSupport
0x00007ff81b620000 	/System/Library/PrivateFrameworks/RunningBoardServices.framework/Versions/A/RunningBoardServices
0x00007ff8307a0000 	/System/Library/PrivateFrameworks/StreamingZip.framework/Versions/A/StreamingZip
0x00007ff8198c1000 	/usr/lib/libenergytrace.dylib
0x00007ff81b712000 	/System/Library/Frameworks/Network.framework/Versions/A/Network
0x00007ff8222d6000 	/usr/lib/libbsm.0.dylib
0x00007ff8230cd000 	/usr/lib/system/libkxld.dylib
0x00007ffb2bd48000 	/System/Library/PrivateFrameworks/AppleKeyStore.framework/Versions/A/AppleKeyStore
0x00007ffd30067000 	/usr/lib/libCoreEntitlements.dylib
0x00007ffc2b26c000 	/System/Library/PrivateFrameworks/MessageSecurity.framework/Versions/A/MessageSecurity
0x00007ff81b27d000 	/System/Library/PrivateFrameworks/ProtocolBuffer.framework/Versions/A/ProtocolBuffer
0x00007ff82cb10000 	/System/Library/PrivateFrameworks/SymptomDiagnosticReporter.framework/Versions/A/SymptomDiagnosticReporter
0x00007ff824bb6000 	/System/Library/PrivateFrameworks/CrashReporterSupport.framework/Versions/A/CrashReporterSupport
0x00007ff8198c2000 	/usr/lib/libMobileGestalt.dylib
0x00007ff822b95000 	/System/Library/PrivateFrameworks/AppleFSCompression.framework/Versions/A/AppleFSCompression
0x00007ff8222be000 	/usr/lib/libcoretls.dylib
0x00007ff8248e6000 	/usr/lib/libcoretls_cfhelpers.dylib
0x00007ff823328000 	/usr/lib/libpam.2.dylib
0x00007ff82495f000 	/usr/lib/libxar.1.dylib
0x00007ff8248e8000 	/System/Library/PrivateFrameworks/APFS.framework/Versions/A/APFS
0x00007ffd1efb2000 	/System/Library/PrivateFrameworks/SwiftASN1Internal.framework/Versions/A/SwiftASN1Internal
0x00007ff82496d000 	/usr/lib/libutil.dylib
0x00007ff820c53000 	/System/Library/PrivateFrameworks/AppleSystemInfo.framework/Versions/A/AppleSystemInfo
0x00007ff821fbf000 	/System/Library/PrivateFrameworks/IOMobileFramebuffer.framework/Versions/A/IOMobileFramebuffer
0x00007ff81f811000 	/System/Library/Frameworks/IOSurface.framework/Versions/A/IOSurface
0x00007ff91e017000 	/System/Library/PrivateFrameworks/LoggingSupport.framework/Versions/A/LoggingSupport
0x00007ff827a5d000 	/System/Library/PrivateFrameworks/MobileAsset.framework/Versions/A/MobileAsset
0x00007ff82cb1f000 	/System/Library/PrivateFrameworks/PowerLog.framework/Versions/A/PowerLog
0x00007ffb25a08000 	/System/Library/Frameworks/SwiftData.framework/Versions/A/SwiftData
0x00007ff818f0c000 	/System/Library/Frameworks/UniformTypeIdentifiers.framework/Versions/A/UniformTypeIdentifiers
0x00007ff81dd86000 	/System/Library/PrivateFrameworks/UserManagement.framework/Versions/A/UserManagement
0x00007ff819435000 	/usr/lib/libboringssl.dylib
0x00007ff81b6f9000 	/usr/lib/libdns_services.dylib
0x00007ff91d094000 	/usr/lib/libquic.dylib
0x00007ff826d2d000 	/usr/lib/libusrtcp.dylib
0x00007ffb2ca7c000 	/System/Library/PrivateFrameworks/AtomicsInternal.framework/Versions/A/AtomicsInternal
0x00007ffa23ad1000 	/System/Library/PrivateFrameworks/InternalSwiftProtobuf.framework/Versions/A/InternalSwiftProtobuf
0x00007ffe117a9000 	/usr/lib/swift/libswiftDistributed.dylib
0x00007ffe117cf000 	/usr/lib/swift/libswiftObservation.dylib
0x00007ffe11936000 	/usr/lib/swift/libswiftSynchronization.dylib
0x00007ff820c52000 	/System/Library/PrivateFrameworks/AggregateDictionary.framework/Versions/A/AggregateDictionary
0x00007ffb2d0f4000 	/System/Library/PrivateFrameworks/BiomeLibrary.framework/Versions/A/BiomeLibrary
0x00007ff92cf9f000 	/System/Library/PrivateFrameworks/BiomeStreams.framework/Versions/A/BiomeStreams
0x00007ff928ed4000 	/System/Library/PrivateFrameworks/BiomeFoundation.framework/Versions/A/BiomeFoundation
0x00007ffa13487000 	/System/Library/PrivateFrameworks/BiomePubSub.framework/Versions/A/BiomePubSub
0x00007ff81adf3000 	/System/Library/Frameworks/CoreData.framework/Versions/A/CoreData
0x00007ff83189d000 	/System/Library/PrivateFrameworks/ProactiveSupport.framework/Versions/A/ProactiveSupport
0x00007ff8248c6000 	/usr/lib/liblzma.5.dylib
0x00007ff82bd03000 	/System/Library/Frameworks/Accelerate.framework/Versions/A/Accelerate
0x00007ff8221c5000 	/System/Library/PrivateFrameworks/MobileKeyBag.framework/Versions/A/MobileKeyBag
0x00007ff830297000 	/System/Library/PrivateFrameworks/InternationalTextSearch.framework/Versions/A/InternationalTextSearch
0x00007ff9256f7000 	/System/Library/PrivateFrameworks/SoftwareUpdateCoreSupport.framework/Versions/A/SoftwareUpdateCoreSupport
0x00007ff92d91f000 	/System/Library/PrivateFrameworks/SoftwareUpdateCoreConnect.framework/Versions/A/SoftwareUpdateCoreConnect
0x00007ff82fe3a000 	/System/Library/PrivateFrameworks/RemoteServiceDiscovery.framework/Versions/A/RemoteServiceDiscovery
0x00007ff9252da000 	/System/Library/PrivateFrameworks/MSUDataAccessor.framework/Versions/A/MSUDataAccessor
0x00007ff920311000 	/usr/lib/libbootpolicy.dylib
0x00007ff82fe51000 	/System/Library/PrivateFrameworks/RemoteXPC.framework/Versions/A/RemoteXPC
0x00007ff92ce4f000 	/usr/lib/libFDR.dylib
0x00007ffa130e2000 	/usr/lib/libamsupport.dylib
0x00007ffb2b5e7000 	/System/Library/PrivateFrameworks/AppleDeviceQuerySupport.framework/Versions/A/AppleDeviceQuerySupport
0x00007ffa16153000 	/usr/lib/libpartition2_dynamic.dylib
0x00007ff8232c0000 	/System/Library/PrivateFrameworks/AppleSauce.framework/Versions/A/AppleSauce
0x00007ffd2fee7000 	/usr/lib/libAppleArchive.dylib
0x00007ff822ba0000 	/usr/lib/libbz2.1.0.dylib
0x00007ff81cd5d000 	/System/Library/Frameworks/Accelerate.framework/Versions/A/Frameworks/vImage.framework/Versions/A/vImage
0x00007ff82ba66000 	/System/Library/Frameworks/Accelerate.framework/Versions/A/Frameworks/vecLib.framework/Versions/A/vecLib
0x00007ff8249a2000 	/System/Library/Frameworks/Accelerate.framework/Versions/A/Frameworks/vecLib.framework/Versions/A/libvMisc.dylib
0x00007ff814078000 	/System/Library/Frameworks/Accelerate.framework/Versions/A/Frameworks/vecLib.framework/Versions/A/libBLAS.dylib
0x00007ff830296000 	/System/Library/Frameworks/ApplicationServices.framework/Versions/A/ApplicationServices
0x00007ff81dcd1000 	/System/Library/Frameworks/CoreVideo.framework/Versions/A/CoreVideo
0x00007ff81a7d3000 	/System/Library/Frameworks/ColorSync.framework/Versions/A/ColorSync
0x00007ff815fe2000 	/System/Library/Frameworks/CoreText.framework/Versions/A/CoreText
0x00007ff8202f2000 	/System/Library/Frameworks/ImageIO.framework/Versions/A/ImageIO
0x00007ff827617000 	/System/Library/Frameworks/ApplicationServices.framework/Versions/A/Frameworks/ATS.framework/Versions/A/ATS
0x00007ff81a97e000 	/System/Library/Frameworks/ApplicationServices.framework/Versions/A/Frameworks/HIServices.framework/Versions/A/HIServices
0x00007ff825d66000 	/System/Library/Frameworks/ApplicationServices.framework/Versions/A/Frameworks/PrintCore.framework/Versions/A/PrintCore
0x00007ff8279cf000 	/System/Library/Frameworks/ApplicationServices.framework/Versions/A/Frameworks/QD.framework/Versions/A/QD
0x00007ff8279cb000 	/System/Library/Frameworks/ApplicationServices.framework/Versions/A/Frameworks/ColorSyncLegacy.framework/Versions/A/ColorSyncLegacy
0x00007ff8275ed000 	/System/Library/Frameworks/ApplicationServices.framework/Versions/A/Frameworks/SpeechSynthesis.framework/Versions/A/SpeechSynthesis
0x00007ff819977000 	/System/Library/PrivateFrameworks/SkyLight.framework/Versions/A/SkyLight
0x00007ff81fcf6000 	/System/Library/PrivateFrameworks/FontServices.framework/libFontParser.dylib
0x00007ff81b52e000 	/System/Library/PrivateFrameworks/BaseBoard.framework/Versions/A/BaseBoard
0x00007ff82dda2000 	/System/Library/PrivateFrameworks/BoardServices.framework/Versions/A/BoardServices
0x00007ff82fb71000 	/System/Library/PrivateFrameworks/BackBoardServices.framework/Versions/A/BackBoardServices
0x00007ffb2d019000 	/System/Library/PrivateFrameworks/BackBoardHIDEventFoundation.framework/Versions/A/BackBoardHIDEventFoundation
0x00007ff815adf000 	/System/Library/Frameworks/CoreDisplay.framework/Versions/A/CoreDisplay
0x00007ff825579000 	/System/Library/Frameworks/VideoToolbox.framework/Versions/A/VideoToolbox
0x00007ff823326000 	/System/Library/Frameworks/MetalPerformanceShaders.framework/Versions/A/MetalPerformanceShaders
0x00007ffd13bf8000 	/System/Library/PrivateFrameworks/ProDisplayLibrary.framework/Versions/A/ProDisplayLibrary
0x00007ff911414000 	/System/Library/PrivateFrameworks/IOSurfaceAccelerator.framework/Versions/A/IOSurfaceAccelerator
0x00007ff81f835000 	/System/Library/Frameworks/Metal.framework/Versions/A/Metal
0x00007ff81f82c000 	/System/Library/PrivateFrameworks/IOAccelerator.framework/Versions/A/IOAccelerator
0x00007ff81fb51000 	/System/Library/Frameworks/CoreMedia.framework/Versions/A/CoreMedia
0x00007ff819955000 	/System/Library/PrivateFrameworks/TCC.framework/Versions/A/TCC
0x00007ff825533000 	/System/Library/PrivateFrameworks/WatchdogClient.framework/Versions/A/WatchdogClient
0x00007ff81d438000 	/System/Library/Frameworks/QuartzCore.framework/Versions/A/QuartzCore
0x00007ff825535000 	/System/Library/PrivateFrameworks/MultitouchSupport.framework/Versions/A/MultitouchSupport
0x00007ffa1b5bc000 	/usr/lib/swift/libswiftOSLog.dylib
0x00007ff921d73000 	/usr/lib/swift/libswiftsimd.dylib
0x00007ffa134e8000 	/System/Library/PrivateFrameworks/BiomeStorage.framework/Versions/A/BiomeStorage
0x00007ffc26261000 	/System/Library/PrivateFrameworks/IntelligencePlatformLibrary.framework/Versions/A/IntelligencePlatformLibrary
0x00007ffd13058000 	/System/Library/PrivateFrameworks/PoirotSchematizer.framework/Versions/A/PoirotSchematizer
0x00007ffb2da47000 	/System/Library/PrivateFrameworks/BiomeSync.framework/Versions/A/BiomeSync
0x00007ffb2d0db000 	/System/Library/PrivateFrameworks/BiomeDSL.framework/Versions/A/BiomeDSL
0x00007ffa2b15f000 	/System/Library/PrivateFrameworks/FeatureFlags.framework/Versions/A/FeatureFlags
0x00007ffd130c6000 	/System/Library/PrivateFrameworks/PoirotUDFs.framework/Versions/A/PoirotUDFs
0x00007ffd1302d000 	/System/Library/PrivateFrameworks/PoirotSQLite.framework/Versions/A/PoirotSQLite
0x00007ff82e2d9000 	/System/Library/PrivateFrameworks/CoreTime.framework/Versions/A/CoreTime
0x00007ff82316d000 	/usr/lib/libiconv.2.dylib
0x00007ff8230c8000 	/usr/lib/libcharset.1.dylib
0x00007ffe11a17000 	/usr/lib/swift/libswift_RegexParser.dylib
0x00007ffb2ee4a000 	/System/Library/PrivateFrameworks/CascadeSets.framework/Versions/A/CascadeSets
0x00007ff827bcd000 	/System/Library/PrivateFrameworks/CorePhoneNumbers.framework/Versions/A/CorePhoneNumbers
0x00007ff8253fa000 	/System/Library/PrivateFrameworks/AppleJPEG.framework/Versions/A/AppleJPEG
0x00007ff824e17000 	/usr/lib/libexpat.1.dylib
0x00007ff825c2b000 	/System/Library/Frameworks/ImageIO.framework/Versions/A/Resources/libPng.dylib
0x00007ff825c5a000 	/System/Library/Frameworks/ImageIO.framework/Versions/A/Resources/libTIFF.dylib
0x00007ff825d4f000 	/System/Library/Frameworks/ImageIO.framework/Versions/A/Resources/libGIF.dylib
0x00007ff825446000 	/System/Library/Frameworks/ImageIO.framework/Versions/A/Resources/libJP2.dylib
0x00007ff824b17000 	/usr/lib/libate.dylib
0x00007ff825cee000 	/System/Library/Frameworks/ImageIO.framework/Versions/A/Resources/libJPEG.dylib
0x00007ff825ce5000 	/System/Library/Frameworks/ImageIO.framework/Versions/A/Resources/libRadiance.dylib
0x00007ffc1d93b000 	/System/Library/PrivateFrameworks/GPUCompiler.framework/Versions/32023/Libraries/libllvm-flatbuffers.dylib
0x00007ffc180a2000 	/System/Library/PrivateFrameworks/FramePacing.framework/Versions/A/FramePacing
0x00007ffb1c1ed000 	/System/Library/Frameworks/OpenGL.framework/Versions/A/Libraries/libCoreFSCache.dylib
0x00007ffc19011000 	/System/Library/PrivateFrameworks/GPUCompiler.framework/Versions/32023/Libraries/libGPUCompilerUtils.dylib
0x00007ff82de6e000 	/System/Library/PrivateFrameworks/GraphicsServices.framework/Versions/A/GraphicsServices
0x00007ff92c044000 	/usr/lib/swift/libswiftMetal.dylib
0x00007ffa1165e000 	/usr/lib/swift/libswiftQuartzCore.dylib
0x00007ffa15f4e000 	/usr/lib/swift/libswiftUniformTypeIdentifiers.dylib
0x00007ff820632000 	/System/Library/Frameworks/CoreImage.framework/Versions/A/CoreImage
0x00007ffa1f2e9000 	/System/Library/PrivateFrameworks/Symbolication.framework/Versions/A/Symbolication
0x00007ffd12c53000 	/System/Library/PrivateFrameworks/PhotosensitivityProcessing.framework/Versions/A/PhotosensitivityProcessing
0x00007ffb1c1f9000 	/System/Library/Frameworks/OpenGL.framework/Versions/A/OpenGL
0x00007ffb1d7e2000 	/System/Library/Frameworks/OpenCL.framework/Versions/A/OpenCL
0x00007ff825042000 	/System/Library/PrivateFrameworks/GraphVisualizer.framework/Versions/A/GraphVisualizer
0x00007ffb1c24b000 	/System/Library/Frameworks/OpenGL.framework/Versions/A/Libraries/libGLU.dylib
0x00007ffb1c20c000 	/System/Library/Frameworks/OpenGL.framework/Versions/A/Libraries/libGFXShared.dylib
0x00007ffb1c40b000 	/System/Library/Frameworks/OpenGL.framework/Versions/A/Libraries/libGL.dylib
0x00007ffb1c215000 	/System/Library/Frameworks/OpenGL.framework/Versions/A/Libraries/libGLImage.dylib
0x00007ffb1c209000 	/System/Library/Frameworks/OpenGL.framework/Versions/A/Libraries/libCVMSPluginSupport.dylib
0x00007ffb1c1f4000 	/System/Library/Frameworks/OpenGL.framework/Versions/A/Libraries/libCoreVMClient.dylib
0x00007ffc17fad000 	/System/Library/PrivateFrameworks/FontServices.framework/Versions/A/FontServices
0x00007ff825055000 	/System/Library/PrivateFrameworks/OTSVG.framework/Versions/A/OTSVG
0x00007ff81d827000 	/System/Library/Frameworks/ApplicationServices.framework/Versions/A/Frameworks/ATS.framework/Versions/A/Resources/libFontRegistry.dylib
0x00007ffd30a02000 	/usr/lib/libhvf.dylib
0x00007ffc2fe80000 	/System/Library/PrivateFrameworks/ParsingInternal.framework/Versions/A/ParsingInternal
0x00007ffc17fb1000 	/System/Library/PrivateFrameworks/FontServices.framework/libXTFontStaticRegistryData.dylib
0x00007ff820b8b000 	/System/Library/Frameworks/MetalPerformanceShaders.framework/Versions/A/Frameworks/MPSCore.framework/Versions/A/MPSCore
0x00007ff822af0000 	/System/Library/Frameworks/MetalPerformanceShaders.framework/Versions/A/Frameworks/MPSImage.framework/Versions/A/MPSImage
0x00007ff82235a000 	/System/Library/Frameworks/MetalPerformanceShaders.framework/Versions/A/Frameworks/MPSNeuralNetwork.framework/Versions/A/MPSNeuralNetwork
0x00007ff8228b8000 	/System/Library/Frameworks/MetalPerformanceShaders.framework/Versions/A/Frameworks/MPSMatrix.framework/Versions/A/MPSMatrix
0x00007ff82266e000 	/System/Library/Frameworks/MetalPerformanceShaders.framework/Versions/A/Frameworks/MPSRayIntersector.framework/Versions/A/MPSRayIntersector
0x00007ff8228f7000 	/System/Library/Frameworks/MetalPerformanceShaders.framework/Versions/A/Frameworks/MPSNDArray.framework/Versions/A/MPSNDArray
0x00007ffb22a13000 	/System/Library/Frameworks/MetalPerformanceShaders.framework/Versions/A/Frameworks/MPSFunctions.framework/Versions/A/MPSFunctions
0x00007ffb229f3000 	/System/Library/Frameworks/MetalPerformanceShaders.framework/Versions/A/Frameworks/MPSBenchmarkLoop.framework/Versions/A/MPSBenchmarkLoop
0x00007ff813e86000 	/System/Library/PrivateFrameworks/MetalTools.framework/Versions/A/MetalTools
0x00007ff92355a000 	/System/Library/PrivateFrameworks/IOAccelMemoryInfo.framework/Versions/A/IOAccelMemoryInfo
0x00007ffa11a69000 	/System/Library/PrivateFrameworks/kperf.framework/Versions/A/kperf
0x00007ff91e12d000 	/System/Library/PrivateFrameworks/GPURawCounter.framework/Versions/A/GPURawCounter
0x00007ff82e1bb000 	/System/Library/PrivateFrameworks/CoreSymbolication.framework/Versions/A/CoreSymbolication
0x00007ff91e0aa000 	/System/Library/PrivateFrameworks/MallocStackLogging.framework/Versions/A/MallocStackLogging
0x00007ff82e19c000 	/System/Library/PrivateFrameworks/DebugSymbols.framework/Versions/A/DebugSymbols
0x00007ff92fee2000 	/System/Library/PrivateFrameworks/OSAnalytics.framework/Versions/A/OSAnalytics
0x00007ffc1621e000 	/System/Library/PrivateFrameworks/DeviceRecovery.framework/Versions/A/DeviceRecovery
0x00007ffb20a97000 	/System/Library/Frameworks/ExtensionFoundation.framework/Versions/A/ExtensionFoundation
0x00007ff82509b000 	/System/Library/PrivateFrameworks/AppServerSupport.framework/Versions/A/AppServerSupport
0x00007ff824e9b000 	/System/Library/PrivateFrameworks/IconServices.framework/Versions/A/IconServices
0x00007ff824d07000 	/System/Library/PrivateFrameworks/PlugInKit.framework/Versions/A/PlugInKit
0x00007ff8221db000 	/System/Library/PrivateFrameworks/AssertionServices.framework/Versions/A/AssertionServices
0x00007ffa15f5d000 	/usr/lib/swift/libswiftAccelerate.dylib
0x00007ff824e3c000 	/System/Library/PrivateFrameworks/IconFoundation.framework/Versions/A/IconFoundation
0x00007ffc236f4000 	/System/Library/PrivateFrameworks/IconRendering.framework/Versions/A/IconRendering
0x00007ff81d874000 	/System/Library/PrivateFrameworks/CoreUI.framework/Versions/A/CoreUI
0x00007ffd1584b000 	/System/Library/PrivateFrameworks/SFSymbols.framework/Versions/A/SFSymbols
0x00007ffb20978000 	/System/Library/Frameworks/DeveloperToolsSupport.framework/Versions/A/DeveloperToolsSupport
0x00007ff915910000 	/System/Library/PrivateFrameworks/RenderBox.framework/Versions/A/RenderBox
0x00007ff8202b7000 	/System/Library/PrivateFrameworks/CoreSVG.framework/Versions/A/CoreSVG
0x00007ff825dd9000 	/System/Library/PrivateFrameworks/TextureIO.framework/Versions/A/TextureIO
0x00007ff91e198000 	/usr/lib/swift/libswiftCoreImage.dylib
0x00007ff825d20000 	/System/Library/Frameworks/ApplicationServices.framework/Versions/A/Frameworks/ATSUI.framework/Versions/A/ATSUI
0x00007ff827391000 	/System/Library/Frameworks/AudioToolbox.framework/Versions/A/AudioToolbox
0x00007ff815c0d000 	/System/Library/PrivateFrameworks/AudioToolboxCore.framework/Versions/A/AudioToolboxCore
0x00007ff82755b000 	/System/Library/PrivateFrameworks/AudioSession.framework/Versions/A/AudioSession
0x00007ff832ce6000 	/System/Library/Frameworks/CoreMIDI.framework/Versions/A/CoreMIDI
0x00007ff8275d5000 	/usr/lib/libAudioStatistics.dylib
0x00007ff81fb2c000 	/System/Library/PrivateFrameworks/caulk.framework/Versions/A/caulk
0x00007ff816226000 	/System/Library/Frameworks/CoreAudio.framework/Versions/A/CoreAudio
0x00007ff825c09000 	/usr/lib/libAudioToolboxUtility.dylib
0x00007ff91e131000 	/usr/lib/swift/libswiftCoreAudio.dylib
0x00007ff924b6b000 	/usr/lib/swift/libswiftCoreMIDI.dylib
0x00007ff8279d9000 	/System/Library/PrivateFrameworks/perfdata.framework/Versions/A/perfdata
0x00007ff91d185000 	/System/Library/PrivateFrameworks/SystemPolicy.framework/Versions/A/SystemPolicy
0x00007ff82787c000 	/usr/lib/libSMC.dylib
0x00007ff8279e7000 	/usr/lib/libperfcheck.dylib
0x00007ffb2cb32000 	/System/Library/PrivateFrameworks/AudioAnalytics.framework/Versions/A/AudioAnalytics
0x00007ffe119e0000 	/usr/lib/swift/libswift_DarwinFoundation2.dylib
0x00007ffe119e1000 	/usr/lib/swift/libswift_DarwinFoundation3.dylib
0x00007ffa237f1000 	/System/Library/Frameworks/OSLog.framework/Versions/A/OSLog
0x00007ff91e0da000 	/usr/lib/libmis.dylib
0x00007ff824f5e000 	/System/Library/PrivateFrameworks/MediaExperience.framework/Versions/A/MediaExperience
0x00007ff827341000 	/System/Library/PrivateFrameworks/AudioSession.framework/libSessionUtility.dylib
0x00007ff825d55000 	/System/Library/PrivateFrameworks/CMCaptureCore.framework/Versions/A/CMCaptureCore
0x00007ff8250a9000 	/usr/lib/libspindump.dylib
0x00007ff82c9f9000 	/System/Library/Frameworks/CoreBluetooth.framework/Versions/A/CoreBluetooth
0x00007ff82204e000 	/System/Library/PrivateFrameworks/CoreUtils.framework/Versions/A/CoreUtils
0x00007ff916626000 	/System/Library/PrivateFrameworks/HID.framework/Versions/A/HID
0x00007ffc157d7000 	/System/Library/PrivateFrameworks/CoreUtilsExtras.framework/Versions/A/CoreUtilsExtras
0x00007ffc23651000 	/System/Library/PrivateFrameworks/IO80211.framework/Versions/A/IO80211
0x00007ff8292d4000 	/System/Library/Frameworks/IOBluetooth.framework/Versions/A/IOBluetooth
0x00007ff92c051000 	/usr/lib/swift/libswiftCompression.dylib
0x00007ffb2c795000 	/System/Library/PrivateFrameworks/ArgumentParserInternal.framework/Versions/A/ArgumentParserInternal
0x00007ff824bad000 	/usr/lib/libIOReport.dylib
0x00007ff8221e8000 	/System/Library/Frameworks/SecurityFoundation.framework/Versions/A/SecurityFoundation
0x00007ff8142e1000 	/System/Library/PrivateFrameworks/Lexicon.framework/Versions/A/Lexicon
0x00007ff82dcc2000 	/System/Library/PrivateFrameworks/FrontBoardServices.framework/Versions/A/FrontBoardServices
0x00007ff822341000 	/usr/lib/libgermantok.dylib
0x00007ff820d6a000 	/System/Library/PrivateFrameworks/LinguisticData.framework/Versions/A/LinguisticData
0x00007ff82cc02000 	/System/Library/PrivateFrameworks/MediaKit.framework/Versions/A/MediaKit
0x00007ff82cb5c000 	/System/Library/Frameworks/DiscRecording.framework/Versions/A/DiscRecording
0x00007ff824e33000 	/usr/lib/libheimdal-asn1.dylib
0x00007ff83077b000 	/System/Library/Frameworks/AudioUnit.framework/Versions/A/AudioUnit
0x00007ff81db46000 	/System/Library/Frameworks/OpenDirectory.framework/Versions/A/OpenDirectory
0x00007ff81db52000 	/System/Library/Frameworks/OpenDirectory.framework/Versions/A/Frameworks/CFOpenDirectory.framework/Versions/A/CFOpenDirectory
0x00007ffb1f269000 	/System/Library/Frameworks/AVFAudio.framework/Versions/A/AVFAudio
0x00007ff91756d000 	/usr/lib/libAccessibility.dylib
0x00007ffc26d75000 	/System/Library/PrivateFrameworks/IsolatedCoreAudioClient.framework/Versions/A/IsolatedCoreAudioClient
0x00007ffa19dc5000 	/usr/lib/swift/libswiftCoreMedia.dylib
0x00007ffd2238c000 	/System/Library/PrivateFrameworks/Tightbeam.framework/Versions/A/Tightbeam
0x00007ffc11867000 	/System/Library/PrivateFrameworks/CoreAudioOrchestration.framework/Versions/A/CoreAudioOrchestration
0x00007ffa1660c000 	/System/Library/PrivateFrameworks/AFKUser.framework/Versions/A/AFKUser
0x00007ff82bd50000 	/System/Library/Frameworks/MediaAccessibility.framework/Versions/A/MediaAccessibility
0x00007ffd2620c000 	/System/Library/PrivateFrameworks/VideoToolboxParavirtualizationSupport.framework/Versions/A/VideoToolboxParavirtualizationSupport
0x00007ff824dc9000 	/System/Library/PrivateFrameworks/AppleVA.framework/Versions/A/AppleVA
0x00007ff825cde000 	/System/Library/PrivateFrameworks/GPUWrangler.framework/Versions/A/GPUWrangler
0x00007ff825cc2000 	/System/Library/PrivateFrameworks/IOPresentment.framework/Versions/A/IOPresentment
0x00007ff825ce8000 	/System/Library/PrivateFrameworks/DSExternalDisplay.framework/Versions/A/DSExternalDisplay
0x00007ffb2c5f7000 	/System/Library/PrivateFrameworks/AppleMobileFileIntegrity.framework/Versions/A/AppleMobileFileIntegrity
0x00007ffd3038b000 	/usr/lib/libTLE.dylib
0x00007ffb14334000 	/System/Library/PrivateFrameworks/ConfigProfileHelper.framework/Versions/A/ConfigProfileHelper
0x00007ffa29267000 	/usr/lib/libedit.3.dylib
0x00007ffc27fe9000 	/System/Library/PrivateFrameworks/MIL.framework/Versions/A/MIL
0x00007ff92351f000 	/usr/lib/libncurses.5.4.dylib
0x00007ff821f8a000 	/System/Library/PrivateFrameworks/CoreEmoji.framework/Versions/A/CoreEmoji
0x00007ff814649000 	/usr/lib/libCRFSuite.dylib
0x00007ff820c5a000 	/System/Library/PrivateFrameworks/CoreNLP.framework/Versions/A/CoreNLP
0x00007ff8222e6000 	/usr/lib/libmecab.dylib
0x00007ff8232b8000 	/usr/lib/libThaiTokenizer.dylib
0x00007ff8261a0000 	/System/Library/PrivateFrameworks/DataDetectorsCore.framework/Versions/A/DataDetectorsCore
0x00007ffb20966000 	/System/Library/Frameworks/DataDetection.framework/Versions/A/DataDetection
0x00007ff921f9d000 	/System/Library/PrivateFrameworks/TextInput.framework/Versions/A/TextInput
0x00007ffa23c8f000 	/System/Library/PrivateFrameworks/HIDDisplay.framework/Versions/A/HIDDisplay
0x00007ff82795d000 	/usr/lib/libcups.2.dylib
0x00007ff8279f6000 	/System/Library/Frameworks/Kerberos.framework/Versions/A/Kerberos
0x00007ff82765a000 	/usr/lib/libresolv.9.dylib
0x00007ff8250b0000 	/System/Library/PrivateFrameworks/Heimdal.framework/Versions/A/Heimdal
0x00007ff83077a000 	/System/Library/Frameworks/Kerberos.framework/Versions/A/Libraries/libHeimdalProxy.dylib
0x00007ff827a4e000 	/System/Library/PrivateFrameworks/CommonAuth.framework/Versions/A/CommonAuth
0x00007ff917489000 	/System/Library/PrivateFrameworks/AXCoreUtilities.framework/Versions/A/AXCoreUtilities
0x00007ff926df1000 	/System/Library/PrivateFrameworks/AttributeGraph.framework/Versions/A/AttributeGraph
0x00007ffd2fe04000 	/usr/lib/libAXSafeCategoryBundle.dylib
0x00007ff821dbb000 	/System/Library/Frameworks/Accelerate.framework/Versions/A/Frameworks/vecLib.framework/Versions/A/libvDSP.dylib
0x00007ff823415000 	/System/Library/Frameworks/Accelerate.framework/Versions/A/Frameworks/vecLib.framework/Versions/A/libLAPACK.dylib
0x00007ff822344000 	/System/Library/Frameworks/Accelerate.framework/Versions/A/Frameworks/vecLib.framework/Versions/A/libLinearAlgebra.dylib
0x00007ff8232fc000 	/System/Library/Frameworks/Accelerate.framework/Versions/A/Frameworks/vecLib.framework/Versions/A/libSparseBLAS.dylib
0x00007ff82340f000 	/System/Library/Frameworks/Accelerate.framework/Versions/A/Frameworks/vecLib.framework/Versions/A/libQuadrature.dylib
0x00007ff820d71000 	/System/Library/Frameworks/Accelerate.framework/Versions/A/Frameworks/vecLib.framework/Versions/A/libBNNS.dylib
0x00007ff8143ec000 	/System/Library/Frameworks/Accelerate.framework/Versions/A/Frameworks/vecLib.framework/Versions/A/libSparse.dylib
0x00007ffb20502000 	/System/Library/Frameworks/CoreTransferable.framework/Versions/A/CoreTransferable
0x00007ff8279c0000 	/System/Library/PrivateFrameworks/NetAuth.framework/Versions/A/NetAuth
0x00007ff81dd46000 	/System/Library/PrivateFrameworks/login.framework/Versions/A/Frameworks/loginsupport.framework/Versions/A/loginsupport
0x00007ff818d26000 	/System/Library/PrivateFrameworks/UIFoundation.framework/Versions/A/UIFoundation
0x00007ff8222b4000 	/usr/lib/libCheckFix.dylib
0x00007ff81cc69000 	/System/Library/PrivateFrameworks/MetadataUtilities.framework/Versions/A/MetadataUtilities
0x00007ffc24003000 	/System/Library/PrivateFrameworks/InstalledContentLibrary.framework/Versions/A/InstalledContentLibrary
0x00007ff8173b6000 	/System/Library/PrivateFrameworks/CoreServicesStore.framework/Versions/A/CoreServicesStore
0x00007ff81dba3000 	/usr/lib/libapp_launch_measurement.dylib
0x00007ffa11b67000 	/System/Library/PrivateFrameworks/MobileSystemServices.framework/Versions/A/MobileSystemServices
0x00007ff824971000 	/usr/lib/libxslt.1.dylib
0x00007ff822277000 	/System/Library/PrivateFrameworks/BackgroundTaskManagement.framework/Versions/A/BackgroundTaskManagement
0x00007ff82ff00000 	/usr/lib/libcurl.4.dylib
0x00007ffd30723000 	/usr/lib/libcrypto.46.dylib
0x00007ffe114e2000 	/usr/lib/libssl.48.dylib
0x00007ff82fbe1000 	/System/Library/Frameworks/LDAP.framework/Versions/A/LDAP
0x00007ff82fc1c000 	/System/Library/PrivateFrameworks/TrustEvaluationAgent.framework/Versions/A/TrustEvaluationAgent
0x00007ff827677000 	/usr/lib/libsasl2.2.dylib
0x00007ff832ef9000 	/System/Library/Frameworks/Cocoa.framework/Versions/A/Cocoa
0x00007ff81752d000 	/System/Library/Frameworks/AppKit.framework/Versions/C/AppKit
0x00007ffb2ff08000 	/System/Library/PrivateFrameworks/CollectionViewCore.framework/Versions/A/CollectionViewCore
0x00007ff8202b2000 	/System/Library/PrivateFrameworks/XCTTargetBootstrap.framework/Versions/A/XCTTargetBootstrap
0x00007ff8261e9000 	/System/Library/PrivateFrameworks/UserActivity.framework/Versions/A/UserActivity
0x00007ffc180af000 	/System/Library/PrivateFrameworks/FrontBoard.framework/Versions/A/FrontBoard
0x00007ffd24099000 	/System/Library/PrivateFrameworks/UIIntelligenceSupport.framework/Versions/A/UIIntelligenceSupport
0x00007ffb25b59000 	/System/Library/Frameworks/SwiftUICore.framework/Versions/A/SwiftUICore
0x00007ffd29ef5000 	/System/Library/PrivateFrameworks/WritingTools.framework/Versions/A/WritingTools
0x00007ffd28e8c000 	/System/Library/PrivateFrameworks/WindowManagement.framework/Versions/A/WindowManagement
0x00007ffc17e07000 	/System/Library/PrivateFrameworks/FocusEngine.framework/Versions/A/FocusEngine
0x00007ffc15e0d000 	/System/Library/PrivateFrameworks/DesignLibrary.framework/Versions/A/DesignLibrary
0x00007ff82029f000 	/System/Library/PrivateFrameworks/DFRFoundation.framework/Versions/A/DFRFoundation
0x00007ffd24b4b000 	/System/Library/PrivateFrameworks/UpdateCycle.framework/Versions/A/UpdateCycle
0x00007ff81ffc1000 	/System/Library/Frameworks/Carbon.framework/Versions/A/Frameworks/HIToolbox.framework/Versions/A/HIToolbox
0x00007ff82b678000 	/System/Library/Frameworks/Carbon.framework/Versions/A/Frameworks/SpeechRecognition.framework/Versions/A/SpeechRecognition
0x00007ff81db3b000 	/System/Library/PrivateFrameworks/PerformanceAnalysis.framework/Versions/A/PerformanceAnalysis
0x00007ff82ba07000 	/System/Library/Frameworks/Accessibility.framework/Versions/A/Accessibility
0x00007ffb26a4b000 	/System/Library/Frameworks/Symbols.framework/Versions/A/Symbols
0x00007ffc20b3a000 	/System/Library/PrivateFrameworks/Gestures.framework/Versions/A/Gestures
0x00007ff91b327000 	/usr/lib/swift/libswiftCoreGraphics.dylib
0x00007ff82c416000 	/usr/lib/swift/libswiftFoundation.dylib
0x00007ffb13d0a000 	/usr/lib/swift/libswiftSwiftOnoneSupport.dylib
0x00007ffe11b4c000 	/usr/lib/swift/libswiftsys_time.dylib
0x00007ffa1fa0d000 	/System/Library/PrivateFrameworks/CoreMaterial.framework/Versions/A/CoreMaterial
0x00007ffe1188b000 	/usr/lib/swift/libswiftSpatial.dylib
0x00007ffd3038a000 	/usr/lib/libSpatial.dylib
0x00007ffd2fd1b000 	/System/Library/SubFrameworks/UIUtilities.framework/Versions/A/UIUtilities
0x000000011411e000 	/Library/Java/JavaVirtualMachines/zulu-17.jdk/Contents/Home/lib/server/libjvm.dylib
0x000000010a8f2000 	/Library/Java/JavaVirtualMachines/zulu-17.jdk/Contents/Home/lib/libjimage.dylib
0x000000010a915000 	/Library/Java/JavaVirtualMachines/zulu-17.jdk/Contents/Home/lib/libinstrument.dylib
0x000000010a957000 	/Library/Java/JavaVirtualMachines/zulu-17.jdk/Contents/Home/lib/libjava.dylib
0x000000010af59000 	/Library/Java/JavaVirtualMachines/zulu-17.jdk/Contents/Home/lib/libzip.dylib
0x000000010af88000 	/Library/Java/JavaVirtualMachines/zulu-17.jdk/Contents/Home/lib/libnio.dylib
0x000000010afc2000 	/Library/Java/JavaVirtualMachines/zulu-17.jdk/Contents/Home/lib/libnet.dylib
0x000000010af6d000 	/Library/Java/JavaVirtualMachines/zulu-17.jdk/Contents/Home/lib/libverify.dylib
0x000000010a93d000 	/Users/juanprogramador/.gradle/native/1def1411415f61bf3af743bc5b6707747c0891f09f0c88961ee8f79bc544acac/osx-amd64/libnative-platform.dylib
0x0000000113933000 	/Users/juanprogramador/.gradle/native/0.2.8/x86_64-macos/libgradle-fileevents.dylib
0x000000010afa4000 	/Library/Java/JavaVirtualMachines/zulu-17.jdk/Contents/Home/lib/libmanagement.dylib
0x000000010afe2000 	/Library/Java/JavaVirtualMachines/zulu-17.jdk/Contents/Home/lib/libmanagement_ext.dylib
0x00000001138c5000 	/Library/Java/JavaVirtualMachines/zulu-17.jdk/Contents/Home/lib/libextnet.dylib


VM Arguments:
jvm_args: --add-opens=java.base/java.lang=ALL-UNNAMED --add-opens=java.base/java.lang.invoke=ALL-UNNAMED --add-opens=java.base/java.util=ALL-UNNAMED --add-opens=java.prefs/java.util.prefs=ALL-UNNAMED --add-exports=jdk.compiler/com.sun.tools.javac.api=ALL-UNNAMED --add-exports=jdk.compiler/com.sun.tools.javac.util=ALL-UNNAMED --add-opens=java.base/java.util=ALL-UNNAMED --add-opens=java.prefs/java.util.prefs=ALL-UNNAMED --add-opens=java.base/java.nio.charset=ALL-UNNAMED --add-opens=java.base/java.net=ALL-UNNAMED --add-opens=java.base/java.util.concurrent=ALL-UNNAMED --add-opens=java.base/java.util.concurrent.atomic=ALL-UNNAMED --add-opens=java.xml/javax.xml.namespace=ALL-UNNAMED -XX:MaxMetaspaceSize=512m -Xmx2048m -Dfile.encoding=UTF-8 -Duser.country=AR -Duser.language=es -Duser.variant -javaagent:/Users/juanprogramador/.gradle/wrapper/dists/gradle-9.0.0-bin/d6wjpkvcgsg3oed0qlfss3wgl/gradle-9.0.0/lib/agents/gradle-instrumentation-agent-9.0.0.jar 
java_command: org.gradle.launcher.daemon.bootstrap.GradleDaemon 9.0.0
java_class_path (initial): /Users/juanprogramador/.gradle/wrapper/dists/gradle-9.0.0-bin/d6wjpkvcgsg3oed0qlfss3wgl/gradle-9.0.0/lib/gradle-daemon-main-9.0.0.jar
Launcher Type: SUN_STANDARD

[Global flags]
     intx CICompilerCount                          = 12                                        {product} {ergonomic}
   size_t CompressedClassSpaceSize                 = 436207616                                 {product} {ergonomic}
     uint ConcGCThreads                            = 3                                         {product} {ergonomic}
     uint G1ConcRefinementThreads                  = 13                                        {product} {ergonomic}
   size_t G1HeapRegionSize                         = 1048576                                   {product} {ergonomic}
    uintx GCDrainStackTargetSize                   = 64                                        {product} {ergonomic}
   size_t InitialHeapSize                          = 536870912                                 {product} {ergonomic}
   size_t MarkStackSize                            = 4194304                                   {product} {ergonomic}
   size_t MaxHeapSize                              = 2147483648                                {product} {command line}
   size_t MaxMetaspaceSize                         = 536870912                                 {product} {command line}
   size_t MaxNewSize                               = 1287651328                                {product} {ergonomic}
   size_t MinHeapDeltaBytes                        = 1048576                                   {product} {ergonomic}
   size_t MinHeapSize                              = 8388608                                   {product} {ergonomic}
    uintx NonNMethodCodeHeapSize                   = 7602480                                {pd product} {ergonomic}
    uintx NonProfiledCodeHeapSize                  = 122027880                              {pd product} {ergonomic}
    uintx ProfiledCodeHeapSize                     = 122027880                              {pd product} {ergonomic}
    uintx ReservedCodeCacheSize                    = 251658240                              {pd product} {ergonomic}
     bool SegmentedCodeCache                       = true                                      {product} {ergonomic}
   size_t SoftMaxHeapSize                          = 2147483648                             {manageable} {ergonomic}
     bool UseCompressedClassPointers               = true                           {product lp64_product} {ergonomic}
     bool UseCompressedOops                        = true                           {product lp64_product} {ergonomic}
     bool UseG1GC                                  = true                                      {product} {ergonomic}
     bool UseNUMA                                  = false                                     {product} {ergonomic}
     bool UseNUMAInterleaving                      = false                                     {product} {ergonomic}

Logging:
Log output configuration:
 #0: stdout all=warning uptime,level,tags
 #1: stderr all=off uptime,level,tags

Environment Variables:
PATH=/Users/juanprogramador/Trabajos/ticketTransfer/v2/apps/mobile/node_modules/.bin:/Users/juanprogramador/.cache/node/corepack/v1/pnpm/9.0.0/dist/node-gyp-bin:/Users/juanprogramador/Trabajos/ticketTransfer/v2/node_modules/.bin:/Users/juanprogramador/.antigravity/antigravity/bin:/opt/homebrew/opt/ruby/bin:/opt/homebrew/opt/ruby/bin:/opt/homebrew/opt/ruby/bin:/opt/homebrew/opt/openjdk/bin:/opt/homebrew/lib/ruby/gems/3.3.0/bin:/opt/homebrew/opt/ruby/bin:/Users/juanprogramador/Develop/flutter/bin:/Users/juanprogramador/.rbenv/shims:/usr/local/bin:/usr/local/sbin:/System/Cryptexes/App/usr/bin:/usr/bin:/bin:/usr/sbin:/sbin:/var/run/com.apple.security.cryptexd/codex.system/bootstrap/usr/local/bin:/var/run/com.apple.security.cryptexd/codex.system/bootstrap/usr/bin:/var/run/com.apple.security.cryptexd/codex.system/bootstrap/usr/appleinternal/bin:/opt/pmk/env/global/bin:/Library/Apple/usr/bin:/Users/juanprogramador/Library/Android/sdk/emulator:/Users/juanprogramador/Library/Android/sdk/platform-tools:/Users/juanprogramador/Library/Android/sdk/tools:/Users/juanprogramador/Library/Android/sdk/tools/bin
SHELL=/bin/zsh
LANG=en_US.UTF-8
LC_ALL=en_US.UTF-8
TERM=xterm-256color
TMPDIR=/var/folders/y5/8bd85fdx22161gc_fz2h96d80000gn/T/

Active Locale:
LC_ALL=en_US.UTF-8
LC_COLLATE=en_US.UTF-8
LC_CTYPE=en_US.UTF-8
LC_MESSAGES=en_US.UTF-8
LC_MONETARY=en_US.UTF-8
LC_NUMERIC=en_US.UTF-8
LC_TIME=en_US.UTF-8

Signal Handlers:
   SIGSEGV: crash_handler in libjvm.dylib, mask=11100110000111110111111111111111, flags=SA_RESTART|SA_SIGINFO, unblocked
    SIGBUS: crash_handler in libjvm.dylib, mask=11100110000111110111111111111111, flags=SA_RESTART|SA_SIGINFO, unblocked
    SIGFPE: crash_handler in libjvm.dylib, mask=11100110000111110111111111111111, flags=SA_RESTART|SA_SIGINFO, unblocked
   SIGPIPE: javaSignalHandler in libjvm.dylib, mask=11100110000111110111111111111111, flags=SA_RESTART|SA_SIGINFO, blocked
   SIGXFSZ: javaSignalHandler in libjvm.dylib, mask=11100110000111110111111111111111, flags=SA_RESTART|SA_SIGINFO, blocked
    SIGILL: crash_handler in libjvm.dylib, mask=11100110000111110111111111111111, flags=SA_RESTART|SA_SIGINFO, unblocked
   SIGUSR2: SR_handler in libjvm.dylib, mask=00100000000000000000000000000000, flags=SA_RESTART|SA_SIGINFO, blocked
    SIGHUP: UserHandler in libjvm.dylib, mask=11100110000111110111111111111111, flags=SA_RESTART|SA_SIGINFO, blocked
    SIGINT: UserHandler in libjvm.dylib, mask=11100110000111110111111111111111, flags=SA_RESTART|SA_SIGINFO, blocked
   SIGTERM: UserHandler in libjvm.dylib, mask=11100110000111110111111111111111, flags=SA_RESTART|SA_SIGINFO, blocked
   SIGQUIT: UserHandler in libjvm.dylib, mask=11100110000111110111111111111111, flags=SA_RESTART|SA_SIGINFO, blocked
   SIGTRAP: crash_handler in libjvm.dylib, mask=11100110000111110111111111111111, flags=SA_RESTART|SA_SIGINFO, unblocked


Periodic native trim disabled


---------------  S Y S T E M  ---------------

OS:
uname: Darwin 25.1.0 Darwin Kernel Version 25.1.0: Mon Oct 20 19:26:51 PDT 2025; root:xnu-12377.41.6~2/RELEASE_X86_64 x86_64
OS uptime: 1 days 0:42 hours
rlimit (soft/hard): STACK 8192k/65532k , CORE 0k/infinity , NPROC 5568/8352 , NOFILE 1048576/infinity , AS infinity/infinity , CPU infinity/infinity , DATA infinity/infinity , FSIZE infinity/infinity , MEMLOCK infinity/infinity , RSS infinity/infinity
load average: 3.54 4.54 3.93

CPU: total 16 (initial active 16) (8 cores per cpu, 2 threads per core) family 6 model 158 stepping 13 microcode 0x104, cx8, cmov, fxsr, ht, mmx, 3dnowpref, sse, sse2, sse3, ssse3, sse4.1, sse4.2, popcnt, lzcnt, tsc, tscinvbit, avx, avx2, aes, erms, clmul, bmi1, bmi2, adx, fma, vzeroupper, clflush, clflushopt
machdep.cpu.brand_string:Intel(R) Core(TM) i9-9980HK CPU @ 2.40GHz
hw.cpufrequency:2400000000
hw.cpufrequency_min:2400000000
hw.cpufrequency_max:2400000000
hw.cachelinesize:64
hw.l1icachesize:32768
hw.l1dcachesize:32768
hw.l2cachesize:262144
hw.l3cachesize:16777216

Memory: 4k page, physical 33554432k(25956k free), swap 1048576k(1017856k free)

vm_info: OpenJDK 64-Bit Server VM (17.0.17+10-LTS) for bsd-amd64 JRE (17.0.17+10-LTS) (Zulu17.62+17-CA), built on Oct  4 2025 07:48:03 by "tester" with clang Apple LLVM 12.0.5 (clang-1205.0.22.11)

END.
