#
# A fatal error has been detected by the Java Runtime Environment:
#
#  SIGSEGV (0xb) at pc=0x000000010cb1990a, pid=4652, tid=41731
#
# JRE version: OpenJDK Runtime Environment Zulu17.62+17-CA (17.0.17+10) (build 17.0.17+10-LTS)
# Java VM: OpenJDK 64-Bit Server VM Zulu17.62+17-CA (17.0.17+10-LTS, mixed mode, emulated-client, sharing, tiered, compressed oops, compressed class ptrs, g1 gc, bsd-amd64)
# Problematic frame:
# V  [libjvm.dylib+0x81a90a]  markWord::displaced_mark_helper() const+0x4a
#
# No core dump will be written. Core dumps have been disabled. To enable core dumping, try "ulimit -c unlimited" before starting Java again
#
# If you would like to submit a bug report, please visit:
#   http://www.azul.com/support/
#

---------------  S U M M A R Y ------------

Command Line: -XX:MaxMetaspaceSize=512m -XX:+HeapDumpOnOutOfMemoryError -XX:TieredStopAtLevel=1 -XX:+UseG1GC --add-opens=java.base/java.util=ALL-UNNAMED --add-opens=java.base/java.lang=ALL-UNNAMED --add-opens=java.base/java.lang.invoke=ALL-UNNAMED --add-opens=java.prefs/java.util.prefs=ALL-UNNAMED --add-opens=java.base/java.nio.charset=ALL-UNNAMED --add-opens=java.base/java.net=ALL-UNNAMED --add-opens=java.base/java.util.concurrent.atomic=ALL-UNNAMED -Xmx4096m -Dfile.encoding=UTF-8 -Duser.country=AR -Duser.language=es -Duser.variant -javaagent:/Users/juanprogramador/.gradle/wrapper/dists/gradle-8.6-bin/afr5mpiioh2wthjmwnkmdsd5w/gradle-8.6/lib/agents/gradle-instrumentation-agent-8.6.jar org.gradle.launcher.daemon.bootstrap.GradleDaemon 8.6

Host: "MacBookPro16,1" x86_64 2400 MHz, 16 cores, 32G, Darwin 25.1.0, macOS 26.1 (25B78)
Time: Sun Mar  1 14:08:03 2026 -03 elapsed time: 790.120183 seconds (0d 0h 13m 10s)

---------------  T H R E A D  ---------------

Current thread (0x00007faeeb837a20):  GCTaskThread "GC Thread#7" [stack: 0x000070000fd58000,0x000070000fe58000] [id=41731]

Stack: [0x000070000fd58000,0x000070000fe58000],  sp=0x000070000fe566a0,  free space=1017k
Native frames: (J=compiled Java code, j=interpreted, Vv=VM code, C=native code)
V  [libjvm.dylib+0x81a90a]  markWord::displaced_mark_helper() const+0x4a
V  [libjvm.dylib+0x45cfcb]  G1ParScanThreadState::do_copy_to_survivor_space(G1HeapRegionAttr, oopDesc*, markWord)+0xeb
V  [libjvm.dylib+0x45dfaa]  void G1ParScanThreadState::do_oop_evac<narrowOop>(narrowOop*)+0x8a
V  [libjvm.dylib+0x45c25e]  G1ParScanThreadState::trim_queue_to_threshold(unsigned int)+0x19e
V  [libjvm.dylib+0x4768cc]  void G1ParCopyClosure<(G1Barrier)0, false>::do_oop_work<oopDesc*>(oopDesc**)+0x25c
V  [libjvm.dylib+0x89fb5b]  OopMapSet::all_do(frame const*, RegisterMap const*, OopClosure*, void (*)(oopDesc**, derived_pointer*, OopClosure*))+0x61b
V  [libjvm.dylib+0x40645d]  frame::oops_do_internal(OopClosure*, CodeBlobClosure*, RegisterMap const*, bool, DerivedPointerIterationMode) const+0xdd
V  [libjvm.dylib+0xa995a6]  JavaThread::oops_do_frames(OopClosure*, CodeBlobClosure*)+0xc6
V  [libjvm.dylib+0xa9e853]  ParallelOopsDoThreadClosure::do_thread(Thread*)+0x63
V  [libjvm.dylib+0xa9ac98]  Threads::possibly_parallel_threads_do(bool, ThreadClosure*)+0x68
V  [libjvm.dylib+0xa9ce94]  Threads::possibly_parallel_oops_do(bool, OopClosure*, CodeBlobClosure*)+0x24
V  [libjvm.dylib+0x478c86]  G1RootProcessor::process_java_roots(G1RootClosures*, G1GCPhaseTimes*, unsigned int)+0x66
V  [libjvm.dylib+0x478b9c]  G1RootProcessor::evacuate_roots(G1ParScanThreadState*, unsigned int)+0x5c
V  [libjvm.dylib+0x424eef]  G1EvacuateRegionsTask::scan_roots(G1ParScanThreadState*, unsigned int)+0x1f
V  [libjvm.dylib+0x424dd5]  G1EvacuateRegionsBaseTask::work(unsigned int)+0x75
V  [libjvm.dylib+0xb4fecc]  GangWorker::loop()+0x5c
V  [libjvm.dylib+0xb4fe56]  GangWorker::run()+0x16
V  [libjvm.dylib+0xa959d7]  Thread::call_run()+0xa7
V  [libjvm.dylib+0x8ad748]  thread_native_entry(Thread*)+0x148
C  [libsystem_pthread.dylib+0x5e4d]  _pthread_start+0x73
C  [libsystem_pthread.dylib+0x1857]  thread_start+0xf

JavaThread 0x00007faebbec9e00 (nid = 71715) was being processed
Java frames: (J=compiled Java code, j=interpreted, Vv=VM code)
v  ~SafepointBlob
j  kotlin.text.StringsKt__StringNumberConversionsKt.toIntOrNull(Ljava/lang/String;)Ljava/lang/Integer;+3
j  com.android.aaptcompiler.ConfigDescriptionParsersKt.parseScreenSize(Ljava/lang/String;Lcom/android/aaptcompiler/ConfigDescription;)Z+42
j  com.android.aaptcompiler.ConfigDescriptionKt.parse(Ljava/lang/String;)Lcom/android/aaptcompiler/ConfigDescription;+967
j  com.android.aaptcompiler.ResourcePathDataKt.extractPathData(Ljava/io/File;Ljava/lang/String;)Lcom/android/aaptcompiler/ResourcePathData;+219
j  com.android.aaptcompiler.ResourceCompiler.compileResource(Ljava/io/File;Ljava/io/File;Lcom/android/aaptcompiler/ResourceCompilerOptions;Lcom/android/aaptcompiler/BlameLogger;)V+68
j  com.android.build.gradle.internal.res.ResourceCompilerRunnable$Companion.compileSingleResource(Lcom/android/ide/common/resources/CompileResourceRequest;)V+62
j  com.android.build.gradle.internal.res.ResourceCompilerRunnable.run()V+73
j  com.android.build.gradle.internal.profile.ProfileAwareWorkAction.execute()V+70
j  org.gradle.workers.internal.DefaultWorkerServer.execute(Lorg/gradle/workers/internal/SimpleActionExecutionSpec;)Lorg/gradle/workers/internal/DefaultWorkResult;+128
j  org.gradle.workers.internal.NoIsolationWorkerFactory$1$1.create()Lorg/gradle/workers/internal/DefaultWorkResult;+29
j  org.gradle.workers.internal.NoIsolationWorkerFactory$1$1.create()Ljava/lang/Object;+1
j  org.gradle.internal.classloader.ClassLoaderUtils.executeInClassloader(Ljava/lang/ClassLoader;Lorg/gradle/internal/Factory;)Ljava/lang/Object;+15
j  org.gradle.workers.internal.NoIsolationWorkerFactory$1.lambda$execute$0(Ljava/lang/ClassLoader;Lorg/gradle/workers/WorkerExecutor;Lorg/gradle/workers/internal/IsolatedParametersActionExecutionSpec;)Lorg/gradle/workers/internal/DefaultWorkResult;+10
j  org.gradle.workers.internal.NoIsolationWorkerFactory$1$$Lambda$2362+0x000000012e026ce0.execute(Lorg/gradle/workers/internal/IsolatedParametersActionExecutionSpec;)Lorg/gradle/workers/internal/DefaultWorkResult;+13
j  org.gradle.workers.internal.AbstractWorker$1.call(Lorg/gradle/internal/operations/BuildOperationContext;)Lorg/gradle/workers/internal/DefaultWorkResult;+8
j  org.gradle.workers.internal.AbstractWorker$1.call(Lorg/gradle/internal/operations/BuildOperationContext;)Ljava/lang/Object;+2
J 9259 c1 org.gradle.internal.operations.DefaultBuildOperationRunner$CallableBuildOperationWorker.execute(Lorg/gradle/internal/operations/BuildOperation;Lorg/gradle/internal/operations/BuildOperationContext;)V (10 bytes) @ 0x000000011eb8f5dc [0x000000011eb8f540+0x000000000000009c]
J 6400 c1 org.gradle.internal.operations.DefaultBuildOperationRunner$2.execute(Lorg/gradle/internal/operations/BuildOperationDescriptor;Lorg/gradle/internal/operations/BuildOperationState;Lorg/gradle/internal/operations/BuildOperationState;Lorg/gradle/internal/operations/DefaultBuildOperationRunner$ReadableBuildOperationContext;Lorg/gradle/internal/operations/DefaultBuildOperationRunner$BuildOperationExecutionListener;)Lorg/gradle/internal/operations/BuildOperation; (110 bytes) @ 0x000000011e76751c [0x000000011e767480+0x000000000000009c]
J 16378 c1 org.gradle.internal.operations.DefaultBuildOperationRunner$2.execute(Lorg/gradle/internal/operations/BuildOperationDescriptor;Lorg/gradle/internal/operations/BuildOperationState;Lorg/gradle/internal/operations/BuildOperationState;Lorg/gradle/internal/operations/DefaultBuildOperationRunner$ReadableBuildOperationContext;Lorg/gradle/internal/operations/DefaultBuildOperationRunner$BuildOperationExecutionListener;)Ljava/lang/Object; (12 bytes) @ 0x000000011f6f6e54 [0x000000011f6f6e20+0x0000000000000034]
J 16376 c1 org.gradle.internal.operations.DefaultBuildOperationRunner.execute(Lorg/gradle/internal/operations/BuildOperationDescriptor$Builder;Lorg/gradle/internal/operations/BuildOperationState;Lorg/gradle/internal/operations/DefaultBuildOperationRunner$BuildOperationExecution;)Ljava/lang/Object; (147 bytes) @ 0x000000011f6f5ff4 [0x000000011f6f59c0+0x0000000000000634]
J 9256 c1 org.gradle.internal.operations.DefaultBuildOperationRunner.call(Lorg/gradle/internal/operations/CallableBuildOperation;)Ljava/lang/Object; (24 bytes) @ 0x000000011eb8e9c4 [0x000000011eb8e760+0x0000000000000264]
J 9255 c1 org.gradle.internal.operations.DefaultBuildOperationExecutor.call(Lorg/gradle/internal/operations/CallableBuildOperation;)Ljava/lang/Object; (11 bytes) @ 0x000000011eb8e484 [0x000000011eb8e440+0x0000000000000044]
j  org.gradle.workers.internal.AbstractWorker.executeWrappedInBuildOperation(Lorg/gradle/workers/internal/IsolatedParametersActionExecutionSpec;Lorg/gradle/internal/operations/BuildOperationRef;Lorg/gradle/workers/internal/AbstractWorker$Work;)Lorg/gradle/workers/internal/DefaultWorkResult;+15
j  org.gradle.workers.internal.NoIsolationWorkerFactory$1.execute(Lorg/gradle/workers/internal/IsolatedParametersActionExecutionSpec;Lorg/gradle/internal/operations/BuildOperationRef;)Lorg/gradle/workers/internal/DefaultWorkResult;+17
j  org.gradle.workers.internal.DefaultWorkerExecutor.lambda$submitWork$0(Lorg/gradle/workers/internal/WorkerFactory;Lorg/gradle/workers/internal/WorkerRequirement;Lorg/gradle/workers/internal/IsolatedParametersActionExecutionSpec;Lorg/gradle/internal/operations/BuildOperationRef;)Lorg/gradle/workers/internal/DefaultWorkResult;+13
j  org.gradle.workers.internal.DefaultWorkerExecutor$$Lambda$2360+0x000000012e025ff0.call()Ljava/lang/Object;+16
J 5377 c1 java.util.concurrent.FutureTask.run()V java.base@17.0.17 (123 bytes) @ 0x000000011e5d6be4 [0x000000011e5d6a60+0x0000000000000184]
j  org.gradle.internal.work.DefaultConditionalExecutionQueue$ExecutionRunner.runExecution(Lorg/gradle/internal/work/ConditionalExecution;)V+6
j  org.gradle.internal.work.DefaultConditionalExecutionQueue$ExecutionRunner.access$700(Lorg/gradle/internal/work/DefaultConditionalExecutionQueue$ExecutionRunner;Lorg/gradle/internal/work/ConditionalExecution;)V+2
j  org.gradle.internal.work.DefaultConditionalExecutionQueue$ExecutionRunner$1.run()V+14
J 17772 c1 org.gradle.internal.Factories$1.create()Ljava/lang/Object; (11 bytes) @ 0x000000011f8ff104 [0x000000011f8ff0c0+0x0000000000000044]
J 15943 c1 org.gradle.internal.work.DefaultWorkerLeaseService.withLocks(Ljava/util/Collection;Lorg/gradle/internal/Factory;)Ljava/lang/Object; (53 bytes) @ 0x000000011f64f7cc [0x000000011f64f640+0x000000000000018c]
J 15889 c1 org.gradle.internal.work.DefaultWorkerLeaseService.runAsWorkerThread(Lorg/gradle/internal/Factory;)Ljava/lang/Object; (37 bytes) @ 0x000000011f638cdc [0x000000011f638a20+0x00000000000002bc]
j  org.gradle.internal.work.DefaultWorkerLeaseService.runAsWorkerThread(Ljava/lang/Runnable;)V+5
j  org.gradle.internal.work.DefaultConditionalExecutionQueue$ExecutionRunner.runBatch(Lorg/gradle/internal/work/ConditionalExecution;)V+16
j  org.gradle.internal.work.DefaultConditionalExecutionQueue$ExecutionRunner.run()V+11
J 19849 c1 java.util.concurrent.Executors$RunnableAdapter.call()Ljava/lang/Object; java.base@17.0.17 (14 bytes) @ 0x000000011fba598c [0x000000011fba5940+0x000000000000004c]
J 5377 c1 java.util.concurrent.FutureTask.run()V java.base@17.0.17 (123 bytes) @ 0x000000011e5d6be4 [0x000000011e5d6a60+0x0000000000000184]
J 15526 c1 org.gradle.internal.concurrent.AbstractManagedExecutor$1.run()V (57 bytes) @ 0x000000011f5abbe4 [0x000000011f5abb00+0x00000000000000e4]
J 17764 c1 java.util.concurrent.ThreadPoolExecutor.runWorker(Ljava/util/concurrent/ThreadPoolExecutor$Worker;)V java.base@17.0.17 (187 bytes) @ 0x000000011f901b6c [0x000000011f9018c0+0x00000000000002ac]
J 17763 c1 java.util.concurrent.ThreadPoolExecutor$Worker.run()V java.base@17.0.17 (9 bytes) @ 0x000000011f904484 [0x000000011f904440+0x0000000000000044]
J 17759 c1 java.lang.Thread.run()V java.base@17.0.17 (17 bytes) @ 0x000000011f904b8c [0x000000011f904b40+0x000000000000004c]
v  ~StubRoutines::call_stub

siginfo: si_signo: 11 (SIGSEGV), si_code: 0 (unknown), si_addr: 0x0000000000000000

Registers:
RAX=0x0000000000258000, RBX=0x0000000000000001, RCX=0xe3d7565300111700, RDX=0x0000000727afeb01
RSP=0x000070000fe566a0, RBP=0x000070000fe566b0, RSI=0x0000000000000001, RDI=0x000070000fe566e8
R8 =0xe3d7565300111780, R9 =0x0000000727afeb80, R10=0x0000000000258000, R11=0x00007fae9b9c0800
R12=0x00007fae9b9c0800, R13=0x0000000000000001, R14=0x000000012c000009, R15=0x0000000727afeb80
RIP=0x000000010cb1990a, EFLAGS=0x0000000000010246, ERR=0x0000000000000000
  TRAPNO=0x000000000000000d


Register to memory mapping:

RAX=0x0000000000258000 is an unknown value
RBX=0x0000000000000001 is an unknown value
RCX=0xe3d7565300111700 is an unknown value
RDX=0x0000000727afeb01 is pointing into object: java.util.HashMap$Node 
{0x0000000727afeaf8} - klass: 'java/util/HashMap$Node'
 - ---- fields (total size 4 words):
 - final 'hash' 'I' @12  -1110940193 (bdc865df)
 - final 'key' 'Ljava/lang/Object;' @16  "sourcefile"{0x00000007102b8518} (e20570a3)
 - 'value' 'Ljava/lang/Object;' @20  a 'com/sun/org/apache/xerces/internal/dom/ParentNode$UserDataRecord'{0x0000000727afeb18} (e4f5fd63)
 - 'next' 'Ljava/util/HashMap$Node;' @24  NULL (0)
RSP=0x000070000fe566a0 points into unknown readable memory: 0x0000000000258000 | 00 80 25 00 00 00 00 00
RBP=0x000070000fe566b0 points into unknown readable memory: 0x000070000fe56720 | 20 67 e5 0f 00 70 00 00
RSI=0x0000000000000001 is an unknown value
RDI=0x000070000fe566e8 points into unknown readable memory: 0xe3d7565300111780 | 80 17 11 00 53 56 d7 e3
R8 =0xe3d7565300111780 is an unknown value
R9 =0x0000000727afeb80 is pointing into object: java.util.HashMap$KeySet 
{0x0000000727afeb78} - klass: 'java/util/HashMap$KeySet'
 - ---- fields (total size 2 words):
 - final synthetic 'this$0' 'Ljava/util/HashMap;' @12  a 'java/util/HashMap'{0x000000071ebab298} (e3d75653)
R10=0x0000000000258000 is an unknown value
R11=0x00007fae9b9c0800 points into unknown readable memory: 0x000000010cffb568 | 68 b5 ff 0c 01 00 00 00
R12=0x00007fae9b9c0800 points into unknown readable memory: 0x000000010cffb568 | 68 b5 ff 0c 01 00 00 00
R13=0x0000000000000001 is an unknown value
R14=0x000000012c000009 is pointing into metadata
R15=0x0000000727afeb80 is pointing into object: java.util.HashMap$KeySet 
{0x0000000727afeb78} - klass: 'java/util/HashMap$KeySet'
 - ---- fields (total size 2 words):
 - final synthetic 'this$0' 'Ljava/util/HashMap;' @12  a 'java/util/HashMap'{0x000000071ebab298} (e3d75653)


Top of Stack: (sp=0x000070000fe566a0)
0x000070000fe566a0:   0000000000258000 0000000000000001
0x000070000fe566b0:   000070000fe56720 000000010c75bfcb
0x000070000fe566c0:   000000012d239a60 000000012d239a60
0x000070000fe566d0:   000000012c000009 00007fae4af10610
0x000070000fe566e0:   0000000000258000 e3d7565300111780
0x000070000fe566f0:   e3d7565300111780 0000000000000003
0x000070000fe56700:   000000010d0201e0 000000072003fdf0
0x000070000fe56710:   00007fae9b9c0800 000000072003fdf0
0x000070000fe56720:   000070000fe56750 000000010c75cfaa
0x000070000fe56730:   00007fae9b9c0800 00007fae9b9c0800
0x000070000fe56740:   0000000000000040 ffffffff00000000
0x000070000fe56750:   000070000fe56790 000000010c75b25e
0x000070000fe56760:   00007fae9b9c0818 00007fae9b9c0800
0x000070000fe56770:   000070001fa68b60 0000000000000980
0x000070000fe56780:   000000b7f695b15b 000001b9809437d4
0x000070000fe56790:   000070000fe567d0 000000010c7758cc
0x000070000fe567a0:   000000010cffbb48 0000000000000001
0x000070000fe567b0:   000070001fa68b60 0000000000000980
0x000070000fe567c0:   0000000000000006 00007faeec190110
0x000070000fe567d0:   000070000fe56840 000000010cb9eb5b
0x000070000fe567e0:   000070000fe568f0 000000010cb9ece0
0x000070000fe567f0:   00007fae9b9db8d0 000070000fe568c0
0x000070000fe56800:   00007fae9b95bca8 0000000600000004
0x000070000fe56810:   000070000fe568f0 000070000fe568c0
0x000070000fe56820:   000070000fe568f0 0000000000000000
0x000070000fe56830:   0000000000000001 00007fae9b95bca8
0x000070000fe56840:   000070000fe568b0 000000010c70545d
0x000070000fe56850:   000070000fe57b68 000070000fe568f0
0x000070000fe56860:   000070000fe56890 000000010c706a73
0x000070000fe56870:   b2ccbd64021500b7 000070000fe568f0
0x000070000fe56880:   00007fae9b95bd50 000070000fe568c0
0x000070000fe56890:   00007fae9b95bca8 000000010d06f188 

Instructions: (pc=0x000000010cb1990a)
0x000000010cb1980a:   48 8d 3d 7f db ff ff 48 89 da e8 b3 ff 36 00 48
0x000000010cb1981a:   c7 05 b4 5b 54 00 00 00 00 00 48 8d 05 d5 eb 4e
0x000000010cb1982a:   00 48 89 05 9e 5b 54 00 48 c7 05 ab 5b 54 00 00
0x000000010cb1983a:   00 00 00 48 8d 05 9c 5b 54 00 48 8d 0d 35 eb 4e
0x000000010cb1984a:   00 48 89 0d 8e 5b 54 00 48 8d 0d df 55 4e 00 48
0x000000010cb1985a:   83 c1 10 48 89 0d 8c 5b 54 00 48 89 05 8d 5b 54
0x000000010cb1986a:   00 c7 05 8b 5b 54 00 03 00 00 00 48 89 0d 8c 5b
0x000000010cb1987a:   54 00 48 8d 05 9d 5b 54 00 48 89 05 86 5b 54 00
0x000000010cb1988a:   c7 05 84 5b 54 00 03 00 00 00 48 c7 05 89 5b 54
0x000000010cb1989a:   00 00 00 00 00 48 8d 05 1a eb 4e 00 48 89 05 73
0x000000010cb198aa:   5b 54 00 48 83 c4 08 5b 41 5e 41 5f 5d c3 90 90
0x000000010cb198ba:   90 90 90 90 90 90 55 48 89 e5 53 50 4c 8b 07 41
0x000000010cb198ca:   f6 c0 02 75 37 41 f6 c0 03 74 35 48 89 fb 48 8d
0x000000010cb198da:   35 ce 56 3c 00 48 8d 0d eb 56 3c 00 bf 00 00 00
0x000000010cb198ea:   e0 ba 2b 00 00 00 31 c0 e8 f9 7d b4 ff e8 74 29
0x000000010cb198fa:   09 00 48 8b 03 48 83 c4 08 5b 5d c3 49 83 f0 02
0x000000010cb1990a:   49 8b 00 48 83 c4 08 5b 5d c3 66 2e 0f 1f 84 00
0x000000010cb1991a:   00 00 00 00 66 90 55 48 89 e5 4c 8b 07 41 f6 c0
0x000000010cb1992a:   02 75 2b 41 f6 c0 03 74 29 48 8d 35 73 56 3c 00
0x000000010cb1993a:   48 8d 0d 90 56 3c 00 bf 00 00 00 e0 ba 3d 00 00
0x000000010cb1994a:   00 31 c0 e8 9e 7d b4 ff 5d e9 18 29 09 00 49 83
0x000000010cb1995a:   f0 02 49 89 30 5d c3 66 2e 0f 1f 84 00 00 00 00
0x000000010cb1996a:   00 0f 1f 44 00 00 55 48 89 e5 41 57 41 56 53 50
0x000000010cb1997a:   89 d3 49 89 f6 48 8b 17 89 d0 83 e0 03 48 83 f8
0x000000010cb1998a:   03 75 1b 48 8d 35 51 56 3c 00 4c 89 f7 31 c0 48
0x000000010cb1999a:   83 c4 08 5b 41 5e 41 5f 5d e9 28 b6 09 00 49 89
0x000000010cb199aa:   ff f6 c2 02 75 7a 83 f8 01 0f 85 a1 00 00 00 48
0x000000010cb199ba:   8d 35 7f 56 3c 00 4c 89 f7 31 c0 e8 06 b6 09 00
0x000000010cb199ca:   49 8b 07 83 e0 07 48 83 f8 05 0f 84 b2 00 00 00
0x000000010cb199da:   83 f8 01 0f 85 e0 00 00 00 48 8d 35 5c 56 3c 00
0x000000010cb199ea:   4c 89 f7 31 c0 e8 dc b5 09 00 49 8b 17 48 b8 00
0x000000010cb199fa:   ff ff ff 7f 00 00 00 48 85 c2 0f 84 c2 00 00 00 


Stack slot to memory mapping:
stack at sp + 0 slots: 0x0000000000258000 is an unknown value
stack at sp + 1 slots: 0x0000000000000001 is an unknown value
stack at sp + 2 slots: 0x000070000fe56720 points into unknown readable memory: 0x000070000fe56750 | 50 67 e5 0f 00 70 00 00
stack at sp + 3 slots: 0x000000010c75bfcb: _ZN20G1ParScanThreadState25do_copy_to_survivor_spaceE16G1HeapRegionAttrP7oopDesc8markWord+0xeb in /Library/Java/JavaVirtualMachines/zulu-17.jdk/Contents/Home/lib/server/libjvm.dylib at 0x000000010c2ff000
stack at sp + 4 slots: 0x000000012d239a60 is pointing into metadata
stack at sp + 5 slots: 0x000000012d239a60 is pointing into metadata
stack at sp + 6 slots: 0x000000012c000009 is pointing into metadata
stack at sp + 7 slots: 0x00007fae4af10610 points into unknown readable memory: 0x0000000727200000 | 00 00 20 27 07 00 00 00


---------------  P R O C E S S  ---------------

Threads class SMR info:
_java_thread_list=0x00007fae9e215aa0, length=242, elements={
0x00007faedb008e00, 0x00007faedb037c00, 0x00007faedb03a400, 0x00007faebc009200,
0x00007faebc00ba00, 0x00007faebc00c000, 0x00007faebc00c600, 0x00007faedb040000,
0x00007faebc024c00, 0x00007faeed00be00, 0x00007faeed0dbc00, 0x00007faeed811c00,
0x00007faeec016200, 0x00007faebbc03800, 0x00007faeed828800, 0x00007faeeb0c1200,
0x00007faeed831600, 0x00007faebc1b5e00, 0x00007faeed638400, 0x00007faebbb0da00,
0x00007faebbcb7800, 0x00007faeed650600, 0x00007faebc1b8800, 0x00007faeed692200,
0x00007faebb85de00, 0x00007faeed6b8200, 0x00007faeed6b7800, 0x00007faebc01d400,
0x00007faebc01da00, 0x00007faeed7b8600, 0x00007fae9d0bd000, 0x00007fae9d0b8600,
0x00007faebc1c7800, 0x00007faebb873200, 0x00007faebc1f9e00, 0x00007faebc1fa400,
0x00007faebc1faa00, 0x00007faebb873800, 0x00007faebb14f800, 0x00007fae9d0f4000,
0x00007faebb201600, 0x00007fae9d0f0a00, 0x00007fae8ca57400, 0x00007fae8ca67600,
0x00007faeeb24c200, 0x00007faebbda7c00, 0x00007faeed8b9800, 0x00007faebb875800,
0x00007fae9d5d1a00, 0x00007faeed090400, 0x00007faeed86fe00, 0x00007faeed828200,
0x00007faebbaf1200, 0x00007faeeb06b600, 0x00007faeeb245a00, 0x00007faebbd15200,
0x00007faebbd87c00, 0x00007faebc78c200, 0x00007faeec016800, 0x00007faedb2ece00,
0x00007faeed9bc400, 0x00007faebb873e00, 0x00007faebc20b800, 0x00007faebc4c2200,
0x00007faebc3a1200, 0x00007faebc325200, 0x00007faebc31d800, 0x00007faebb299400,
0x00007faeed0db600, 0x00007fae8beb7800, 0x00007faebbd26a00, 0x00007faebbffe000,
0x00007fae8c315200, 0x00007faeeb078800, 0x00007faebc1f8800, 0x00007faebc013e00,
0x00007faebbdabc00, 0x00007faebbae6400, 0x00007faeeb25ac00, 0x00007faeeb448c00,
0x00007faeeb459400, 0x00007faeeb170000, 0x00007faeeb462c00, 0x00007faeeb171200,
0x00007faeeb171800, 0x00007faeeb461a00, 0x00007faebc504400, 0x00007faebc20aa00,
0x00007faeeb462000, 0x00007fae8c329400, 0x00007faebbfff600, 0x00007faedb28cc00,
0x00007faeed8b8600, 0x00007faebb28e200, 0x00007faebc2f8a00, 0x00007faedb5bd800,
0x00007faedb45ea00, 0x00007faebc78a000, 0x00007faeeb221e00, 0x00007faebb2bc400,
0x00007faebb24b600, 0x00007faeeb222400, 0x00007faeeb222a00, 0x00007faeec167200,
0x00007faeeb45b200, 0x00007faeeb45b800, 0x00007faeeb45be00, 0x00007faeeb45c400,
0x00007faeeb249c00, 0x00007faeec044800, 0x00007faedb283800, 0x00007faedb285a00,
0x00007faedb5c0800, 0x00007faedb264600, 0x00007faedb5b0800, 0x00007faedb28b800,
0x00007faedb306800, 0x00007faedb306e00, 0x00007faedb253200, 0x00007faedb253800,
0x00007faedb305200, 0x00007faedb305800, 0x00007faedb04c600, 0x00007faedb04cc00,
0x00007faeed850a00, 0x00007faeed9d3e00, 0x00007faebc346a00, 0x00007faeed702c00,
0x00007faeed83bc00, 0x00007faeed9c2a00, 0x00007faedb5bbc00, 0x00007faebc1b5600,
0x00007fae8c312000, 0x00007faebc335800, 0x00007faebc336a00, 0x00007faebc39d600,
0x00007faebc128400, 0x00007faebc785e00, 0x00007faebc1e4600, 0x00007faebc796c00,
0x00007faebc796600, 0x00007faedb5bc200, 0x00007faebd00cc00, 0x00007faeed9c1c00,
0x00007faebc3e8a00, 0x00007faebc305200, 0x00007faebc01e000, 0x00007faebc01e600,
0x00007faebc149a00, 0x00007faebc14a000, 0x00007faebc77d400, 0x00007faedb5af000,
0x00007faeec1a6400, 0x00007faebc77e000, 0x00007faebc77da00, 0x00007faebc7fdc00,
0x00007faedb5af600, 0x00007faeec039a00, 0x00007faedb5bea00, 0x00007faebc7ff000,
0x00007faebc7fe200, 0x00007faebc1c3400, 0x00007faeed00b800, 0x00007fae9d0be800,
0x00007faeed7ad200, 0x00007faeed08fe00, 0x00007faeed035600, 0x00007faeed02e800,
0x00007faeed6f0400, 0x00007fae8ca45c00, 0x00007fae9d0ee600, 0x00007fae8c9fbc00,
0x00007fae8bc40600, 0x00007faeed9d2800, 0x00007faeeb24a200, 0x00007faebc771800,
0x00007faeed851600, 0x00007faebb296e00, 0x00007faeed9c1400, 0x00007faeec16bc00,
0x00007faedb5afc00, 0x00007faeeb24b000, 0x00007faeeb24a800, 0x00007faeeb24b600,
0x00007fae9d0e9a00, 0x00007fae8ca4ca00, 0x00007faeeb240400, 0x00007faeec17c600,
0x00007faebb315600, 0x00007faebb315c00, 0x00007faeec01ac00, 0x00007faeec13d200,
0x00007faeec01b200, 0x00007faeec168c00, 0x00007faeed065e00, 0x00007faebc7ff600,
0x00007faebc771e00, 0x00007faedb27f400, 0x00007faedb267600, 0x00007faedb27fa00,
0x00007faedb267c00, 0x00007faebc772e00, 0x00007faedb268c00, 0x00007faeec169c00,
0x00007faedb265400, 0x00007faeec023600, 0x00007faeec169200, 0x00007faeeb240a00,
0x00007faebbd11e00, 0x00007fae9b01b600, 0x00007faeeb244e00, 0x00007faedb5ba000,
0x00007faebc7fe800, 0x00007faeeb23b200, 0x00007faeed8a3e00, 0x00007faebbd12400,
0x00007fae9d0f3000, 0x00007fae9d0f2a00, 0x00007faeed8a4400, 0x00007fae8bee0400,
0x00007faebc768600, 0x00007faeec025000, 0x00007faebc76b200, 0x00007faeed8a4a00,
0x00007faebbd12a00, 0x00007faebb82aa00, 0x00007fae9b01f200, 0x00007faebc39a000,
0x00007faebb82b000, 0x00007faebc76da00, 0x00007fae9c00be00, 0x00007faebc76e000,
0x00007faebc76e600, 0x00007fae8c32b000, 0x00007faebb297400, 0x00007faebb295c00,
0x00007fae9d5cca00, 0x00007faeec023c00, 0x00007fae8bee0a00, 0x00007fae9d0d7800,
0x00007faebbec9e00, 0x00007faebc77c600
}

Java Threads: ( => current thread )
  0x00007faedb008e00 JavaThread "main" [_thread_blocked, id=8707, stack(0x000070000e50d000,0x000070000e60d000)]
  0x00007faedb037c00 JavaThread "Reference Handler" daemon [_thread_blocked, id=22787, stack(0x000070000ec22000,0x000070000ed22000)]
  0x00007faedb03a400 JavaThread "Finalizer" daemon [_thread_blocked, id=30467, stack(0x000070000ed25000,0x000070000ee25000)]
  0x00007faebc009200 JavaThread "Signal Dispatcher" daemon [_thread_blocked, id=24579, stack(0x000070000ef2e000,0x000070000f02e000)]
  0x00007faebc00ba00 JavaThread "Service Thread" daemon [_thread_blocked, id=24835, stack(0x000070000f031000,0x000070000f131000)]
  0x00007faebc00c000 JavaThread "Monitor Deflation Thread" daemon [_thread_blocked, id=28419, stack(0x000070000f134000,0x000070000f234000)]
  0x00007faebc00c600 JavaThread "C1 CompilerThread0" daemon [_thread_blocked, id=27907, stack(0x000070000f237000,0x000070000f337000)]
  0x00007faedb040000 JavaThread "Sweeper thread" daemon [_thread_blocked, id=27395, stack(0x000070000f33a000,0x000070000f43a000)]
  0x00007faebc024c00 JavaThread "Common-Cleaner" daemon [_thread_blocked, id=25603, stack(0x000070000f43d000,0x000070000f53d000)]
  0x00007faeed00be00 JavaThread "Notification Thread" daemon [_thread_blocked, id=25859, stack(0x000070000f540000,0x000070000f640000)]
  0x00007faeed0dbc00 JavaThread "Daemon health stats" [_thread_blocked, id=35331, stack(0x0000700010267000,0x0000700010367000)]
  0x00007faeed811c00 JavaThread "Incoming local TCP Connector on port 50170" [_thread_in_native, id=40451, stack(0x000070001036a000,0x000070001046a000)]
  0x00007faeec016200 JavaThread "Daemon periodic checks" [_thread_blocked, id=35843, stack(0x000070001046d000,0x000070001056d000)]
  0x00007faebbc03800 JavaThread "Cache worker for journal cache (/Users/juanprogramador/.gradle/caches/journal-1)" [_thread_blocked, id=37379, stack(0x0000700010c85000,0x0000700010d85000)]
  0x00007faeed828800 JavaThread "File lock request listener" [_thread_in_native, id=65283, stack(0x0000700010d88000,0x0000700010e88000)]
  0x00007faeeb0c1200 JavaThread "Cache worker for file hash cache (/Users/juanprogramador/.gradle/caches/8.6/fileHashes)" [_thread_blocked, id=65027, stack(0x0000700010e8b000,0x0000700010f8b000)]
  0x00007faeed831600 JavaThread "File watcher server" daemon [_thread_blocked, id=64515, stack(0x0000700010f8e000,0x000070001108e000)]
  0x00007faebc1b5e00 JavaThread "File watcher consumer" daemon [_thread_blocked, id=63491, stack(0x0000700011091000,0x0000700011191000)]
  0x00007faeed638400 JavaThread "Cache worker for file content cache (/Users/juanprogramador/.gradle/caches/8.6/fileContent)" [_thread_blocked, id=45827, stack(0x00007000115a0000,0x00007000116a0000)]
  0x00007faebbb0da00 JavaThread "jar transforms" [_thread_blocked, id=60931, stack(0x00007000119ac000,0x0000700011aac000)]
  0x00007faebbcb7800 JavaThread "jar transforms Thread 2" [_thread_blocked, id=46851, stack(0x0000700011aaf000,0x0000700011baf000)]
  0x00007faeed650600 JavaThread "jar transforms Thread 3" [_thread_blocked, id=60675, stack(0x0000700011bb2000,0x0000700011cb2000)]
  0x00007faebc1b8800 JavaThread "jar transforms Thread 4" [_thread_blocked, id=47363, stack(0x0000700011cb5000,0x0000700011db5000)]
  0x00007faeed692200 JavaThread "jar transforms Thread 5" [_thread_blocked, id=24075, stack(0x0000700011ddf000,0x0000700011edf000)]
  0x00007faebb85de00 JavaThread "jar transforms Thread 6" [_thread_blocked, id=59907, stack(0x0000700011ee2000,0x0000700011fe2000)]
  0x00007faeed6b8200 JavaThread "jar transforms Thread 7" [_thread_blocked, id=49411, stack(0x00007000121eb000,0x00007000122eb000)]
  0x00007faeed6b7800 JavaThread "jar transforms Thread 8" [_thread_blocked, id=49923, stack(0x00007000122ee000,0x00007000123ee000)]
  0x00007faebc01d400 JavaThread "jar transforms Thread 9" [_thread_blocked, id=51715, stack(0x00007000124f4000,0x00007000125f4000)]
  0x00007faebc01da00 JavaThread "jar transforms Thread 10" [_thread_blocked, id=51971, stack(0x00007000125f7000,0x00007000126f7000)]
  0x00007faeed7b8600 JavaThread "Memory manager" [_thread_blocked, id=86275, stack(0x0000700013627000,0x0000700013727000)]
  0x00007fae9d0bd000 JavaThread "jar transforms Thread 11" [_thread_blocked, id=85763, stack(0x000070001372a000,0x000070001382a000)]
  0x00007fae9d0b8600 JavaThread "jar transforms Thread 12" [_thread_blocked, id=66051, stack(0x000070001382d000,0x000070001392d000)]
  0x00007faebc1c7800 JavaThread "jar transforms Thread 13" [_thread_blocked, id=84995, stack(0x0000700013930000,0x0000700013a30000)]
  0x00007faebb873200 JavaThread "ForkJoinPool.commonPool-worker-3" daemon [_thread_blocked, id=83203, stack(0x0000700013d3c000,0x0000700013e3c000)]
  0x00007faebc1f9e00 JavaThread "ForkJoinPool.commonPool-worker-4" daemon [_thread_blocked, id=66819, stack(0x0000700013e3f000,0x0000700013f3f000)]
  0x00007faebc1fa400 JavaThread "ForkJoinPool.commonPool-worker-5" daemon [_thread_blocked, id=82947, stack(0x0000700013f42000,0x0000700014042000)]
  0x00007faebc1faa00 JavaThread "ForkJoinPool.commonPool-worker-6" daemon [_thread_blocked, id=82691, stack(0x0000700014045000,0x0000700014145000)]
  0x00007faebb873800 JavaThread "ForkJoinPool.commonPool-worker-7" daemon [_thread_blocked, id=67587, stack(0x0000700014148000,0x0000700014248000)]
  0x00007faebb14f800 JavaThread "ForkJoinPool.commonPool-worker-10" daemon [_thread_blocked, id=80899, stack(0x0000700014451000,0x0000700014551000)]
  0x00007fae9d0f4000 JavaThread "jar transforms Thread 14" [_thread_blocked, id=95235, stack(0x0000700017cf9000,0x0000700017df9000)]
  0x00007faebb201600 JavaThread "jar transforms Thread 15" [_thread_blocked, id=95495, stack(0x0000700017dfc000,0x0000700017efc000)]
  0x00007fae9d0f0a00 JavaThread "jar transforms Thread 16" [_thread_blocked, id=96003, stack(0x0000700017eff000,0x0000700017fff000)]
  0x00007fae8ca57400 JavaThread "Monitor" [_thread_in_native, id=159539, stack(0x000070001f358000,0x000070001f458000)]
  0x00007fae8ca67600 JavaThread "Device List Monitor" [_thread_in_native, id=159243, stack(0x000070001f45b000,0x000070001f55b000)]
  0x00007faeeb24c200 JavaThread "ForkJoinPool.commonPool-worker-15" daemon [_thread_blocked, id=141843, stack(0x0000700014c69000,0x0000700014d69000)]
  0x00007faebbda7c00 JavaThread "ForkJoinPool.commonPool-worker-18" daemon [_thread_blocked, id=113679, stack(0x000070001434e000,0x000070001444e000)]
  0x00007faeed8b9800 JavaThread "ForkJoinPool.commonPool-worker-20" daemon [_thread_blocked, id=129043, stack(0x0000700014657000,0x0000700014757000)]
  0x00007faebb875800 JavaThread "ForkJoinPool.commonPool-worker-21" daemon [_thread_blocked, id=109603, stack(0x000070001485d000,0x000070001495d000)]
  0x00007fae9d5d1a00 JavaThread "ForkJoinPool.commonPool-worker-22" daemon [_thread_blocked, id=146715, stack(0x0000700014a63000,0x0000700014b63000)]
  0x00007faeed090400 JavaThread "ForkJoinPool.commonPool-worker-23" daemon [_thread_blocked, id=79379, stack(0x000070001c4ce000,0x000070001c5ce000)]
  0x00007faeed86fe00 JavaThread "ForkJoinPool.commonPool-worker-24" daemon [_thread_blocked, id=62479, stack(0x000070001c5d1000,0x000070001c6d1000)]
  0x00007faeed828200 JavaThread "Daemon Thread 4" [_thread_blocked, id=68979, stack(0x0000700010570000,0x0000700010670000)]
  0x00007faebbaf1200 JavaThread "Daemon worker Thread 4" [_thread_blocked, id=129807, stack(0x0000700010879000,0x0000700010979000)]
  0x00007faeeb06b600 JavaThread "process reaper" daemon [_thread_blocked, id=79891, stack(0x000070000eeab000,0x000070000eecf000)]
  0x00007faeeb245a00 JavaThread "Exec process Thread 10" [_thread_blocked, id=127763, stack(0x0000700014554000,0x0000700014654000)]
  0x00007faebbd15200 JavaThread "Exec process Thread 11" [_thread_blocked, id=169499, stack(0x000070001475a000,0x000070001485a000)]
  0x00007faebbd87c00 JavaThread "Exec process Thread 12" [_thread_blocked, id=155675, stack(0x0000700014960000,0x0000700014a60000)]
  0x00007faebc78c200 JavaThread "included builds" [_thread_blocked, id=175387, stack(0x0000700014b66000,0x0000700014c66000)]
  0x00007faeec016800 JavaThread "Handler for socket connection from /127.0.0.1:50170 to /127.0.0.1:51444" [_thread_in_native, id=57427, stack(0x0000700010673000,0x0000700010773000)]
  0x00007faedb2ece00 JavaThread "Cancel handler" [_thread_blocked, id=126803, stack(0x0000700010776000,0x0000700010876000)]
  0x00007faeed9bc400 JavaThread "Asynchronous log dispatcher for DefaultDaemonConnection: socket connection from /127.0.0.1:50170 to /127.0.0.1:51444" [_thread_blocked, id=169751, stack(0x000070001097c000,0x0000700010a7c000)]
  0x00007faebb873e00 JavaThread "Stdin handler" [_thread_blocked, id=74795, stack(0x0000700010a7f000,0x0000700010b7f000)]
  0x00007faebc20b800 JavaThread "Daemon client event forwarder" [_thread_blocked, id=79167, stack(0x0000700010b82000,0x0000700010c82000)]
  0x00007faebc4c2200 JavaThread "Cache worker for checksums cache (/Users/juanprogramador/Trabajos/ticketTransfer/v2/apps/mobile/android/.gradle/8.6/checksums)" [_thread_blocked, id=128819, stack(0x0000700011194000,0x0000700011294000)]
  0x00007faebc3a1200 JavaThread "Cache worker for file hash cache (/Users/juanprogramador/Trabajos/ticketTransfer/v2/apps/mobile/android/.gradle/8.6/fileHashes)" [_thread_blocked, id=167743, stack(0x0000700011297000,0x0000700011397000)]
  0x00007faebc325200 JavaThread "Cache worker for cache directory md-supplier (/Users/juanprogramador/.gradle/caches/8.6/md-supplier)" [_thread_blocked, id=157235, stack(0x000070001139a000,0x000070001149a000)]
  0x00007faebc31d800 JavaThread "Cache worker for cache directory md-rule (/Users/juanprogramador/.gradle/caches/8.6/md-rule)" [_thread_blocked, id=163107, stack(0x000070001149d000,0x000070001159d000)]
  0x00007faebb299400 JavaThread "Unconstrained build operations" [_thread_blocked, id=166167, stack(0x0000700011fe5000,0x00007000120e5000)]
  0x00007faeed0db600 JavaThread "Unconstrained build operations Thread 2" [_thread_blocked, id=76835, stack(0x00007000120e8000,0x00007000121e8000)]
  0x00007fae8beb7800 JavaThread "C1 CompilerThread1" daemon [_thread_blocked, id=90899, stack(0x00007000123f1000,0x00007000124f1000)]
  0x00007faebbd26a00 JavaThread "C1 CompilerThread2" daemon [_thread_blocked, id=86595, stack(0x00007000126fa000,0x00007000127fa000)]
  0x00007faebbffe000 JavaThread "C1 CompilerThread3" daemon [_thread_blocked, id=37143, stack(0x00007000127fd000,0x00007000128fd000)]
  0x00007fae8c315200 JavaThread "C1 CompilerThread4" daemon [_thread_blocked, id=130851, stack(0x0000700012900000,0x0000700012a00000)]
  0x00007faeeb078800 JavaThread "Cache worker for Build Output Cleanup Cache (/Users/juanprogramador/Trabajos/ticketTransfer/v2/node_modules/@react-native/gradle-plugin/.gradle/buildOutputCleanup)" [_thread_blocked, id=168003, stack(0x0000700012d0c000,0x0000700012e0c000)]
  0x00007faebc1f8800 JavaThread "Unconstrained build operations Thread 3" [_thread_blocked, id=92499, stack(0x0000700012e0f000,0x0000700012f0f000)]
  0x00007faebc013e00 JavaThread "Unconstrained build operations Thread 4" [_thread_blocked, id=105235, stack(0x0000700012f12000,0x0000700013012000)]
  0x00007faebbdabc00 JavaThread "Unconstrained build operations Thread 5" [_thread_blocked, id=113219, stack(0x0000700013015000,0x0000700013115000)]
  0x00007faebbae6400 JavaThread "Unconstrained build operations Thread 6" [_thread_blocked, id=109843, stack(0x0000700013118000,0x0000700013218000)]
  0x00007faeeb25ac00 JavaThread "Unconstrained build operations Thread 7" [_thread_blocked, id=166443, stack(0x000070001321b000,0x000070001331b000)]
  0x00007faeeb448c00 JavaThread "Unconstrained build operations Thread 8" [_thread_blocked, id=127267, stack(0x000070001331e000,0x000070001341e000)]
  0x00007faeeb459400 JavaThread "Unconstrained build operations Thread 9" [_thread_blocked, id=173631, stack(0x0000700013421000,0x0000700013521000)]
  0x00007faeeb170000 JavaThread "Unconstrained build operations Thread 10" [_thread_blocked, id=173331, stack(0x0000700013524000,0x0000700013624000)]
  0x00007faeeb462c00 JavaThread "Unconstrained build operations Thread 11" [_thread_blocked, id=106259, stack(0x0000700013a33000,0x0000700013b33000)]
  0x00007faeeb171200 JavaThread "Unconstrained build operations Thread 12" [_thread_blocked, id=131635, stack(0x0000700013b36000,0x0000700013c36000)]
  0x00007faeeb171800 JavaThread "Unconstrained build operations Thread 13" [_thread_blocked, id=65811, stack(0x0000700013c39000,0x0000700013d39000)]
  0x00007faeeb461a00 JavaThread "Unconstrained build operations Thread 14" [_thread_blocked, id=53539, stack(0x000070001424b000,0x000070001434b000)]
  0x00007faebc504400 JavaThread "Unconstrained build operations Thread 15" [_thread_blocked, id=111155, stack(0x0000700014d6c000,0x0000700014e6c000)]
  0x00007faebc20aa00 JavaThread "Unconstrained build operations Thread 16" [_thread_blocked, id=145955, stack(0x0000700014e6f000,0x0000700014f6f000)]
  0x00007faeeb462000 JavaThread "Unconstrained build operations Thread 17" [_thread_blocked, id=150835, stack(0x0000700014f72000,0x0000700015072000)]
  0x00007fae8c329400 JavaThread "Cache worker for Build Output Cleanup Cache (/Users/juanprogramador/Trabajos/ticketTransfer/v2/apps/mobile/android/.gradle/buildOutputCleanup)" [_thread_blocked, id=143699, stack(0x0000700015075000,0x0000700015175000)]
  0x00007faebbfff600 JavaThread "ForkJoinPool.commonPool-worker-25" daemon [_thread_blocked, id=163923, stack(0x0000700015178000,0x0000700015278000)]
  0x00007faedb28cc00 JavaThread "ForkJoinPool.commonPool-worker-26" daemon [_thread_blocked, id=75795, stack(0x000070001527b000,0x000070001537b000)]
  0x00007faeed8b8600 JavaThread "included builds" [_thread_blocked, id=124971, stack(0x000070001537e000,0x000070001547e000)]
  0x00007faebb28e200 JavaThread "Execution worker" [_thread_blocked, id=107795, stack(0x0000700015481000,0x0000700015581000)]
  0x00007faebc2f8a00 JavaThread "Execution worker Thread 2" [_thread_blocked, id=155443, stack(0x0000700015584000,0x0000700015684000)]
  0x00007faedb5bd800 JavaThread "Execution worker Thread 3" [_thread_blocked, id=80435, stack(0x0000700015687000,0x0000700015787000)]
  0x00007faedb45ea00 JavaThread "Execution worker Thread 4" [_thread_blocked, id=156943, stack(0x000070001578a000,0x000070001588a000)]
  0x00007faebc78a000 JavaThread "Execution worker Thread 5" [_thread_blocked, id=76607, stack(0x000070001588d000,0x000070001598d000)]
  0x00007faeeb221e00 JavaThread "Execution worker Thread 6" [_thread_blocked, id=87107, stack(0x0000700015990000,0x0000700015a90000)]
  0x00007faebb2bc400 JavaThread "Execution worker Thread 7" [_thread_blocked, id=93459, stack(0x0000700015a93000,0x0000700015b93000)]
  0x00007faebb24b600 JavaThread "Execution worker Thread 8" [_thread_blocked, id=89123, stack(0x0000700015b96000,0x0000700015c96000)]
  0x00007faeeb222400 JavaThread "Execution worker Thread 9" [_thread_blocked, id=45075, stack(0x0000700015c99000,0x0000700015d99000)]
  0x00007faeeb222a00 JavaThread "Execution worker Thread 10" [_thread_blocked, id=147747, stack(0x0000700015d9c000,0x0000700015e9c000)]
  0x00007faeec167200 JavaThread "Cache worker for execution history cache (/Users/juanprogramador/Trabajos/ticketTransfer/v2/node_modules/@react-native/gradle-plugin/.gradle/8.6/executionHistory)" [_thread_blocked, id=137011, stack(0x0000700015e9f000,0x0000700015f9f000)]
  0x00007faeeb45b200 JavaThread "Execution worker Thread 11" [_thread_blocked, id=170019, stack(0x0000700015fa2000,0x00007000160a2000)]
  0x00007faeeb45b800 JavaThread "Execution worker Thread 12" [_thread_blocked, id=143939, stack(0x00007000160a5000,0x00007000161a5000)]
  0x00007faeeb45be00 JavaThread "Execution worker Thread 13" [_thread_blocked, id=163651, stack(0x00007000161a8000,0x00007000162a8000)]
  0x00007faeeb45c400 JavaThread "Execution worker Thread 14" [_thread_blocked, id=169011, stack(0x00007000162ab000,0x00007000163ab000)]
  0x00007faeeb249c00 JavaThread "Execution worker Thread 15" [_thread_blocked, id=111427, stack(0x00007000163ae000,0x00007000164ae000)]
  0x00007faeec044800 JavaThread "Unconstrained build operations Thread 18" [_thread_blocked, id=126291, stack(0x00007000164b1000,0x00007000165b1000)]
  0x00007faedb283800 JavaThread "Unconstrained build operations Thread 19" [_thread_blocked, id=160803, stack(0x00007000165b4000,0x00007000166b4000)]
  0x00007faedb285a00 JavaThread "Unconstrained build operations Thread 20" [_thread_blocked, id=164403, stack(0x00007000166b7000,0x00007000167b7000)]
  0x00007faedb5c0800 JavaThread "Unconstrained build operations Thread 21" [_thread_blocked, id=154651, stack(0x00007000167ba000,0x00007000168ba000)]
  0x00007faedb264600 JavaThread "Unconstrained build operations Thread 22" [_thread_blocked, id=102675, stack(0x00007000168bd000,0x00007000169bd000)]
  0x00007faedb5b0800 JavaThread "Unconstrained build operations Thread 23" [_thread_blocked, id=96275, stack(0x00007000169c0000,0x0000700016ac0000)]
  0x00007faedb28b800 JavaThread "Unconstrained build operations Thread 24" [_thread_blocked, id=113459, stack(0x0000700016ac3000,0x0000700016bc3000)]
  0x00007faedb306800 JavaThread "Unconstrained build operations Thread 25" [_thread_blocked, id=151079, stack(0x0000700016bc6000,0x0000700016cc6000)]
  0x00007faedb306e00 JavaThread "Unconstrained build operations Thread 26" [_thread_blocked, id=170275, stack(0x0000700016cc9000,0x0000700016dc9000)]
  0x00007faedb253200 JavaThread "Unconstrained build operations Thread 27" [_thread_blocked, id=80675, stack(0x0000700016dcc000,0x0000700016ecc000)]
  0x00007faedb253800 JavaThread "Unconstrained build operations Thread 28" [_thread_blocked, id=49219, stack(0x0000700016ecf000,0x0000700016fcf000)]
  0x00007faedb305200 JavaThread "Unconstrained build operations Thread 29" [_thread_blocked, id=124483, stack(0x0000700016fd2000,0x00007000170d2000)]
  0x00007faedb305800 JavaThread "Unconstrained build operations Thread 30" [_thread_blocked, id=114467, stack(0x00007000170d5000,0x00007000171d5000)]
  0x00007faedb04c600 JavaThread "Unconstrained build operations Thread 31" [_thread_blocked, id=47907, stack(0x00007000171d8000,0x00007000172d8000)]
  0x00007faedb04cc00 JavaThread "Unconstrained build operations Thread 32" [_thread_blocked, id=135699, stack(0x00007000172db000,0x00007000173db000)]
  0x00007faeed850a00 JavaThread "Unconstrained build operations Thread 33" [_thread_blocked, id=87827, stack(0x00007000173de000,0x00007000174de000)]
  0x00007faeed9d3e00 JavaThread "Unconstrained build operations Thread 34" [_thread_blocked, id=152883, stack(0x00007000174e1000,0x00007000175e1000)]
  0x00007faebc346a00 JavaThread "Unconstrained build operations Thread 35" [_thread_blocked, id=88851, stack(0x00007000175e4000,0x00007000176e4000)]
  0x00007faeed702c00 JavaThread "Unconstrained build operations Thread 36" [_thread_blocked, id=54083, stack(0x00007000176e7000,0x00007000177e7000)]
  0x00007faeed83bc00 JavaThread "Unconstrained build operations Thread 37" [_thread_blocked, id=111907, stack(0x00007000177ea000,0x00007000178ea000)]
  0x00007faeed9c2a00 JavaThread "Unconstrained build operations Thread 38" [_thread_blocked, id=62995, stack(0x00007000178ed000,0x00007000179ed000)]
  0x00007faedb5bbc00 JavaThread "Unconstrained build operations Thread 39" [_thread_blocked, id=103459, stack(0x00007000179f0000,0x0000700017af0000)]
  0x00007faebc1b5600 JavaThread "Unconstrained build operations Thread 40" [_thread_blocked, id=110899, stack(0x0000700017af3000,0x0000700017bf3000)]
  0x00007fae8c312000 JavaThread "Unconstrained build operations Thread 41" [_thread_blocked, id=147251, stack(0x0000700017bf6000,0x0000700017cf6000)]
  0x00007faebc335800 JavaThread "Unconstrained build operations Thread 42" [_thread_blocked, id=129587, stack(0x0000700018002000,0x0000700018102000)]
  0x00007faebc336a00 JavaThread "Unconstrained build operations Thread 43" [_thread_blocked, id=110643, stack(0x0000700018105000,0x0000700018205000)]
  0x00007faebc39d600 JavaThread "Unconstrained build operations Thread 44" [_thread_blocked, id=91667, stack(0x0000700018208000,0x0000700018308000)]
  0x00007faebc128400 JavaThread "Unconstrained build operations Thread 45" [_thread_blocked, id=107043, stack(0x000070001830b000,0x000070001840b000)]
  0x00007faebc785e00 JavaThread "Unconstrained build operations Thread 46" [_thread_blocked, id=100387, stack(0x000070001840e000,0x000070001850e000)]
  0x00007faebc1e4600 JavaThread "Unconstrained build operations Thread 47" [_thread_blocked, id=78403, stack(0x0000700018511000,0x0000700018611000)]
  0x00007faebc796c00 JavaThread "Unconstrained build operations Thread 48" [_thread_blocked, id=91427, stack(0x0000700018614000,0x0000700018714000)]
  0x00007faebc796600 JavaThread "Unconstrained build operations Thread 49" [_thread_blocked, id=153627, stack(0x000070001891d000,0x0000700018a1d000)]
  0x00007faedb5bc200 JavaThread "Unconstrained build operations Thread 50" [_thread_blocked, id=171859, stack(0x0000700012a03000,0x0000700012b03000)]
  0x00007faebd00cc00 JavaThread "Unconstrained build operations Thread 51" [_thread_blocked, id=125247, stack(0x0000700012b06000,0x0000700012c06000)]
  0x00007faeed9c1c00 JavaThread "Unconstrained build operations Thread 52" [_thread_blocked, id=136215, stack(0x0000700012c09000,0x0000700012d09000)]
  0x00007faebc3e8a00 JavaThread "Unconstrained build operations Thread 53" [_thread_blocked, id=144211, stack(0x0000700018a20000,0x0000700018b20000)]
  0x00007faebc305200 JavaThread "Unconstrained build operations Thread 54" [_thread_blocked, id=101395, stack(0x0000700018b23000,0x0000700018c23000)]
  0x00007faebc01e000 JavaThread "Unconstrained build operations Thread 55" [_thread_blocked, id=165443, stack(0x0000700018c26000,0x0000700018d26000)]
  0x00007faebc01e600 JavaThread "Unconstrained build operations Thread 56" [_thread_blocked, id=150055, stack(0x0000700018d29000,0x0000700018e29000)]
  0x00007faebc149a00 JavaThread "Unconstrained build operations Thread 57" [_thread_blocked, id=157991, stack(0x0000700018e2c000,0x0000700018f2c000)]
  0x00007faebc14a000 JavaThread "Unconstrained build operations Thread 58" [_thread_blocked, id=155943, stack(0x0000700018f2f000,0x000070001902f000)]
  0x00007faebc77d400 JavaThread "Unconstrained build operations Thread 59" [_thread_blocked, id=120355, stack(0x0000700019032000,0x0000700019132000)]
  0x00007faedb5af000 JavaThread "Unconstrained build operations Thread 60" [_thread_blocked, id=116755, stack(0x0000700019135000,0x0000700019235000)]
  0x00007faeec1a6400 JavaThread "Unconstrained build operations Thread 61" [_thread_blocked, id=106547, stack(0x0000700019238000,0x0000700019338000)]
  0x00007faebc77e000 JavaThread "Unconstrained build operations Thread 62" [_thread_blocked, id=89635, stack(0x000070001933b000,0x000070001943b000)]
  0x00007faebc77da00 JavaThread "Unconstrained build operations Thread 63" [_thread_blocked, id=83795, stack(0x000070001943e000,0x000070001953e000)]
  0x00007faebc7fdc00 JavaThread "Unconstrained build operations Thread 64" [_thread_blocked, id=154919, stack(0x0000700019541000,0x0000700019641000)]
  0x00007faedb5af600 JavaThread "Unconstrained build operations Thread 65" [_thread_blocked, id=154383, stack(0x0000700019644000,0x0000700019744000)]
  0x00007faeec039a00 JavaThread "Unconstrained build operations Thread 66" [_thread_blocked, id=72995, stack(0x0000700019747000,0x0000700019847000)]
  0x00007faedb5bea00 JavaThread "Unconstrained build operations Thread 67" [_thread_blocked, id=36419, stack(0x000070001984a000,0x000070001994a000)]
  0x00007faebc7ff000 JavaThread "Unconstrained build operations Thread 68" [_thread_blocked, id=39459, stack(0x000070001994d000,0x0000700019a4d000)]
  0x00007faebc7fe200 JavaThread "Unconstrained build operations Thread 69" [_thread_blocked, id=174631, stack(0x0000700019a50000,0x0000700019b50000)]
  0x00007faebc1c3400 JavaThread "Unconstrained build operations Thread 70" [_thread_blocked, id=94739, stack(0x0000700019b53000,0x0000700019c53000)]
  0x00007faeed00b800 JavaThread "Unconstrained build operations Thread 71" [_thread_blocked, id=173075, stack(0x0000700019c56000,0x0000700019d56000)]
  0x00007fae9d0be800 JavaThread "Unconstrained build operations Thread 72" [_thread_blocked, id=56099, stack(0x0000700019d59000,0x0000700019e59000)]
  0x00007faeed7ad200 JavaThread "Unconstrained build operations Thread 73" [_thread_blocked, id=145203, stack(0x0000700019e5c000,0x0000700019f5c000)]
  0x00007faeed08fe00 JavaThread "Unconstrained build operations Thread 74" [_thread_blocked, id=127019, stack(0x0000700019f5f000,0x000070001a05f000)]
  0x00007faeed035600 JavaThread "Unconstrained build operations Thread 75" [_thread_blocked, id=75027, stack(0x000070001a062000,0x000070001a162000)]
  0x00007faeed02e800 JavaThread "Unconstrained build operations Thread 76" [_thread_blocked, id=170819, stack(0x000070001a165000,0x000070001a265000)]
  0x00007faeed6f0400 JavaThread "Unconstrained build operations Thread 77" [_thread_blocked, id=93731, stack(0x000070001a268000,0x000070001a368000)]
  0x00007fae8ca45c00 JavaThread "Unconstrained build operations Thread 78" [_thread_blocked, id=36115, stack(0x000070001a36b000,0x000070001a46b000)]
  0x00007fae9d0ee600 JavaThread "Unconstrained build operations Thread 79" [_thread_blocked, id=157747, stack(0x000070001a46e000,0x000070001a56e000)]
  0x00007fae8c9fbc00 JavaThread "Unconstrained build operations Thread 80" [_thread_blocked, id=115267, stack(0x000070001a571000,0x000070001a671000)]
  0x00007fae8bc40600 JavaThread "Unconstrained build operations Thread 81" [_thread_blocked, id=124227, stack(0x000070001a674000,0x000070001a774000)]
  0x00007faeed9d2800 JavaThread "Unconstrained build operations Thread 82" [_thread_blocked, id=165907, stack(0x000070001a777000,0x000070001a877000)]
  0x00007faeeb24a200 JavaThread "Unconstrained build operations Thread 83" [_thread_blocked, id=165667, stack(0x000070001a87a000,0x000070001a97a000)]
  0x00007faebc771800 JavaThread "Unconstrained build operations Thread 84" [_thread_blocked, id=103955, stack(0x000070001a97d000,0x000070001aa7d000)]
  0x00007faeed851600 JavaThread "Unconstrained build operations Thread 85" [_thread_blocked, id=69411, stack(0x000070001aa80000,0x000070001ab80000)]
  0x00007faebb296e00 JavaThread "Unconstrained build operations Thread 86" [_thread_blocked, id=81459, stack(0x000070001ab83000,0x000070001ac83000)]
  0x00007faeed9c1400 JavaThread "Unconstrained build operations Thread 87" [_thread_blocked, id=100643, stack(0x000070001ac86000,0x000070001ad86000)]
  0x00007faeec16bc00 JavaThread "Unconstrained build operations Thread 88" [_thread_blocked, id=175939, stack(0x000070001ad89000,0x000070001ae89000)]
  0x00007faedb5afc00 JavaThread "Unconstrained build operations Thread 89" [_thread_blocked, id=217883, stack(0x000070001ae8c000,0x000070001af8c000)]
  0x00007faeeb24b000 JavaThread "Unconstrained build operations Thread 90" [_thread_blocked, id=80147, stack(0x000070001af8f000,0x000070001b08f000)]
  0x00007faeeb24a800 JavaThread "Unconstrained build operations Thread 91" [_thread_blocked, id=94259, stack(0x000070001b092000,0x000070001b192000)]
  0x00007faeeb24b600 JavaThread "Unconstrained build operations Thread 92" [_thread_blocked, id=68371, stack(0x000070001b195000,0x000070001b295000)]
  0x00007fae9d0e9a00 JavaThread "Unconstrained build operations Thread 93" [_thread_blocked, id=53795, stack(0x000070001b298000,0x000070001b398000)]
  0x00007fae8ca4ca00 JavaThread "Unconstrained build operations Thread 94" [_thread_blocked, id=56595, stack(0x000070001b39b000,0x000070001b49b000)]
  0x00007faeeb240400 JavaThread "Unconstrained build operations Thread 95" [_thread_blocked, id=138307, stack(0x000070001b49e000,0x000070001b59e000)]
  0x00007faeec17c600 JavaThread "Unconstrained build operations Thread 96" [_thread_blocked, id=73795, stack(0x000070001b5a1000,0x000070001b6a1000)]
  0x00007faebb315600 JavaThread "Unconstrained build operations Thread 97" [_thread_blocked, id=124723, stack(0x000070001b6a4000,0x000070001b7a4000)]
  0x00007faebb315c00 JavaThread "Unconstrained build operations Thread 98" [_thread_blocked, id=92739, stack(0x000070001b7a7000,0x000070001b8a7000)]
  0x00007faeec01ac00 JavaThread "Unconstrained build operations Thread 99" [_thread_blocked, id=108851, stack(0x000070001b8aa000,0x000070001b9aa000)]
  0x00007faeec13d200 JavaThread "Unconstrained build operations Thread 100" [_thread_blocked, id=136467, stack(0x000070001b9ad000,0x000070001baad000)]
  0x00007faeec01b200 JavaThread "Unconstrained build operations Thread 101" [_thread_blocked, id=88355, stack(0x000070001bab0000,0x000070001bbb0000)]
  0x00007faeec168c00 JavaThread "Unconstrained build operations Thread 102" [_thread_blocked, id=133651, stack(0x000070001bbb3000,0x000070001bcb3000)]
  0x00007faeed065e00 JavaThread "Unconstrained build operations Thread 103" [_thread_blocked, id=69207, stack(0x000070001bcb6000,0x000070001bdb6000)]
  0x00007faebc7ff600 JavaThread "Unconstrained build operations Thread 104" [_thread_blocked, id=70947, stack(0x000070001bdb9000,0x000070001beb9000)]
  0x00007faebc771e00 JavaThread "Unconstrained build operations Thread 105" [_thread_blocked, id=140851, stack(0x000070001bebc000,0x000070001bfbc000)]
  0x00007faedb27f400 JavaThread "Unconstrained build operations Thread 106" [_thread_blocked, id=38227, stack(0x000070001bfbf000,0x000070001c0bf000)]
  0x00007faedb267600 JavaThread "Unconstrained build operations Thread 107" [_thread_blocked, id=125987, stack(0x000070001c0c2000,0x000070001c1c2000)]
  0x00007faedb27fa00 JavaThread "Unconstrained build operations Thread 108" [_thread_blocked, id=73235, stack(0x000070001c1c5000,0x000070001c2c5000)]
  0x00007faedb267c00 JavaThread "Unconstrained build operations Thread 109" [_thread_blocked, id=79627, stack(0x000070001c2c8000,0x000070001c3c8000)]
  0x00007faebc772e00 JavaThread "Unconstrained build operations Thread 110" [_thread_blocked, id=58127, stack(0x000070001c3cb000,0x000070001c4cb000)]
  0x00007faedb268c00 JavaThread "Unconstrained build operations Thread 111" [_thread_blocked, id=148763, stack(0x000070001c6d4000,0x000070001c7d4000)]
  0x00007faeec169c00 JavaThread "C1 CompilerThread5" daemon [_thread_blocked, id=118067, stack(0x000070001c7d7000,0x000070001c8d7000)]
  0x00007faedb265400 JavaThread "C1 CompilerThread6" daemon [_thread_blocked, id=39191, stack(0x000070001c8da000,0x000070001c9da000)]
  0x00007faeec023600 JavaThread "C1 CompilerThread7" daemon [_thread_blocked, id=84239, stack(0x000070001d3fb000,0x000070001d4fb000)]
  0x00007faeec169200 JavaThread "C1 CompilerThread8" daemon [_thread_blocked, id=108315, stack(0x000070001d4fe000,0x000070001d5fe000)]
  0x00007faeeb240a00 JavaThread "C1 CompilerThread9" daemon [_thread_blocked, id=141095, stack(0x000070001d601000,0x000070001d701000)]
  0x00007faebbd11e00 JavaThread "C1 CompilerThread10" daemon [_thread_blocked, id=168463, stack(0x000070001d704000,0x000070001d804000)]
  0x00007fae9b01b600 JavaThread "C1 CompilerThread11" daemon [_thread_blocked, id=149779, stack(0x000070001d807000,0x000070001d907000)]
  0x00007faeeb244e00 JavaThread "Cache worker for execution history cache (/Users/juanprogramador/Trabajos/ticketTransfer/v2/apps/mobile/android/.gradle/8.6/executionHistory)" [_thread_blocked, id=100147, stack(0x000070001d90a000,0x000070001da0a000)]
  0x00007faedb5ba000 JavaThread "WorkerExecutor Queue" [_thread_blocked, id=115487, stack(0x000070001da0d000,0x000070001db0d000)]
  0x00007faebc7fe800 JavaThread "WorkerExecutor Queue Thread 2" [_thread_blocked, id=172315, stack(0x000070001db10000,0x000070001dc10000)]
  0x00007faeeb23b200 JavaThread "WorkerExecutor Queue Thread 3" [_thread_blocked, id=52239, stack(0x000070001dc13000,0x000070001dd13000)]
  0x00007faeed8a3e00 JavaThread "WorkerExecutor Queue Thread 4" [_thread_blocked, id=58407, stack(0x000070001dd16000,0x000070001de16000)]
  0x00007faebbd12400 JavaThread "WorkerExecutor Queue Thread 5" [_thread_blocked, id=52507, stack(0x000070001de19000,0x000070001df19000)]
  0x00007fae9d0f3000 JavaThread "WorkerExecutor Queue Thread 6" [_thread_blocked, id=139299, stack(0x000070001df1c000,0x000070001e01c000)]
  0x00007fae9d0f2a00 JavaThread "WorkerExecutor Queue Thread 7" [_thread_blocked, id=146959, stack(0x000070001e01f000,0x000070001e11f000)]
  0x00007faeed8a4400 JavaThread "WorkerExecutor Queue Thread 8" [_thread_blocked, id=167207, stack(0x000070001e122000,0x000070001e222000)]
  0x00007fae8bee0400 JavaThread "WorkerExecutor Queue Thread 9" [_thread_blocked, id=77595, stack(0x000070001e225000,0x000070001e325000)]
  0x00007faebc768600 JavaThread "WorkerExecutor Queue Thread 10" [_thread_blocked, id=153355, stack(0x000070001e328000,0x000070001e428000)]
  0x00007faeec025000 JavaThread "WorkerExecutor Queue Thread 11" [_thread_blocked, id=175115, stack(0x000070001e42b000,0x000070001e52b000)]
  0x00007faebc76b200 JavaThread "WorkerExecutor Queue Thread 12" [_thread_blocked, id=132915, stack(0x000070001e52e000,0x000070001e62e000)]
  0x00007faeed8a4a00 JavaThread "WorkerExecutor Queue Thread 13" [_thread_blocked, id=106767, stack(0x000070001e631000,0x000070001e731000)]
  0x00007faebbd12a00 JavaThread "WorkerExecutor Queue Thread 14" [_thread_blocked, id=130355, stack(0x000070001e734000,0x000070001e834000)]
  0x00007faebb82aa00 JavaThread "Unconstrained build operations Thread 112" [_thread_blocked, id=160579, stack(0x000070001e837000,0x000070001e937000)]
  0x00007fae9b01f200 JavaThread "Unconstrained build operations Thread 113" [_thread_blocked, id=50723, stack(0x000070001e93a000,0x000070001ea3a000)]
  0x00007faebc39a000 JavaThread "Unconstrained build operations Thread 114" [_thread_blocked, id=84067, stack(0x000070001ea3d000,0x000070001eb3d000)]
  0x00007faebb82b000 JavaThread "Unconstrained build operations Thread 115" [_thread_blocked, id=128019, stack(0x000070001eb40000,0x000070001ec40000)]
  0x00007faebc76da00 JavaThread "Unconstrained build operations Thread 116" [_thread_blocked, id=102171, stack(0x000070001ec43000,0x000070001ed43000)]
  0x00007fae9c00be00 JavaThread "Unconstrained build operations Thread 117" [_thread_blocked, id=117299, stack(0x000070001ed46000,0x000070001ee46000)]
  0x00007faebc76e000 JavaThread "Unconstrained build operations Thread 118" [_thread_blocked, id=55603, stack(0x000070001ee49000,0x000070001ef49000)]
  0x00007faebc76e600 JavaThread "Unconstrained build operations Thread 119" [_thread_blocked, id=77339, stack(0x000070001ef4c000,0x000070001f04c000)]
  0x00007fae8c32b000 JavaThread "Unconstrained build operations Thread 120" [_thread_blocked, id=112923, stack(0x000070001f04f000,0x000070001f14f000)]
  0x00007faebb297400 JavaThread "Unconstrained build operations Thread 121" [_thread_blocked, id=156427, stack(0x000070001f152000,0x000070001f252000)]
  0x00007faebb295c00 JavaThread "Unconstrained build operations Thread 122" [_thread_blocked, id=65587, stack(0x000070001f255000,0x000070001f355000)]
  0x00007fae9d5cca00 JavaThread "Unconstrained build operations Thread 123" [_thread_blocked, id=96819, stack(0x000070001f55e000,0x000070001f65e000)]
  0x00007faeec023c00 JavaThread "Unconstrained build operations Thread 124" [_thread_blocked, id=118287, stack(0x000070001f661000,0x000070001f761000)]
  0x00007fae8bee0a00 JavaThread "Unconstrained build operations Thread 125" [_thread_blocked, id=171559, stack(0x000070001f764000,0x000070001f864000)]
  0x00007fae9d0d7800 JavaThread "Unconstrained build operations Thread 126" [_thread_blocked, id=171315, stack(0x000070001f867000,0x000070001f967000)]
  0x00007faebbec9e00 JavaThread "WorkerExecutor Queue Thread 15" [_thread_blocked, id=71715, stack(0x000070001f96a000,0x000070001fa6a000)]
  0x00007faebc77c600 JavaThread "WorkerExecutor Queue Thread 16" [_thread_blocked, id=123651, stack(0x000070001fa6d000,0x000070001fb6d000)]

Other Threads:
  0x00007faedaf464a0 VMThread "VM Thread" [stack: 0x000070000eb1f000,0x000070000ec1f000] [id=18179]
  0x00007faeeb80da90 WatcherThread [stack: 0x000070000f643000,0x000070000f743000] [id=26371]
  0x00007faeebe150d0 GCTaskThread "GC Thread#0" [stack: 0x000070000e610000,0x000070000e710000] [id=12803]
  0x00007faeebb34550 GCTaskThread "GC Thread#1" [stack: 0x000070000f746000,0x000070000f846000] [id=26883]
  0x00007faebaf04080 GCTaskThread "GC Thread#2" [stack: 0x000070000f849000,0x000070000f949000] [id=43267]
  0x00007faeeb835fe0 GCTaskThread "GC Thread#3" [stack: 0x000070000f94c000,0x000070000fa4c000] [id=42755]
  0x00007faedaf59850 GCTaskThread "GC Thread#4" [stack: 0x000070000fa4f000,0x000070000fb4f000] [id=42243]
  0x00007faeeb836d00 GCTaskThread "GC Thread#5" [stack: 0x000070000fb52000,0x000070000fc52000] [id=33283]
  0x00007faedaf5a510 GCTaskThread "GC Thread#6" [stack: 0x000070000fc55000,0x000070000fd55000] [id=33539]
=>0x00007faeeb837a20 GCTaskThread "GC Thread#7" [stack: 0x000070000fd58000,0x000070000fe58000] [id=41731]
  0x00007faedaf5b1f0 GCTaskThread "GC Thread#8" [stack: 0x000070000fe5b000,0x000070000ff5b000] [id=41475]
  0x00007faedaf5bf10 GCTaskThread "GC Thread#9" [stack: 0x000070000ff5e000,0x000070001005e000] [id=34563]
  0x00007faedaf5cc30 GCTaskThread "GC Thread#10" [stack: 0x0000700010061000,0x0000700010161000] [id=40963]
  0x00007faeeb838740 GCTaskThread "GC Thread#11" [stack: 0x0000700010164000,0x0000700010264000] [id=35075]
  0x00007fae9b85e030 GCTaskThread "GC Thread#12" [stack: 0x00007000116a3000,0x00007000117a3000] [id=61955]
  0x00007faeebe15fa0 ConcurrentGCThread "G1 Main Marker" [stack: 0x000070000e713000,0x000070000e813000] [id=14339]
  0x00007faeebf0c9c0 ConcurrentGCThread "G1 Conc#0" [stack: 0x000070000e816000,0x000070000e916000] [id=13571]
  0x00007fae9b907e80 ConcurrentGCThread "G1 Conc#1" [stack: 0x00007000117a6000,0x00007000118a6000] [id=61443]
  0x00007fae9b908e30 ConcurrentGCThread "G1 Conc#2" [stack: 0x00007000118a9000,0x00007000119a9000] [id=61187]
  0x00007faedaf36be0 ConcurrentGCThread "G1 Refine#0" [stack: 0x000070000e919000,0x000070000ea19000] [id=16899]
  0x00007fae9c85c2c0 ConcurrentGCThread "G1 Refine#1" [stack: 0x0000700018717000,0x0000700018817000] [id=97795]
  0x00007faeeb906110 ConcurrentGCThread "G1 Refine#2" [stack: 0x000070001881a000,0x000070001891a000] [id=98563]
  0x00007faebc908060 ConcurrentGCThread "G1 Refine#3" [stack: 0x000070001c9dd000,0x000070001cadd000] [id=162067]
  0x00007faebca0b090 ConcurrentGCThread "G1 Refine#4" [stack: 0x000070001cae0000,0x000070001cbe0000] [id=129299]
  0x00007faebc90ac30 ConcurrentGCThread "G1 Refine#5" [stack: 0x000070001cbe3000,0x000070001cce3000] [id=53003]
  0x00007faeeb90bf30 ConcurrentGCThread "G1 Refine#6" [stack: 0x000070001cce6000,0x000070001cde6000] [id=172551]
  0x00007faeebc09ff0 ConcurrentGCThread "G1 Refine#7" [stack: 0x000070001cde9000,0x000070001cee9000] [id=143371]
  0x00007faeebc0a2e0 ConcurrentGCThread "G1 Refine#8" [stack: 0x000070001ceec000,0x000070001cfec000] [id=162323]
  0x00007fae9cfa7a90 ConcurrentGCThread "G1 Refine#9" [stack: 0x000070001cfef000,0x000070001d0ef000] [id=109319]
  0x00007fae9cfa7eb0 ConcurrentGCThread "G1 Refine#10" [stack: 0x000070001d0f2000,0x000070001d1f2000] [id=48651]
  0x00007faeeb90c220 ConcurrentGCThread "G1 Refine#11" [stack: 0x000070001d1f5000,0x000070001d2f5000] [id=148243]
  0x00007faedb805270 ConcurrentGCThread "G1 Refine#12" [stack: 0x000070001d2f8000,0x000070001d3f8000] [id=133135]
  0x00007faedaf37910 ConcurrentGCThread "G1 Service" [stack: 0x000070000ea1c000,0x000070000eb1c000] [id=21251]

Threads with active compile tasks:
C1 CompilerThread0  790153 27195       1       com.android.aapt.Resources$Reference::getSerializedSize (168 bytes)
C1 CompilerThread1  790153 27237       1       com.android.aaptcompiler.Style$Entry::getValue (5 bytes)
C1 CompilerThread2  790153 27241       1       com.android.aapt.Resources$Style$Entry$Builder::<init> (11 bytes)
C1 CompilerThread3  790153 27236       1       com.android.aapt.Resources$Reference$Builder::buildPartial0 (128 bytes)
C1 CompilerThread4  790153 27199       1       com.android.aapt.Resources$Type::getSerializedSize (111 bytes)
C1 CompilerThread5  790153 27218       1       com.google.protobuf.CodedOutputStream$AbstractBufferedEncoder::bufferUInt32NoTag (183 bytes)
C1 CompilerThread6  790153 27233       1       com.android.aapt.Resources$Reference$Builder::build (19 bytes)
C1 CompilerThread7  790153 27235       1       com.android.aapt.Resources$Reference::<init> (42 bytes)
C1 CompilerThread9  790153 27239       1       com.android.aapt.Resources$Style$Entry::newBuilder (7 bytes)
C1 CompilerThread10  790153 27240       1       com.android.aapt.Resources$Style$Entry::toBuilder (29 bytes)
C1 CompilerThread11  790154 27178       1       com.android.aapt.ConfigurationOuterClass$Configuration::writeTo (542 bytes)

VM state: at safepoint (normal execution)

VM Mutex/Monitor currently owned by a thread:  ([mutex/lock_event])
[0x00007faeebf08190] Threads_lock - owner thread: 0x00007faedaf464a0
[0x00007faeebf08e60] Heap_lock - owner thread: 0x00007fae8bee0400

Heap address: 0x0000000700000000, size: 4096 MB, Compressed Oops mode: Zero based, Oop shift amount: 3

CDS archive(s) mapped at: [0x000000012c000000-0x000000012cbf0000-0x000000012cbf0000), size 12517376, SharedBaseAddress: 0x000000012c000000, ArchiveRelocationMode: 1.
Compressed class space mapped at: 0x000000012d000000-0x0000000147000000, reserved size: 436207616
Narrow klass base: 0x000000012c000000, Narrow klass shift: 0, Narrow klass range: 0x100000000

GC Precious Log:
 CPUs: 16 total, 16 available
 Memory: 32768M
 Large Page Support: Disabled
 NUMA Support: Disabled
 Compressed Oops: Enabled (Zero based)
 Heap Region Size: 2M
 Heap Min Capacity: 8M
 Heap Initial Capacity: 512M
 Heap Max Capacity: 4G
 Pre-touch: Disabled
 Parallel Workers: 13
 Concurrent Workers: 3
 Concurrent Refinement Workers: 13
 Periodic GC: Disabled

Heap:
 garbage-first heap   total 749568K, used 626661K [0x0000000700000000, 0x0000000800000000)
  region size 2048K, 46 young (94208K), 5 survivors (10240K)
 Metaspace       used 109668K, committed 111872K, reserved 557056K
  class space    used 16582K, committed 17600K, reserved 425984K

Heap Regions: E=young(eden), S=young(survivor), O=old, HS=humongous(starts), HC=humongous(continues), CS=collection set, F=free, OA=open archive, CA=closed archive, TAMS=top-at-mark-start (previous, next)
|   0|0x0000000700000000, 0x0000000700200000, 0x0000000700200000|100%|HS|  |TAMS 0x0000000700200000, 0x0000000700000000| Complete 
|   1|0x0000000700200000, 0x0000000700400000, 0x0000000700400000|100%|HC|  |TAMS 0x0000000700400000, 0x0000000700200000| Complete 
|   2|0x0000000700400000, 0x0000000700600000, 0x0000000700600000|100%| O|  |TAMS 0x0000000700600000, 0x0000000700400000| Untracked 
|   3|0x0000000700600000, 0x0000000700800000, 0x0000000700800000|100%| O|  |TAMS 0x0000000700800000, 0x0000000700600000| Untracked 
|   4|0x0000000700800000, 0x00000007009f9800, 0x0000000700a00000| 98%| O|  |TAMS 0x00000007009f9800, 0x0000000700800000| Untracked 
|   5|0x0000000700a00000, 0x0000000700c00000, 0x0000000700c00000|100%| O|  |TAMS 0x0000000700c00000, 0x0000000700a00000| Untracked 
|   6|0x0000000700c00000, 0x0000000700e00000, 0x0000000700e00000|100%| O|  |TAMS 0x0000000700e00000, 0x0000000700c00000| Untracked 
|   7|0x0000000700e00000, 0x0000000701000000, 0x0000000701000000|100%| O|  |TAMS 0x0000000701000000, 0x0000000700e00000| Untracked 
|   8|0x0000000701000000, 0x0000000701200000, 0x0000000701200000|100%| O|  |TAMS 0x0000000701200000, 0x0000000701000000| Untracked 
|   9|0x0000000701200000, 0x0000000701400000, 0x0000000701400000|100%| O|  |TAMS 0x0000000701400000, 0x0000000701200000| Untracked 
|  10|0x0000000701400000, 0x0000000701600000, 0x0000000701600000|100%| O|  |TAMS 0x0000000701600000, 0x0000000701400000| Untracked 
|  11|0x0000000701600000, 0x0000000701800000, 0x0000000701800000|100%|HS|  |TAMS 0x0000000701800000, 0x0000000701600000| Complete 
|  12|0x0000000701800000, 0x0000000701a00000, 0x0000000701a00000|100%| O|  |TAMS 0x0000000701a00000, 0x0000000701800000| Untracked 
|  13|0x0000000701a00000, 0x0000000701c00000, 0x0000000701c00000|100%| O|  |TAMS 0x0000000701c00000, 0x0000000701a00000| Untracked 
|  14|0x0000000701c00000, 0x0000000701e00000, 0x0000000701e00000|100%| O|  |TAMS 0x0000000701e00000, 0x0000000701c00000| Untracked 
|  15|0x0000000701e00000, 0x0000000702000000, 0x0000000702000000|100%|HS|  |TAMS 0x0000000702000000, 0x0000000701e00000| Complete 
|  16|0x0000000702000000, 0x0000000702200000, 0x0000000702200000|100%| O|  |TAMS 0x0000000702200000, 0x0000000702000000| Untracked 
|  17|0x0000000702200000, 0x0000000702400000, 0x0000000702400000|100%| O|  |TAMS 0x0000000702400000, 0x0000000702200000| Untracked 
|  18|0x0000000702400000, 0x0000000702600000, 0x0000000702600000|100%|HS|  |TAMS 0x0000000702600000, 0x0000000702400000| Complete 
|  19|0x0000000702600000, 0x0000000702800000, 0x0000000702800000|100%|HS|  |TAMS 0x0000000702800000, 0x0000000702600000| Complete 
|  20|0x0000000702800000, 0x0000000702a00000, 0x0000000702a00000|100%|HC|  |TAMS 0x0000000702a00000, 0x0000000702800000| Complete 
|  21|0x0000000702a00000, 0x0000000702c00000, 0x0000000702c00000|100%| O|  |TAMS 0x0000000702c00000, 0x0000000702a00000| Untracked 
|  22|0x0000000702c00000, 0x0000000702e00000, 0x0000000702e00000|100%| O|  |TAMS 0x0000000702e00000, 0x0000000702c00000| Untracked 
|  23|0x0000000702e00000, 0x0000000703000000, 0x0000000703000000|100%| O|  |TAMS 0x0000000703000000, 0x0000000702e00000| Untracked 
|  24|0x0000000703000000, 0x0000000703200000, 0x0000000703200000|100%|HS|  |TAMS 0x0000000703200000, 0x0000000703000000| Complete 
|  25|0x0000000703200000, 0x0000000703400000, 0x0000000703400000|100%|HC|  |TAMS 0x0000000703400000, 0x0000000703200000| Complete 
|  26|0x0000000703400000, 0x00000007035ba600, 0x0000000703600000| 86%| O|  |TAMS 0x00000007035ba600, 0x0000000703400000| Untracked 
|  27|0x0000000703600000, 0x0000000703800000, 0x0000000703800000|100%| O|  |TAMS 0x0000000703800000, 0x0000000703600000| Untracked 
|  28|0x0000000703800000, 0x0000000703a00000, 0x0000000703a00000|100%| O|  |TAMS 0x0000000703a00000, 0x0000000703800000| Untracked 
|  29|0x0000000703a00000, 0x0000000703c00000, 0x0000000703c00000|100%| O|  |TAMS 0x0000000703c00000, 0x0000000703a00000| Untracked 
|  30|0x0000000703c00000, 0x0000000703e00000, 0x0000000703e00000|100%| O|  |TAMS 0x0000000703e00000, 0x0000000703c00000| Untracked 
|  31|0x0000000703e00000, 0x0000000704000000, 0x0000000704000000|100%| O|  |TAMS 0x0000000704000000, 0x0000000703e00000| Untracked 
|  32|0x0000000704000000, 0x0000000704200000, 0x0000000704200000|100%| O|  |TAMS 0x0000000704200000, 0x0000000704000000| Untracked 
|  33|0x0000000704200000, 0x0000000704400000, 0x0000000704400000|100%| O|  |TAMS 0x0000000704400000, 0x0000000704200000| Untracked 
|  34|0x0000000704400000, 0x0000000704600000, 0x0000000704600000|100%| O|  |TAMS 0x0000000704600000, 0x0000000704400000| Untracked 
|  35|0x0000000704600000, 0x0000000704800000, 0x0000000704800000|100%| O|  |TAMS 0x0000000704800000, 0x0000000704600000| Untracked 
|  36|0x0000000704800000, 0x0000000704a00000, 0x0000000704a00000|100%| O|  |TAMS 0x0000000704800000, 0x0000000704800000| Untracked 
|  37|0x0000000704a00000, 0x0000000704c00000, 0x0000000704c00000|100%| O|  |TAMS 0x0000000704c00000, 0x0000000704a00000| Untracked 
|  38|0x0000000704c00000, 0x0000000704e00000, 0x0000000704e00000|100%| O|  |TAMS 0x0000000704e00000, 0x0000000704c00000| Untracked 
|  39|0x0000000704e00000, 0x0000000705000000, 0x0000000705000000|100%| O|  |TAMS 0x0000000705000000, 0x0000000704e00000| Untracked 
|  40|0x0000000705000000, 0x0000000705200000, 0x0000000705200000|100%| O|  |TAMS 0x0000000705200000, 0x0000000705000000| Untracked 
|  41|0x0000000705200000, 0x0000000705400000, 0x0000000705400000|100%| O|  |TAMS 0x0000000705400000, 0x0000000705200000| Untracked 
|  42|0x0000000705400000, 0x0000000705600000, 0x0000000705600000|100%| O|  |TAMS 0x0000000705600000, 0x0000000705400000| Untracked 
|  43|0x0000000705600000, 0x0000000705800000, 0x0000000705800000|100%| O|  |TAMS 0x0000000705800000, 0x0000000705600000| Untracked 
|  44|0x0000000705800000, 0x0000000705a00000, 0x0000000705a00000|100%| O|  |TAMS 0x0000000705a00000, 0x0000000705800000| Untracked 
|  45|0x0000000705a00000, 0x0000000705c00000, 0x0000000705c00000|100%| O|  |TAMS 0x0000000705c00000, 0x0000000705a00000| Untracked 
|  46|0x0000000705c00000, 0x0000000705e00000, 0x0000000705e00000|100%| O|  |TAMS 0x0000000705e00000, 0x0000000705c00000| Untracked 
|  47|0x0000000705e00000, 0x0000000706000000, 0x0000000706000000|100%| O|  |TAMS 0x0000000706000000, 0x0000000705e00000| Untracked 
|  48|0x0000000706000000, 0x0000000706200000, 0x0000000706200000|100%| O|  |TAMS 0x0000000706200000, 0x0000000706000000| Untracked 
|  49|0x0000000706200000, 0x0000000706400000, 0x0000000706400000|100%| O|  |TAMS 0x0000000706400000, 0x0000000706200000| Untracked 
|  50|0x0000000706400000, 0x0000000706600000, 0x0000000706600000|100%| O|  |TAMS 0x0000000706600000, 0x0000000706400000| Untracked 
|  51|0x0000000706600000, 0x0000000706800000, 0x0000000706800000|100%| O|  |TAMS 0x0000000706800000, 0x0000000706600000| Untracked 
|  52|0x0000000706800000, 0x0000000706a00000, 0x0000000706a00000|100%| O|  |TAMS 0x0000000706a00000, 0x0000000706800000| Untracked 
|  53|0x0000000706a00000, 0x0000000706c00000, 0x0000000706c00000|100%| O|  |TAMS 0x0000000706c00000, 0x0000000706a00000| Untracked 
|  54|0x0000000706c00000, 0x0000000706e00000, 0x0000000706e00000|100%| O|  |TAMS 0x0000000706e00000, 0x0000000706c00000| Untracked 
|  55|0x0000000706e00000, 0x0000000707000000, 0x0000000707000000|100%| O|  |TAMS 0x0000000707000000, 0x0000000706e00000| Untracked 
|  56|0x0000000707000000, 0x0000000707200000, 0x0000000707200000|100%| O|  |TAMS 0x0000000707200000, 0x0000000707000000| Untracked 
|  57|0x0000000707200000, 0x0000000707400000, 0x0000000707400000|100%| O|  |TAMS 0x0000000707400000, 0x0000000707200000| Untracked 
|  58|0x0000000707400000, 0x0000000707600000, 0x0000000707600000|100%| O|  |TAMS 0x0000000707600000, 0x0000000707400000| Untracked 
|  59|0x0000000707600000, 0x0000000707800000, 0x0000000707800000|100%| O|  |TAMS 0x0000000707800000, 0x0000000707600000| Untracked 
|  60|0x0000000707800000, 0x0000000707a00000, 0x0000000707a00000|100%| O|  |TAMS 0x0000000707a00000, 0x0000000707800000| Untracked 
|  61|0x0000000707a00000, 0x0000000707c00000, 0x0000000707c00000|100%| O|  |TAMS 0x0000000707c00000, 0x0000000707a00000| Untracked 
|  62|0x0000000707c00000, 0x0000000707e00000, 0x0000000707e00000|100%| O|  |TAMS 0x0000000707e00000, 0x0000000707c00000| Untracked 
|  63|0x0000000707e00000, 0x0000000708000000, 0x0000000708000000|100%| O|  |TAMS 0x0000000708000000, 0x0000000707e00000| Untracked 
|  64|0x0000000708000000, 0x0000000708200000, 0x0000000708200000|100%| O|  |TAMS 0x0000000708200000, 0x0000000708000000| Untracked 
|  65|0x0000000708200000, 0x0000000708400000, 0x0000000708400000|100%| O|  |TAMS 0x0000000708200000, 0x0000000708200000| Untracked 
|  66|0x0000000708400000, 0x0000000708600000, 0x0000000708600000|100%| O|  |TAMS 0x0000000708600000, 0x0000000708400000| Untracked 
|  67|0x0000000708600000, 0x0000000708800000, 0x0000000708800000|100%| O|  |TAMS 0x0000000708800000, 0x0000000708600000| Untracked 
|  68|0x0000000708800000, 0x0000000708a00000, 0x0000000708a00000|100%| O|  |TAMS 0x0000000708a00000, 0x0000000708800000| Untracked 
|  69|0x0000000708a00000, 0x0000000708c00000, 0x0000000708c00000|100%| O|  |TAMS 0x0000000708c00000, 0x0000000708a00000| Untracked 
|  70|0x0000000708c00000, 0x0000000708e00000, 0x0000000708e00000|100%| O|  |TAMS 0x0000000708e00000, 0x0000000708c00000| Untracked 
|  71|0x0000000708e00000, 0x0000000709000000, 0x0000000709000000|100%| O|  |TAMS 0x0000000709000000, 0x0000000708e00000| Untracked 
|  72|0x0000000709000000, 0x0000000709200000, 0x0000000709200000|100%| O|  |TAMS 0x0000000709200000, 0x0000000709000000| Untracked 
|  73|0x0000000709200000, 0x0000000709400000, 0x0000000709400000|100%| O|  |TAMS 0x0000000709200000, 0x0000000709200000| Untracked 
|  74|0x0000000709400000, 0x0000000709600000, 0x0000000709600000|100%| O|  |TAMS 0x0000000709600000, 0x0000000709400000| Untracked 
|  75|0x0000000709600000, 0x0000000709800000, 0x0000000709800000|100%| O|  |TAMS 0x0000000709800000, 0x0000000709600000| Untracked 
|  76|0x0000000709800000, 0x0000000709a00000, 0x0000000709a00000|100%| O|  |TAMS 0x0000000709a00000, 0x0000000709800000| Untracked 
|  77|0x0000000709a00000, 0x0000000709c00000, 0x0000000709c00000|100%| O|  |TAMS 0x0000000709c00000, 0x0000000709a00000| Untracked 
|  78|0x0000000709c00000, 0x0000000709e00000, 0x0000000709e00000|100%| O|  |TAMS 0x0000000709e00000, 0x0000000709c00000| Untracked 
|  79|0x0000000709e00000, 0x000000070a000000, 0x000000070a000000|100%| O|  |TAMS 0x000000070a000000, 0x0000000709e00000| Untracked 
|  80|0x000000070a000000, 0x000000070a200000, 0x000000070a200000|100%| O|  |TAMS 0x000000070a200000, 0x000000070a000000| Untracked 
|  81|0x000000070a200000, 0x000000070a400000, 0x000000070a400000|100%| O|  |TAMS 0x000000070a400000, 0x000000070a200000| Untracked 
|  82|0x000000070a400000, 0x000000070a600000, 0x000000070a600000|100%| O|  |TAMS 0x000000070a600000, 0x000000070a400000| Untracked 
|  83|0x000000070a600000, 0x000000070a800000, 0x000000070a800000|100%| O|  |TAMS 0x000000070a800000, 0x000000070a600000| Untracked 
|  84|0x000000070a800000, 0x000000070aa00000, 0x000000070aa00000|100%| O|  |TAMS 0x000000070aa00000, 0x000000070a800000| Untracked 
|  85|0x000000070aa00000, 0x000000070ac00000, 0x000000070ac00000|100%| O|  |TAMS 0x000000070ac00000, 0x000000070aa00000| Untracked 
|  86|0x000000070ac00000, 0x000000070ae00000, 0x000000070ae00000|100%| O|  |TAMS 0x000000070ac1ee00, 0x000000070ac00000| Untracked 
|  87|0x000000070ae00000, 0x000000070b000000, 0x000000070b000000|100%| O|  |TAMS 0x000000070ae00000, 0x000000070ae00000| Untracked 
|  88|0x000000070b000000, 0x000000070b200000, 0x000000070b200000|100%| O|  |TAMS 0x000000070b000000, 0x000000070b000000| Untracked 
|  89|0x000000070b200000, 0x000000070b400000, 0x000000070b400000|100%| O|  |TAMS 0x000000070b200000, 0x000000070b200000| Untracked 
|  90|0x000000070b400000, 0x000000070b600000, 0x000000070b600000|100%| O|  |TAMS 0x000000070b400000, 0x000000070b400000| Untracked 
|  91|0x000000070b600000, 0x000000070b800000, 0x000000070b800000|100%| O|  |TAMS 0x000000070b600000, 0x000000070b600000| Untracked 
|  92|0x000000070b800000, 0x000000070ba00000, 0x000000070ba00000|100%| O|  |TAMS 0x000000070b800000, 0x000000070b800000| Untracked 
|  93|0x000000070ba00000, 0x000000070bc00000, 0x000000070bc00000|100%| O|  |TAMS 0x000000070ba00000, 0x000000070ba00000| Untracked 
|  94|0x000000070bc00000, 0x000000070be00000, 0x000000070be00000|100%| O|  |TAMS 0x000000070bc00000, 0x000000070bc00000| Untracked 
|  95|0x000000070be00000, 0x000000070c000000, 0x000000070c000000|100%| O|  |TAMS 0x000000070be00000, 0x000000070be00000| Untracked 
|  96|0x000000070c000000, 0x000000070c200000, 0x000000070c200000|100%| O|  |TAMS 0x000000070c000000, 0x000000070c000000| Untracked 
|  97|0x000000070c200000, 0x000000070c400000, 0x000000070c400000|100%| O|  |TAMS 0x000000070c200000, 0x000000070c200000| Untracked 
|  98|0x000000070c400000, 0x000000070c600000, 0x000000070c600000|100%| O|  |TAMS 0x000000070c400000, 0x000000070c400000| Untracked 
|  99|0x000000070c600000, 0x000000070c800000, 0x000000070c800000|100%| O|  |TAMS 0x000000070c600000, 0x000000070c600000| Untracked 
| 100|0x000000070c800000, 0x000000070ca00000, 0x000000070ca00000|100%| O|  |TAMS 0x000000070c800000, 0x000000070c800000| Untracked 
| 101|0x000000070ca00000, 0x000000070cc00000, 0x000000070cc00000|100%| O|  |TAMS 0x000000070ca00000, 0x000000070ca00000| Untracked 
| 102|0x000000070cc00000, 0x000000070ce00000, 0x000000070ce00000|100%| O|  |TAMS 0x000000070cc00000, 0x000000070cc00000| Untracked 
| 103|0x000000070ce00000, 0x000000070d000000, 0x000000070d000000|100%| O|  |TAMS 0x000000070ce00000, 0x000000070ce00000| Untracked 
| 104|0x000000070d000000, 0x000000070d200000, 0x000000070d200000|100%| O|  |TAMS 0x000000070d000000, 0x000000070d000000| Untracked 
| 105|0x000000070d200000, 0x000000070d400000, 0x000000070d400000|100%| O|  |TAMS 0x000000070d200000, 0x000000070d200000| Untracked 
| 106|0x000000070d400000, 0x000000070d600000, 0x000000070d600000|100%| O|  |TAMS 0x000000070d400000, 0x000000070d400000| Untracked 
| 107|0x000000070d600000, 0x000000070d800000, 0x000000070d800000|100%| O|  |TAMS 0x000000070d600000, 0x000000070d600000| Untracked 
| 108|0x000000070d800000, 0x000000070da00000, 0x000000070da00000|100%| O|  |TAMS 0x000000070d800000, 0x000000070d800000| Untracked 
| 109|0x000000070da00000, 0x000000070dc00000, 0x000000070dc00000|100%| O|  |TAMS 0x000000070da00000, 0x000000070da00000| Untracked 
| 110|0x000000070dc00000, 0x000000070de00000, 0x000000070de00000|100%| O|  |TAMS 0x000000070dc00000, 0x000000070dc00000| Untracked 
| 111|0x000000070de00000, 0x000000070e000000, 0x000000070e000000|100%| O|  |TAMS 0x000000070de00000, 0x000000070de00000| Untracked 
| 112|0x000000070e000000, 0x000000070e200000, 0x000000070e200000|100%| O|  |TAMS 0x000000070e000000, 0x000000070e000000| Untracked 
| 113|0x000000070e200000, 0x000000070e400000, 0x000000070e400000|100%| O|  |TAMS 0x000000070e200000, 0x000000070e200000| Untracked 
| 114|0x000000070e400000, 0x000000070e600000, 0x000000070e600000|100%| O|  |TAMS 0x000000070e400000, 0x000000070e400000| Untracked 
| 115|0x000000070e600000, 0x000000070e800000, 0x000000070e800000|100%| O|  |TAMS 0x000000070e600000, 0x000000070e600000| Untracked 
| 116|0x000000070e800000, 0x000000070ea00000, 0x000000070ea00000|100%| O|  |TAMS 0x000000070e800000, 0x000000070e800000| Untracked 
| 117|0x000000070ea00000, 0x000000070ec00000, 0x000000070ec00000|100%| O|  |TAMS 0x000000070ea00000, 0x000000070ea00000| Untracked 
| 118|0x000000070ec00000, 0x000000070ee00000, 0x000000070ee00000|100%| O|  |TAMS 0x000000070ec00000, 0x000000070ec00000| Untracked 
| 119|0x000000070ee00000, 0x000000070f000000, 0x000000070f000000|100%| O|  |TAMS 0x000000070ee00000, 0x000000070ee00000| Untracked 
| 120|0x000000070f000000, 0x000000070f200000, 0x000000070f200000|100%| O|  |TAMS 0x000000070f000000, 0x000000070f000000| Untracked 
| 121|0x000000070f200000, 0x000000070f400000, 0x000000070f400000|100%| O|  |TAMS 0x000000070f200000, 0x000000070f200000| Untracked 
| 122|0x000000070f400000, 0x000000070f600000, 0x000000070f600000|100%| O|  |TAMS 0x000000070f400000, 0x000000070f400000| Untracked 
| 123|0x000000070f600000, 0x000000070f800000, 0x000000070f800000|100%| O|  |TAMS 0x000000070f600000, 0x000000070f600000| Untracked 
| 124|0x000000070f800000, 0x000000070fa00000, 0x000000070fa00000|100%| O|  |TAMS 0x000000070f800000, 0x000000070f800000| Untracked 
| 125|0x000000070fa00000, 0x000000070fc00000, 0x000000070fc00000|100%| O|  |TAMS 0x000000070fa00000, 0x000000070fa00000| Untracked 
| 126|0x000000070fc00000, 0x000000070fe00000, 0x000000070fe00000|100%| O|  |TAMS 0x000000070fc00000, 0x000000070fc00000| Untracked 
| 127|0x000000070fe00000, 0x0000000710000000, 0x0000000710000000|100%| O|  |TAMS 0x000000070fe00000, 0x000000070fe00000| Untracked 
| 128|0x0000000710000000, 0x0000000710200000, 0x0000000710200000|100%| O|  |TAMS 0x0000000710000000, 0x0000000710000000| Untracked 
| 129|0x0000000710200000, 0x0000000710400000, 0x0000000710400000|100%| O|  |TAMS 0x0000000710200000, 0x0000000710200000| Untracked 
| 130|0x0000000710400000, 0x0000000710600000, 0x0000000710600000|100%| O|  |TAMS 0x0000000710400000, 0x0000000710400000| Untracked 
| 131|0x0000000710600000, 0x0000000710800000, 0x0000000710800000|100%| O|  |TAMS 0x0000000710600000, 0x0000000710600000| Untracked 
| 132|0x0000000710800000, 0x0000000710a00000, 0x0000000710a00000|100%| O|  |TAMS 0x0000000710800000, 0x0000000710800000| Untracked 
| 133|0x0000000710a00000, 0x0000000710c00000, 0x0000000710c00000|100%| O|  |TAMS 0x0000000710a00000, 0x0000000710a00000| Untracked 
| 134|0x0000000710c00000, 0x0000000710e00000, 0x0000000710e00000|100%| O|  |TAMS 0x0000000710c00000, 0x0000000710c00000| Untracked 
| 135|0x0000000710e00000, 0x0000000711000000, 0x0000000711000000|100%| O|  |TAMS 0x0000000710e00000, 0x0000000710e00000| Untracked 
| 136|0x0000000711000000, 0x0000000711200000, 0x0000000711200000|100%| O|  |TAMS 0x0000000711000000, 0x0000000711000000| Untracked 
| 137|0x0000000711200000, 0x0000000711400000, 0x0000000711400000|100%| O|  |TAMS 0x0000000711200000, 0x0000000711200000| Untracked 
| 138|0x0000000711400000, 0x0000000711600000, 0x0000000711600000|100%| O|  |TAMS 0x0000000711400000, 0x0000000711400000| Untracked 
| 139|0x0000000711600000, 0x0000000711800000, 0x0000000711800000|100%| O|  |TAMS 0x0000000711600000, 0x0000000711600000| Untracked 
| 140|0x0000000711800000, 0x0000000711a00000, 0x0000000711a00000|100%| O|  |TAMS 0x0000000711800000, 0x0000000711800000| Untracked 
| 141|0x0000000711a00000, 0x0000000711c00000, 0x0000000711c00000|100%| O|  |TAMS 0x0000000711a00000, 0x0000000711a00000| Untracked 
| 142|0x0000000711c00000, 0x0000000711e00000, 0x0000000711e00000|100%| O|  |TAMS 0x0000000711c00000, 0x0000000711c00000| Untracked 
| 143|0x0000000711e00000, 0x0000000712000000, 0x0000000712000000|100%| O|  |TAMS 0x0000000711e00000, 0x0000000711e00000| Untracked 
| 144|0x0000000712000000, 0x0000000712200000, 0x0000000712200000|100%| O|  |TAMS 0x0000000712000000, 0x0000000712000000| Untracked 
| 145|0x0000000712200000, 0x0000000712400000, 0x0000000712400000|100%| O|  |TAMS 0x0000000712200000, 0x0000000712200000| Untracked 
| 146|0x0000000712400000, 0x0000000712600000, 0x0000000712600000|100%| O|  |TAMS 0x0000000712400000, 0x0000000712400000| Untracked 
| 147|0x0000000712600000, 0x0000000712800000, 0x0000000712800000|100%| O|  |TAMS 0x0000000712600000, 0x0000000712600000| Untracked 
| 148|0x0000000712800000, 0x0000000712a00000, 0x0000000712a00000|100%| O|  |TAMS 0x0000000712800000, 0x0000000712800000| Untracked 
| 149|0x0000000712a00000, 0x0000000712c00000, 0x0000000712c00000|100%| O|  |TAMS 0x0000000712a00000, 0x0000000712a00000| Untracked 
| 150|0x0000000712c00000, 0x0000000712e00000, 0x0000000712e00000|100%| O|  |TAMS 0x0000000712c00000, 0x0000000712c00000| Untracked 
| 151|0x0000000712e00000, 0x0000000713000000, 0x0000000713000000|100%| O|  |TAMS 0x0000000712e00000, 0x0000000712e00000| Untracked 
| 152|0x0000000713000000, 0x0000000713200000, 0x0000000713200000|100%| O|  |TAMS 0x0000000713000000, 0x0000000713000000| Untracked 
| 153|0x0000000713200000, 0x0000000713400000, 0x0000000713400000|100%| O|  |TAMS 0x0000000713200000, 0x0000000713200000| Untracked 
| 154|0x0000000713400000, 0x0000000713600000, 0x0000000713600000|100%| O|  |TAMS 0x0000000713400000, 0x0000000713400000| Untracked 
| 155|0x0000000713600000, 0x0000000713800000, 0x0000000713800000|100%| O|  |TAMS 0x0000000713600000, 0x0000000713600000| Untracked 
| 156|0x0000000713800000, 0x0000000713a00000, 0x0000000713a00000|100%| O|  |TAMS 0x0000000713800000, 0x0000000713800000| Untracked 
| 157|0x0000000713a00000, 0x0000000713c00000, 0x0000000713c00000|100%| O|  |TAMS 0x0000000713a00000, 0x0000000713a00000| Untracked 
| 158|0x0000000713c00000, 0x0000000713e00000, 0x0000000713e00000|100%| O|  |TAMS 0x0000000713c00000, 0x0000000713c00000| Untracked 
| 159|0x0000000713e00000, 0x0000000714000000, 0x0000000714000000|100%| O|  |TAMS 0x0000000713e00000, 0x0000000713e00000| Untracked 
| 160|0x0000000714000000, 0x0000000714200000, 0x0000000714200000|100%| O|  |TAMS 0x0000000714000000, 0x0000000714000000| Untracked 
| 161|0x0000000714200000, 0x0000000714400000, 0x0000000714400000|100%| O|  |TAMS 0x0000000714200000, 0x0000000714200000| Untracked 
| 162|0x0000000714400000, 0x0000000714600000, 0x0000000714600000|100%| O|  |TAMS 0x0000000714400000, 0x0000000714400000| Untracked 
| 163|0x0000000714600000, 0x0000000714800000, 0x0000000714800000|100%| O|  |TAMS 0x0000000714600000, 0x0000000714600000| Untracked 
| 164|0x0000000714800000, 0x0000000714a00000, 0x0000000714a00000|100%| O|  |TAMS 0x0000000714800000, 0x0000000714800000| Untracked 
| 165|0x0000000714a00000, 0x0000000714c00000, 0x0000000714c00000|100%| O|  |TAMS 0x0000000714a00000, 0x0000000714a00000| Untracked 
| 166|0x0000000714c00000, 0x0000000714e00000, 0x0000000714e00000|100%| O|  |TAMS 0x0000000714c00000, 0x0000000714c00000| Untracked 
| 167|0x0000000714e00000, 0x0000000715000000, 0x0000000715000000|100%| O|  |TAMS 0x0000000714e00000, 0x0000000714e00000| Untracked 
| 168|0x0000000715000000, 0x0000000715200000, 0x0000000715200000|100%| O|  |TAMS 0x0000000715000000, 0x0000000715000000| Untracked 
| 169|0x0000000715200000, 0x0000000715400000, 0x0000000715400000|100%| O|  |TAMS 0x0000000715200000, 0x0000000715200000| Untracked 
| 170|0x0000000715400000, 0x0000000715600000, 0x0000000715600000|100%| O|  |TAMS 0x0000000715400000, 0x0000000715400000| Untracked 
| 171|0x0000000715600000, 0x0000000715800000, 0x0000000715800000|100%| O|  |TAMS 0x0000000715600000, 0x0000000715600000| Untracked 
| 172|0x0000000715800000, 0x0000000715a00000, 0x0000000715a00000|100%| O|  |TAMS 0x0000000715800000, 0x0000000715800000| Untracked 
| 173|0x0000000715a00000, 0x0000000715c00000, 0x0000000715c00000|100%| O|  |TAMS 0x0000000715a00000, 0x0000000715a00000| Untracked 
| 174|0x0000000715c00000, 0x0000000715e00000, 0x0000000715e00000|100%| O|  |TAMS 0x0000000715c00000, 0x0000000715c00000| Untracked 
| 175|0x0000000715e00000, 0x0000000716000000, 0x0000000716000000|100%| O|  |TAMS 0x0000000715e00000, 0x0000000715e00000| Untracked 
| 176|0x0000000716000000, 0x0000000716200000, 0x0000000716200000|100%| O|  |TAMS 0x0000000716000000, 0x0000000716000000| Untracked 
| 177|0x0000000716200000, 0x0000000716400000, 0x0000000716400000|100%| O|  |TAMS 0x0000000716200000, 0x0000000716200000| Untracked 
| 178|0x0000000716400000, 0x0000000716600000, 0x0000000716600000|100%| O|  |TAMS 0x0000000716400000, 0x0000000716400000| Untracked 
| 179|0x0000000716600000, 0x0000000716800000, 0x0000000716800000|100%| O|  |TAMS 0x0000000716600000, 0x0000000716600000| Untracked 
| 180|0x0000000716800000, 0x0000000716a00000, 0x0000000716a00000|100%| O|  |TAMS 0x0000000716800000, 0x0000000716800000| Untracked 
| 181|0x0000000716a00000, 0x0000000716c00000, 0x0000000716c00000|100%| O|  |TAMS 0x0000000716a00000, 0x0000000716a00000| Untracked 
| 182|0x0000000716c00000, 0x0000000716e00000, 0x0000000716e00000|100%| O|  |TAMS 0x0000000716c00000, 0x0000000716c00000| Untracked 
| 183|0x0000000716e00000, 0x0000000717000000, 0x0000000717000000|100%| O|  |TAMS 0x0000000716e00000, 0x0000000716e00000| Untracked 
| 184|0x0000000717000000, 0x0000000717200000, 0x0000000717200000|100%| O|  |TAMS 0x0000000717000000, 0x0000000717000000| Untracked 
| 185|0x0000000717200000, 0x0000000717400000, 0x0000000717400000|100%| O|  |TAMS 0x0000000717200000, 0x0000000717200000| Untracked 
| 186|0x0000000717400000, 0x0000000717600000, 0x0000000717600000|100%| O|  |TAMS 0x0000000717400000, 0x0000000717400000| Untracked 
| 187|0x0000000717600000, 0x0000000717800000, 0x0000000717800000|100%| O|  |TAMS 0x0000000717600000, 0x0000000717600000| Untracked 
| 188|0x0000000717800000, 0x0000000717a00000, 0x0000000717a00000|100%| O|  |TAMS 0x0000000717800000, 0x0000000717800000| Untracked 
| 189|0x0000000717a00000, 0x0000000717c00000, 0x0000000717c00000|100%| O|  |TAMS 0x0000000717a00000, 0x0000000717a00000| Untracked 
| 190|0x0000000717c00000, 0x0000000717e00000, 0x0000000717e00000|100%| O|  |TAMS 0x0000000717c00000, 0x0000000717c00000| Untracked 
| 191|0x0000000717e00000, 0x0000000718000000, 0x0000000718000000|100%| O|  |TAMS 0x0000000717e00000, 0x0000000717e00000| Untracked 
| 192|0x0000000718000000, 0x0000000718200000, 0x0000000718200000|100%| O|  |TAMS 0x0000000718000000, 0x0000000718000000| Untracked 
| 193|0x0000000718200000, 0x0000000718400000, 0x0000000718400000|100%| O|  |TAMS 0x0000000718200000, 0x0000000718200000| Untracked 
| 194|0x0000000718400000, 0x0000000718600000, 0x0000000718600000|100%| O|  |TAMS 0x0000000718400000, 0x0000000718400000| Untracked 
| 195|0x0000000718600000, 0x0000000718800000, 0x0000000718800000|100%| O|  |TAMS 0x0000000718600000, 0x0000000718600000| Untracked 
| 196|0x0000000718800000, 0x0000000718a00000, 0x0000000718a00000|100%| O|  |TAMS 0x0000000718800000, 0x0000000718800000| Untracked 
| 197|0x0000000718a00000, 0x0000000718c00000, 0x0000000718c00000|100%| O|  |TAMS 0x0000000718a00000, 0x0000000718a00000| Untracked 
| 198|0x0000000718c00000, 0x0000000718e00000, 0x0000000718e00000|100%| O|  |TAMS 0x0000000718c00000, 0x0000000718c00000| Untracked 
| 199|0x0000000718e00000, 0x0000000719000000, 0x0000000719000000|100%| O|  |TAMS 0x0000000718e00000, 0x0000000718e00000| Untracked 
| 200|0x0000000719000000, 0x0000000719200000, 0x0000000719200000|100%| O|  |TAMS 0x0000000719000000, 0x0000000719000000| Untracked 
| 201|0x0000000719200000, 0x0000000719400000, 0x0000000719400000|100%| O|  |TAMS 0x0000000719200000, 0x0000000719200000| Untracked 
| 202|0x0000000719400000, 0x0000000719600000, 0x0000000719600000|100%| O|  |TAMS 0x0000000719400000, 0x0000000719400000| Untracked 
| 203|0x0000000719600000, 0x0000000719800000, 0x0000000719800000|100%| O|  |TAMS 0x0000000719600000, 0x0000000719600000| Untracked 
| 204|0x0000000719800000, 0x0000000719a00000, 0x0000000719a00000|100%| O|  |TAMS 0x0000000719800000, 0x0000000719800000| Untracked 
| 205|0x0000000719a00000, 0x0000000719c00000, 0x0000000719c00000|100%| O|  |TAMS 0x0000000719a00000, 0x0000000719a00000| Untracked 
| 206|0x0000000719c00000, 0x0000000719e00000, 0x0000000719e00000|100%| O|  |TAMS 0x0000000719c00000, 0x0000000719c00000| Untracked 
| 207|0x0000000719e00000, 0x000000071a000000, 0x000000071a000000|100%| O|  |TAMS 0x0000000719e00000, 0x0000000719e00000| Untracked 
| 208|0x000000071a000000, 0x000000071a200000, 0x000000071a200000|100%| O|  |TAMS 0x000000071a000000, 0x000000071a000000| Untracked 
| 209|0x000000071a200000, 0x000000071a400000, 0x000000071a400000|100%| O|  |TAMS 0x000000071a200000, 0x000000071a200000| Untracked 
| 210|0x000000071a400000, 0x000000071a600000, 0x000000071a600000|100%| O|  |TAMS 0x000000071a400000, 0x000000071a400000| Untracked 
| 211|0x000000071a600000, 0x000000071a800000, 0x000000071a800000|100%| O|  |TAMS 0x000000071a600000, 0x000000071a600000| Untracked 
| 212|0x000000071a800000, 0x000000071aa00000, 0x000000071aa00000|100%| O|  |TAMS 0x000000071a800000, 0x000000071a800000| Untracked 
| 213|0x000000071aa00000, 0x000000071ac00000, 0x000000071ac00000|100%| O|  |TAMS 0x000000071aa00000, 0x000000071aa00000| Untracked 
| 214|0x000000071ac00000, 0x000000071ae00000, 0x000000071ae00000|100%| O|  |TAMS 0x000000071ac00000, 0x000000071ac00000| Untracked 
| 215|0x000000071ae00000, 0x000000071b000000, 0x000000071b000000|100%| O|  |TAMS 0x000000071ae00000, 0x000000071ae00000| Untracked 
| 216|0x000000071b000000, 0x000000071b200000, 0x000000071b200000|100%| O|  |TAMS 0x000000071b000000, 0x000000071b000000| Untracked 
| 217|0x000000071b200000, 0x000000071b400000, 0x000000071b400000|100%| O|  |TAMS 0x000000071b200000, 0x000000071b200000| Untracked 
| 218|0x000000071b400000, 0x000000071b600000, 0x000000071b600000|100%| O|  |TAMS 0x000000071b400000, 0x000000071b400000| Untracked 
| 219|0x000000071b600000, 0x000000071b800000, 0x000000071b800000|100%| O|  |TAMS 0x000000071b600000, 0x000000071b600000| Untracked 
| 220|0x000000071b800000, 0x000000071ba00000, 0x000000071ba00000|100%| O|  |TAMS 0x000000071b800000, 0x000000071b800000| Untracked 
| 221|0x000000071ba00000, 0x000000071bc00000, 0x000000071bc00000|100%| O|  |TAMS 0x000000071ba00000, 0x000000071ba00000| Untracked 
| 222|0x000000071bc00000, 0x000000071be00000, 0x000000071be00000|100%| O|  |TAMS 0x000000071bc00000, 0x000000071bc00000| Untracked 
| 223|0x000000071be00000, 0x000000071c000000, 0x000000071c000000|100%| O|  |TAMS 0x000000071be00000, 0x000000071be00000| Untracked 
| 224|0x000000071c000000, 0x000000071c200000, 0x000000071c200000|100%| O|  |TAMS 0x000000071c000000, 0x000000071c000000| Untracked 
| 225|0x000000071c200000, 0x000000071c400000, 0x000000071c400000|100%| O|  |TAMS 0x000000071c200000, 0x000000071c200000| Untracked 
| 226|0x000000071c400000, 0x000000071c600000, 0x000000071c600000|100%| O|  |TAMS 0x000000071c400000, 0x000000071c400000| Untracked 
| 227|0x000000071c600000, 0x000000071c800000, 0x000000071c800000|100%| O|  |TAMS 0x000000071c600000, 0x000000071c600000| Untracked 
| 228|0x000000071c800000, 0x000000071ca00000, 0x000000071ca00000|100%| O|  |TAMS 0x000000071c800000, 0x000000071c800000| Untracked 
| 229|0x000000071ca00000, 0x000000071cc00000, 0x000000071cc00000|100%| O|  |TAMS 0x000000071ca00000, 0x000000071ca00000| Untracked 
| 230|0x000000071cc00000, 0x000000071ce00000, 0x000000071ce00000|100%| O|  |TAMS 0x000000071cc00000, 0x000000071cc00000| Untracked 
| 231|0x000000071ce00000, 0x000000071d000000, 0x000000071d000000|100%| O|  |TAMS 0x000000071ce00000, 0x000000071ce00000| Untracked 
| 232|0x000000071d000000, 0x000000071d200000, 0x000000071d200000|100%| O|  |TAMS 0x000000071d000000, 0x000000071d000000| Untracked 
| 233|0x000000071d200000, 0x000000071d400000, 0x000000071d400000|100%| O|  |TAMS 0x000000071d200000, 0x000000071d200000| Untracked 
| 234|0x000000071d400000, 0x000000071d600000, 0x000000071d600000|100%| O|  |TAMS 0x000000071d400000, 0x000000071d400000| Untracked 
| 235|0x000000071d600000, 0x000000071d800000, 0x000000071d800000|100%| O|  |TAMS 0x000000071d600000, 0x000000071d600000| Untracked 
| 236|0x000000071d800000, 0x000000071da00000, 0x000000071da00000|100%| O|  |TAMS 0x000000071d800000, 0x000000071d800000| Untracked 
| 237|0x000000071da00000, 0x000000071dc00000, 0x000000071dc00000|100%| O|  |TAMS 0x000000071da00000, 0x000000071da00000| Untracked 
| 238|0x000000071dc00000, 0x000000071de00000, 0x000000071de00000|100%| O|  |TAMS 0x000000071dc00000, 0x000000071dc00000| Untracked 
| 239|0x000000071de00000, 0x000000071e000000, 0x000000071e000000|100%| O|  |TAMS 0x000000071de00000, 0x000000071de00000| Untracked 
| 240|0x000000071e000000, 0x000000071e200000, 0x000000071e200000|100%| O|  |TAMS 0x000000071e000000, 0x000000071e000000| Untracked 
| 241|0x000000071e200000, 0x000000071e400000, 0x000000071e400000|100%| O|  |TAMS 0x000000071e200000, 0x000000071e200000| Untracked 
| 242|0x000000071e400000, 0x000000071e600000, 0x000000071e600000|100%| O|  |TAMS 0x000000071e400000, 0x000000071e400000| Untracked 
| 243|0x000000071e600000, 0x000000071e800000, 0x000000071e800000|100%| O|  |TAMS 0x000000071e600000, 0x000000071e600000| Untracked 
| 244|0x000000071e800000, 0x000000071ea00000, 0x000000071ea00000|100%| O|  |TAMS 0x000000071e800000, 0x000000071e800000| Untracked 
| 245|0x000000071ea00000, 0x000000071ec00000, 0x000000071ec00000|100%| O|  |TAMS 0x000000071ea00000, 0x000000071ea00000| Untracked 
| 246|0x000000071ec00000, 0x000000071ee00000, 0x000000071ee00000|100%| O|  |TAMS 0x000000071ec00000, 0x000000071ec00000| Untracked 
| 247|0x000000071ee00000, 0x000000071f000000, 0x000000071f000000|100%| O|  |TAMS 0x000000071ee00000, 0x000000071ee00000| Untracked 
| 248|0x000000071f000000, 0x000000071f200000, 0x000000071f200000|100%| O|  |TAMS 0x000000071f000000, 0x000000071f000000| Untracked 
| 249|0x000000071f200000, 0x000000071f400000, 0x000000071f400000|100%| O|  |TAMS 0x000000071f200000, 0x000000071f200000| Untracked 
| 250|0x000000071f400000, 0x000000071f600000, 0x000000071f600000|100%| O|  |TAMS 0x000000071f400000, 0x000000071f400000| Untracked 
| 251|0x000000071f600000, 0x000000071f800000, 0x000000071f800000|100%| O|  |TAMS 0x000000071f600000, 0x000000071f600000| Untracked 
| 252|0x000000071f800000, 0x000000071fa00000, 0x000000071fa00000|100%| O|  |TAMS 0x000000071f800000, 0x000000071f800000| Untracked 
| 253|0x000000071fa00000, 0x000000071fc00000, 0x000000071fc00000|100%| O|  |TAMS 0x000000071fa00000, 0x000000071fa00000| Untracked 
| 254|0x000000071fc00000, 0x000000071fe00000, 0x000000071fe00000|100%| O|  |TAMS 0x000000071fc00000, 0x000000071fc00000| Untracked 
| 255|0x000000071fe00000, 0x0000000720000000, 0x0000000720000000|100%| O|  |TAMS 0x000000071fe00000, 0x000000071fe00000| Untracked 
| 256|0x0000000720000000, 0x0000000720200000, 0x0000000720200000|100%| O|  |TAMS 0x0000000720000000, 0x0000000720000000| Untracked 
| 257|0x0000000720200000, 0x0000000720400000, 0x0000000720400000|100%| O|  |TAMS 0x0000000720200000, 0x0000000720200000| Untracked 
| 258|0x0000000720400000, 0x0000000720600000, 0x0000000720600000|100%| O|  |TAMS 0x0000000720400000, 0x0000000720400000| Untracked 
| 259|0x0000000720600000, 0x0000000720800000, 0x0000000720800000|100%| O|  |TAMS 0x0000000720600000, 0x0000000720600000| Untracked 
| 260|0x0000000720800000, 0x0000000720a00000, 0x0000000720a00000|100%| O|  |TAMS 0x0000000720800000, 0x0000000720800000| Untracked 
| 261|0x0000000720a00000, 0x0000000720a6d738, 0x0000000720c00000| 21%| O|  |TAMS 0x0000000720a00000, 0x0000000720a00000| Untracked 
| 262|0x0000000720c00000, 0x0000000720c00000, 0x0000000720e00000|  0%| F|  |TAMS 0x0000000720c00000, 0x0000000720c00000| Untracked 
| 263|0x0000000720e00000, 0x0000000720e00000, 0x0000000721000000|  0%| F|  |TAMS 0x0000000720e00000, 0x0000000720e00000| Untracked 
| 264|0x0000000721000000, 0x0000000721000000, 0x0000000721200000|  0%| F|  |TAMS 0x0000000721000000, 0x0000000721000000| Untracked 
| 265|0x0000000721200000, 0x0000000721200000, 0x0000000721400000|  0%| F|  |TAMS 0x0000000721200000, 0x0000000721200000| Untracked 
| 266|0x0000000721400000, 0x0000000721400000, 0x0000000721600000|  0%| F|  |TAMS 0x0000000721400000, 0x0000000721400000| Untracked 
| 267|0x0000000721600000, 0x0000000721600000, 0x0000000721800000|  0%| F|  |TAMS 0x0000000721600000, 0x0000000721600000| Untracked 
| 268|0x0000000721800000, 0x0000000721800000, 0x0000000721a00000|  0%| F|  |TAMS 0x0000000721800000, 0x0000000721800000| Untracked 
| 269|0x0000000721a00000, 0x0000000721a00000, 0x0000000721c00000|  0%| F|  |TAMS 0x0000000721a00000, 0x0000000721a00000| Untracked 
| 270|0x0000000721c00000, 0x0000000721c00000, 0x0000000721e00000|  0%| F|  |TAMS 0x0000000721c00000, 0x0000000721c00000| Untracked 
| 271|0x0000000721e00000, 0x0000000722000000, 0x0000000722000000|100%| O|  |TAMS 0x0000000721e00000, 0x0000000721e00000| Untracked 
| 272|0x0000000722000000, 0x0000000722200000, 0x0000000722200000|100%| O|  |TAMS 0x0000000722000000, 0x0000000722000000| Untracked 
| 273|0x0000000722200000, 0x0000000722200000, 0x0000000722400000|  0%| F|  |TAMS 0x0000000722200000, 0x0000000722200000| Untracked 
| 274|0x0000000722400000, 0x0000000722400000, 0x0000000722600000|  0%| F|  |TAMS 0x0000000722400000, 0x0000000722400000| Untracked 
| 275|0x0000000722600000, 0x0000000722600000, 0x0000000722800000|  0%| F|  |TAMS 0x0000000722600000, 0x0000000722600000| Untracked 
| 276|0x0000000722800000, 0x0000000722800000, 0x0000000722a00000|  0%| F|  |TAMS 0x0000000722800000, 0x0000000722800000| Untracked 
| 277|0x0000000722a00000, 0x0000000722a00000, 0x0000000722c00000|  0%| F|  |TAMS 0x0000000722a00000, 0x0000000722a00000| Untracked 
| 278|0x0000000722c00000, 0x0000000722c00000, 0x0000000722e00000|  0%| F|  |TAMS 0x0000000722c00000, 0x0000000722c00000| Untracked 
| 279|0x0000000722e00000, 0x0000000722e00000, 0x0000000723000000|  0%| F|  |TAMS 0x0000000722e00000, 0x0000000722e00000| Untracked 
| 280|0x0000000723000000, 0x0000000723000000, 0x0000000723200000|  0%| F|  |TAMS 0x0000000723000000, 0x0000000723000000| Untracked 
| 281|0x0000000723200000, 0x0000000723200000, 0x0000000723400000|  0%| F|  |TAMS 0x0000000723200000, 0x0000000723200000| Untracked 
| 282|0x0000000723400000, 0x0000000723400000, 0x0000000723600000|  0%| F|  |TAMS 0x0000000723400000, 0x0000000723400000| Untracked 
| 283|0x0000000723600000, 0x0000000723600000, 0x0000000723800000|  0%| F|  |TAMS 0x0000000723600000, 0x0000000723600000| Untracked 
| 284|0x0000000723800000, 0x0000000723800000, 0x0000000723a00000|  0%| F|  |TAMS 0x0000000723800000, 0x0000000723800000| Untracked 
| 285|0x0000000723a00000, 0x0000000723a00000, 0x0000000723c00000|  0%| F|  |TAMS 0x0000000723a00000, 0x0000000723a00000| Untracked 
| 286|0x0000000723c00000, 0x0000000723c00000, 0x0000000723e00000|  0%| F|  |TAMS 0x0000000723c00000, 0x0000000723c00000| Untracked 
| 287|0x0000000723e00000, 0x0000000723e00000, 0x0000000724000000|  0%| F|  |TAMS 0x0000000723e00000, 0x0000000723e00000| Untracked 
| 288|0x0000000724000000, 0x0000000724000000, 0x0000000724200000|  0%| F|  |TAMS 0x0000000724000000, 0x0000000724000000| Untracked 
| 289|0x0000000724200000, 0x0000000724200000, 0x0000000724400000|  0%| F|  |TAMS 0x0000000724200000, 0x0000000724200000| Untracked 
| 290|0x0000000724400000, 0x0000000724400000, 0x0000000724600000|  0%| F|  |TAMS 0x0000000724400000, 0x0000000724400000| Untracked 
| 291|0x0000000724600000, 0x0000000724600000, 0x0000000724800000|  0%| F|  |TAMS 0x0000000724600000, 0x0000000724600000| Untracked 
| 292|0x0000000724800000, 0x0000000724800000, 0x0000000724a00000|  0%| F|  |TAMS 0x0000000724800000, 0x0000000724800000| Untracked 
| 293|0x0000000724a00000, 0x0000000724a00000, 0x0000000724c00000|  0%| F|  |TAMS 0x0000000724a00000, 0x0000000724a00000| Untracked 
| 294|0x0000000724c00000, 0x0000000724c00000, 0x0000000724e00000|  0%| F|  |TAMS 0x0000000724c00000, 0x0000000724c00000| Untracked 
| 295|0x0000000724e00000, 0x0000000724e00000, 0x0000000725000000|  0%| F|  |TAMS 0x0000000724e00000, 0x0000000724e00000| Untracked 
| 296|0x0000000725000000, 0x0000000725000000, 0x0000000725200000|  0%| F|  |TAMS 0x0000000725000000, 0x0000000725000000| Untracked 
| 297|0x0000000725200000, 0x0000000725200000, 0x0000000725400000|  0%| F|  |TAMS 0x0000000725200000, 0x0000000725200000| Untracked 
| 298|0x0000000725400000, 0x0000000725400000, 0x0000000725600000|  0%| F|  |TAMS 0x0000000725400000, 0x0000000725400000| Untracked 
| 299|0x0000000725600000, 0x0000000725600000, 0x0000000725800000|  0%| F|  |TAMS 0x0000000725600000, 0x0000000725600000| Untracked 
| 300|0x0000000725800000, 0x0000000725800000, 0x0000000725a00000|  0%| F|  |TAMS 0x0000000725800000, 0x0000000725800000| Untracked 
| 301|0x0000000725a00000, 0x0000000725a00000, 0x0000000725c00000|  0%| F|  |TAMS 0x0000000725a00000, 0x0000000725a00000| Untracked 
| 302|0x0000000725c00000, 0x0000000725c00000, 0x0000000725e00000|  0%| F|  |TAMS 0x0000000725c00000, 0x0000000725c00000| Untracked 
| 303|0x0000000725e00000, 0x0000000725e00000, 0x0000000726000000|  0%| F|  |TAMS 0x0000000725e00000, 0x0000000725e00000| Untracked 
| 304|0x0000000726000000, 0x0000000726000000, 0x0000000726200000|  0%| F|  |TAMS 0x0000000726000000, 0x0000000726000000| Untracked 
| 305|0x0000000726200000, 0x0000000726200000, 0x0000000726400000|  0%| F|  |TAMS 0x0000000726200000, 0x0000000726200000| Untracked 
| 306|0x0000000726400000, 0x0000000726400000, 0x0000000726600000|  0%| F|  |TAMS 0x0000000726400000, 0x0000000726400000| Untracked 
| 307|0x0000000726600000, 0x0000000726600000, 0x0000000726800000|  0%| F|  |TAMS 0x0000000726600000, 0x0000000726600000| Untracked 
| 308|0x0000000726800000, 0x0000000726800000, 0x0000000726a00000|  0%| F|  |TAMS 0x0000000726800000, 0x0000000726800000| Untracked 
| 309|0x0000000726a00000, 0x0000000726a00000, 0x0000000726c00000|  0%| F|  |TAMS 0x0000000726a00000, 0x0000000726a00000| Untracked 
| 310|0x0000000726c00000, 0x0000000726c00000, 0x0000000726e00000|  0%| F|  |TAMS 0x0000000726c00000, 0x0000000726c00000| Untracked 
| 311|0x0000000726e00000, 0x0000000726eacee0, 0x0000000727000000| 33%| S|  |TAMS 0x0000000726e00000, 0x0000000726e00000| Complete 
| 312|0x0000000727000000, 0x0000000727200000, 0x0000000727200000|100%| S|  |TAMS 0x0000000727000000, 0x0000000727000000| Complete 
| 313|0x0000000727200000, 0x0000000727400000, 0x0000000727400000|100%| E|CS|TAMS 0x0000000727200000, 0x0000000727200000| Complete 
| 314|0x0000000727400000, 0x0000000727600000, 0x0000000727600000|100%| E|CS|TAMS 0x0000000727400000, 0x0000000727400000| Complete 
| 315|0x0000000727600000, 0x0000000727800000, 0x0000000727800000|100%| E|CS|TAMS 0x0000000727600000, 0x0000000727600000| Complete 
| 316|0x0000000727800000, 0x0000000727a00000, 0x0000000727a00000|100%| E|CS|TAMS 0x0000000727800000, 0x0000000727800000| Complete 
| 317|0x0000000727a00000, 0x0000000727c00000, 0x0000000727c00000|100%| E|CS|TAMS 0x0000000727a00000, 0x0000000727a00000| Complete 
| 318|0x0000000727c00000, 0x0000000727e00000, 0x0000000727e00000|100%| E|CS|TAMS 0x0000000727c00000, 0x0000000727c00000| Complete 
| 319|0x0000000727e00000, 0x0000000728000000, 0x0000000728000000|100%| S|  |TAMS 0x0000000727e00000, 0x0000000727e00000| Complete 
| 320|0x0000000728000000, 0x0000000728200000, 0x0000000728200000|100%| S|  |TAMS 0x0000000728000000, 0x0000000728000000| Complete 
| 321|0x0000000728200000, 0x0000000728400000, 0x0000000728400000|100%| S|  |TAMS 0x0000000728200000, 0x0000000728200000| Complete 
| 322|0x0000000728400000, 0x0000000728600000, 0x0000000728600000|100%| E|CS|TAMS 0x0000000728400000, 0x0000000728400000| Complete 
| 323|0x0000000728600000, 0x0000000728800000, 0x0000000728800000|100%| E|CS|TAMS 0x0000000728600000, 0x0000000728600000| Complete 
| 324|0x0000000728800000, 0x0000000728a00000, 0x0000000728a00000|100%| E|CS|TAMS 0x0000000728800000, 0x0000000728800000| Complete 
| 325|0x0000000728a00000, 0x0000000728c00000, 0x0000000728c00000|100%| E|CS|TAMS 0x0000000728a00000, 0x0000000728a00000| Complete 
| 326|0x0000000728c00000, 0x0000000728e00000, 0x0000000728e00000|100%| E|CS|TAMS 0x0000000728c00000, 0x0000000728c00000| Complete 
| 327|0x0000000728e00000, 0x0000000729000000, 0x0000000729000000|100%| E|CS|TAMS 0x0000000728e00000, 0x0000000728e00000| Complete 
| 328|0x0000000729000000, 0x0000000729200000, 0x0000000729200000|100%| E|CS|TAMS 0x0000000729000000, 0x0000000729000000| Complete 
| 329|0x0000000729200000, 0x0000000729400000, 0x0000000729400000|100%| E|CS|TAMS 0x0000000729200000, 0x0000000729200000| Complete 
| 330|0x0000000729400000, 0x0000000729600000, 0x0000000729600000|100%| E|CS|TAMS 0x0000000729400000, 0x0000000729400000| Complete 
| 331|0x0000000729600000, 0x0000000729800000, 0x0000000729800000|100%| E|CS|TAMS 0x0000000729600000, 0x0000000729600000| Complete 
| 332|0x0000000729800000, 0x0000000729a00000, 0x0000000729a00000|100%| E|CS|TAMS 0x0000000729800000, 0x0000000729800000| Complete 
| 333|0x0000000729a00000, 0x0000000729c00000, 0x0000000729c00000|100%| E|CS|TAMS 0x0000000729a00000, 0x0000000729a00000| Complete 
| 334|0x0000000729c00000, 0x0000000729e00000, 0x0000000729e00000|100%| E|CS|TAMS 0x0000000729c00000, 0x0000000729c00000| Complete 
| 335|0x0000000729e00000, 0x000000072a000000, 0x000000072a000000|100%| E|CS|TAMS 0x0000000729e00000, 0x0000000729e00000| Complete 
| 336|0x000000072a000000, 0x000000072a200000, 0x000000072a200000|100%| E|CS|TAMS 0x000000072a000000, 0x000000072a000000| Complete 
| 337|0x000000072a200000, 0x000000072a400000, 0x000000072a400000|100%| E|CS|TAMS 0x000000072a200000, 0x000000072a200000| Complete 
| 338|0x000000072a400000, 0x000000072a600000, 0x000000072a600000|100%| E|CS|TAMS 0x000000072a400000, 0x000000072a400000| Complete 
| 339|0x000000072a600000, 0x000000072a800000, 0x000000072a800000|100%| E|CS|TAMS 0x000000072a600000, 0x000000072a600000| Complete 
| 340|0x000000072a800000, 0x000000072aa00000, 0x000000072aa00000|100%| E|CS|TAMS 0x000000072a800000, 0x000000072a800000| Complete 
| 341|0x000000072aa00000, 0x000000072ac00000, 0x000000072ac00000|100%| E|CS|TAMS 0x000000072aa00000, 0x000000072aa00000| Complete 
| 342|0x000000072ac00000, 0x000000072ae00000, 0x000000072ae00000|100%| E|CS|TAMS 0x000000072ac00000, 0x000000072ac00000| Complete 
| 343|0x000000072ae00000, 0x000000072b000000, 0x000000072b000000|100%| E|CS|TAMS 0x000000072ae00000, 0x000000072ae00000| Complete 
| 344|0x000000072b000000, 0x000000072b200000, 0x000000072b200000|100%| E|CS|TAMS 0x000000072b000000, 0x000000072b000000| Complete 
| 345|0x000000072b200000, 0x000000072b400000, 0x000000072b400000|100%| E|CS|TAMS 0x000000072b200000, 0x000000072b200000| Complete 
| 346|0x000000072b400000, 0x000000072b600000, 0x000000072b600000|100%| E|CS|TAMS 0x000000072b400000, 0x000000072b400000| Complete 
| 347|0x000000072b600000, 0x000000072b800000, 0x000000072b800000|100%| E|CS|TAMS 0x000000072b600000, 0x000000072b600000| Complete 
| 348|0x000000072b800000, 0x000000072ba00000, 0x000000072ba00000|100%| E|CS|TAMS 0x000000072b800000, 0x000000072b800000| Complete 
| 349|0x000000072ba00000, 0x000000072bc00000, 0x000000072bc00000|100%| E|CS|TAMS 0x000000072ba00000, 0x000000072ba00000| Complete 
| 350|0x000000072bc00000, 0x000000072be00000, 0x000000072be00000|100%| E|CS|TAMS 0x000000072bc00000, 0x000000072bc00000| Complete 
| 351|0x000000072be00000, 0x000000072c000000, 0x000000072c000000|100%| E|CS|TAMS 0x000000072be00000, 0x000000072be00000| Complete 
| 352|0x000000072c000000, 0x000000072c200000, 0x000000072c200000|100%| E|CS|TAMS 0x000000072c000000, 0x000000072c000000| Complete 
| 353|0x000000072c200000, 0x000000072c400000, 0x000000072c400000|100%| E|CS|TAMS 0x000000072c200000, 0x000000072c200000| Complete 
| 354|0x000000072c400000, 0x000000072c600000, 0x000000072c600000|100%| E|CS|TAMS 0x000000072c400000, 0x000000072c400000| Complete 
| 355|0x000000072c600000, 0x000000072c800000, 0x000000072c800000|100%| E|CS|TAMS 0x000000072c600000, 0x000000072c600000| Complete 
| 356|0x000000072c800000, 0x000000072ca00000, 0x000000072ca00000|100%| E|CS|TAMS 0x000000072c800000, 0x000000072c800000| Complete 
| 357|0x000000072ca00000, 0x000000072cc00000, 0x000000072cc00000|100%| E|CS|TAMS 0x000000072ca00000, 0x000000072ca00000| Complete 
| 358|0x000000072cc00000, 0x000000072ce00000, 0x000000072ce00000|100%| E|CS|TAMS 0x000000072cc00000, 0x000000072cc00000| Complete 
| 359|0x000000072ce00000, 0x000000072d000000, 0x000000072d000000|100%| E|CS|TAMS 0x000000072ce00000, 0x000000072ce00000| Complete 
| 360|0x000000072d000000, 0x000000072d200000, 0x000000072d200000|100%| E|CS|TAMS 0x000000072d000000, 0x000000072d000000| Complete 
| 361|0x000000072d200000, 0x000000072d400000, 0x000000072d400000|100%| E|CS|TAMS 0x000000072d200000, 0x000000072d200000| Complete 
| 362|0x000000072d400000, 0x000000072d600000, 0x000000072d600000|100%| E|CS|TAMS 0x000000072d400000, 0x000000072d400000| Complete 
|2045|0x00000007ffa00000, 0x00000007ffc00000, 0x00000007ffc00000|100%| O|  |TAMS 0x00000007ffc00000, 0x00000007ffa00000| Untracked 
|2046|0x00000007ffc00000, 0x00000007ffd76000, 0x00000007ffe00000| 73%|OA|  |TAMS 0x00000007ffd76000, 0x00000007ffc00000| Untracked 
|2047|0x00000007ffe00000, 0x00000007ffe74000, 0x0000000800000000| 22%|CA|  |TAMS 0x00000007ffe74000, 0x00000007ffe00000| Untracked 

Card table byte_map: [0x000000010bae5000,0x000000010c2e5000] _byte_map_base: 0x00000001082e5000

Marking Bits (Prev, Next): (CMBitMap*) 0x00007faedb027410, (CMBitMap*) 0x00007faedb027450
 Prev Bits: [0x00000001213b1000, 0x00000001253b1000)
 Next Bits: [0x00000001253b1000, 0x00000001293b1000)

Polling page: 0x000000010b147000

Metaspace:

Usage:
  Non-class:     90.90 MB used.
      Class:     16.19 MB used.
       Both:    107.10 MB used.

Virtual space:
  Non-class space:      128.00 MB reserved,      92.06 MB ( 72%) committed,  2 nodes.
      Class space:      416.00 MB reserved,      17.19 MB (  4%) committed,  1 nodes.
             Both:      544.00 MB reserved,     109.25 MB ( 20%) committed. 

Chunk freelists:
   Non-Class:  3.05 MB
       Class:  14.77 MB
        Both:  17.81 MB

MaxMetaspaceSize: 512.00 MB
CompressedClassSpaceSize: 416.00 MB
Initial GC threshold: 21.00 MB
Current GC threshold: 157.75 MB
CDS: on
MetaspaceReclaimPolicy: balanced
 - commit_granule_bytes: 65536.
 - commit_granule_words: 8192.
 - virtual_space_node_default_size: 8388608.
 - enlarge_chunks_in_place: 1.
 - new_chunks_are_fully_committed: 0.
 - uncommit_free_chunks: 1.
 - use_allocation_guard: 0.
 - handle_deallocations: 1.


Internal statistics:

num_allocs_failed_limit: 11.
num_arena_births: 3386.
num_arena_deaths: 0.
num_vsnodes_births: 3.
num_vsnodes_deaths: 0.
num_space_committed: 1747.
num_space_uncommitted: 0.
num_chunks_returned_to_freelist: 11.
num_chunks_taken_from_freelist: 8748.
num_chunk_merges: 11.
num_chunk_splits: 5340.
num_chunks_enlarged: 2867.
num_inconsistent_stats: 0.

CodeCache: size=49152Kb used=16309Kb max_used=46861Kb free=32842Kb
 bounds [0x000000011dbb1000, 0x0000000120981000, 0x0000000120bb1000]
 total_blobs=5460 nmethods=4448 adapters=927
 compilation: enabled
              stopped_count=0, restarted_count=0
 full_count=0

Compilation events (20 events):
Event: 790.113 Thread 0x00007faeec023600 27231       1       com.android.aapt.Resources$Reference$Builder::setType (36 bytes)
Event: 790.113 Thread 0x00007faeec023600 nmethod 27231 0x000000011df64b10 code [0x000000011df64ce0, 0x000000011df64f60]
Event: 790.114 Thread 0x00007faeec023600 27235       1       com.android.aapt.Resources$Reference::<init> (42 bytes)
Event: 790.114 Thread 0x00007faebbffe000 nmethod 27215 0x000000011df64690 code [0x000000011df64840, 0x000000011df64a50]
Event: 790.114 Thread 0x00007faebbffe000 27236       1       com.android.aapt.Resources$Reference$Builder::buildPartial0 (128 bytes)
Event: 790.114 Thread 0x00007faedb265400 nmethod 27194 0x000000011df63c10 code [0x000000011df63e20, 0x000000011df64370]
Event: 790.114 Thread 0x00007faedb265400 27232       1       com.android.aapt.Resources$Reference$Builder::setAllowRaw (22 bytes)
Event: 790.115 Thread 0x00007faedb265400 nmethod 27232 0x000000011df63890 code [0x000000011df63a40, 0x000000011df63b60]
Event: 790.115 Thread 0x00007faedb265400 27233       1       com.android.aapt.Resources$Reference$Builder::build (19 bytes)
Event: 790.115 Thread 0x00007faebbd11e00 nmethod 27227 0x000000011df62590 code [0x000000011df62860, 0x000000011df63080]
Event: 790.115 Thread 0x00007faeec169200 nmethod 27200 0x000000011df62110 code [0x000000011df622c0, 0x000000011df62470]
Event: 790.115 Thread 0x00007fae8beb7800 27242       1       com.google.protobuf.CodedOutputStream::computeUInt32SizeNoTag (41 bytes)
Event: 790.115 Thread 0x00007faebbd11e00 27234       1       com.android.aapt.Resources$Reference$Builder::buildPartial (27 bytes)
Event: 790.115 Thread 0x00007fae8beb7800 nmethod 27242 0x000000011df61d10 code [0x000000011df61ec0, 0x000000011df62050]
Event: 790.115 Thread 0x00007fae8beb7800 27237       1       com.android.aaptcompiler.Style$Entry::getValue (5 bytes)
Event: 790.115 Thread 0x00007faeeb240a00 nmethod 27107 0x000000011df61790 code [0x000000011df61960, 0x000000011df61bc0]
Event: 790.115 Thread 0x00007faeeb240a00 27239       1       com.android.aapt.Resources$Style$Entry::newBuilder (7 bytes)
Event: 790.115 Thread 0x00007faebbd11e00 nmethod 27234 0x000000011df61310 code [0x000000011df614c0, 0x000000011df61670]
Event: 790.115 Thread 0x00007faebbd11e00 27240       1       com.android.aapt.Resources$Style$Entry::toBuilder (29 bytes)
Event: 790.115 Thread 0x00007faebbd26a00 27241       1       com.android.aapt.Resources$Style$Entry$Builder::<init> (11 bytes)

GC Heap History (20 events):
Event: 787.001 GC heap after
{Heap after GC invocations=48 (full 0):
 garbage-first heap   total 624640K, used 460271K [0x0000000700000000, 0x0000000800000000)
  region size 2048K, 6 young (12288K), 6 survivors (12288K)
 Metaspace       used 104816K, committed 106944K, reserved 557056K
  class space    used 15987K, committed 16960K, reserved 425984K
}
Event: 787.254 GC heap before
{Heap before GC invocations=48 (full 0):
 garbage-first heap   total 624640K, used 521711K [0x0000000700000000, 0x0000000800000000)
  region size 2048K, 36 young (73728K), 6 survivors (12288K)
 Metaspace       used 104839K, committed 107008K, reserved 557056K
  class space    used 15990K, committed 16960K, reserved 425984K
}
Event: 787.267 GC heap after
{Heap after GC invocations=49 (full 0):
 garbage-first heap   total 624640K, used 472695K [0x0000000700000000, 0x0000000800000000)
  region size 2048K, 5 young (10240K), 5 survivors (10240K)
 Metaspace       used 104839K, committed 107008K, reserved 557056K
  class space    used 15990K, committed 16960K, reserved 425984K
}
Event: 787.527 GC heap before
{Heap before GC invocations=49 (full 0):
 garbage-first heap   total 624640K, used 527991K [0x0000000700000000, 0x0000000800000000)
  region size 2048K, 32 young (65536K), 5 survivors (10240K)
 Metaspace       used 104839K, committed 107008K, reserved 557056K
  class space    used 15990K, committed 16960K, reserved 425984K
}
Event: 787.537 GC heap after
{Heap after GC invocations=50 (full 0):
 garbage-first heap   total 624640K, used 486135K [0x0000000700000000, 0x0000000800000000)
  region size 2048K, 4 young (8192K), 4 survivors (8192K)
 Metaspace       used 104839K, committed 107008K, reserved 557056K
  class space    used 15990K, committed 16960K, reserved 425984K
}
Event: 787.707 GC heap before
{Heap before GC invocations=50 (full 0):
 garbage-first heap   total 624640K, used 529143K [0x0000000700000000, 0x0000000800000000)
  region size 2048K, 25 young (51200K), 4 survivors (8192K)
 Metaspace       used 104839K, committed 107008K, reserved 557056K
  class space    used 15990K, committed 16960K, reserved 425984K
}
Event: 787.714 GC heap after
{Heap after GC invocations=51 (full 0):
 garbage-first heap   total 624640K, used 492801K [0x0000000700000000, 0x0000000800000000)
  region size 2048K, 3 young (6144K), 3 survivors (6144K)
 Metaspace       used 104839K, committed 107008K, reserved 557056K
  class space    used 15990K, committed 16960K, reserved 425984K
}
Event: 787.944 GC heap before
{Heap before GC invocations=51 (full 0):
 garbage-first heap   total 624640K, used 533761K [0x0000000700000000, 0x0000000800000000)
  region size 2048K, 23 young (47104K), 3 survivors (6144K)
 Metaspace       used 105487K, committed 107648K, reserved 557056K
  class space    used 16090K, committed 17088K, reserved 425984K
}
Event: 787.949 GC heap after
{Heap after GC invocations=52 (full 0):
 garbage-first heap   total 624640K, used 498761K [0x0000000700000000, 0x0000000800000000)
  region size 2048K, 3 young (6144K), 3 survivors (6144K)
 Metaspace       used 105487K, committed 107648K, reserved 557056K
  class space    used 16090K, committed 17088K, reserved 425984K
}
Event: 788.582 GC heap before
{Heap before GC invocations=52 (full 0):
 garbage-first heap   total 624640K, used 535625K [0x0000000700000000, 0x0000000800000000)
  region size 2048K, 22 young (45056K), 3 survivors (6144K)
 Metaspace       used 106588K, committed 108736K, reserved 557056K
  class space    used 16240K, committed 17216K, reserved 425984K
}
Event: 788.586 GC heap after
{Heap after GC invocations=53 (full 0):
 garbage-first heap   total 624640K, used 501605K [0x0000000700000000, 0x0000000800000000)
  region size 2048K, 2 young (4096K), 2 survivors (4096K)
 Metaspace       used 106588K, committed 108736K, reserved 557056K
  class space    used 16240K, committed 17216K, reserved 425984K
}
Event: 788.870 GC heap before
{Heap before GC invocations=53 (full 0):
 garbage-first heap   total 624640K, used 540517K [0x0000000700000000, 0x0000000800000000)
  region size 2048K, 21 young (43008K), 2 survivors (4096K)
 Metaspace       used 106602K, committed 108736K, reserved 557056K
  class space    used 16242K, committed 17216K, reserved 425984K
}
Event: 788.873 GC heap after
{Heap after GC invocations=54 (full 0):
 garbage-first heap   total 624640K, used 510580K [0x0000000700000000, 0x0000000800000000)
  region size 2048K, 3 young (6144K), 3 survivors (6144K)
 Metaspace       used 106602K, committed 108736K, reserved 557056K
  class space    used 16242K, committed 17216K, reserved 425984K
}
Event: 789.021 GC heap before
{Heap before GC invocations=54 (full 0):
 garbage-first heap   total 624640K, used 539252K [0x0000000700000000, 0x0000000800000000)
  region size 2048K, 18 young (36864K), 3 survivors (6144K)
 Metaspace       used 106608K, committed 108736K, reserved 557056K
  class space    used 16242K, committed 17216K, reserved 425984K
}
Event: 789.026 GC heap after
{Heap after GC invocations=55 (full 0):
 garbage-first heap   total 624640K, used 525235K [0x0000000700000000, 0x0000000800000000)
  region size 2048K, 3 young (6144K), 3 survivors (6144K)
 Metaspace       used 106608K, committed 108736K, reserved 557056K
  class space    used 16242K, committed 17216K, reserved 425984K
}
Event: 789.181 GC heap before
{Heap before GC invocations=55 (full 0):
 garbage-first heap   total 624640K, used 549811K [0x0000000700000000, 0x0000000800000000)
  region size 2048K, 15 young (30720K), 3 survivors (6144K)
 Metaspace       used 106623K, committed 108736K, reserved 557056K
  class space    used 16244K, committed 17216K, reserved 425984K
}
Event: 789.185 GC heap after
{Heap after GC invocations=56 (full 0):
 garbage-first heap   total 749568K, used 531252K [0x0000000700000000, 0x0000000800000000)
  region size 2048K, 2 young (4096K), 2 survivors (4096K)
 Metaspace       used 106623K, committed 108736K, reserved 557056K
  class space    used 16244K, committed 17216K, reserved 425984K
}
Event: 789.913 GC heap before
{Heap before GC invocations=56 (full 0):
 garbage-first heap   total 749568K, used 650036K [0x0000000700000000, 0x0000000800000000)
  region size 2048K, 46 young (94208K), 2 survivors (4096K)
 Metaspace       used 107135K, committed 109312K, reserved 557056K
  class space    used 16294K, committed 17280K, reserved 425984K
}
Event: 789.923 GC heap after
{Heap after GC invocations=57 (full 0):
 garbage-first heap   total 749568K, used 542693K [0x0000000700000000, 0x0000000800000000)
  region size 2048K, 6 young (12288K), 6 survivors (12288K)
 Metaspace       used 107135K, committed 109312K, reserved 557056K
  class space    used 16294K, committed 17280K, reserved 425984K
}
Event: 790.115 GC heap before
{Heap before GC invocations=57 (full 0):
 garbage-first heap   total 749568K, used 624613K [0x0000000700000000, 0x0000000800000000)
  region size 2048K, 47 young (96256K), 6 survivors (12288K)
 Metaspace       used 109668K, committed 111872K, reserved 557056K
  class space    used 16582K, committed 17600K, reserved 425984K
}

Dll operation events (13 events):
Event: 0.016 Loaded shared library /Library/Java/JavaVirtualMachines/zulu-17.jdk/Contents/Home/lib/libjava.dylib
Event: 0.066 Loaded shared library /Library/Java/JavaVirtualMachines/zulu-17.jdk/Contents/Home/lib/libzip.dylib
Event: 0.067 Loaded shared library /Library/Java/JavaVirtualMachines/zulu-17.jdk/Contents/Home/lib/libinstrument.dylib
Event: 0.071 Loaded shared library /Library/Java/JavaVirtualMachines/zulu-17.jdk/Contents/Home/lib/libnio.dylib
Event: 0.075 Loaded shared library /Library/Java/JavaVirtualMachines/zulu-17.jdk/Contents/Home/lib/libzip.dylib
Event: 0.149 Loaded shared library /Library/Java/JavaVirtualMachines/zulu-17.jdk/Contents/Home/lib/libjimage.dylib
Event: 0.180 Loaded shared library /Library/Java/JavaVirtualMachines/zulu-17.jdk/Contents/Home/lib/libverify.dylib
Event: 0.258 Loaded shared library /Library/Java/JavaVirtualMachines/zulu-17.jdk/Contents/Home/lib/libnet.dylib
Event: 0.266 Loaded shared library /Users/juanprogramador/.gradle/native/c067742578af261105cb4f569cf0c3c89f3d7b1fecec35dd04571415982c5e48/osx-amd64/libnative-platform.dylib
Event: 0.300 Loaded shared library /Users/juanprogramador/.gradle/native/38dada09dfb8b06ba9b0570ebf7e218e3eb74d4ef43ca46872605cf95ebc2f47/osx-amd64/libnative-platform-file-events.dylib
Event: 0.721 Loaded shared library /Library/Java/JavaVirtualMachines/zulu-17.jdk/Contents/Home/lib/libmanagement.dylib
Event: 0.723 Loaded shared library /Library/Java/JavaVirtualMachines/zulu-17.jdk/Contents/Home/lib/libmanagement_ext.dylib
Event: 0.832 Loaded shared library /Library/Java/JavaVirtualMachines/zulu-17.jdk/Contents/Home/lib/libextnet.dylib

Deoptimization events (20 events):
Event: 790.093 Thread 0x00007faeec025000 DEOPT PACKING pc=0x00000001208e7eb4 sp=0x000070001e5286f0
Event: 790.093 Thread 0x00007fae9d0f3000 DEOPT PACKING pc=0x00000001208e7eb4 sp=0x000070001e019790
Event: 790.093 Thread 0x00007faebbd12400 DEOPT PACKING pc=0x00000001208e7eb4 sp=0x000070001df16de0
Event: 790.093 Thread 0x00007faeec025000 DEOPT UNPACKING pc=0x000000011dc07e2f sp=0x000070001e527c48 mode 3
Event: 790.093 Thread 0x00007fae9d0f3000 DEOPT UNPACKING pc=0x000000011dc07e2f sp=0x000070001e018ce8 mode 3
Event: 790.093 Thread 0x00007faebbd12400 DEOPT UNPACKING pc=0x000000011dc07e2f sp=0x000070001df16338 mode 3
Event: 790.094 Thread 0x00007faebc76b200 DEOPT PACKING pc=0x00000001208cc846 sp=0x000070001e62bc90
Event: 790.094 Thread 0x00007faebc76b200 DEOPT UNPACKING pc=0x000000011dc07e2f sp=0x000070001e62b168 mode 3
Event: 790.094 Thread 0x00007faedb5ba000 DEOPT PACKING pc=0x00000001208cc846 sp=0x000070001db0ac90
Event: 790.094 Thread 0x00007faedb5ba000 DEOPT UNPACKING pc=0x000000011dc07e2f sp=0x000070001db0a168 mode 3
Event: 790.108 Thread 0x00007fae8bee0400 DEOPT PACKING pc=0x000000011e0f5464 sp=0x000070001e322a40
Event: 790.108 Thread 0x00007fae8bee0400 DEOPT UNPACKING pc=0x000000011dc07e2f sp=0x000070001e321f80 mode 3
Event: 790.109 Thread 0x00007faebc76b200 DEOPT PACKING pc=0x00000001208baeee sp=0x000070001e62b7c0
Event: 790.109 Thread 0x00007faebc7fe800 DEOPT PACKING pc=0x00000001208baeee sp=0x000070001dc0d5c0
Event: 790.109 Thread 0x00007faebc76b200 DEOPT UNPACKING pc=0x000000011dc07e2f sp=0x000070001e62acd0 mode 3
Event: 790.109 Thread 0x00007faebc7fe800 DEOPT UNPACKING pc=0x000000011dc07e2f sp=0x000070001dc0cad0 mode 3
Event: 790.114 Thread 0x00007faeed8a4a00 DEOPT PACKING pc=0x000000011e0fabae sp=0x000070001e72e930
Event: 790.114 Thread 0x00007faebbec9e00 DEOPT PACKING pc=0x000000011e0fabae sp=0x000070001fa678a0
Event: 790.114 Thread 0x00007faeed8a4a00 DEOPT UNPACKING pc=0x000000011dc07e2f sp=0x000070001e72ddf0 mode 3
Event: 790.114 Thread 0x00007faebbec9e00 DEOPT UNPACKING pc=0x000000011dc07e2f sp=0x000070001fa66d60 mode 3

Classes loaded (20 events):
Event: 789.940 Loading class com/sun/xml/internal/stream/events/AttributeImpl
Event: 789.940 Loading class javax/xml/stream/events/Characters
Event: 789.940 Loading class javax/xml/stream/events/Characters done
Event: 789.940 Loading class com/sun/xml/internal/stream/events/CharacterEvent done
Event: 789.940 Loading class com/sun/xml/internal/stream/events/AttributeImpl done
Event: 789.941 Loading class com/sun/xml/internal/stream/events/NamespaceImpl done
Event: 789.947 Loading class java/lang/StringUTF16$CodePointsSpliterator
Event: 789.947 Loading class java/util/Spliterators$2Adapter
Event: 789.948 Loading class java/util/PrimitiveIterator$OfInt
Event: 789.948 Loading class java/lang/StringUTF16$CodePointsSpliterator done
Event: 789.948 Loading class java/util/PrimitiveIterator
Event: 789.948 Loading class java/util/PrimitiveIterator done
Event: 789.948 Loading class java/util/PrimitiveIterator$OfInt done
Event: 789.949 Loading class java/util/Spliterators$2Adapter done
Event: 789.950 Loading class com/sun/xml/internal/stream/events/EndElementEvent
Event: 789.950 Loading class javax/xml/stream/events/EndElement
Event: 789.950 Loading class javax/xml/stream/events/EndElement done
Event: 789.950 Loading class com/sun/xml/internal/stream/events/EndElementEvent done
Event: 790.030 Loading class java/util/Tripwire
Event: 790.030 Loading class java/util/Tripwire done

Classes unloaded (0 events):
No events

Classes redefined (0 events):
No events

Internal exceptions (20 events):
Event: 788.350 Thread 0x00007faeeb45b800 Exception <a 'sun/nio/fs/UnixException'{0x0000000724485b50}> (0x0000000724485b50) 
thrown [src/hotspot/share/prims/jni.cpp, line 516]
Event: 788.351 Thread 0x00007faeeb45b800 Exception <a 'sun/nio/fs/UnixException'{0x0000000724486f80}> (0x0000000724486f80) 
thrown [src/hotspot/share/prims/jni.cpp, line 516]
Event: 788.361 Thread 0x00007faebc78a000 Exception <a 'sun/nio/fs/UnixException'{0x0000000724541c60}> (0x0000000724541c60) 
thrown [src/hotspot/share/prims/jni.cpp, line 516]
Event: 788.361 Thread 0x00007faebc78a000 Exception <a 'sun/nio/fs/UnixException'{0x0000000724542480}> (0x0000000724542480) 
thrown [src/hotspot/share/prims/jni.cpp, line 516]
Event: 788.361 Thread 0x00007faebc78a000 Exception <a 'sun/nio/fs/UnixException'{0x0000000724543e20}> (0x0000000724543e20) 
thrown [src/hotspot/share/prims/jni.cpp, line 516]
Event: 788.363 Thread 0x00007faebc78a000 Exception <a 'sun/nio/fs/UnixException'{0x0000000724577220}> (0x0000000724577220) 
thrown [src/hotspot/share/prims/jni.cpp, line 516]
Event: 788.366 Thread 0x00007faebc78a000 Exception <a 'sun/nio/fs/UnixException'{0x00000007245b0188}> (0x00000007245b0188) 
thrown [src/hotspot/share/prims/jni.cpp, line 516]
Event: 788.372 Thread 0x00007faeeb222400 Exception <a 'sun/nio/fs/UnixException'{0x0000000724254a30}> (0x0000000724254a30) 
thrown [src/hotspot/share/prims/jni.cpp, line 516]
Event: 788.372 Thread 0x00007faeeb222400 Exception <a 'sun/nio/fs/UnixException'{0x0000000724255d60}> (0x0000000724255d60) 
thrown [src/hotspot/share/prims/jni.cpp, line 516]
Event: 788.374 Thread 0x00007faeeb222400 Exception <a 'sun/nio/fs/UnixException'{0x000000072427fdb0}> (0x000000072427fdb0) 
thrown [src/hotspot/share/prims/jni.cpp, line 516]
Event: 788.377 Thread 0x00007faeeb222400 Exception <a 'sun/nio/fs/UnixException'{0x00000007242b7498}> (0x00000007242b7498) 
thrown [src/hotspot/share/prims/jni.cpp, line 516]
Event: 788.379 Thread 0x00007faeeb222400 Exception <a 'sun/nio/fs/UnixException'{0x00000007242c9d28}> (0x00000007242c9d28) 
thrown [src/hotspot/share/prims/jni.cpp, line 516]
Event: 788.391 Thread 0x00007faeeb222400 Exception <a 'sun/nio/fs/UnixException'{0x00000007240f3420}> (0x00000007240f3420) 
thrown [src/hotspot/share/prims/jni.cpp, line 516]
Event: 788.395 Thread 0x00007faeeb45b800 Exception <a 'sun/nio/fs/UnixException'{0x00000007241baeb8}> (0x00000007241baeb8) 
thrown [src/hotspot/share/prims/jni.cpp, line 516]
Event: 788.395 Thread 0x00007faeeb45b800 Exception <a 'sun/nio/fs/UnixException'{0x00000007241bc2c0}> (0x00000007241bc2c0) 
thrown [src/hotspot/share/prims/jni.cpp, line 516]
Event: 789.824 Thread 0x00007faeeb45b800 Exception <a 'java/lang/NoSuchMethodError'{0x0000000729d6b300}: static Lcom/android/ide/common/resources/CompileResourceRequest;.<clinit>()V> (0x0000000729d6b300) 
thrown [src/hotspot/share/prims/jni.cpp, line 1112]
Event: 789.828 Thread 0x00007faeeb45b800 Exception <a 'java/lang/NoSuchMethodError'{0x0000000729d92898}: static Ljava/lang/Object;.<clinit>()V> (0x0000000729d92898) 
thrown [src/hotspot/share/prims/jni.cpp, line 1112]
Event: 789.828 Thread 0x00007faeeb45b800 Exception <a 'java/lang/NoSuchMethodError'{0x0000000729da4720}: static Ljava/lang/Object;.<clinit>()V> (0x0000000729da4720) 
thrown [src/hotspot/share/prims/jni.cpp, line 1112]
Event: 789.829 Thread 0x00007faeeb45b800 Exception <a 'java/lang/NoSuchMethodError'{0x0000000729db63f0}: static Ljava/lang/Object;.<clinit>()V> (0x0000000729db63f0) 
thrown [src/hotspot/share/prims/jni.cpp, line 1112]
Event: 789.841 Thread 0x00007faeeb45b800 Exception <a 'java/lang/NoSuchMethodError'{0x0000000729b2eb40}: static Lkotlin/InitializedLazyImpl;.<clinit>()V> (0x0000000729b2eb40) 
thrown [src/hotspot/share/prims/jni.cpp, line 1112]

VM Operations (20 events):
Event: 788.873 Executing VM operation: G1CollectForAllocation done
Event: 788.980 Executing VM operation: ICBufferFull
Event: 788.980 Executing VM operation: ICBufferFull done
Event: 789.021 Executing VM operation: G1CollectForAllocation
Event: 789.026 Executing VM operation: G1CollectForAllocation done
Event: 789.181 Executing VM operation: G1CollectForAllocation
Event: 789.185 Executing VM operation: G1CollectForAllocation done
Event: 789.478 Executing VM operation: ICBufferFull
Event: 789.478 Executing VM operation: ICBufferFull done
Event: 789.817 Executing VM operation: ICBufferFull
Event: 789.817 Executing VM operation: ICBufferFull done
Event: 789.913 Executing VM operation: G1CollectForAllocation
Event: 789.923 Executing VM operation: G1CollectForAllocation done
Event: 789.934 Executing VM operation: HandshakeAllThreads
Event: 789.934 Executing VM operation: HandshakeAllThreads done
Event: 789.934 Executing VM operation: HandshakeAllThreads
Event: 789.935 Executing VM operation: HandshakeAllThreads done
Event: 789.979 Executing VM operation: ICBufferFull
Event: 789.982 Executing VM operation: ICBufferFull done
Event: 790.115 Executing VM operation: G1CollectForAllocation

Memory protections (20 events):
Event: 787.883 Protecting memory [0x000070001e52e000,0x000070001e532000] with protection modes 0
Event: 787.886 Protecting memory [0x000070001e631000,0x000070001e635000] with protection modes 0
Event: 787.889 Protecting memory [0x000070001e734000,0x000070001e738000] with protection modes 0
Event: 787.910 Protecting memory [0x000070001e837000,0x000070001e83b000] with protection modes 0
Event: 787.910 Protecting memory [0x000070001e93a000,0x000070001e93e000] with protection modes 0
Event: 787.910 Protecting memory [0x000070001ea3d000,0x000070001ea41000] with protection modes 0
Event: 787.910 Protecting memory [0x000070001eb40000,0x000070001eb44000] with protection modes 0
Event: 787.910 Protecting memory [0x000070001ec43000,0x000070001ec47000] with protection modes 0
Event: 787.910 Protecting memory [0x000070001ed46000,0x000070001ed4a000] with protection modes 0
Event: 787.911 Protecting memory [0x000070001ee49000,0x000070001ee4d000] with protection modes 0
Event: 787.911 Protecting memory [0x000070001ef4c000,0x000070001ef50000] with protection modes 0
Event: 787.911 Protecting memory [0x000070001f04f000,0x000070001f053000] with protection modes 0
Event: 787.911 Protecting memory [0x000070001f152000,0x000070001f156000] with protection modes 0
Event: 787.911 Protecting memory [0x000070001f255000,0x000070001f259000] with protection modes 0
Event: 787.911 Protecting memory [0x000070001f55e000,0x000070001f562000] with protection modes 0
Event: 787.911 Protecting memory [0x000070001f661000,0x000070001f665000] with protection modes 0
Event: 787.911 Protecting memory [0x000070001f764000,0x000070001f768000] with protection modes 0
Event: 787.911 Protecting memory [0x000070001f867000,0x000070001f86b000] with protection modes 0
Event: 787.937 Protecting memory [0x000070001f96a000,0x000070001f96e000] with protection modes 0
Event: 789.857 Protecting memory [0x000070001fa6d000,0x000070001fa71000] with protection modes 0

Nmethod flushes (20 events):
Event: 789.935 Thread 0x00007faedb040000 flushing  nmethod 0x000000011dd16d90
Event: 789.935 Thread 0x00007faedb040000 flushing  nmethod 0x000000011dd1a390
Event: 789.935 Thread 0x00007faedb040000 flushing  nmethod 0x000000011dd28490
Event: 789.935 Thread 0x00007faedb040000 flushing  nmethod 0x000000011dd2ef90
Event: 789.935 Thread 0x00007faedb040000 flushing  nmethod 0x000000011dd38490
Event: 789.935 Thread 0x00007faedb040000 flushing  nmethod 0x000000011dd6d690
Event: 789.935 Thread 0x00007faedb040000 flushing  nmethod 0x000000011dd6dc10
Event: 789.935 Thread 0x00007faedb040000 flushing  nmethod 0x000000011dd6ea10
Event: 789.935 Thread 0x00007faedb040000 flushing  nmethod 0x000000011dd70090
Event: 789.935 Thread 0x00007faedb040000 flushing  nmethod 0x000000011dd90c90
Event: 789.935 Thread 0x00007faedb040000 flushing  nmethod 0x000000011dd94610
Event: 789.935 Thread 0x00007faedb040000 flushing  nmethod 0x000000011dd9c010
Event: 789.935 Thread 0x00007faedb040000 flushing  nmethod 0x000000011ddcfe10
Event: 789.935 Thread 0x00007faedb040000 flushing  nmethod 0x000000011ddd4810
Event: 789.936 Thread 0x00007faedb040000 flushing  nmethod 0x000000011df05f10
Event: 789.936 Thread 0x00007faedb040000 flushing  nmethod 0x000000011df36090
Event: 789.936 Thread 0x00007faedb040000 flushing  nmethod 0x000000011df41f10
Event: 789.936 Thread 0x00007faedb040000 flushing  nmethod 0x000000011df4a810
Event: 789.936 Thread 0x00007faedb040000 flushing  nmethod 0x000000011df4cf10
Event: 789.938 Thread 0x00007faedb040000 flushing  nmethod 0x00000001208ab190

Events (20 events):
Event: 787.883 Thread 0x00007faeeb222400 Thread added: 0x00007faebc76b200
Event: 787.886 Thread 0x00007faeeb249c00 Thread added: 0x00007faeed8a4a00
Event: 787.889 Thread 0x00007faebb2bc400 Thread added: 0x00007faebbd12a00
Event: 787.910 Thread 0x00007faeeb45b200 Thread added: 0x00007faebb82aa00
Event: 787.910 Thread 0x00007faeeb45b200 Thread added: 0x00007fae9b01f200
Event: 787.910 Thread 0x00007faeeb45b200 Thread added: 0x00007faebc39a000
Event: 787.910 Thread 0x00007faeeb45b200 Thread added: 0x00007faebb82b000
Event: 787.910 Thread 0x00007faeeb45b200 Thread added: 0x00007faebc76da00
Event: 787.910 Thread 0x00007faeeb45b200 Thread added: 0x00007fae9c00be00
Event: 787.910 Thread 0x00007faeeb45b200 Thread added: 0x00007faebc76e000
Event: 787.911 Thread 0x00007faeeb45b200 Thread added: 0x00007faebc76e600
Event: 787.911 Thread 0x00007faeeb45b200 Thread added: 0x00007fae8c32b000
Event: 787.911 Thread 0x00007faeeb45b200 Thread added: 0x00007faebb297400
Event: 787.911 Thread 0x00007faeeb45b200 Thread added: 0x00007faebb295c00
Event: 787.911 Thread 0x00007faeeb45b200 Thread added: 0x00007fae9d5cca00
Event: 787.911 Thread 0x00007faeeb45b200 Thread added: 0x00007faeec023c00
Event: 787.911 Thread 0x00007faeeb45b200 Thread added: 0x00007fae8bee0a00
Event: 787.911 Thread 0x00007faeeb45b200 Thread added: 0x00007fae9d0d7800
Event: 787.937 Thread 0x00007faeeb45b200 Thread added: 0x00007faebbec9e00
Event: 789.857 Thread 0x00007faeeb45b800 Thread added: 0x00007faebc77c600


Dynamic libraries:
0x000000010b150000 	/Library/Java/JavaVirtualMachines/zulu-17.jdk/Contents/Home/lib/libjli.dylib
0x00007ff813f46000 	/usr/lib/libz.1.dylib
0x00007ff814032000 	/usr/lib/libSystem.B.dylib
0x00007ff81402c000 	/usr/lib/system/libcache.dylib
0x00007ff813fe4000 	/usr/lib/system/libcommonCrypto.dylib
0x00007ff81400e000 	/usr/lib/system/libcompiler_rt.dylib
0x00007ff814002000 	/usr/lib/system/libcopyfile.dylib
0x00007ff8042a1000 	/usr/lib/system/libcorecrypto.dylib
0x00007ff8043ad000 	/usr/lib/system/libdispatch.dylib
0x00007ff80415c000 	/usr/lib/system/libdyld.dylib
0x00007ff814022000 	/usr/lib/system/libkeymgr.dylib
0x00007ff813fc9000 	/usr/lib/system/libmacho.dylib
0x00007ff8131b1000 	/usr/lib/system/libquarantine.dylib
0x00007ff81401f000 	/usr/lib/system/libremovefile.dylib
0x00007ff80a83d000 	/usr/lib/system/libsystem_asl.dylib
0x00007ff80422a000 	/usr/lib/system/libsystem_blocks.dylib
0x00007ff8043f8000 	/usr/lib/system/libsystem_c.dylib
0x00007ff814016000 	/usr/lib/system/libsystem_collections.dylib
0x00007ff811b47000 	/usr/lib/system/libsystem_configuration.dylib
0x00007ff8106da000 	/usr/lib/system/libsystem_containermanager.dylib
0x00007ff813aaf000 	/usr/lib/system/libsystem_coreservices.dylib
0x00007ff807f7a000 	/usr/lib/system/libsystem_darwin.dylib
0x00007ffe02ba9000 	/usr/lib/system/libsystem_darwindirectory.dylib
0x00007ff814023000 	/usr/lib/system/libsystem_dnssd.dylib
0x00007ffe02bae000 	/usr/lib/system/libsystem_eligibility.dylib
0x00007ff8043f5000 	/usr/lib/system/libsystem_featureflags.dylib
0x00007ff80457a000 	/usr/lib/system/libsystem_info.dylib
0x00007ff813f5a000 	/usr/lib/system/libsystem_m.dylib
0x00007ff804360000 	/usr/lib/system/libsystem_malloc.dylib
0x00007ff80a7a7000 	/usr/lib/system/libsystem_networkextension.dylib
0x00007ff8083c1000 	/usr/lib/system/libsystem_notify.dylib
0x00007ff811b4b000 	/usr/lib/system/libsystem_sandbox.dylib
0x00007ffe02bb6000 	/usr/lib/system/libsystem_sanitizers.dylib
0x00007ff81401b000 	/usr/lib/system/libsystem_secinit.dylib
0x00007ff804525000 	/usr/lib/system/libsystem_kernel.dylib
0x00007ff804570000 	/usr/lib/system/libsystem_platform.dylib
0x00007ff804563000 	/usr/lib/system/libsystem_pthread.dylib
0x00007ff80c60a000 	/usr/lib/system/libsystem_symptoms.dylib
0x00007ff804281000 	/usr/lib/system/libsystem_trace.dylib
0x00007ffe02bbf000 	/usr/lib/system/libsystem_trial.dylib
0x00007ff813ff1000 	/usr/lib/system/libunwind.dylib
0x00007ff80422e000 	/usr/lib/system/libxpc.dylib
0x00007ff804116000 	/usr/lib/libobjc.A.dylib
0x00007ff8045a9000 	/System/Library/Frameworks/CoreFoundation.framework/Versions/A/CoreFoundation
0x00007ff817ca3000 	/usr/lib/swift/libswiftCore.dylib
0x00007ff80450d000 	/usr/lib/libc++abi.dylib
0x00007ffd2120f000 	/usr/lib/libRosetta.dylib
0x00007ff804482000 	/usr/lib/libc++.1.dylib
0x00007ff805838000 	/System/Library/Frameworks/Foundation.framework/Versions/C/Foundation
0x00007ff821713000 	/usr/lib/swift/libswiftObjectiveC.dylib
0x00007ffe02455000 	/usr/lib/libswiftPrespecialized.dylib
0x00007ff8054c3000 	/System/Library/Frameworks/SystemConfiguration.framework/Versions/A/SystemConfiguration
0x00007ff80eaa6000 	/System/Library/PrivateFrameworks/CoreAutoLayout.framework/Versions/A/CoreAutoLayout
0x00007ff814034000 	/usr/lib/libfakelink.dylib
0x00007ff81422e000 	/usr/lib/libcompression.dylib
0x00007ff80a412000 	/System/Library/Frameworks/CFNetwork.framework/Versions/A/CFNetwork
0x00007ff80dc55000 	/System/Library/Frameworks/DiskArbitration.framework/Versions/A/DiskArbitration
0x00007ff814085000 	/usr/lib/libarchive.2.dylib
0x00007ff80db67000 	/usr/lib/libDiagnosticMessagesClient.dylib
0x00007ff807cce000 	/usr/lib/libicucore.A.dylib
0x00007ff80eaf0000 	/usr/lib/libxml2.2.dylib
0x00007ff81c990000 	/System/Library/Frameworks/CoreServices.framework/Versions/A/CoreServices
0x00007ff811b58000 	/usr/lib/liblangid.dylib
0x00007ff8082f5000 	/System/Library/Frameworks/IOKit.framework/Versions/A/IOKit
0x00007ff81a462000 	/System/Library/Frameworks/Combine.framework/Versions/A/Combine
0x00007ffb20e2f000 	/System/Library/PrivateFrameworks/CollectionsInternal.framework/Versions/A/CollectionsInternal
0x00007ffd05889000 	/System/Library/PrivateFrameworks/ReflectionInternal.framework/Versions/A/ReflectionInternal
0x00007ffd065ca000 	/System/Library/PrivateFrameworks/RuntimeInternal.framework/Versions/A/RuntimeInternal
0x00007ff814037000 	/System/Library/PrivateFrameworks/SoftLinking.framework/Versions/A/SoftLinking
0x00007ff90f04b000 	/usr/lib/swift/libswiftCoreFoundation.dylib
0x00007ff90c228000 	/usr/lib/swift/libswiftDarwin.dylib
0x00007ff81e95a000 	/usr/lib/swift/libswiftDispatch.dylib
0x00007ff90f099000 	/usr/lib/swift/libswiftIOKit.dylib
0x00007ffe0283e000 	/usr/lib/swift/libswiftSystem.dylib
0x00007ff90f05b000 	/usr/lib/swift/libswiftXPC.dylib
0x00007ffe0286c000 	/usr/lib/swift/libswift_Builtin_float.dylib
0x00007ffe0286f000 	/usr/lib/swift/libswift_Concurrency.dylib
0x00007ffe028dc000 	/usr/lib/swift/libswift_DarwinFoundation1.dylib
0x00007ffe029c3000 	/usr/lib/swift/libswift_StringProcessing.dylib
0x00007ff821717000 	/usr/lib/swift/libswiftos.dylib
0x00007ff808274000 	/System/Library/PrivateFrameworks/CoreServicesInternal.framework/Versions/A/CoreServicesInternal
0x00007ff813ffa000 	/usr/lib/liboah.dylib
0x00007ff8078d0000 	/System/Library/Frameworks/Security.framework/Versions/A/Security
0x00007ff820c51000 	/System/Library/PrivateFrameworks/DiskImages.framework/Versions/A/DiskImages
0x00007ff90bcec000 	/System/Library/Frameworks/NetFS.framework/Versions/A/NetFS
0x00007ff80ea6e000 	/System/Library/Frameworks/CoreServices.framework/Versions/A/Frameworks/FSEvents.framework/Versions/A/FSEvents
0x00007ff807f85000 	/System/Library/Frameworks/CoreServices.framework/Versions/A/Frameworks/CarbonCore.framework/Versions/A/CarbonCore
0x00007ff80dbcb000 	/System/Library/Frameworks/CoreServices.framework/Versions/A/Frameworks/Metadata.framework/Versions/A/Metadata
0x00007ff813ab6000 	/System/Library/Frameworks/CoreServices.framework/Versions/A/Frameworks/OSServices.framework/Versions/A/OSServices
0x00007ff814160000 	/System/Library/Frameworks/CoreServices.framework/Versions/A/Frameworks/SearchKit.framework/Versions/A/SearchKit
0x00007ff80c588000 	/System/Library/Frameworks/CoreServices.framework/Versions/A/Frameworks/AE.framework/Versions/A/AE
0x00007ff804a65000 	/System/Library/Frameworks/CoreServices.framework/Versions/A/Frameworks/LaunchServices.framework/Versions/A/LaunchServices
0x00007ff815777000 	/System/Library/Frameworks/CoreServices.framework/Versions/A/Frameworks/DictionaryServices.framework/Versions/A/DictionaryServices
0x00007ff80ea7c000 	/System/Library/Frameworks/CoreServices.framework/Versions/A/Frameworks/SharedFileList.framework/Versions/A/SharedFileList
0x00007ff8141e2000 	/usr/lib/libapple_nghttp2.dylib
0x00007ff80c199000 	/usr/lib/libsqlite3.dylib
0x00007ff820e8a000 	/System/Library/PrivateFrameworks/AppSupport.framework/Versions/A/AppSupport
0x00007ff80db39000 	/System/Library/PrivateFrameworks/CoreAnalytics.framework/Versions/A/CoreAnalytics
0x00007ff80adb7000 	/System/Library/Frameworks/CoreGraphics.framework/Versions/A/CoreGraphics
0x00007ff818905000 	/System/Library/Frameworks/GSS.framework/Versions/A/GSS
0x00007ff816d97000 	/System/Library/PrivateFrameworks/InternationalSupport.framework/Versions/A/InternationalSupport
0x00007ff80c520000 	/System/Library/PrivateFrameworks/RunningBoardServices.framework/Versions/A/RunningBoardServices
0x00007ff8216a0000 	/System/Library/PrivateFrameworks/StreamingZip.framework/Versions/A/StreamingZip
0x00007ff80a7c1000 	/usr/lib/libenergytrace.dylib
0x00007ff80c612000 	/System/Library/Frameworks/Network.framework/Versions/A/Network
0x00007ff8131d6000 	/usr/lib/libbsm.0.dylib
0x00007ff813fcd000 	/usr/lib/system/libkxld.dylib
0x00007ffb1cc48000 	/System/Library/PrivateFrameworks/AppleKeyStore.framework/Versions/A/AppleKeyStore
0x00007ffd20f67000 	/usr/lib/libCoreEntitlements.dylib
0x00007ffc1c16c000 	/System/Library/PrivateFrameworks/MessageSecurity.framework/Versions/A/MessageSecurity
0x00007ff80c17d000 	/System/Library/PrivateFrameworks/ProtocolBuffer.framework/Versions/A/ProtocolBuffer
0x00007ff81da10000 	/System/Library/PrivateFrameworks/SymptomDiagnosticReporter.framework/Versions/A/SymptomDiagnosticReporter
0x00007ff815ab6000 	/System/Library/PrivateFrameworks/CrashReporterSupport.framework/Versions/A/CrashReporterSupport
0x00007ff80a7c2000 	/usr/lib/libMobileGestalt.dylib
0x00007ff813a95000 	/System/Library/PrivateFrameworks/AppleFSCompression.framework/Versions/A/AppleFSCompression
0x00007ff8131be000 	/usr/lib/libcoretls.dylib
0x00007ff8157e6000 	/usr/lib/libcoretls_cfhelpers.dylib
0x00007ff814228000 	/usr/lib/libpam.2.dylib
0x00007ff81585f000 	/usr/lib/libxar.1.dylib
0x00007ff8157e8000 	/System/Library/PrivateFrameworks/APFS.framework/Versions/A/APFS
0x00007ffd0feb2000 	/System/Library/PrivateFrameworks/SwiftASN1Internal.framework/Versions/A/SwiftASN1Internal
0x00007ff81586d000 	/usr/lib/libutil.dylib
0x00007ff811b53000 	/System/Library/PrivateFrameworks/AppleSystemInfo.framework/Versions/A/AppleSystemInfo
0x00007ff812ebf000 	/System/Library/PrivateFrameworks/IOMobileFramebuffer.framework/Versions/A/IOMobileFramebuffer
0x00007ff810711000 	/System/Library/Frameworks/IOSurface.framework/Versions/A/IOSurface
0x00007ff90ef17000 	/System/Library/PrivateFrameworks/LoggingSupport.framework/Versions/A/LoggingSupport
0x00007ff81895d000 	/System/Library/PrivateFrameworks/MobileAsset.framework/Versions/A/MobileAsset
0x00007ff81da1f000 	/System/Library/PrivateFrameworks/PowerLog.framework/Versions/A/PowerLog
0x00007ffb16908000 	/System/Library/Frameworks/SwiftData.framework/Versions/A/SwiftData
0x00007ff809e0c000 	/System/Library/Frameworks/UniformTypeIdentifiers.framework/Versions/A/UniformTypeIdentifiers
0x00007ff80ec86000 	/System/Library/PrivateFrameworks/UserManagement.framework/Versions/A/UserManagement
0x00007ff80a335000 	/usr/lib/libboringssl.dylib
0x00007ff80c5f9000 	/usr/lib/libdns_services.dylib
0x00007ff90df94000 	/usr/lib/libquic.dylib
0x00007ff817c2d000 	/usr/lib/libusrtcp.dylib
0x00007ffb1d97c000 	/System/Library/PrivateFrameworks/AtomicsInternal.framework/Versions/A/AtomicsInternal
0x00007ffa149d1000 	/System/Library/PrivateFrameworks/InternalSwiftProtobuf.framework/Versions/A/InternalSwiftProtobuf
0x00007ffe026a9000 	/usr/lib/swift/libswiftDistributed.dylib
0x00007ffe026cf000 	/usr/lib/swift/libswiftObservation.dylib
0x00007ffe02836000 	/usr/lib/swift/libswiftSynchronization.dylib
0x00007ff811b52000 	/System/Library/PrivateFrameworks/AggregateDictionary.framework/Versions/A/AggregateDictionary
0x00007ffb1dff4000 	/System/Library/PrivateFrameworks/BiomeLibrary.framework/Versions/A/BiomeLibrary
0x00007ff91de9f000 	/System/Library/PrivateFrameworks/BiomeStreams.framework/Versions/A/BiomeStreams
0x00007ff919dd4000 	/System/Library/PrivateFrameworks/BiomeFoundation.framework/Versions/A/BiomeFoundation
0x00007ffa04387000 	/System/Library/PrivateFrameworks/BiomePubSub.framework/Versions/A/BiomePubSub
0x00007ff80bcf3000 	/System/Library/Frameworks/CoreData.framework/Versions/A/CoreData
0x00007ff82279d000 	/System/Library/PrivateFrameworks/ProactiveSupport.framework/Versions/A/ProactiveSupport
0x00007ff8157c6000 	/usr/lib/liblzma.5.dylib
0x00007ff81cc03000 	/System/Library/Frameworks/Accelerate.framework/Versions/A/Accelerate
0x00007ff8130c5000 	/System/Library/PrivateFrameworks/MobileKeyBag.framework/Versions/A/MobileKeyBag
0x00007ff821197000 	/System/Library/PrivateFrameworks/InternationalTextSearch.framework/Versions/A/InternationalTextSearch
0x00007ff9165f7000 	/System/Library/PrivateFrameworks/SoftwareUpdateCoreSupport.framework/Versions/A/SoftwareUpdateCoreSupport
0x00007ff91e81f000 	/System/Library/PrivateFrameworks/SoftwareUpdateCoreConnect.framework/Versions/A/SoftwareUpdateCoreConnect
0x00007ff820d3a000 	/System/Library/PrivateFrameworks/RemoteServiceDiscovery.framework/Versions/A/RemoteServiceDiscovery
0x00007ff9161da000 	/System/Library/PrivateFrameworks/MSUDataAccessor.framework/Versions/A/MSUDataAccessor
0x00007ff911211000 	/usr/lib/libbootpolicy.dylib
0x00007ff820d51000 	/System/Library/PrivateFrameworks/RemoteXPC.framework/Versions/A/RemoteXPC
0x00007ff91dd4f000 	/usr/lib/libFDR.dylib
0x00007ffa03fe2000 	/usr/lib/libamsupport.dylib
0x00007ffb1c4e7000 	/System/Library/PrivateFrameworks/AppleDeviceQuerySupport.framework/Versions/A/AppleDeviceQuerySupport
0x00007ffa07053000 	/usr/lib/libpartition2_dynamic.dylib
0x00007ff8141c0000 	/System/Library/PrivateFrameworks/AppleSauce.framework/Versions/A/AppleSauce
0x00007ffd20de7000 	/usr/lib/libAppleArchive.dylib
0x00007ff813aa0000 	/usr/lib/libbz2.1.0.dylib
0x00007ff80dc5d000 	/System/Library/Frameworks/Accelerate.framework/Versions/A/Frameworks/vImage.framework/Versions/A/vImage
0x00007ff81c966000 	/System/Library/Frameworks/Accelerate.framework/Versions/A/Frameworks/vecLib.framework/Versions/A/vecLib
0x00007ff8158a2000 	/System/Library/Frameworks/Accelerate.framework/Versions/A/Frameworks/vecLib.framework/Versions/A/libvMisc.dylib
0x00007ff804f78000 	/System/Library/Frameworks/Accelerate.framework/Versions/A/Frameworks/vecLib.framework/Versions/A/libBLAS.dylib
0x00007ff821196000 	/System/Library/Frameworks/ApplicationServices.framework/Versions/A/ApplicationServices
0x00007ff80ebd1000 	/System/Library/Frameworks/CoreVideo.framework/Versions/A/CoreVideo
0x00007ff80b6d3000 	/System/Library/Frameworks/ColorSync.framework/Versions/A/ColorSync
0x00007ff806ee2000 	/System/Library/Frameworks/CoreText.framework/Versions/A/CoreText
0x00007ff8111f2000 	/System/Library/Frameworks/ImageIO.framework/Versions/A/ImageIO
0x00007ff818517000 	/System/Library/Frameworks/ApplicationServices.framework/Versions/A/Frameworks/ATS.framework/Versions/A/ATS
0x00007ff80b87e000 	/System/Library/Frameworks/ApplicationServices.framework/Versions/A/Frameworks/HIServices.framework/Versions/A/HIServices
0x00007ff816c66000 	/System/Library/Frameworks/ApplicationServices.framework/Versions/A/Frameworks/PrintCore.framework/Versions/A/PrintCore
0x00007ff8188cf000 	/System/Library/Frameworks/ApplicationServices.framework/Versions/A/Frameworks/QD.framework/Versions/A/QD
0x00007ff8188cb000 	/System/Library/Frameworks/ApplicationServices.framework/Versions/A/Frameworks/ColorSyncLegacy.framework/Versions/A/ColorSyncLegacy
0x00007ff8184ed000 	/System/Library/Frameworks/ApplicationServices.framework/Versions/A/Frameworks/SpeechSynthesis.framework/Versions/A/SpeechSynthesis
0x00007ff80a877000 	/System/Library/PrivateFrameworks/SkyLight.framework/Versions/A/SkyLight
0x00007ff810bf6000 	/System/Library/PrivateFrameworks/FontServices.framework/libFontParser.dylib
0x00007ff80c42e000 	/System/Library/PrivateFrameworks/BaseBoard.framework/Versions/A/BaseBoard
0x00007ff81eca2000 	/System/Library/PrivateFrameworks/BoardServices.framework/Versions/A/BoardServices
0x00007ff820a71000 	/System/Library/PrivateFrameworks/BackBoardServices.framework/Versions/A/BackBoardServices
0x00007ffb1df19000 	/System/Library/PrivateFrameworks/BackBoardHIDEventFoundation.framework/Versions/A/BackBoardHIDEventFoundation
0x00007ff8069df000 	/System/Library/Frameworks/CoreDisplay.framework/Versions/A/CoreDisplay
0x00007ff816479000 	/System/Library/Frameworks/VideoToolbox.framework/Versions/A/VideoToolbox
0x00007ff814226000 	/System/Library/Frameworks/MetalPerformanceShaders.framework/Versions/A/MetalPerformanceShaders
0x00007ffd04af8000 	/System/Library/PrivateFrameworks/ProDisplayLibrary.framework/Versions/A/ProDisplayLibrary
0x00007ff902314000 	/System/Library/PrivateFrameworks/IOSurfaceAccelerator.framework/Versions/A/IOSurfaceAccelerator
0x00007ff810735000 	/System/Library/Frameworks/Metal.framework/Versions/A/Metal
0x00007ff81072c000 	/System/Library/PrivateFrameworks/IOAccelerator.framework/Versions/A/IOAccelerator
0x00007ff810a51000 	/System/Library/Frameworks/CoreMedia.framework/Versions/A/CoreMedia
0x00007ff80a855000 	/System/Library/PrivateFrameworks/TCC.framework/Versions/A/TCC
0x00007ff816433000 	/System/Library/PrivateFrameworks/WatchdogClient.framework/Versions/A/WatchdogClient
0x00007ff80e338000 	/System/Library/Frameworks/QuartzCore.framework/Versions/A/QuartzCore
0x00007ff816435000 	/System/Library/PrivateFrameworks/MultitouchSupport.framework/Versions/A/MultitouchSupport
0x00007ffa0c4bc000 	/usr/lib/swift/libswiftOSLog.dylib
0x00007ff912c73000 	/usr/lib/swift/libswiftsimd.dylib
0x00007ffa043e8000 	/System/Library/PrivateFrameworks/BiomeStorage.framework/Versions/A/BiomeStorage
0x00007ffc17161000 	/System/Library/PrivateFrameworks/IntelligencePlatformLibrary.framework/Versions/A/IntelligencePlatformLibrary
0x00007ffd03f58000 	/System/Library/PrivateFrameworks/PoirotSchematizer.framework/Versions/A/PoirotSchematizer
0x00007ffb1e947000 	/System/Library/PrivateFrameworks/BiomeSync.framework/Versions/A/BiomeSync
0x00007ffb1dfdb000 	/System/Library/PrivateFrameworks/BiomeDSL.framework/Versions/A/BiomeDSL
0x00007ffa1c05f000 	/System/Library/PrivateFrameworks/FeatureFlags.framework/Versions/A/FeatureFlags
0x00007ffd03fc6000 	/System/Library/PrivateFrameworks/PoirotUDFs.framework/Versions/A/PoirotUDFs
0x00007ffd03f2d000 	/System/Library/PrivateFrameworks/PoirotSQLite.framework/Versions/A/PoirotSQLite
0x00007ff81f1d9000 	/System/Library/PrivateFrameworks/CoreTime.framework/Versions/A/CoreTime
0x00007ff81406d000 	/usr/lib/libiconv.2.dylib
0x00007ff813fc8000 	/usr/lib/libcharset.1.dylib
0x00007ffe02917000 	/usr/lib/swift/libswift_RegexParser.dylib
0x00007ffb1fd4a000 	/System/Library/PrivateFrameworks/CascadeSets.framework/Versions/A/CascadeSets
0x00007ff818acd000 	/System/Library/PrivateFrameworks/CorePhoneNumbers.framework/Versions/A/CorePhoneNumbers
0x00007ff8162fa000 	/System/Library/PrivateFrameworks/AppleJPEG.framework/Versions/A/AppleJPEG
0x00007ff815d17000 	/usr/lib/libexpat.1.dylib
0x00007ff816b2b000 	/System/Library/Frameworks/ImageIO.framework/Versions/A/Resources/libPng.dylib
0x00007ff816b5a000 	/System/Library/Frameworks/ImageIO.framework/Versions/A/Resources/libTIFF.dylib
0x00007ff816c4f000 	/System/Library/Frameworks/ImageIO.framework/Versions/A/Resources/libGIF.dylib
0x00007ff816346000 	/System/Library/Frameworks/ImageIO.framework/Versions/A/Resources/libJP2.dylib
0x00007ff815a17000 	/usr/lib/libate.dylib
0x00007ff816bee000 	/System/Library/Frameworks/ImageIO.framework/Versions/A/Resources/libJPEG.dylib
0x00007ff816be5000 	/System/Library/Frameworks/ImageIO.framework/Versions/A/Resources/libRadiance.dylib
0x00007ffc0e83b000 	/System/Library/PrivateFrameworks/GPUCompiler.framework/Versions/32023/Libraries/libllvm-flatbuffers.dylib
0x00007ffc08fa2000 	/System/Library/PrivateFrameworks/FramePacing.framework/Versions/A/FramePacing
0x00007ffb0d0ed000 	/System/Library/Frameworks/OpenGL.framework/Versions/A/Libraries/libCoreFSCache.dylib
0x00007ffc09f11000 	/System/Library/PrivateFrameworks/GPUCompiler.framework/Versions/32023/Libraries/libGPUCompilerUtils.dylib
0x00007ff81ed6e000 	/System/Library/PrivateFrameworks/GraphicsServices.framework/Versions/A/GraphicsServices
0x00007ff91cf44000 	/usr/lib/swift/libswiftMetal.dylib
0x00007ffa0255e000 	/usr/lib/swift/libswiftQuartzCore.dylib
0x00007ffa06e4e000 	/usr/lib/swift/libswiftUniformTypeIdentifiers.dylib
0x00007ff811532000 	/System/Library/Frameworks/CoreImage.framework/Versions/A/CoreImage
0x00007ffa101e9000 	/System/Library/PrivateFrameworks/Symbolication.framework/Versions/A/Symbolication
0x00007ffd03b53000 	/System/Library/PrivateFrameworks/PhotosensitivityProcessing.framework/Versions/A/PhotosensitivityProcessing
0x00007ffb0d0f9000 	/System/Library/Frameworks/OpenGL.framework/Versions/A/OpenGL
0x00007ffb0e6e2000 	/System/Library/Frameworks/OpenCL.framework/Versions/A/OpenCL
0x00007ff815f42000 	/System/Library/PrivateFrameworks/GraphVisualizer.framework/Versions/A/GraphVisualizer
0x00007ffb0d14b000 	/System/Library/Frameworks/OpenGL.framework/Versions/A/Libraries/libGLU.dylib
0x00007ffb0d10c000 	/System/Library/Frameworks/OpenGL.framework/Versions/A/Libraries/libGFXShared.dylib
0x00007ffb0d30b000 	/System/Library/Frameworks/OpenGL.framework/Versions/A/Libraries/libGL.dylib
0x00007ffb0d115000 	/System/Library/Frameworks/OpenGL.framework/Versions/A/Libraries/libGLImage.dylib
0x00007ffb0d109000 	/System/Library/Frameworks/OpenGL.framework/Versions/A/Libraries/libCVMSPluginSupport.dylib
0x00007ffb0d0f4000 	/System/Library/Frameworks/OpenGL.framework/Versions/A/Libraries/libCoreVMClient.dylib
0x00007ffc08ead000 	/System/Library/PrivateFrameworks/FontServices.framework/Versions/A/FontServices
0x00007ff815f55000 	/System/Library/PrivateFrameworks/OTSVG.framework/Versions/A/OTSVG
0x00007ff80e727000 	/System/Library/Frameworks/ApplicationServices.framework/Versions/A/Frameworks/ATS.framework/Versions/A/Resources/libFontRegistry.dylib
0x00007ffd21902000 	/usr/lib/libhvf.dylib
0x00007ffc20d80000 	/System/Library/PrivateFrameworks/ParsingInternal.framework/Versions/A/ParsingInternal
0x00007ffc08eb1000 	/System/Library/PrivateFrameworks/FontServices.framework/libXTFontStaticRegistryData.dylib
0x00007ff811a8b000 	/System/Library/Frameworks/MetalPerformanceShaders.framework/Versions/A/Frameworks/MPSCore.framework/Versions/A/MPSCore
0x00007ff8139f0000 	/System/Library/Frameworks/MetalPerformanceShaders.framework/Versions/A/Frameworks/MPSImage.framework/Versions/A/MPSImage
0x00007ff81325a000 	/System/Library/Frameworks/MetalPerformanceShaders.framework/Versions/A/Frameworks/MPSNeuralNetwork.framework/Versions/A/MPSNeuralNetwork
0x00007ff8137b8000 	/System/Library/Frameworks/MetalPerformanceShaders.framework/Versions/A/Frameworks/MPSMatrix.framework/Versions/A/MPSMatrix
0x00007ff81356e000 	/System/Library/Frameworks/MetalPerformanceShaders.framework/Versions/A/Frameworks/MPSRayIntersector.framework/Versions/A/MPSRayIntersector
0x00007ff8137f7000 	/System/Library/Frameworks/MetalPerformanceShaders.framework/Versions/A/Frameworks/MPSNDArray.framework/Versions/A/MPSNDArray
0x00007ffb13913000 	/System/Library/Frameworks/MetalPerformanceShaders.framework/Versions/A/Frameworks/MPSFunctions.framework/Versions/A/MPSFunctions
0x00007ffb138f3000 	/System/Library/Frameworks/MetalPerformanceShaders.framework/Versions/A/Frameworks/MPSBenchmarkLoop.framework/Versions/A/MPSBenchmarkLoop
0x00007ff804d86000 	/System/Library/PrivateFrameworks/MetalTools.framework/Versions/A/MetalTools
0x00007ff91445a000 	/System/Library/PrivateFrameworks/IOAccelMemoryInfo.framework/Versions/A/IOAccelMemoryInfo
0x00007ffa02969000 	/System/Library/PrivateFrameworks/kperf.framework/Versions/A/kperf
0x00007ff90f02d000 	/System/Library/PrivateFrameworks/GPURawCounter.framework/Versions/A/GPURawCounter
0x00007ff81f0bb000 	/System/Library/PrivateFrameworks/CoreSymbolication.framework/Versions/A/CoreSymbolication
0x00007ff90efaa000 	/System/Library/PrivateFrameworks/MallocStackLogging.framework/Versions/A/MallocStackLogging
0x00007ff81f09c000 	/System/Library/PrivateFrameworks/DebugSymbols.framework/Versions/A/DebugSymbols
0x00007ff920de2000 	/System/Library/PrivateFrameworks/OSAnalytics.framework/Versions/A/OSAnalytics
0x00007ffc0711e000 	/System/Library/PrivateFrameworks/DeviceRecovery.framework/Versions/A/DeviceRecovery
0x00007ffb11997000 	/System/Library/Frameworks/ExtensionFoundation.framework/Versions/A/ExtensionFoundation
0x00007ff815f9b000 	/System/Library/PrivateFrameworks/AppServerSupport.framework/Versions/A/AppServerSupport
0x00007ff815d9b000 	/System/Library/PrivateFrameworks/IconServices.framework/Versions/A/IconServices
0x00007ff815c07000 	/System/Library/PrivateFrameworks/PlugInKit.framework/Versions/A/PlugInKit
0x00007ff8130db000 	/System/Library/PrivateFrameworks/AssertionServices.framework/Versions/A/AssertionServices
0x00007ffa06e5d000 	/usr/lib/swift/libswiftAccelerate.dylib
0x00007ff815d3c000 	/System/Library/PrivateFrameworks/IconFoundation.framework/Versions/A/IconFoundation
0x00007ffc145f4000 	/System/Library/PrivateFrameworks/IconRendering.framework/Versions/A/IconRendering
0x00007ff80e774000 	/System/Library/PrivateFrameworks/CoreUI.framework/Versions/A/CoreUI
0x00007ffd0674b000 	/System/Library/PrivateFrameworks/SFSymbols.framework/Versions/A/SFSymbols
0x00007ffb11878000 	/System/Library/Frameworks/DeveloperToolsSupport.framework/Versions/A/DeveloperToolsSupport
0x00007ff906810000 	/System/Library/PrivateFrameworks/RenderBox.framework/Versions/A/RenderBox
0x00007ff8111b7000 	/System/Library/PrivateFrameworks/CoreSVG.framework/Versions/A/CoreSVG
0x00007ff816cd9000 	/System/Library/PrivateFrameworks/TextureIO.framework/Versions/A/TextureIO
0x00007ff90f098000 	/usr/lib/swift/libswiftCoreImage.dylib
0x00007ff816c20000 	/System/Library/Frameworks/ApplicationServices.framework/Versions/A/Frameworks/ATSUI.framework/Versions/A/ATSUI
0x00007ff818291000 	/System/Library/Frameworks/AudioToolbox.framework/Versions/A/AudioToolbox
0x00007ff806b0d000 	/System/Library/PrivateFrameworks/AudioToolboxCore.framework/Versions/A/AudioToolboxCore
0x00007ff81845b000 	/System/Library/PrivateFrameworks/AudioSession.framework/Versions/A/AudioSession
0x00007ff823be6000 	/System/Library/Frameworks/CoreMIDI.framework/Versions/A/CoreMIDI
0x00007ff8184d5000 	/usr/lib/libAudioStatistics.dylib
0x00007ff810a2c000 	/System/Library/PrivateFrameworks/caulk.framework/Versions/A/caulk
0x00007ff807126000 	/System/Library/Frameworks/CoreAudio.framework/Versions/A/CoreAudio
0x00007ff816b09000 	/usr/lib/libAudioToolboxUtility.dylib
0x00007ff90f031000 	/usr/lib/swift/libswiftCoreAudio.dylib
0x00007ff915a6b000 	/usr/lib/swift/libswiftCoreMIDI.dylib
0x00007ff8188d9000 	/System/Library/PrivateFrameworks/perfdata.framework/Versions/A/perfdata
0x00007ff90e085000 	/System/Library/PrivateFrameworks/SystemPolicy.framework/Versions/A/SystemPolicy
0x00007ff81877c000 	/usr/lib/libSMC.dylib
0x00007ff8188e7000 	/usr/lib/libperfcheck.dylib
0x00007ffb1da32000 	/System/Library/PrivateFrameworks/AudioAnalytics.framework/Versions/A/AudioAnalytics
0x00007ffe028e0000 	/usr/lib/swift/libswift_DarwinFoundation2.dylib
0x00007ffe028e1000 	/usr/lib/swift/libswift_DarwinFoundation3.dylib
0x00007ffa146f1000 	/System/Library/Frameworks/OSLog.framework/Versions/A/OSLog
0x00007ff90efda000 	/usr/lib/libmis.dylib
0x00007ff815e5e000 	/System/Library/PrivateFrameworks/MediaExperience.framework/Versions/A/MediaExperience
0x00007ff818241000 	/System/Library/PrivateFrameworks/AudioSession.framework/libSessionUtility.dylib
0x00007ff816c55000 	/System/Library/PrivateFrameworks/CMCaptureCore.framework/Versions/A/CMCaptureCore
0x00007ff815fa9000 	/usr/lib/libspindump.dylib
0x00007ff81d8f9000 	/System/Library/Frameworks/CoreBluetooth.framework/Versions/A/CoreBluetooth
0x00007ff812f4e000 	/System/Library/PrivateFrameworks/CoreUtils.framework/Versions/A/CoreUtils
0x00007ff907526000 	/System/Library/PrivateFrameworks/HID.framework/Versions/A/HID
0x00007ffc066d7000 	/System/Library/PrivateFrameworks/CoreUtilsExtras.framework/Versions/A/CoreUtilsExtras
0x00007ffc14551000 	/System/Library/PrivateFrameworks/IO80211.framework/Versions/A/IO80211
0x00007ff81a1d4000 	/System/Library/Frameworks/IOBluetooth.framework/Versions/A/IOBluetooth
0x00007ff91cf51000 	/usr/lib/swift/libswiftCompression.dylib
0x00007ffb1d695000 	/System/Library/PrivateFrameworks/ArgumentParserInternal.framework/Versions/A/ArgumentParserInternal
0x00007ff815aad000 	/usr/lib/libIOReport.dylib
0x00007ff8130e8000 	/System/Library/Frameworks/SecurityFoundation.framework/Versions/A/SecurityFoundation
0x00007ff8051e1000 	/System/Library/PrivateFrameworks/Lexicon.framework/Versions/A/Lexicon
0x00007ff81ebc2000 	/System/Library/PrivateFrameworks/FrontBoardServices.framework/Versions/A/FrontBoardServices
0x00007ff813241000 	/usr/lib/libgermantok.dylib
0x00007ff811c6a000 	/System/Library/PrivateFrameworks/LinguisticData.framework/Versions/A/LinguisticData
0x00007ff81db02000 	/System/Library/PrivateFrameworks/MediaKit.framework/Versions/A/MediaKit
0x00007ff81da5c000 	/System/Library/Frameworks/DiscRecording.framework/Versions/A/DiscRecording
0x00007ff815d33000 	/usr/lib/libheimdal-asn1.dylib
0x00007ff82167b000 	/System/Library/Frameworks/AudioUnit.framework/Versions/A/AudioUnit
0x00007ff80ea46000 	/System/Library/Frameworks/OpenDirectory.framework/Versions/A/OpenDirectory
0x00007ff80ea52000 	/System/Library/Frameworks/OpenDirectory.framework/Versions/A/Frameworks/CFOpenDirectory.framework/Versions/A/CFOpenDirectory
0x00007ffb10169000 	/System/Library/Frameworks/AVFAudio.framework/Versions/A/AVFAudio
0x00007ff90846d000 	/usr/lib/libAccessibility.dylib
0x00007ffc17c75000 	/System/Library/PrivateFrameworks/IsolatedCoreAudioClient.framework/Versions/A/IsolatedCoreAudioClient
0x00007ffa0acc5000 	/usr/lib/swift/libswiftCoreMedia.dylib
0x00007ffd1328c000 	/System/Library/PrivateFrameworks/Tightbeam.framework/Versions/A/Tightbeam
0x00007ffc02767000 	/System/Library/PrivateFrameworks/CoreAudioOrchestration.framework/Versions/A/CoreAudioOrchestration
0x00007ffa0750c000 	/System/Library/PrivateFrameworks/AFKUser.framework/Versions/A/AFKUser
0x00007ff81cc50000 	/System/Library/Frameworks/MediaAccessibility.framework/Versions/A/MediaAccessibility
0x00007ffd1710c000 	/System/Library/PrivateFrameworks/VideoToolboxParavirtualizationSupport.framework/Versions/A/VideoToolboxParavirtualizationSupport
0x00007ff815cc9000 	/System/Library/PrivateFrameworks/AppleVA.framework/Versions/A/AppleVA
0x00007ff816bde000 	/System/Library/PrivateFrameworks/GPUWrangler.framework/Versions/A/GPUWrangler
0x00007ff816bc2000 	/System/Library/PrivateFrameworks/IOPresentment.framework/Versions/A/IOPresentment
0x00007ff816be8000 	/System/Library/PrivateFrameworks/DSExternalDisplay.framework/Versions/A/DSExternalDisplay
0x00007ffb1d4f7000 	/System/Library/PrivateFrameworks/AppleMobileFileIntegrity.framework/Versions/A/AppleMobileFileIntegrity
0x00007ffd2128b000 	/usr/lib/libTLE.dylib
0x00007ffb05234000 	/System/Library/PrivateFrameworks/ConfigProfileHelper.framework/Versions/A/ConfigProfileHelper
0x00007ffa1a167000 	/usr/lib/libedit.3.dylib
0x00007ffc18ee9000 	/System/Library/PrivateFrameworks/MIL.framework/Versions/A/MIL
0x00007ff91441f000 	/usr/lib/libncurses.5.4.dylib
0x00007ff812e8a000 	/System/Library/PrivateFrameworks/CoreEmoji.framework/Versions/A/CoreEmoji
0x00007ff805549000 	/usr/lib/libCRFSuite.dylib
0x00007ff811b5a000 	/System/Library/PrivateFrameworks/CoreNLP.framework/Versions/A/CoreNLP
0x00007ff8131e6000 	/usr/lib/libmecab.dylib
0x00007ff8141b8000 	/usr/lib/libThaiTokenizer.dylib
0x00007ff8170a0000 	/System/Library/PrivateFrameworks/DataDetectorsCore.framework/Versions/A/DataDetectorsCore
0x00007ffb11866000 	/System/Library/Frameworks/DataDetection.framework/Versions/A/DataDetection
0x00007ff912e9d000 	/System/Library/PrivateFrameworks/TextInput.framework/Versions/A/TextInput
0x00007ffa14b8f000 	/System/Library/PrivateFrameworks/HIDDisplay.framework/Versions/A/HIDDisplay
0x00007ff81885d000 	/usr/lib/libcups.2.dylib
0x00007ff8188f6000 	/System/Library/Frameworks/Kerberos.framework/Versions/A/Kerberos
0x00007ff81855a000 	/usr/lib/libresolv.9.dylib
0x00007ff815fb0000 	/System/Library/PrivateFrameworks/Heimdal.framework/Versions/A/Heimdal
0x00007ff82167a000 	/System/Library/Frameworks/Kerberos.framework/Versions/A/Libraries/libHeimdalProxy.dylib
0x00007ff81894e000 	/System/Library/PrivateFrameworks/CommonAuth.framework/Versions/A/CommonAuth
0x00007ff908389000 	/System/Library/PrivateFrameworks/AXCoreUtilities.framework/Versions/A/AXCoreUtilities
0x00007ff917cf1000 	/System/Library/PrivateFrameworks/AttributeGraph.framework/Versions/A/AttributeGraph
0x00007ffd20d04000 	/usr/lib/libAXSafeCategoryBundle.dylib
0x00007ff812cbb000 	/System/Library/Frameworks/Accelerate.framework/Versions/A/Frameworks/vecLib.framework/Versions/A/libvDSP.dylib
0x00007ff814315000 	/System/Library/Frameworks/Accelerate.framework/Versions/A/Frameworks/vecLib.framework/Versions/A/libLAPACK.dylib
0x00007ff813244000 	/System/Library/Frameworks/Accelerate.framework/Versions/A/Frameworks/vecLib.framework/Versions/A/libLinearAlgebra.dylib
0x00007ff8141fc000 	/System/Library/Frameworks/Accelerate.framework/Versions/A/Frameworks/vecLib.framework/Versions/A/libSparseBLAS.dylib
0x00007ff81430f000 	/System/Library/Frameworks/Accelerate.framework/Versions/A/Frameworks/vecLib.framework/Versions/A/libQuadrature.dylib
0x00007ff811c71000 	/System/Library/Frameworks/Accelerate.framework/Versions/A/Frameworks/vecLib.framework/Versions/A/libBNNS.dylib
0x00007ff8052ec000 	/System/Library/Frameworks/Accelerate.framework/Versions/A/Frameworks/vecLib.framework/Versions/A/libSparse.dylib
0x00007ffb11402000 	/System/Library/Frameworks/CoreTransferable.framework/Versions/A/CoreTransferable
0x00007ff8188c0000 	/System/Library/PrivateFrameworks/NetAuth.framework/Versions/A/NetAuth
0x00007ff80ec46000 	/System/Library/PrivateFrameworks/login.framework/Versions/A/Frameworks/loginsupport.framework/Versions/A/loginsupport
0x00007ff809c26000 	/System/Library/PrivateFrameworks/UIFoundation.framework/Versions/A/UIFoundation
0x00007ff8131b4000 	/usr/lib/libCheckFix.dylib
0x00007ff80db69000 	/System/Library/PrivateFrameworks/MetadataUtilities.framework/Versions/A/MetadataUtilities
0x00007ffc14f03000 	/System/Library/PrivateFrameworks/InstalledContentLibrary.framework/Versions/A/InstalledContentLibrary
0x00007ff8082b6000 	/System/Library/PrivateFrameworks/CoreServicesStore.framework/Versions/A/CoreServicesStore
0x00007ff80eaa3000 	/usr/lib/libapp_launch_measurement.dylib
0x00007ffa02a67000 	/System/Library/PrivateFrameworks/MobileSystemServices.framework/Versions/A/MobileSystemServices
0x00007ff815871000 	/usr/lib/libxslt.1.dylib
0x00007ff813177000 	/System/Library/PrivateFrameworks/BackgroundTaskManagement.framework/Versions/A/BackgroundTaskManagement
0x00007ff820e00000 	/usr/lib/libcurl.4.dylib
0x00007ffd21623000 	/usr/lib/libcrypto.46.dylib
0x00007ffe023e2000 	/usr/lib/libssl.48.dylib
0x00007ff820ae1000 	/System/Library/Frameworks/LDAP.framework/Versions/A/LDAP
0x00007ff820b1c000 	/System/Library/PrivateFrameworks/TrustEvaluationAgent.framework/Versions/A/TrustEvaluationAgent
0x00007ff818577000 	/usr/lib/libsasl2.2.dylib
0x00007ff823df9000 	/System/Library/Frameworks/Cocoa.framework/Versions/A/Cocoa
0x00007ff80842d000 	/System/Library/Frameworks/AppKit.framework/Versions/C/AppKit
0x00007ffb20e08000 	/System/Library/PrivateFrameworks/CollectionViewCore.framework/Versions/A/CollectionViewCore
0x00007ff8111b2000 	/System/Library/PrivateFrameworks/XCTTargetBootstrap.framework/Versions/A/XCTTargetBootstrap
0x00007ff8170e9000 	/System/Library/PrivateFrameworks/UserActivity.framework/Versions/A/UserActivity
0x00007ffc08faf000 	/System/Library/PrivateFrameworks/FrontBoard.framework/Versions/A/FrontBoard
0x00007ffd14f99000 	/System/Library/PrivateFrameworks/UIIntelligenceSupport.framework/Versions/A/UIIntelligenceSupport
0x00007ffb16a59000 	/System/Library/Frameworks/SwiftUICore.framework/Versions/A/SwiftUICore
0x00007ffd1adf5000 	/System/Library/PrivateFrameworks/WritingTools.framework/Versions/A/WritingTools
0x00007ffd19d8c000 	/System/Library/PrivateFrameworks/WindowManagement.framework/Versions/A/WindowManagement
0x00007ffc08d07000 	/System/Library/PrivateFrameworks/FocusEngine.framework/Versions/A/FocusEngine
0x00007ffc06d0d000 	/System/Library/PrivateFrameworks/DesignLibrary.framework/Versions/A/DesignLibrary
0x00007ff81119f000 	/System/Library/PrivateFrameworks/DFRFoundation.framework/Versions/A/DFRFoundation
0x00007ffd15a4b000 	/System/Library/PrivateFrameworks/UpdateCycle.framework/Versions/A/UpdateCycle
0x00007ff810ec1000 	/System/Library/Frameworks/Carbon.framework/Versions/A/Frameworks/HIToolbox.framework/Versions/A/HIToolbox
0x00007ff81c578000 	/System/Library/Frameworks/Carbon.framework/Versions/A/Frameworks/SpeechRecognition.framework/Versions/A/SpeechRecognition
0x00007ff80ea3b000 	/System/Library/PrivateFrameworks/PerformanceAnalysis.framework/Versions/A/PerformanceAnalysis
0x00007ff81c907000 	/System/Library/Frameworks/Accessibility.framework/Versions/A/Accessibility
0x00007ffb1794b000 	/System/Library/Frameworks/Symbols.framework/Versions/A/Symbols
0x00007ffc11a3a000 	/System/Library/PrivateFrameworks/Gestures.framework/Versions/A/Gestures
0x00007ff90c227000 	/usr/lib/swift/libswiftCoreGraphics.dylib
0x00007ff81d316000 	/usr/lib/swift/libswiftFoundation.dylib
0x00007ffb04c0a000 	/usr/lib/swift/libswiftSwiftOnoneSupport.dylib
0x00007ffe02a4c000 	/usr/lib/swift/libswiftsys_time.dylib
0x00007ffa1090d000 	/System/Library/PrivateFrameworks/CoreMaterial.framework/Versions/A/CoreMaterial
0x00007ffe0278b000 	/usr/lib/swift/libswiftSpatial.dylib
0x00007ffd2128a000 	/usr/lib/libSpatial.dylib
0x00007ffd20c1b000 	/System/Library/SubFrameworks/UIUtilities.framework/Versions/A/UIUtilities
0x000000010c2ff000 	/Library/Java/JavaVirtualMachines/zulu-17.jdk/Contents/Home/lib/server/libjvm.dylib
0x000000010b1f0000 	/Library/Java/JavaVirtualMachines/zulu-17.jdk/Contents/Home/lib/libjimage.dylib
0x000000010b213000 	/Library/Java/JavaVirtualMachines/zulu-17.jdk/Contents/Home/lib/libinstrument.dylib
0x000000010b255000 	/Library/Java/JavaVirtualMachines/zulu-17.jdk/Contents/Home/lib/libjava.dylib
0x000000010c2e5000 	/Library/Java/JavaVirtualMachines/zulu-17.jdk/Contents/Home/lib/libzip.dylib
0x000000010d55b000 	/Library/Java/JavaVirtualMachines/zulu-17.jdk/Contents/Home/lib/libnio.dylib
0x000000010d595000 	/Library/Java/JavaVirtualMachines/zulu-17.jdk/Contents/Home/lib/libnet.dylib
0x000000010d540000 	/Library/Java/JavaVirtualMachines/zulu-17.jdk/Contents/Home/lib/libverify.dylib
0x000000010b23b000 	/Users/juanprogramador/.gradle/native/c067742578af261105cb4f569cf0c3c89f3d7b1fecec35dd04571415982c5e48/osx-amd64/libnative-platform.dylib
0x000000010d623000 	/Users/juanprogramador/.gradle/native/38dada09dfb8b06ba9b0570ebf7e218e3eb74d4ef43ca46872605cf95ebc2f47/osx-amd64/libnative-platform-file-events.dylib
0x000000010d577000 	/Library/Java/JavaVirtualMachines/zulu-17.jdk/Contents/Home/lib/libmanagement.dylib
0x000000010d5b5000 	/Library/Java/JavaVirtualMachines/zulu-17.jdk/Contents/Home/lib/libmanagement_ext.dylib
0x000000010d5c5000 	/Library/Java/JavaVirtualMachines/zulu-17.jdk/Contents/Home/lib/libextnet.dylib


VM Arguments:
jvm_args: -XX:MaxMetaspaceSize=512m -XX:+HeapDumpOnOutOfMemoryError -XX:TieredStopAtLevel=1 -XX:+UseG1GC --add-opens=java.base/java.util=ALL-UNNAMED --add-opens=java.base/java.lang=ALL-UNNAMED --add-opens=java.base/java.lang.invoke=ALL-UNNAMED --add-opens=java.prefs/java.util.prefs=ALL-UNNAMED --add-opens=java.base/java.nio.charset=ALL-UNNAMED --add-opens=java.base/java.net=ALL-UNNAMED --add-opens=java.base/java.util.concurrent.atomic=ALL-UNNAMED -Xmx4096m -Dfile.encoding=UTF-8 -Duser.country=AR -Duser.language=es -Duser.variant -javaagent:/Users/juanprogramador/.gradle/wrapper/dists/gradle-8.6-bin/afr5mpiioh2wthjmwnkmdsd5w/gradle-8.6/lib/agents/gradle-instrumentation-agent-8.6.jar 
java_command: org.gradle.launcher.daemon.bootstrap.GradleDaemon 8.6
java_class_path (initial): /Users/juanprogramador/.gradle/wrapper/dists/gradle-8.6-bin/afr5mpiioh2wthjmwnkmdsd5w/gradle-8.6/lib/gradle-launcher-8.6.jar
Launcher Type: SUN_STANDARD

[Global flags]
     intx CICompilerCount                          = 12                                        {product} {ergonomic}
   size_t CompressedClassSpaceSize                 = 436207616                                 {product} {ergonomic}
     uint ConcGCThreads                            = 3                                         {product} {ergonomic}
     uint G1ConcRefinementThreads                  = 13                                        {product} {ergonomic}
   size_t G1HeapRegionSize                         = 2097152                                   {product} {ergonomic}
    uintx GCDrainStackTargetSize                   = 64                                        {product} {ergonomic}
     bool HeapDumpOnOutOfMemoryError               = true                                   {manageable} {command line}
   size_t InitialHeapSize                          = 536870912                                 {product} {ergonomic}
   size_t MarkStackSize                            = 4194304                                   {product} {ergonomic}
   size_t MaxHeapSize                              = 4294967296                                {product} {command line}
   size_t MaxMetaspaceSize                         = 536870912                                 {product} {command line}
   size_t MaxNewSize                               = 2575302656                                {product} {ergonomic}
   size_t MinHeapDeltaBytes                        = 2097152                                   {product} {ergonomic}
   size_t MinHeapSize                              = 8388608                                   {product} {ergonomic}
    uintx NonProfiledCodeHeapSize                  = 0                                      {pd product} {ergonomic}
     bool ProfileInterpreter                       = false                                  {pd product} {command line}
    uintx ProfiledCodeHeapSize                     = 0                                      {pd product} {ergonomic}
   size_t SoftMaxHeapSize                          = 4294967296                             {manageable} {ergonomic}
     intx TieredStopAtLevel                        = 1                                         {product} {command line}
     bool UseCompressedClassPointers               = true                           {product lp64_product} {ergonomic}
     bool UseCompressedOops                        = true                           {product lp64_product} {ergonomic}
     bool UseG1GC                                  = true                                      {product} {command line}
     bool UseNUMA                                  = false                                     {product} {ergonomic}
     bool UseNUMAInterleaving                      = false                                     {product} {ergonomic}

Logging:
Log output configuration:
 #0: stdout all=warning uptime,level,tags
 #1: stderr all=off uptime,level,tags

Environment Variables:
JAVA_HOME=/Library/Java/JavaVirtualMachines/zulu-17.jdk/Contents/Home
PATH=./node_modules/.bin:/Users/juanprogramador/Trabajos/ticketTransfer/v2/node_modules/.bin:/Users/juanprogramador/Trabajos/ticketTransfer/v2/apps/mobile/node_modules/.bin:/Users/juanprogramador/.cache/node/corepack/v1/pnpm/9.0.0/dist/node-gyp-bin:/Users/juanprogramador/Trabajos/ticketTransfer/v2/node_modules/.bin:/Users/juanprogramador/.antigravity/antigravity/bin:/opt/homebrew/opt/ruby/bin:/opt/homebrew/opt/ruby/bin:/opt/homebrew/opt/ruby/bin:/opt/homebrew/opt/openjdk/bin:/opt/homebrew/lib/ruby/gems/3.3.0/bin:/opt/homebrew/opt/ruby/bin:/Users/juanprogramador/Develop/flutter/bin:/usr/local/opt/node@20/bin:/Users/juanprogramador/.rbenv/shims:/usr/local/bin:/usr/local/sbin:/System/Cryptexes/App/usr/bin:/usr/bin:/bin:/usr/sbin:/sbin:/var/run/com.apple.security.cryptexd/codex.system/bootstrap/usr/local/bin:/var/run/com.apple.security.cryptexd/codex.system/bootstrap/usr/bin:/var/run/com.apple.security.cryptexd/codex.system/bootstrap/usr/appleinternal/bin:/opt/pmk/env/global/bin:/Library/Apple/usr/bin:/Users/juanprogramador/.antigravity/antigravity/bin:/opt/homebrew/opt/ruby/bin:/opt/homebrew/opt/openjdk/bin:/opt/homebrew/lib/ruby/gems/3.3.0/bin:/Users/juanprogramador/Develop/flutter/bin:/usr/local/opt/node@20/bin:/Users/juanprogramador/.rbenv/shims:/Users/juanprogramador/Library/Android/sdk/emulator:/Users/juanprogramador/Library/Android/sdk/platform-tools:/Users/juanprogramador/Library/Android/sdk/tools:/Users/juanprogramador/Library/Android/sdk/tools/bin:/Users/juanprogramador/Library/Android/sdk/emulator:/Users/juanprogramador/Library/Android/sdk/platform-tools:/Users/juanprogramador/Library/Android/sdk/tools:/Users/juanprogramador/Library/Android/sdk/tools/bin
SHELL=/bin/zsh
LANG=en_US.UTF-8
LC_ALL=en_US.UTF-8
TERM=xterm-256color
TMPDIR=/var/folders/y5/8bd85fdx22161gc_fz2h96d80000gn/T/

Active Locale:
LC_ALL=en_US.UTF-8
LC_COLLATE=en_US.UTF-8
LC_CTYPE=en_US.UTF-8
LC_MESSAGES=en_US.UTF-8
LC_MONETARY=en_US.UTF-8
LC_NUMERIC=en_US.UTF-8
LC_TIME=en_US.UTF-8

Signal Handlers:
   SIGSEGV: crash_handler in libjvm.dylib, mask=11100110000111110111111111111111, flags=SA_RESTART|SA_SIGINFO, unblocked
    SIGBUS: crash_handler in libjvm.dylib, mask=11100110000111110111111111111111, flags=SA_RESTART|SA_SIGINFO, unblocked
    SIGFPE: crash_handler in libjvm.dylib, mask=11100110000111110111111111111111, flags=SA_RESTART|SA_SIGINFO, unblocked
   SIGPIPE: javaSignalHandler in libjvm.dylib, mask=11100110000111110111111111111111, flags=SA_RESTART|SA_SIGINFO, blocked
   SIGXFSZ: javaSignalHandler in libjvm.dylib, mask=11100110000111110111111111111111, flags=SA_RESTART|SA_SIGINFO, blocked
    SIGILL: crash_handler in libjvm.dylib, mask=11100110000111110111111111111111, flags=SA_RESTART|SA_SIGINFO, unblocked
   SIGUSR2: SR_handler in libjvm.dylib, mask=00100000000000000000000000000000, flags=SA_RESTART|SA_SIGINFO, blocked
    SIGHUP: UserHandler in libjvm.dylib, mask=11100110000111110111111111111111, flags=SA_RESTART|SA_SIGINFO, blocked
    SIGINT: UserHandler in libjvm.dylib, mask=11100110000111110111111111111111, flags=SA_RESTART|SA_SIGINFO, blocked
   SIGTERM: UserHandler in libjvm.dylib, mask=11100110000111110111111111111111, flags=SA_RESTART|SA_SIGINFO, blocked
   SIGQUIT: UserHandler in libjvm.dylib, mask=11100110000111110111111111111111, flags=SA_RESTART|SA_SIGINFO, blocked
   SIGTRAP: crash_handler in libjvm.dylib, mask=11100110000111110111111111111111, flags=SA_RESTART|SA_SIGINFO, unblocked


Periodic native trim disabled


---------------  S Y S T E M  ---------------

OS:
uname: Darwin 25.1.0 Darwin Kernel Version 25.1.0: Mon Oct 20 19:26:51 PDT 2025; root:xnu-12377.41.6~2/RELEASE_X86_64 x86_64
OS uptime: 0 days 8:55 hours
rlimit (soft/hard): STACK 8192k/65532k , CORE 0k/infinity , NPROC 5568/8352 , NOFILE 1048576/infinity , AS infinity/infinity , CPU infinity/infinity , DATA infinity/infinity , FSIZE infinity/infinity , MEMLOCK infinity/infinity , RSS infinity/infinity
load average: 4.12 3.80 3.21

CPU: total 16 (initial active 16) (8 cores per cpu, 2 threads per core) family 6 model 158 stepping 13 microcode 0x104, cx8, cmov, fxsr, ht, mmx, 3dnowpref, sse, sse2, sse3, ssse3, sse4.1, sse4.2, popcnt, lzcnt, tsc, tscinvbit, avx, avx2, aes, erms, clmul, bmi1, bmi2, adx, fma, vzeroupper, clflush, clflushopt
machdep.cpu.brand_string:Intel(R) Core(TM) i9-9980HK CPU @ 2.40GHz
hw.cpufrequency:2400000000
hw.cpufrequency_min:2400000000
hw.cpufrequency_max:2400000000
hw.cachelinesize:64
hw.l1icachesize:32768
hw.l1dcachesize:32768
hw.l2cachesize:262144
hw.l3cachesize:16777216

Memory: 4k page, physical 33554432k(1103892k free), swap 1048576k(1034752k free)

vm_info: OpenJDK 64-Bit Server VM (17.0.17+10-LTS) for bsd-amd64 JRE (17.0.17+10-LTS) (Zulu17.62+17-CA), built on Oct  4 2025 07:48:03 by "tester" with clang Apple LLVM 12.0.5 (clang-1205.0.22.11)

END.
