#
# A fatal error has been detected by the Java Runtime Environment:
#
#  SIGSEGV (0xb) at pc=0x000000010d73f625, pid=95947, tid=13059
#
# JRE version: OpenJDK Runtime Environment Zulu17.62+17-CA (17.0.17+10) (build 17.0.17+10-LTS)
# Java VM: OpenJDK 64-Bit Server VM Zulu17.62+17-CA (17.0.17+10-LTS, mixed mode, emulated-client, sharing, tiered, compressed oops, compressed class ptrs, serial gc, bsd-amd64)
# Problematic frame:
# V  [libjvm.dylib+0x36b625]  FastScanClosure<DefNewYoungerGenClosure>::do_oop(narrowOop*)+0x35
#
# No core dump will be written. Core dumps have been disabled. To enable core dumping, try "ulimit -c unlimited" before starting Java again
#
# If you would like to submit a bug report, please visit:
#   http://www.azul.com/support/
#

---------------  S U M M A R Y ------------

Command Line: -XX:MaxMetaspaceSize=512m -XX:TieredStopAtLevel=1 -XX:+UseSerialGC --add-opens=java.base/java.util=ALL-UNNAMED --add-opens=java.base/java.lang=ALL-UNNAMED --add-opens=java.base/java.lang.invoke=ALL-UNNAMED --add-opens=java.prefs/java.util.prefs=ALL-UNNAMED --add-opens=java.base/java.nio.charset=ALL-UNNAMED --add-opens=java.base/java.net=ALL-UNNAMED --add-opens=java.base/java.util.concurrent.atomic=ALL-UNNAMED -Xmx2048m -Dfile.encoding=UTF-8 -Duser.country=AR -Duser.language=es -Duser.variant -javaagent:/Users/juanprogramador/.gradle/wrapper/dists/gradle-8.6-bin/afr5mpiioh2wthjmwnkmdsd5w/gradle-8.6/lib/agents/gradle-instrumentation-agent-8.6.jar org.gradle.launcher.daemon.bootstrap.GradleDaemon 8.6

Host: "MacBookPro16,1" x86_64 2400 MHz, 16 cores, 32G, Darwin 25.1.0, macOS 26.1 (25B78)
Time: Fri Feb 27 00:27:32 2026 -03 elapsed time: 28.075930 seconds (0d 0h 0m 28s)

---------------  T H R E A D  ---------------

Current thread (0x00007f7cb1f15090):  VMThread "VM Thread" [stack: 0x0000700006a96000,0x0000700006b96000] [id=13059]

Stack: [0x0000700006a96000,0x0000700006b96000],  sp=0x0000700006b950f0,  free space=1020k
Native frames: (J=compiled Java code, j=interpreted, Vv=VM code, C=native code)
V  [libjvm.dylib+0x36b625]  FastScanClosure<DefNewYoungerGenClosure>::do_oop(narrowOop*)+0x35
V  [libjvm.dylib+0x9db460]  void OopOopIterateBoundedDispatch<FilteringClosure>::Table::oop_oop_iterate_bounded<InstanceKlass, narrowOop>(FilteringClosure*, oopDesc*, Klass*, MemRegion)+0xe0
V  [libjvm.dylib+0x9d903a]  FilteringDCTOC::walk_mem_region(MemRegion, HeapWordImpl**, HeapWordImpl**)+0x3a
V  [libjvm.dylib+0x9d8eae]  DirtyCardToOopClosure::do_MemRegion(MemRegion)+0x8e
V  [libjvm.dylib+0x292c34]  CardTableRS::younger_refs_in_space_iterate(Space*, HeapWordImpl**, OopIterateClosure*)+0xc4
V  [libjvm.dylib+0x947f08]  SerialHeap::young_process_roots(OopIterateClosure*, OopIterateClosure*, CLDClosure*)+0x48
V  [libjvm.dylib+0x369cf6]  DefNewGeneration::collect(bool, bool, unsigned long, bool)+0x386
V  [libjvm.dylib+0x495649]  GenCollectedHeap::collect_generation(Generation*, bool, unsigned long, bool, bool, bool, bool)+0x329
V  [libjvm.dylib+0x495c7d]  GenCollectedHeap::do_collection(bool, bool, unsigned long, bool, GenCollectedHeap::GenerationType)+0x4dd
V  [libjvm.dylib+0x49649d]  GenCollectedHeap::satisfy_failed_allocation(unsigned long, bool)+0x10d
V  [libjvm.dylib+0x48d84e]  VM_GenCollectForAllocation::doit()+0x4e
V  [libjvm.dylib+0xb13c50]  VM_Operation::evaluate()+0xd0
V  [libjvm.dylib+0xb25375]  VMThread::evaluate_operation(VM_Operation*)+0x105
V  [libjvm.dylib+0xb25c96]  VMThread::inner_execute(VM_Operation*)+0x1f6
V  [libjvm.dylib+0xb2503a]  VMThread::run()+0xca
V  [libjvm.dylib+0xa959d7]  Thread::call_run()+0xa7
V  [libjvm.dylib+0x8ad748]  thread_native_entry(Thread*)+0x148
C  [libsystem_pthread.dylib+0x5e4d]  _pthread_start+0x73
C  [libsystem_pthread.dylib+0x1857]  thread_start+0xf


siginfo: si_signo: 11 (SIGSEGV), si_code: 1 (SEGV_MAPERR), si_addr: 0x0000000006b05000

Registers:
RAX=0x000000010e0cb180, RBX=0x00000007b14f39c4, RCX=0x0000000000000003, RDX=0x0000000000000000
RSP=0x0000700006b950f0, RBP=0x0000700006b95110, RSI=0x0000000006b05000, RDI=0x0000700006b95390
R8 =0x0000000000000085, R9 =0x0000700006b95180, R10=0x000000010e10ed98, R11=0x000000000561bb38
R12=0x0000700006b95180, R13=0x000000011b557330, R14=0x0000700006b95390, R15=0x000000010e0f51e0
RIP=0x000000010d73f625, EFLAGS=0x0000000000010206, ERR=0x0000000000000004
  TRAPNO=0x000000000000000e


Register to memory mapping:

RAX=0x000000010e0cb180: _ZTV23DefNewYoungerGenClosure+0x10 in /Library/Java/JavaVirtualMachines/zulu-17.jdk/Contents/Home/lib/server/libjvm.dylib at 0x000000010d3d4000
RBX=0x00000007b14f39c4 is pointing into object: org.gradle.api.internal.artifacts.configurations.DefaultUnlockedConfiguration_Decorated 
{0x00000007b14f38c8} - klass: 'org/gradle/api/internal/artifacts/configurations/DefaultUnlockedConfiguration_Decorated'
 - ---- fields (total size 44 words):
 - protected final 'taskDependencyFactory' 'Lorg/gradle/api/internal/tasks/TaskDependencyFactory;' @12  a 'org/gradle/api/internal/tasks/DefaultTaskDependencyFactory'{0x00000007ae889e10} (f5d113c2)
 - protected final 'patternSetFactory' 'Lorg/gradle/internal/Factory;' @16  a 'org/gradle/api/tasks/util/internal/PatternSets$PatternSetFactory'{0x00000007aaeddbb8} (f55dbb77)
 - private 'canBeMutated' 'Z' @20  false
 - private 'transitive' 'Z' @21  true
 - private 'insideBeforeResolve' 'Z' @22  false
 - private 'dependenciesModified' 'Z' @23  true
 - private 'canBeConsumed' 'Z' @24  false
 - private 'canBeResolved' 'Z' @25  true
 - private 'canBeDeclaredAgainst' 'Z' @26  true
 - private final 'consumptionDeprecated' 'Z' @27  false
 - private final 'resolutionDeprecated' 'Z' @28  false
 - private final 'declarationDeprecated' 'Z' @29  false
 - private 'usageCanBeMutated' 'Z' @30  false
 - private 'visible' 'Z' @31  false
 - private final 'resolver' 'Lorg/gradle/api/internal/artifacts/ConfigurationResolver;' @32  a 'org/gradle/api/internal/artifacts/ivyservice/ErrorHandlingConfigurationResolver'{0x00000007af5e8520} (f5ebd0a4)
 - private final 'metaDataProvider' 'Lorg/gradle/api/internal/artifacts/configurations/DependencyMetaDataProvider;' @36  a 'org/gradle/internal/service/scopes/ProjectScopeServices$ProjectBackedModuleMetaDataProvider'{0x00000007ae889e38} (f5d113c7)
 - private final 'componentIdentifierFactory' 'Lorg/gradle/api/internal/artifacts/component/ComponentIdentifierFactory;' @40  a 'org/gradle/api/internal/artifacts/component/DefaultComponentIdentifierFactory'{0x00000007aad72a00} (f55ae540)
 - private final 'dependencyLockingProvider' 'Lorg/gradle/api/internal/artifacts/dsl/dependencies/DependencyLockingProvider;' @44  a 'org/gradle/internal/locking/DefaultDependencyLockingProvider'{0x00000007af5e83e8} (f5ebd07d)
 - private final 'dependencies' 'Lorg/gradle/api/internal/artifacts/DefaultDependencySet;' @48  a 'org/gradle/api/internal/artifacts/DefaultDependencySet'{0x00000007b152e7e8} (f62a5cfd)
 - private final 'dependencyConstraints' 'Lorg/gradle/api/internal/artifacts/DefaultDependencyConstraintSet;' @52  a 'org/gradle/api/internal/artifacts/DefaultDependencyConstraintSet'{0x00000007b152e808} (f62a5d01)
 - private final 'ownDependencies' 'Lorg/gradle/api/internal/DefaultDomainObjectSet;' @56  a 'org/gradle/api/internal/DefaultDomainObjectSet_Decorated'{0x00000007b152e820} (f62a5d04)
 - private final 'ownDependencyConstraints' 'Lorg/gradle/api/internal/DefaultDomainObjectSet;' @60  a 'org/gradle/api/internal/DefaultDomainObjectSet_Decorated'{0x00000007b152e860} (f62a5d0c)
 - private final 'calculatedValueContainerFactory' 'Lorg/gradle/internal/model/CalculatedValueContainerFactory;' @64  a 'org/gradle/internal/model/CalculatedValueContainerFactory'{0x00000007aad5aed8} (f55ab5db)
 - private final 'projectStateRegistry' 'Lorg/gradle/api/internal/project/ProjectStateRegistry;' @68  a 'org/gradle/api/internal/project/DefaultProjectStateRegistry'{0x00000007aacf7e38} (f559efc7)
 - private 'inheritedDependencies' 'Lorg/gradle/api/internal/CompositeDomainObjectSet;' @72  NULL (0)
 - private 'inheritedDependencyConstraints' 'Lorg/gradle/api/internal/CompositeDomainObjectSet;' @76  NULL (0)
 - private 'allDependencies' 'Lorg/gradle/api/internal/artifacts/DefaultDependencySet;' @80  NULL (0)
 - private 'allDependencyConstraints' 'Lorg/gradle/api/internal/artifacts/DefaultDependencyConstraintSet;' @84  NULL (0)
 - private 'defaultDependencyActions' 'Lorg/gradle/internal/ImmutableActionSet;' @88  a 'org/gradle/internal/ImmutableActionSet$EmptySet'{0x00000007aac4b930} (f5589726)
 - private 'withDependencyActions' 'Lorg/gradle/internal/ImmutableActionSet;' @92  a 'org/gradle/internal/ImmutableActionSet$SetWithFewActions'{0x00000007b152e8a0} (f62a5d14)
 - private final 'artifacts' 'Lorg/gradle/api/internal/artifacts/DefaultPublishArtifactSet;' @96  a 'org/gradle/api/internal/artifacts/DefaultPublishArtifactSet'{0x00000007b152e8b0} (f62a5d16)
 - private final 'ownArtifacts' 'Lorg/gradle/api/internal/DefaultDomainObjectSet;' @100  a 'org/gradle/api/internal/DefaultDomainObjectSet_Decorated'{0x00000007b152e8d0} (f62a5d1a)
 - private 'inheritedArtifacts' 'Lorg/gradle/api/internal/CompositeDomainObjectSet;' @104  NULL (0)
 - private 'allArtifacts' 'Lorg/gradle/api/internal/artifacts/DefaultPublishArtifactSet;' @108  NULL (0)
 - private final 'resolvableDependencies' 'Lorg/gradle/api/internal/artifacts/configurations/DefaultConfiguration$ConfigurationResolvableDependencies;' @112  a 'org/gradle/api/internal/artifacts/configurations/DefaultConfiguration$ConfigurationResolvableDependencies_Decorated'{0x00000007b152e910} (f62a5d22)
 - private 'dependencyResolutionListeners' 'Lorg/gradle/internal/event/ListenerBroadcast;' @116  a 'org/gradle/internal/event/AnonymousListenerBroadcast'{0x00000007b152e948} (f62a5d29)
 - private final 'dependencyObservedBroadcast' 'Lorg/gradle/api/internal/artifacts/configurations/ProjectDependencyObservedListener;' @120  a 'jdk/proxy3/$Proxy55'{0x00000007adf4cdf8} (f5be99bf)
 - private final 'buildOperationExecutor' 'Lorg/gradle/internal/operations/BuildOperationExecutor;' @124  a 'org/gradle/internal/operations/DefaultBuildOperationExecutor'{0x00000007aab1f4b0} (f5563e96)
 - private final 'instantiator' 'Lorg/gradle/internal/reflect/Instantiator;' @128  a 'org/gradle/internal/instantiation/generator/DependencyInjectingInstantiator'{0x00000007abd7e610} (f57afcc2)
 - private 'resolutionStrategyFactory' 'Lorg/gradle/internal/Factory;' @132  NULL (0)
 - private 'resolutionStrategy' 'Lorg/gradle/api/internal/artifacts/configurations/ResolutionStrategyInternal;' @136  a 'org/gradle/api/internal/artifacts/ivyservice/resolutionstrategy/DefaultResolutionStrategy_Decorated'{0x00000007b152e968} (f62a5d2d)
 - private final 'fileCollectionFactory' 'Lorg/gradle/api/internal/file/FileCollectionFactory;' @140  a 'org/gradle/api/internal/file/DefaultFileCollectionFactory'{0x00000007ae889e78} (f5d113cf)
 - private final 'exceptionContextualizer' 'Lorg/gradle/api/internal/artifacts/ResolveExceptionContextualizer;' @144  a 'org/gradle/api/internal/artifacts/ResolveExceptionContextualizer'{0x00000007af5e85d0} (f5ebd0ba)
 - private final 'childMutationValidators' 'Ljava/util/Set;' @148  a 'java/util/HashSet'{0x00000007b152e9e8} (f62a5d3d)
 - private final 'parentMutationValidator' 'Lorg/gradle/api/internal/artifacts/configurations/MutationValidator;' @152  a 'org/gradle/api/internal/artifacts/configurations/DefaultConfiguration$$Lambda$679+0x000000011b557340'{0x00000007b152e9f8} (f62a5d3f)
 - private final 'rootComponentMetadataBuilder' 'Lorg/gradle/api/internal/artifacts/ivyservice/moduleconverter/RootComponentMetadataBuilder;' @156  a 'org/gradle/api/internal/artifacts/ivyservice/moduleconverter/DefaultRootComponentMetadataBuilder'{0x00000007af5ffc98} (f5ebff93)
 - private final 'configurationsProvider' 'Lorg/gradle/api/internal/artifacts/configurations/ConfigurationsProvider;' @160  a 'org/gradle/api/internal/artifacts/configurations/DefaultConfigurationContainer_Decorated'{0x00000007af5e82c8} (f5ebd059)
 - private final 'identityPath' 'Lorg/gradle/util/Path;' @164  a 'org/gradle/util/Path'{0x00000007b152ea08} (f62a5d41)
 - private final 'projectPath' 'Lorg/gradle/util/Path;' @168  a 'org/gradle/util/Path'{0x00000007b152ea20} (f62a5d44)
 - private final 'name' 'Ljava/lang/String;' @172  "_internal-unified-test-platform-android-test-plugin-host-device-info"{0x00000007b0c70c28} (f618e185)
 - private final 'outgoing' 'Lorg/gradle/api/internal/artifacts/configurations/DefaultConfigurationPublications;' @176  a 'org/gradle/api/internal/artifacts/configurations/DefaultConfigurationPublications_Decorated'{0x00000007b152ea38} (f62a5d47)
 - private 'extendsFrom' 'Ljava/util/Set;' @180  a 'java/util/LinkedHashSet'{0x00000007b152eaa0} (f62a5d54)
 - private 'description' 'Ljava/lang/String;' @184  "A configuration to resolve the Unified Test Platform dependencies."{0x00000007b0ba4c68} (f617498d)
 - private final 'excludeRules' 'Ljava/util/Set;' @188  a 'java/util/LinkedHashSet'{0x00000007b152eab0} (f62a5d56)
 - private 'parsedExcludeRules' 'Ljava/util/Set;' @192  NULL (0)
 - private final 'observationLock' 'Ljava/lang/Object;' @196  a 'java/lang/Object'{0x00000007b152eac0} (f62a5d58)
 - private volatile 'observedState' 'Lorg/gradle/api/internal/artifacts/configurations/ConfigurationInternal$InternalState;' @200  a 'org/gradle/api/internal/artifacts/configurations/ConfigurationInternal$InternalState'{0x00000007abf035f8} (f57e06bf)
 - private final 'roleAtCreation' 'Lorg/gradle/api/internal/artifacts/configurations/ConfigurationRole;' @204  a 'org/gradle/api/internal/artifacts/configurations/DefaultConfigurationRole'{0x00000007ac007160} (f5800e2c)
 - private 'configurationAttributes' 'Lorg/gradle/api/internal/attributes/AttributeContainerInternal;' @208  a 'org/gradle/api/internal/attributes/ImmutableAttributeContainerWithErrorMessage'{0x0000000789a50288} (f134a051)
 - private final 'domainObjectContext' 'Lorg/gradle/api/internal/DomainObjectContext;' @212  a 'org/gradle/api/internal/project/DefaultProject_Decorated'{0x00000007ad0c64c0} (f5a18c98)
 - private final 'attributesFactory' 'Lorg/gradle/api/internal/attributes/ImmutableAttributesFactory;' @216  a 'org/gradle/api/internal/attributes/DefaultImmutableAttributesFactory'{0x00000007aab12c00} (f5562580)
 - private final 'intrinsicFiles' 'Lorg/gradle/api/internal/artifacts/configurations/ResolutionBackedFileCollection;' @220  a 'org/gradle/api/internal/artifacts/configurations/ResolutionBackedFileCollection'{0x00000007b152eaf0} (f62a5d5e)
 - private final 'displayName' 'Lorg/gradle/internal/DisplayName;' @224  a 'org/gradle/internal/Describables$MemoizingDescribable'{0x00000007b152eb18} (f62a5d63)
 - private final 'userCodeApplicationContext' 'Lorg/gradle/internal/code/UserCodeApplicationContext;' @228  a 'org/gradle/internal/code/DefaultUserCodeApplicationContext'{0x00000007aaba3eb8} (f55747d7)
 - private final 'workerThreadRegistry' 'Lorg/gradle/internal/work/WorkerThreadRegistry;' @232  a 'org/gradle/internal/work/DefaultWorkerLeaseService'{0x00000007aab1d228} (f5563a45)
 - private final 'domainObjectCollectionFactory' 'Lorg/gradle/api/internal/collections/DomainObjectCollectionFactory;' @236  a 'org/gradle/api/internal/collections/DefaultDomainObjectCollectionFactory'{0x00000007ae889e48} (f5d113c9)
 - private final 'syntheticDependencies' 'Lorg/gradle/internal/lazy/Lazy;' @240  a 'org/gradle/internal/lazy/UnsafeLazy'{0x00000007b152eb30} (f62a5d66)
 - private final 'copyCount' 'Ljava/util/concurrent/atomic/AtomicInteger;' @244  a 'java/util/concurrent/atomic/AtomicInteger'{0x00000007b152eb48} (f62a5d69)
 - private 'declarationAlternatives' 'Ljava/util/List;' @248  a 'com/google/common/collect/RegularImmutableList'{0x00000007aaee9148} (f55dd229)
 - private 'resolutionAlternatives' 'Ljava/util/List;' @252  
[error occurred during error reporting (printing register info), id 0xb, SIGSEGV (0xb) at pc=0x000000010d8f4265]

Top of Stack: (sp=0x0000700006b950f0)
0x0000700006b950f0:   000000010e0cb180 00000007b14f39c4
0x0000700006b95100:   00000007b14f39dc 000000010e0f51e0
0x0000700006b95110:   0000700006b95170 000000010ddaf460
0x0000700006b95120:   0000700006b95170 00000007b14f38c8
0x0000700006b95130:   000000011b557340 00000007b14f3a28
0x0000700006b95140:   00000007b14f3600 00000007b14f3600
0x0000700006b95150:   00000007b14f3a00 00000007b14f39f8
0x0000700006b95160:   00007f7c67814fd0 00000007b14f35d8
0x0000700006b95170:   0000700006b951a0 000000010ddad03a
0x0000700006b95180:   000000010e0e8ed0 00007f7cb280db80
0x0000700006b95190:   00000007aaaa0000 0000700006b95390
0x0000700006b951a0:   0000700006b951e0 000000010ddaceae
0x0000700006b951b0:   000000010e0e8d30 000000010c18a79a
0x0000700006b951c0:   000000010c155500 00000007b14f3400
0x0000700006b951d0:   00007f7c67814fd0 00007f7cb290dab0
0x0000700006b951e0:   0000700006b95220 000000010d666c34
0x0000700006b951f0:   00007f7c67814fd0 00007f7cb290d1f0
0x0000700006b95200:   0000700006b953c8 0000700006b95290
0x0000700006b95210:   0000700006b95390 00007f7cb290dbe0
0x0000700006b95220:   0000700006b95260 000000010dd1bf08
0x0000700006b95230:   0000700006b95260 000000010e0d3e90
0x0000700006b95240:   0000700006b953c8 000000010ddd5101
0x0000700006b95250:   0000700006b95390 00007f7cb290d1f0
0x0000700006b95260:   0000700006b955a0 000000010d73dcf6
0x0000700006b95270:   0000000000000000 0000000000000927
0x0000700006b95280:   0000000000000000 00000000000000d1
0x0000700006b95290:   0000000600000000 0000000fabd6f002
0x0000700006b952a0:   00000000ffffff00 00007f7cb290dbe0
0x0000700006b952b0:   0000700006b95376 0000000000000001
0x0000700006b952c0:   0000700006b95460 00007ff81b36d645
0x0000700006b952d0:   bff0000000000000 0000700006b956d3
0x0000700006b952e0:   000000ec00000000 bff00000ffff0208 

Instructions: (pc=0x000000010d73f625)
0x000000010d73f525:   0f 45 c6 41 80 38 00 48 0f 44 c6 eb 10 49 8b 7e
0x000000010d73f535:   10 e8 65 f6 ff ff 49 8b 17 41 8b 4f 08 48 29 d0
0x000000010d73f545:   48 d3 e8 89 03 49 8b 46 20 48 85 c0 74 0a 80 78
0x000000010d73f555:   22 00 75 04 c6 40 22 01 48 83 c4 08 5b 41 5e 41
0x000000010d73f565:   5f 5d c3 0f 1f 84 00 00 00 00 00 55 48 89 e5 41
0x000000010d73f575:   56 53 48 89 f3 48 8b 36 48 85 f6 74 64 49 89 fe
0x000000010d73f585:   48 39 77 18 76 5b 48 8b 06 83 e0 03 83 f8 03 75
0x000000010d73f595:   2e 48 8b 0e 48 8d 15 71 01 9f 00 89 ce 83 e6 07
0x000000010d73f5a5:   48 83 e1 fc 31 c0 83 fe 05 48 0f 45 c1 80 3a 00
0x000000010d73f5b5:   48 0f 44 c1 48 89 03 49 39 46 28 77 14 eb 22 49
0x000000010d73f5c5:   8b 7e 10 e8 d3 f5 ff ff 48 89 03 49 39 46 28 76
0x000000010d73f5d5:   10 49 8b 46 30 48 8b 40 40 48 c1 eb 09 c6 04 18
0x000000010d73f5e5:   00 5b 41 5e 5d c3 0f 1f 44 00 00 55 48 89 e5 41
0x000000010d73f5f5:   57 41 56 53 50 48 89 f3 8b 36 48 85 f6 0f 84 88
0x000000010d73f605:   00 00 00 49 89 fe 4c 8d 3d ce 5b 9b 00 41 8b 4f
0x000000010d73f615:   08 48 d3 e6 49 8b 17 48 01 d6 48 39 77 18 76 6b
0x000000010d73f625:   48 8b 06 83 e0 03 83 f8 03 75 26 48 8b 36 4c 8d
0x000000010d73f635:   05 d7 00 9f 00 89 f7 83 e7 07 48 83 e6 fc 31 c0
0x000000010d73f645:   83 ff 05 48 0f 45 c6 41 80 38 00 48 0f 44 c6 eb
0x000000010d73f655:   10 49 8b 7e 10 e8 41 f5 ff ff 49 8b 17 41 8b 4f
0x000000010d73f665:   08 48 29 d0 48 d3 e8 89 03 89 c0 41 8a 4f 08 48
0x000000010d73f675:   d3 e0 49 03 07 49 39 46 28 76 10 49 8b 46 30 48
0x000000010d73f685:   8b 40 40 48 c1 eb 09 c6 04 18 00 48 83 c4 08 5b
0x000000010d73f695:   41 5e 41 5f 5d c3 0f 1f 44 00 00 55 48 89 e5 48
0x000000010d73f6a5:   83 ec 10 48 8d 05 69 46 9a 00 48 83 c0 10 48 89
0x000000010d73f6b5:   45 f8 48 8b 47 18 48 8b 57 30 48 8b 4f 38 4c 8b
0x000000010d73f6c5:   4f 40 4c 8b 10 4c 8d 45 f8 48 89 c7 41 ff 12 48
0x000000010d73f6d5:   83 c4 10 5d c3 66 0f 1f 44 00 00 55 48 89 e5 5d
0x000000010d73f6e5:   c3 66 2e 0f 1f 84 00 00 00 00 00 55 48 89 e5 41
0x000000010d73f6f5:   57 41 56 41 55 41 54 53 48 83 ec 18 48 89 75 c8
0x000000010d73f705:   48 89 fb 48 8b 07 ff 50 10 49 89 c4 48 8d 05 f0
0x000000010d73f715:   87 9b 00 4c 8b 30 48 89 5d d0 4c 8b 7b 40 eb 1f 


Stack slot to memory mapping:
stack at sp + 0 slots: 0x000000010e0cb180: _ZTV23DefNewYoungerGenClosure+0x10 in /Library/Java/JavaVirtualMachines/zulu-17.jdk/Contents/Home/lib/server/libjvm.dylib at 0x000000010d3d4000
stack at sp + 1 slots: 0x00000007b14f39c4 is pointing into object: org.gradle.api.internal.artifacts.configurations.DefaultUnlockedConfiguration_Decorated 
{0x00000007b14f38c8} - klass: 'org/gradle/api/internal/artifacts/configurations/DefaultUnlockedConfiguration_Decorated'
 - ---- fields (total size 44 words):
 - protected final 'taskDependencyFactory' 'Lorg/gradle/api/internal/tasks/TaskDependencyFactory;' @12  a 'org/gradle/api/internal/tasks/DefaultTaskDependencyFactory'{0x00000007ae889e10} (f5d113c2)
 - protected final 'patternSetFactory' 'Lorg/gradle/internal/Factory;' @16  a 'org/gradle/api/tasks/util/internal/PatternSets$PatternSetFactory'{0x00000007aaeddbb8} (f55dbb77)
 - private 'canBeMutated' 'Z' @20  false
 - private 'transitive' 'Z' @21  true
 - private 'insideBeforeResolve' 'Z' @22  false
 - private 'dependenciesModified' 'Z' @23  true
 - private 'canBeConsumed' 'Z' @24  false
 - private 'canBeResolved' 'Z' @25  true
 - private 'canBeDeclaredAgainst' 'Z' @26  true
 - private final 'consumptionDeprecated' 'Z' @27  false
 - private final 'resolutionDeprecated' 'Z' @28  false
 - private final 'declarationDeprecated' 'Z' @29  false
 - private 'usageCanBeMutated' 'Z' @30  false
 - private 'visible' 'Z' @31  false
 - private final 'resolver' 'Lorg/gradle/api/internal/artifacts/ConfigurationResolver;' @32  a 'org/gradle/api/internal/artifacts/ivyservice/ErrorHandlingConfigurationResolver'{0x00000007af5e8520} (f5ebd0a4)
 - private final 'metaDataProvider' 'Lorg/gradle/api/internal/artifacts/configurations/DependencyMetaDataProvider;' @36  a 'org/gradle/internal/service/scopes/ProjectScopeServices$ProjectBackedModuleMetaDataProvider'{0x00000007ae889e38} (f5d113c7)
 - private final 'componentIdentifierFactory' 'Lorg/gradle/api/internal/artifacts/component/ComponentIdentifierFactory;' @40  a 'org/gradle/api/internal/artifacts/component/DefaultComponentIdentifierFactory'{0x00000007aad72a00} (f55ae540)
 - private final 'dependencyLockingProvider' 'Lorg/gradle/api/internal/artifacts/dsl/dependencies/DependencyLockingProvider;' @44  a 'org/gradle/internal/locking/DefaultDependencyLockingProvider'{0x00000007af5e83e8} (f5ebd07d)
 - private final 'dependencies' 'Lorg/gradle/api/internal/artifacts/DefaultDependencySet;' @48  a 'org/gradle/api/internal/artifacts/DefaultDependencySet'{0x00000007b152e7e8} (f62a5cfd)
 - private final 'dependencyConstraints' 'Lorg/gradle/api/internal/artifacts/DefaultDependencyConstraintSet;' @52  a 'org/gradle/api/internal/artifacts/DefaultDependencyConstraintSet'{0x00000007b152e808} (f62a5d01)
 - private final 'ownDependencies' 'Lorg/gradle/api/internal/DefaultDomainObjectSet;' @56  a 'org/gradle/api/internal/DefaultDomainObjectSet_Decorated'{0x00000007b152e820} (f62a5d04)
 - private final 'ownDependencyConstraints' 'Lorg/gradle/api/internal/DefaultDomainObjectSet;' @60  a 'org/gradle/api/internal/DefaultDomainObjectSet_Decorated'{0x00000007b152e860} (f62a5d0c)
 - private final 'calculatedValueContainerFactory' 'Lorg/gradle/internal/model/CalculatedValueContainerFactory;' @64  a 'org/gradle/internal/model/CalculatedValueContainerFactory'{0x00000007aad5aed8} (f55ab5db)
 - private final 'projectStateRegistry' 'Lorg/gradle/api/internal/project/ProjectStateRegistry;' @68  a 'org/gradle/api/internal/project/DefaultProjectStateRegistry'{0x00000007aacf7e38} (f559efc7)
 - private 'inheritedDependencies' 'Lorg/gradle/api/internal/CompositeDomainObjectSet;' @72  NULL (0)
 - private 'inheritedDependencyConstraints' 'Lorg/gradle/api/internal/CompositeDomainObjectSet;' @76  NULL (0)
 - private 'allDependencies' 'Lorg/gradle/api/internal/artifacts/DefaultDependencySet;' @80  NULL (0)
 - private 'allDependencyConstraints' 'Lorg/gradle/api/internal/artifacts/DefaultDependencyConstraintSet;' @84  NULL (0)
 - private 'defaultDependencyActions' 'Lorg/gradle/internal/ImmutableActionSet;' @88  a 'org/gradle/internal/ImmutableActionSet$EmptySet'{0x00000007aac4b930} (f5589726)
 - private 'withDependencyActions' 'Lorg/gradle/internal/ImmutableActionSet;' @92  a 'org/gradle/internal/ImmutableActionSet$SetWithFewActions'{0x00000007b152e8a0} (f62a5d14)
 - private final 'artifacts' 'Lorg/gradle/api/internal/artifacts/DefaultPublishArtifactSet;' @96  a 'org/gradle/api/internal/artifacts/DefaultPublishArtifactSet'{0x00000007b152e8b0} (f62a5d16)
 - private final 'ownArtifacts' 'Lorg/gradle/api/internal/DefaultDomainObjectSet;' @100  a 'org/gradle/api/internal/DefaultDomainObjectSet_Decorated'{0x00000007b152e8d0} (f62a5d1a)
 - private 'inheritedArtifacts' 'Lorg/gradle/api/internal/CompositeDomainObjectSet;' @104  NULL (0)
 - private 'allArtifacts' 'Lorg/gradle/api/internal/artifacts/DefaultPublishArtifactSet;' @108  NULL (0)
 - private final 'resolvableDependencies' 'Lorg/gradle/api/internal/artifacts/configurations/DefaultConfiguration$ConfigurationResolvableDependencies;' @112  a 'org/gradle/api/internal/artifacts/configurations/DefaultConfiguration$ConfigurationResolvableDependencies_Decorated'{0x00000007b152e910} (f62a5d22)
 - private 'dependencyResolutionListeners' 'Lorg/gradle/internal/event/ListenerBroadcast;' @116  a 'org/gradle/internal/event/AnonymousListenerBroadcast'{0x00000007b152e948} (f62a5d29)
 - private final 'dependencyObservedBroadcast' 'Lorg/gradle/api/internal/artifacts/configurations/ProjectDependencyObservedListener;' @120  a 'jdk/proxy3/$Proxy55'{0x00000007adf4cdf8} (f5be99bf)
 - private final 'buildOperationExecutor' 'Lorg/gradle/internal/operations/BuildOperationExecutor;' @124  a 'org/gradle/internal/operations/DefaultBuildOperationExecutor'{0x00000007aab1f4b0} (f5563e96)
 - private final 'instantiator' 'Lorg/gradle/internal/reflect/Instantiator;' @128  a 'org/gradle/internal/instantiation/generator/DependencyInjectingInstantiator'{0x00000007abd7e610} (f57afcc2)
 - private 'resolutionStrategyFactory' 'Lorg/gradle/internal/Factory;' @132  NULL (0)
 - private 'resolutionStrategy' 'Lorg/gradle/api/internal/artifacts/configurations/ResolutionStrategyInternal;' @136  a 'org/gradle/api/internal/artifacts/ivyservice/resolutionstrategy/DefaultResolutionStrategy_Decorated'{0x00000007b152e968} (f62a5d2d)
 - private final 'fileCollectionFactory' 'Lorg/gradle/api/internal/file/FileCollectionFactory;' @140  a 'org/gradle/api/internal/file/DefaultFileCollectionFactory'{0x00000007ae889e78} (f5d113cf)
 - private final 'exceptionContextualizer' 'Lorg/gradle/api/internal/artifacts/ResolveExceptionContextualizer;' @144  a 'org/gradle/api/internal/artifacts/ResolveExceptionContextualizer'{0x00000007af5e85d0} (f5ebd0ba)
 - private final 'childMutationValidators' 'Ljava/util/Set;' @148  a 'java/util/HashSet'{0x00000007b152e9e8} (f62a5d3d)
 - private final 'parentMutationValidator' 'Lorg/gradle/api/internal/artifacts/configurations/MutationValidator;' @152  a 'org/gradle/api/internal/artifacts/configurations/DefaultConfiguration$$Lambda$679+0x000000011b557340'{0x00000007b152e9f8} (f62a5d3f)
 - private final 'rootComponentMetadataBuilder' 'Lorg/gradle/api/internal/artifacts/ivyservice/moduleconverter/RootComponentMetadataBuilder;' @156  a 'org/gradle/api/internal/artifacts/ivyservice/moduleconverter/DefaultRootComponentMetadataBuilder'{0x00000007af5ffc98} (f5ebff93)
 - private final 'configurationsProvider' 'Lorg/gradle/api/internal/artifacts/configurations/ConfigurationsProvider;' @160  a 'org/gradle/api/internal/artifacts/configurations/DefaultConfigurationContainer_Decorated'{0x00000007af5e82c8} (f5ebd059)
 - private final 'identityPath' 'Lorg/gradle/util/Path;' @164  a 'org/gradle/util/Path'{0x00000007b152ea08} (f62a5d41)
 - private final 'projectPath' 'Lorg/gradle/util/Path;' @168  a 'org/gradle/util/Path'{0x00000007b152ea20} (f62a5d44)
 - private final 'name' 'Ljava/lang/String;' @172  "_internal-unified-test-platform-android-test-plugin-host-device-info"{0x00000007b0c70c28} (f618e185)
 - private final 'outgoing' 'Lorg/gradle/api/internal/artifacts/configurations/DefaultConfigurationPublications;' @176  a 'org/gradle/api/internal/artifacts/configurations/DefaultConfigurationPublications_Decorated'{0x00000007b152ea38} (f62a5d47)
 - private 'extendsFrom' 'Ljava/util/Set;' @180  a 'java/util/LinkedHashSet'{0x00000007b152eaa0} (f62a5d54)
 - private 'description' 'Ljava/lang/String;' @184  "A configuration to resolve the Unified Test Platform dependencies."{0x00000007b0ba4c68} (f617498d)
 - private final 'excludeRules' 'Ljava/util/Set;' @188  a 'java/util/LinkedHashSet'{0x00000007b152eab0} (f62a5d56)
 - private 'parsedExcludeRules' 'Ljava/util/Set;' @192  NULL (0)
 - private final 'observationLock' 'Ljava/lang/Object;' @196  a 'java/lang/Object'{0x00000007b152eac0} (f62a5d58)
 - private volatile 'observedState' 'Lorg/gradle/api/internal/artifacts/configurations/ConfigurationInternal$InternalState;' @200  a 'org/gradle/api/internal/artifacts/configurations/ConfigurationInternal$InternalState'{0x00000007abf035f8} (f57e06bf)
 - private final 'roleAtCreation' 'Lorg/gradle/api/internal/artifacts/configurations/ConfigurationRole;' @204  a 'org/gradle/api/internal/artifacts/configurations/DefaultConfigurationRole'{0x00000007ac007160} (f5800e2c)
 - private 'configurationAttributes' 'Lorg/gradle/api/internal/attributes/AttributeContainerInternal;' @208  a 'org/gradle/api/internal/attributes/ImmutableAttributeContainerWithErrorMessage'{0x0000000789a50288} (f134a051)
 - private final 'domainObjectContext' 'Lorg/gradle/api/internal/DomainObjectContext;' @212  a 'org/gradle/api/internal/project/DefaultProject_Decorated'{0x00000007ad0c64c0} (f5a18c98)
 - private final 'attributesFactory' 'Lorg/gradle/api/internal/attributes/ImmutableAttributesFactory;' @216  a 'org/gradle/api/internal/attributes/DefaultImmutableAttributesFactory'{0x00000007aab12c00} (f5562580)
 - private final 'intrinsicFiles' 'Lorg/gradle/api/internal/artifacts/configurations/ResolutionBackedFileCollection;' @220  a 'org/gradle/api/internal/artifacts/configurations/ResolutionBackedFileCollection'{0x00000007b152eaf0} (f62a5d5e)
 - private final 'displayName' 'Lorg/gradle/internal/DisplayName;' @224  a 'org/gradle/internal/Describables$MemoizingDescribable'{0x00000007b152eb18} (f62a5d63)
 - private final 'userCodeApplicationContext' 'Lorg/gradle/internal/code/UserCodeApplicationContext;' @228  a 'org/gradle/internal/code/DefaultUserCodeApplicationContext'{0x00000007aaba3eb8} (f55747d7)
 - private final 'workerThreadRegistry' 'Lorg/gradle/internal/work/WorkerThreadRegistry;' @232  a 'org/gradle/internal/work/DefaultWorkerLeaseService'{0x00000007aab1d228} (f5563a45)
 - private final 'domainObjectCollectionFactory' 'Lorg/gradle/api/internal/collections/DomainObjectCollectionFactory;' @236  a 'org/gradle/api/internal/collections/DefaultDomainObjectCollectionFactory'{0x00000007ae889e48} (f5d113c9)
 - private final 'syntheticDependencies' 'Lorg/gradle/internal/lazy/Lazy;' @240  a 'org/gradle/internal/lazy/UnsafeLazy'{0x00000007b152eb30} (f62a5d66)
 - private final 'copyCount' 'Ljava/util/concurrent/atomic/AtomicInteger;' @244  a 'java/util/concurrent/atomic/AtomicInteger'{0x00000007b152eb48} (f62a5d69)
 - private 'declarationAlternatives' 'Ljava/util/List;' @248  a 'com/google/common/collect/RegularImmutableList'{0x00000007aaee9148} (f55dd229)
 - private 'resolutionAlternatives' 'Ljava/util/List;' @252  
[error occurred during error reporting (inspecting top of stack), id 0xb, SIGSEGV (0xb) at pc=0x000000010d8f4265]

VM_Operation (0x0000700007dc6cb8): GenCollectForAllocation, mode: safepoint, requested by thread 0x00007f7cb3b91e00


---------------  P R O C E S S  ---------------

Threads class SMR info:
_java_thread_list=0x00007f7c6651a310, length=203, elements={
0x00007f7cb500d400, 0x00007f7cb3008e00, 0x00007f7cb4809c00, 0x00007f7cb200c200,
0x00007f7c9280c800, 0x00007f7cb381c200, 0x00007f7cb381c800, 0x00007f7cb4008200,
0x00007f7cb5013600, 0x00007f7cb4039a00, 0x00007f7cb433b600, 0x00007f7cb503c200,
0x00007f7cb3827000, 0x00007f7cb3952400, 0x00007f7cb3b90200, 0x00007f7cb3b90800,
0x00007f7cb3b91e00, 0x00007f7cb4327800, 0x00007f7cb4377200, 0x00007f7c94014a00,
0x00007f7cb3b90e00, 0x00007f7cb437a600, 0x00007f7cb3b92400, 0x00007f7c9427e000,
0x00007f7cb500e800, 0x00007f7cb4388000, 0x00007f7c92908800, 0x00007f7cb3b94000,
0x00007f7cb32bf600, 0x00007f7c9290a000, 0x00007f7cb32f4000, 0x00007f7cb32f5200,
0x00007f7cb32f5800, 0x00007f7c9427f600, 0x00007f7c9299fc00, 0x00007f7cb43a5800,
0x00007f7cb4a7cc00, 0x00007f7cb5169c00, 0x00007f7cb3bbba00, 0x00007f7cb3bbc000,
0x00007f7cb3309400, 0x00007f7cb3ba2600, 0x00007f7cb43ae400, 0x00007f7c9427ec00,
0x00007f7cb5188800, 0x00007f7cb2036800, 0x00007f7cb2019e00, 0x00007f7cb203be00,
0x00007f7cb3bd2200, 0x00007f7c929cee00, 0x00007f7c929cfc00, 0x00007f7cb3bd2800,
0x00007f7cb3be0800, 0x00007f7cb3307c00, 0x00007f7cb3be0e00, 0x00007f7cb2038000,
0x00007f7cb2038600, 0x00007f7cb3be1400, 0x00007f7cb200ea00, 0x00007f7cb200f000,
0x00007f7cb4814e00, 0x00007f7cb443c800, 0x00007f7c92a62c00, 0x00007f7cb5185600,
0x00007f7cb3cc1e00, 0x00007f7cb3099400, 0x00007f7cb519be00, 0x00007f7cb3ee2800,
0x00007f7cb51d4600, 0x00007f7cb43fce00, 0x00007f7cb3099a00, 0x00007f7cb4447400,
0x00007f7c94021600, 0x00007f7c64808200, 0x00007f7c92a84a00, 0x00007f7cb309a000,
0x00007f7c943a6600, 0x00007f7c942eb600, 0x00007f7c92a15a00, 0x00007f7c92a16000,
0x00007f7c943a8e00, 0x00007f7cb4822c00, 0x00007f7cb3cce000, 0x00007f7cb3ccd800,
0x00007f7cb3cd0800, 0x00007f7c943a9400, 0x00007f7cb4823200, 0x00007f7c92a16600,
0x00007f7cb3cd0e00, 0x00007f7cb3cd1400, 0x00007f7cb3cd1a00, 0x00007f7cb309a600,
0x00007f7cb306b000, 0x00007f7cb306b600, 0x00007f7cb306bc00, 0x00007f7cb306c200,
0x00007f7cb4a5fa00, 0x00007f7c943a9a00, 0x00007f7cb3ccf200, 0x00007f7cb3cce600,
0x00007f7cb3ccec00, 0x00007f7cb3ccf800, 0x00007f7cb3ccfe00, 0x00007f7c943a7200,
0x00007f7c943a7800, 0x00007f7cb43e5a00, 0x00007f7cb43e6000, 0x00007f7cb306aa00,
0x00007f7cb3068e00, 0x00007f7cb3069400, 0x00007f7cb3069a00, 0x00007f7cb306ea00,
0x00007f7cb51d5200, 0x00007f7cb203a600, 0x00007f7cb203ac00, 0x00007f7cb3cd2000,
0x00007f7cb3cd2600, 0x00007f7cb3cd8c00, 0x00007f7cb203b800, 0x00007f7cb20a4c00,
0x00007f7cb20a5200, 0x00007f7cb4846600, 0x00007f7c943a8600, 0x00007f7c943afa00,
0x00007f7cb20a7a00, 0x00007f7cb20a8000, 0x00007f7c943b0000, 0x00007f7c943b0c00,
0x00007f7c64008200, 0x00007f7c62808200, 0x00007f7cb43e8e00, 0x00007f7cb44e7800,
0x00007f7cb44e8400, 0x00007f7c94388a00, 0x00007f7cb215fe00, 0x00007f7cb5175c00,
0x00007f7c63808200, 0x00007f7cb4566800, 0x00007f7cb5175400, 0x00007f7cb2077400,
0x00007f7cb3451e00, 0x00007f7cb3011e00, 0x00007f7cb44b3000, 0x00007f7c941bce00,
0x00007f7c62810800, 0x00007f7c9381aa00, 0x00007f7cb3cc4800, 0x00007f7c942b0600,
0x00007f7c63008200, 0x00007f7cb52a6600, 0x00007f7c6400b800, 0x00007f7c6300ea00,
0x00007f7c942b0c00, 0x00007f7c6481c400, 0x00007f7cb44b4600, 0x00007f7c92a0ec00,
0x00007f7c92a0f200, 0x00007f7c943a5600, 0x00007f7cb3f16800, 0x00007f7cb3e4bc00,
0x00007f7cb3d6ba00, 0x00007f7cb4466a00, 0x00007f7cb44a3200, 0x00007f7cb4467000,
0x00007f7cb449ea00, 0x00007f7cb449f000, 0x00007f7cb3c9de00, 0x00007f7c63010400,
0x00007f7cb3011800, 0x00007f7c62813600, 0x00007f7cb3012400, 0x00007f7cb3545200,
0x00007f7cb3303600, 0x00007f7c66826e00, 0x00007f7cb3c15e00, 0x00007f7c66827400,
0x00007f7cb43e1000, 0x00007f7cb43e5400, 0x00007f7c66828000, 0x00007f7c66827a00,
0x00007f7c66828600, 0x00007f7c62810e00, 0x00007f7c92ae0800, 0x00007f7c92a0f800,
0x00007f7cb3303c00, 0x00007f7cb3554a00, 0x00007f7cb2161400, 0x00007f7cb45ac600,
0x00007f7cb4446c00, 0x00007f7cb45acc00, 0x00007f7cb364bc00, 0x00007f7cb354f800,
0x00007f7cb3554400, 0x00007f7c66828c00, 0x00007f7cb540d800, 0x00007f7cb540d000,
0x00007f7cb540de00, 0x00007f7c66829200, 0x00007f7cb46ffc00, 0x00007f7cb4b63a00,
0x00007f7cb3464600, 0x00007f7c6682a000, 0x00007f7cb4700c00
}

Java Threads: ( => current thread )
  0x00007f7cb500d400 JavaThread "main" [_thread_blocked, id=8707, stack(0x0000700006993000,0x0000700006a93000)]
  0x00007f7cb3008e00 JavaThread "Reference Handler" daemon [_thread_blocked, id=19203, stack(0x0000700006b99000,0x0000700006c99000)]
  0x00007f7cb4809c00 JavaThread "Finalizer" daemon [_thread_blocked, id=19715, stack(0x0000700006c9c000,0x0000700006d9c000)]
  0x00007f7cb200c200 JavaThread "Signal Dispatcher" daemon [_thread_blocked, id=23043, stack(0x0000700006ea5000,0x0000700006fa5000)]
  0x00007f7c9280c800 JavaThread "Service Thread" daemon [_thread_blocked, id=30979, stack(0x0000700006fa8000,0x00007000070a8000)]
  0x00007f7cb381c200 JavaThread "Monitor Deflation Thread" daemon [_thread_blocked, id=23555, stack(0x00007000070ab000,0x00007000071ab000)]
  0x00007f7cb381c800 JavaThread "C1 CompilerThread0" daemon [_thread_blocked, id=24067, stack(0x00007000071ae000,0x00007000072ae000)]
  0x00007f7cb4008200 JavaThread "Sweeper thread" daemon [_thread_blocked, id=30723, stack(0x00007000072b1000,0x00007000073b1000)]
  0x00007f7cb5013600 JavaThread "Common-Cleaner" daemon [_thread_blocked, id=24579, stack(0x00007000073b4000,0x00007000074b4000)]
  0x00007f7cb4039a00 JavaThread "Notification Thread" daemon [_thread_blocked, id=29955, stack(0x00007000074b7000,0x00007000075b7000)]
  0x00007f7cb433b600 JavaThread "Daemon health stats" [_thread_blocked, id=29187, stack(0x00007000076bd000,0x00007000077bd000)]
  0x00007f7cb503c200 JavaThread "Incoming local TCP Connector on port 57886" [_thread_in_native, id=25347, stack(0x00007000077c0000,0x00007000078c0000)]
  0x00007f7cb3827000 JavaThread "Daemon periodic checks" [_thread_blocked, id=28931, stack(0x00007000078c3000,0x00007000079c3000)]
  0x00007f7cb3952400 JavaThread "Daemon" [_thread_blocked, id=28419, stack(0x00007000079c6000,0x0000700007ac6000)]
  0x00007f7cb3b90200 JavaThread "Handler for socket connection from /127.0.0.1:57886 to /127.0.0.1:57887" [_thread_in_native, id=28163, stack(0x0000700007ac9000,0x0000700007bc9000)]
  0x00007f7cb3b90800 JavaThread "Cancel handler" [_thread_blocked, id=26115, stack(0x0000700007bcc000,0x0000700007ccc000)]
  0x00007f7cb3b91e00 JavaThread "Daemon worker" [_thread_blocked, id=27651, stack(0x0000700007ccf000,0x0000700007dcf000)]
  0x00007f7cb4327800 JavaThread "Asynchronous log dispatcher for DefaultDaemonConnection: socket connection from /127.0.0.1:57886 to /127.0.0.1:57887" [_thread_blocked, id=27139, stack(0x0000700007dd2000,0x0000700007ed2000)]
  0x00007f7cb4377200 JavaThread "Stdin handler" [_thread_blocked, id=26883, stack(0x0000700007ed5000,0x0000700007fd5000)]
  0x00007f7c94014a00 JavaThread "Daemon client event forwarder" [_thread_blocked, id=43267, stack(0x0000700007fd8000,0x00007000080d8000)]
  0x00007f7cb3b90e00 JavaThread "Cache worker for journal cache (/Users/juanprogramador/.gradle/caches/journal-1)" [_thread_blocked, id=33027, stack(0x00007000080db000,0x00007000081db000)]
  0x00007f7cb437a600 JavaThread "File lock request listener" [_thread_in_native, id=42499, stack(0x00007000081de000,0x00007000082de000)]
  0x00007f7cb3b92400 JavaThread "Cache worker for file hash cache (/Users/juanprogramador/.gradle/caches/8.6/fileHashes)" [_thread_blocked, id=33283, stack(0x00007000082e1000,0x00007000083e1000)]
  0x00007f7c9427e000 JavaThread "File watcher server" daemon [_thread_blocked, id=33795, stack(0x00007000083e4000,0x00007000084e4000)]
  0x00007f7cb500e800 JavaThread "File watcher consumer" daemon [_thread_blocked, id=40707, stack(0x00007000084e7000,0x00007000085e7000)]
  0x00007f7cb4388000 JavaThread "Cache worker for checksums cache (/Users/juanprogramador/Trabajos/ticketTransfer/v2/apps/mobile/android/.gradle/8.6/checksums)" [_thread_blocked, id=34307, stack(0x00007000085ea000,0x00007000086ea000)]
  0x00007f7c92908800 JavaThread "Cache worker for file hash cache (/Users/juanprogramador/Trabajos/ticketTransfer/v2/apps/mobile/android/.gradle/8.6/fileHashes)" [_thread_blocked, id=34819, stack(0x00007000086ed000,0x00007000087ed000)]
  0x00007f7cb3b94000 JavaThread "Cache worker for cache directory md-supplier (/Users/juanprogramador/.gradle/caches/8.6/md-supplier)" [_thread_blocked, id=35331, stack(0x00007000087f0000,0x00007000088f0000)]
  0x00007f7cb32bf600 JavaThread "Cache worker for cache directory md-rule (/Users/juanprogramador/.gradle/caches/8.6/md-rule)" [_thread_blocked, id=35587, stack(0x00007000088f3000,0x00007000089f3000)]
  0x00007f7c9290a000 JavaThread "Cache worker for file content cache (/Users/juanprogramador/.gradle/caches/8.6/fileContent)" [_thread_blocked, id=39939, stack(0x00007000089f6000,0x0000700008af6000)]
  0x00007f7cb32f4000 JavaThread "jar transforms" [_thread_blocked, id=39683, stack(0x0000700008af9000,0x0000700008bf9000)]
  0x00007f7cb32f5200 JavaThread "jar transforms Thread 2" [_thread_blocked, id=39427, stack(0x0000700008bfc000,0x0000700008cfc000)]
  0x00007f7cb32f5800 JavaThread "jar transforms Thread 3" [_thread_blocked, id=36611, stack(0x0000700008cff000,0x0000700008dff000)]
  0x00007f7c9427f600 JavaThread "jar transforms Thread 4" [_thread_blocked, id=38915, stack(0x0000700008e02000,0x0000700008f02000)]
  0x00007f7c9299fc00 JavaThread "process reaper" daemon [_thread_blocked, id=37123, stack(0x0000700008f05000,0x0000700008f29000)]
  0x00007f7cb43a5800 JavaThread "C1 CompilerThread1" daemon [_thread_blocked, id=31755, stack(0x0000700008f2c000,0x000070000902c000)]
  0x00007f7cb4a7cc00 JavaThread "jar transforms Thread 5" [_thread_blocked, id=38147, stack(0x0000700009132000,0x0000700009232000)]
  0x00007f7cb5169c00 JavaThread "jar transforms Thread 6" [_thread_blocked, id=43523, stack(0x0000700009235000,0x0000700009335000)]
  0x00007f7cb3bbba00 JavaThread "Unconstrained build operations" [_thread_blocked, id=43779, stack(0x0000700009338000,0x0000700009438000)]
  0x00007f7cb3bbc000 JavaThread "Unconstrained build operations Thread 2" [_thread_blocked, id=44291, stack(0x000070000943b000,0x000070000953b000)]
  0x00007f7cb3309400 JavaThread "jar transforms Thread 7" [_thread_blocked, id=44803, stack(0x000070000953e000,0x000070000963e000)]
  0x00007f7cb3ba2600 JavaThread "jar transforms Thread 8" [_thread_blocked, id=64771, stack(0x0000700009641000,0x0000700009741000)]
  0x00007f7cb43ae400 JavaThread "Cache worker for Build Output Cleanup Cache (/Users/juanprogramador/Trabajos/ticketTransfer/v2/node_modules/.pnpm/@react-native+gradle-plugin@0.73.4/node_modules/@react-native/gradle-plugin/.gradle/buildOutputCleanup)" [_thread_blocked, id=64263, stack(0x0000700009744000,0x0000700009844000)]
  0x00007f7c9427ec00 JavaThread "jar transforms Thread 9" [_thread_blocked, id=63747, stack(0x0000700009847000,0x0000700009947000)]
  0x00007f7cb5188800 JavaThread "jar transforms Thread 10" [_thread_blocked, id=63235, stack(0x000070000994a000,0x0000700009a4a000)]
  0x00007f7cb2036800 JavaThread "Unconstrained build operations Thread 3" [_thread_blocked, id=46339, stack(0x0000700009a4d000,0x0000700009b4d000)]
  0x00007f7cb2019e00 JavaThread "Unconstrained build operations Thread 4" [_thread_blocked, id=62467, stack(0x0000700009b50000,0x0000700009c50000)]
  0x00007f7cb203be00 JavaThread "Unconstrained build operations Thread 5" [_thread_blocked, id=46851, stack(0x0000700009c53000,0x0000700009d53000)]
  0x00007f7cb3bd2200 JavaThread "Unconstrained build operations Thread 6" [_thread_blocked, id=61955, stack(0x0000700009d56000,0x0000700009e56000)]
  0x00007f7c929cee00 JavaThread "Unconstrained build operations Thread 7" [_thread_blocked, id=61699, stack(0x0000700009e59000,0x0000700009f59000)]
  0x00007f7c929cfc00 JavaThread "Unconstrained build operations Thread 8" [_thread_blocked, id=61187, stack(0x0000700009f5c000,0x000070000a05c000)]
  0x00007f7cb3bd2800 JavaThread "Unconstrained build operations Thread 9" [_thread_blocked, id=60675, stack(0x000070000a05f000,0x000070000a15f000)]
  0x00007f7cb3be0800 JavaThread "Unconstrained build operations Thread 10" [_thread_blocked, id=60163, stack(0x000070000a162000,0x000070000a262000)]
  0x00007f7cb3307c00 JavaThread "Unconstrained build operations Thread 11" [_thread_blocked, id=59907, stack(0x000070000a265000,0x000070000a365000)]
  0x00007f7cb3be0e00 JavaThread "Unconstrained build operations Thread 12" [_thread_blocked, id=47619, stack(0x000070000a368000,0x000070000a468000)]
  0x00007f7cb2038000 JavaThread "Unconstrained build operations Thread 13" [_thread_blocked, id=59395, stack(0x000070000a46b000,0x000070000a56b000)]
  0x00007f7cb2038600 JavaThread "Unconstrained build operations Thread 14" [_thread_blocked, id=58883, stack(0x000070000a56e000,0x000070000a66e000)]
  0x00007f7cb3be1400 JavaThread "Unconstrained build operations Thread 15" [_thread_blocked, id=58627, stack(0x000070000a671000,0x000070000a771000)]
  0x00007f7cb200ea00 JavaThread "Unconstrained build operations Thread 16" [_thread_blocked, id=48643, stack(0x000070000a774000,0x000070000a874000)]
  0x00007f7cb200f000 JavaThread "Unconstrained build operations Thread 17" [_thread_blocked, id=48899, stack(0x000070000a877000,0x000070000a977000)]
  0x00007f7cb4814e00 JavaThread "Memory manager" [_thread_blocked, id=49411, stack(0x000070000a97a000,0x000070000aa7a000)]
  0x00007f7cb443c800 JavaThread "jar transforms Thread 11" [_thread_blocked, id=49667, stack(0x000070000aa7d000,0x000070000ab7d000)]
  0x00007f7c92a62c00 JavaThread "jar transforms Thread 12" [_thread_blocked, id=50179, stack(0x000070000ab80000,0x000070000ac80000)]
  0x00007f7cb5185600 JavaThread "jar transforms Thread 13" [_thread_blocked, id=50691, stack(0x000070000ac83000,0x000070000ad83000)]
  0x00007f7cb3cc1e00 JavaThread "Cache worker for Build Output Cleanup Cache (/Users/juanprogramador/Trabajos/ticketTransfer/v2/apps/mobile/android/.gradle/buildOutputCleanup)" [_thread_blocked, id=50947, stack(0x000070000ad86000,0x000070000ae86000)]
  0x00007f7cb3099400 JavaThread "ForkJoinPool.commonPool-worker-1" daemon [_thread_blocked, id=57375, stack(0x000070000ae89000,0x000070000af89000)]
  0x00007f7cb519be00 JavaThread "ForkJoinPool.commonPool-worker-2" daemon [_thread_blocked, id=56835, stack(0x000070000af8c000,0x000070000b08c000)]
  0x00007f7cb3ee2800 JavaThread "ForkJoinPool.commonPool-worker-3" daemon [_thread_blocked, id=56579, stack(0x000070000b08f000,0x000070000b18f000)]
  0x00007f7cb51d4600 JavaThread "ForkJoinPool.commonPool-worker-4" daemon [_thread_blocked, id=51715, stack(0x000070000b192000,0x000070000b292000)]
  0x00007f7cb43fce00 JavaThread "ForkJoinPool.commonPool-worker-5" daemon [_thread_blocked, id=52227, stack(0x000070000b295000,0x000070000b395000)]
  0x00007f7cb3099a00 JavaThread "ForkJoinPool.commonPool-worker-6" daemon [_thread_blocked, id=56323, stack(0x000070000b398000,0x000070000b498000)]
  0x00007f7cb4447400 JavaThread "ForkJoinPool.commonPool-worker-7" daemon [_thread_blocked, id=55811, stack(0x000070000b49b000,0x000070000b59b000)]
  0x00007f7c94021600 JavaThread "ForkJoinPool.commonPool-worker-8" daemon [_thread_blocked, id=55299, stack(0x000070000b59e000,0x000070000b69e000)]
  0x00007f7c64808200 JavaThread "ForkJoinPool.commonPool-worker-9" daemon [_thread_blocked, id=52739, stack(0x000070000b6a1000,0x000070000b7a1000)]
  0x00007f7c92a84a00 JavaThread "ForkJoinPool.commonPool-worker-10" daemon [_thread_blocked, id=53251, stack(0x000070000b7a4000,0x000070000b8a4000)]
  0x00007f7cb309a000 JavaThread "ForkJoinPool.commonPool-worker-11" daemon [_thread_blocked, id=54531, stack(0x000070000b8a7000,0x000070000b9a7000)]
  0x00007f7c943a6600 JavaThread "Exec process" daemon [_thread_blocked, id=53763, stack(0x000070000b9aa000,0x000070000baaa000)]
  0x00007f7c942eb600 JavaThread "ForkJoinPool.commonPool-worker-12" daemon [_thread_blocked, id=54019, stack(0x000070000baad000,0x000070000bbad000)]
  0x00007f7c92a15a00 JavaThread "Exec process Thread 2" daemon [_thread_blocked, id=87043, stack(0x000070000bbb0000,0x000070000bcb0000)]
  0x00007f7c92a16000 JavaThread "Exec process Thread 3" daemon [_thread_blocked, id=65795, stack(0x000070000bcb3000,0x000070000bdb3000)]
  0x00007f7c943a8e00 JavaThread "ForkJoinPool.commonPool-worker-13" daemon [_thread_blocked, id=86531, stack(0x000070000bdb6000,0x000070000beb6000)]
  0x00007f7cb4822c00 JavaThread "included builds" [_thread_blocked, id=86019, stack(0x000070000beb9000,0x000070000bfb9000)]
  0x00007f7cb3cce000 JavaThread "Execution worker" [_thread_blocked, id=85763, stack(0x000070000bfbc000,0x000070000c0bc000)]
  0x00007f7cb3ccd800 JavaThread "Execution worker Thread 2" [_thread_blocked, id=66819, stack(0x000070000c0bf000,0x000070000c1bf000)]
  0x00007f7cb3cd0800 JavaThread "Execution worker Thread 3" [_thread_blocked, id=85251, stack(0x000070000c1c2000,0x000070000c2c2000)]
  0x00007f7c943a9400 JavaThread "Execution worker Thread 4" [_thread_blocked, id=67075, stack(0x000070000c2c5000,0x000070000c3c5000)]
  0x00007f7cb4823200 JavaThread "Execution worker Thread 5" [_thread_blocked, id=67587, stack(0x000070000c3c8000,0x000070000c4c8000)]
  0x00007f7c92a16600 JavaThread "Execution worker Thread 6" [_thread_blocked, id=67843, stack(0x000070000c4cb000,0x000070000c5cb000)]
  0x00007f7cb3cd0e00 JavaThread "Execution worker Thread 7" [_thread_blocked, id=68099, stack(0x000070000c5ce000,0x000070000c6ce000)]
  0x00007f7cb3cd1400 JavaThread "Execution worker Thread 8" [_thread_blocked, id=68355, stack(0x000070000c6d1000,0x000070000c7d1000)]
  0x00007f7cb3cd1a00 JavaThread "Execution worker Thread 9" [_thread_blocked, id=83971, stack(0x000070000c7d4000,0x000070000c8d4000)]
  0x00007f7cb309a600 JavaThread "Execution worker Thread 10" [_thread_blocked, id=69123, stack(0x000070000c8d7000,0x000070000c9d7000)]
  0x00007f7cb306b000 JavaThread "Execution worker Thread 11" [_thread_blocked, id=83715, stack(0x000070000c9da000,0x000070000cada000)]
  0x00007f7cb306b600 JavaThread "Execution worker Thread 12" [_thread_blocked, id=83203, stack(0x000070000cadd000,0x000070000cbdd000)]
  0x00007f7cb306bc00 JavaThread "Execution worker Thread 13" [_thread_blocked, id=69891, stack(0x000070000cbe0000,0x000070000cce0000)]
  0x00007f7cb306c200 JavaThread "Execution worker Thread 14" [_thread_blocked, id=70403, stack(0x000070000cce3000,0x000070000cde3000)]
  0x00007f7cb4a5fa00 JavaThread "Execution worker Thread 15" [_thread_blocked, id=82691, stack(0x000070000cde6000,0x000070000cee6000)]
  0x00007f7c943a9a00 JavaThread "Cache worker for execution history cache (/Users/juanprogramador/Trabajos/ticketTransfer/v2/node_modules/.pnpm/@react-native+gradle-plugin@0.73.4/node_modules/@react-native/gradle-plugin/.gradle/8.6/executionHistory)" [_thread_blocked, id=70915, stack(0x000070000cee9000,0x000070000cfe9000)]
  0x00007f7cb3ccf200 JavaThread "Unconstrained build operations Thread 18" [_thread_blocked, id=71427, stack(0x000070000cfec000,0x000070000d0ec000)]
  0x00007f7cb3cce600 JavaThread "Unconstrained build operations Thread 19" [_thread_blocked, id=82179, stack(0x000070000d0ef000,0x000070000d1ef000)]
  0x00007f7cb3ccec00 JavaThread "Unconstrained build operations Thread 20" [_thread_blocked, id=71683, stack(0x000070000d1f2000,0x000070000d2f2000)]
  0x00007f7cb3ccf800 JavaThread "Unconstrained build operations Thread 21" [_thread_blocked, id=81411, stack(0x000070000d2f5000,0x000070000d3f5000)]
  0x00007f7cb3ccfe00 JavaThread "Unconstrained build operations Thread 22" [_thread_blocked, id=81155, stack(0x000070000d3f8000,0x000070000d4f8000)]
  0x00007f7c943a7200 JavaThread "Unconstrained build operations Thread 23" [_thread_blocked, id=80899, stack(0x000070000d4fb000,0x000070000d5fb000)]
  0x00007f7c943a7800 JavaThread "Unconstrained build operations Thread 24" [_thread_blocked, id=80387, stack(0x000070000d5fe000,0x000070000d6fe000)]
  0x00007f7cb43e5a00 JavaThread "Unconstrained build operations Thread 25" [_thread_blocked, id=80131, stack(0x000070000d701000,0x000070000d801000)]
  0x00007f7cb43e6000 JavaThread "Unconstrained build operations Thread 26" [_thread_blocked, id=72963, stack(0x000070000d804000,0x000070000d904000)]
  0x00007f7cb306aa00 JavaThread "Unconstrained build operations Thread 27" [_thread_blocked, id=73219, stack(0x000070000d907000,0x000070000da07000)]
  0x00007f7cb3068e00 JavaThread "Unconstrained build operations Thread 28" [_thread_blocked, id=73475, stack(0x000070000da0a000,0x000070000db0a000)]
  0x00007f7cb3069400 JavaThread "Unconstrained build operations Thread 29" [_thread_blocked, id=73731, stack(0x000070000db0d000,0x000070000dc0d000)]
  0x00007f7cb3069a00 JavaThread "Unconstrained build operations Thread 30" [_thread_blocked, id=73987, stack(0x000070000dc10000,0x000070000dd10000)]
  0x00007f7cb306ea00 JavaThread "Unconstrained build operations Thread 31" [_thread_blocked, id=78851, stack(0x000070000dd13000,0x000070000de13000)]
  0x00007f7cb51d5200 JavaThread "Unconstrained build operations Thread 32" [_thread_blocked, id=74499, stack(0x000070000de16000,0x000070000df16000)]
  0x00007f7cb203a600 JavaThread "Unconstrained build operations Thread 33" [_thread_blocked, id=75011, stack(0x000070000df19000,0x000070000e019000)]
  0x00007f7cb203ac00 JavaThread "Unconstrained build operations Thread 34" [_thread_blocked, id=78083, stack(0x000070000e01c000,0x000070000e11c000)]
  0x00007f7cb3cd2000 JavaThread "Unconstrained build operations Thread 35" [_thread_blocked, id=75267, stack(0x000070000e11f000,0x000070000e21f000)]
  0x00007f7cb3cd2600 JavaThread "Unconstrained build operations Thread 36" [_thread_blocked, id=75779, stack(0x000070000e222000,0x000070000e322000)]
  0x00007f7cb3cd8c00 JavaThread "Unconstrained build operations Thread 37" [_thread_blocked, id=77571, stack(0x000070000e325000,0x000070000e425000)]
  0x00007f7cb203b800 JavaThread "Unconstrained build operations Thread 38" [_thread_blocked, id=77315, stack(0x000070000e428000,0x000070000e528000)]
  0x00007f7cb20a4c00 JavaThread "Unconstrained build operations Thread 39" [_thread_blocked, id=77059, stack(0x000070000e52b000,0x000070000e62b000)]
  0x00007f7cb20a5200 JavaThread "Unconstrained build operations Thread 40" [_thread_blocked, id=87299, stack(0x000070000e62e000,0x000070000e72e000)]
  0x00007f7cb4846600 JavaThread "Unconstrained build operations Thread 41" [_thread_blocked, id=87555, stack(0x000070000e731000,0x000070000e831000)]
  0x00007f7c943a8600 JavaThread "Unconstrained build operations Thread 42" [_thread_blocked, id=87811, stack(0x000070000e834000,0x000070000e934000)]
  0x00007f7c943afa00 JavaThread "Unconstrained build operations Thread 43" [_thread_blocked, id=88067, stack(0x000070000e937000,0x000070000ea37000)]
  0x00007f7cb20a7a00 JavaThread "Unconstrained build operations Thread 44" [_thread_blocked, id=130051, stack(0x000070000ea3a000,0x000070000eb3a000)]
  0x00007f7cb20a8000 JavaThread "Unconstrained build operations Thread 45" [_thread_blocked, id=88835, stack(0x000070000eb3d000,0x000070000ec3d000)]
  0x00007f7c943b0000 JavaThread "Unconstrained build operations Thread 46" [_thread_blocked, id=129795, stack(0x000070000ec40000,0x000070000ed40000)]
  0x00007f7c943b0c00 JavaThread "Unconstrained build operations Thread 47" [_thread_blocked, id=129283, stack(0x000070000ed43000,0x000070000ee43000)]
  0x00007f7c64008200 JavaThread "Unconstrained build operations Thread 48" [_thread_blocked, id=128771, stack(0x000070000ee46000,0x000070000ef46000)]
  0x00007f7c62808200 JavaThread "Unconstrained build operations Thread 49" [_thread_blocked, id=128259, stack(0x000070000ef49000,0x000070000f049000)]
  0x00007f7cb43e8e00 JavaThread "jar transforms Thread 14" [_thread_blocked, id=128015, stack(0x000070000f04c000,0x000070000f14c000)]
  0x00007f7cb44e7800 JavaThread "jar transforms Thread 15" [_thread_blocked, id=127491, stack(0x000070000f14f000,0x000070000f24f000)]
  0x00007f7cb44e8400 JavaThread "jar transforms Thread 16" [_thread_blocked, id=89859, stack(0x000070000f252000,0x000070000f352000)]
  0x00007f7c94388a00 JavaThread "Unconstrained build operations Thread 50" [_thread_blocked, id=90883, stack(0x000070000f458000,0x000070000f558000)]
  0x00007f7cb215fe00 JavaThread "Unconstrained build operations Thread 51" [_thread_blocked, id=91139, stack(0x000070000f55b000,0x000070000f65b000)]
  0x00007f7cb5175c00 JavaThread "Unconstrained build operations Thread 52" [_thread_blocked, id=91651, stack(0x000070000f65e000,0x000070000f75e000)]
  0x00007f7c63808200 JavaThread "Unconstrained build operations Thread 53" [_thread_blocked, id=126979, stack(0x000070000f761000,0x000070000f861000)]
  0x00007f7cb4566800 JavaThread "Unconstrained build operations Thread 54" [_thread_blocked, id=92419, stack(0x000070000f864000,0x000070000f964000)]
  0x00007f7cb5175400 JavaThread "Unconstrained build operations Thread 55" [_thread_blocked, id=92675, stack(0x000070000f967000,0x000070000fa67000)]
  0x00007f7cb2077400 JavaThread "Unconstrained build operations Thread 56" [_thread_blocked, id=37427, stack(0x000070000902f000,0x000070000912f000)]
  0x00007f7cb3451e00 JavaThread "C1 CompilerThread2" daemon [_thread_blocked, id=90435, stack(0x000070000f355000,0x000070000f455000)]
  0x00007f7cb3011e00 JavaThread "Unconstrained build operations Thread 57" [_thread_blocked, id=126467, stack(0x000070000fa6a000,0x000070000fb6a000)]
  0x00007f7cb44b3000 JavaThread "Unconstrained build operations Thread 58" [_thread_blocked, id=125955, stack(0x000070000fb6d000,0x000070000fc6d000)]
  0x00007f7c941bce00 JavaThread "Unconstrained build operations Thread 59" [_thread_blocked, id=125699, stack(0x000070000fc70000,0x000070000fd70000)]
  0x00007f7c62810800 JavaThread "Unconstrained build operations Thread 60" [_thread_blocked, id=125443, stack(0x000070000fd73000,0x000070000fe73000)]
  0x00007f7c9381aa00 JavaThread "Unconstrained build operations Thread 61" [_thread_blocked, id=93955, stack(0x000070000fe76000,0x000070000ff76000)]
  0x00007f7cb3cc4800 JavaThread "Unconstrained build operations Thread 62" [_thread_blocked, id=125187, stack(0x000070000ff79000,0x0000700010079000)]
  0x00007f7c942b0600 JavaThread "Unconstrained build operations Thread 63" [_thread_blocked, id=124675, stack(0x000070001007c000,0x000070001017c000)]
  0x00007f7c63008200 JavaThread "Unconstrained build operations Thread 64" [_thread_blocked, id=124419, stack(0x000070001017f000,0x000070001027f000)]
  0x00007f7cb52a6600 JavaThread "Unconstrained build operations Thread 65" [_thread_blocked, id=94979, stack(0x0000700010282000,0x0000700010382000)]
  0x00007f7c6400b800 JavaThread "Unconstrained build operations Thread 66" [_thread_blocked, id=95235, stack(0x0000700010385000,0x0000700010485000)]
  0x00007f7c6300ea00 JavaThread "Unconstrained build operations Thread 67" [_thread_blocked, id=123907, stack(0x0000700010488000,0x0000700010588000)]
  0x00007f7c942b0c00 JavaThread "Unconstrained build operations Thread 68" [_thread_blocked, id=96003, stack(0x000070001058b000,0x000070001068b000)]
  0x00007f7c6481c400 JavaThread "Unconstrained build operations Thread 69" [_thread_blocked, id=96515, stack(0x000070001068e000,0x000070001078e000)]
  0x00007f7cb44b4600 JavaThread "Unconstrained build operations Thread 70" [_thread_blocked, id=97027, stack(0x0000700010791000,0x0000700010891000)]
  0x00007f7c92a0ec00 JavaThread "Unconstrained build operations Thread 71" [_thread_blocked, id=123651, stack(0x0000700010894000,0x0000700010994000)]
  0x00007f7c92a0f200 JavaThread "Unconstrained build operations Thread 72" [_thread_blocked, id=97795, stack(0x0000700010997000,0x0000700010a97000)]
  0x00007f7c943a5600 JavaThread "Unconstrained build operations Thread 73" [_thread_blocked, id=123139, stack(0x0000700010a9a000,0x0000700010b9a000)]
  0x00007f7cb3f16800 JavaThread "Unconstrained build operations Thread 74" [_thread_blocked, id=98307, stack(0x0000700010b9d000,0x0000700010c9d000)]
  0x00007f7cb3e4bc00 JavaThread "Unconstrained build operations Thread 75" [_thread_blocked, id=122627, stack(0x0000700010ca0000,0x0000700010da0000)]
  0x00007f7cb3d6ba00 JavaThread "Unconstrained build operations Thread 76" [_thread_blocked, id=122115, stack(0x0000700010da3000,0x0000700010ea3000)]
  0x00007f7cb4466a00 JavaThread "Unconstrained build operations Thread 77" [_thread_blocked, id=121859, stack(0x0000700010ea6000,0x0000700010fa6000)]
  0x00007f7cb44a3200 JavaThread "Unconstrained build operations Thread 78" [_thread_blocked, id=121347, stack(0x0000700010fa9000,0x00007000110a9000)]
  0x00007f7cb4467000 JavaThread "Unconstrained build operations Thread 79" [_thread_blocked, id=98819, stack(0x00007000110ac000,0x00007000111ac000)]
  0x00007f7cb449ea00 JavaThread "Unconstrained build operations Thread 80" [_thread_blocked, id=99331, stack(0x00007000111af000,0x00007000112af000)]
  0x00007f7cb449f000 JavaThread "Unconstrained build operations Thread 81" [_thread_blocked, id=99843, stack(0x00007000112b2000,0x00007000113b2000)]
  0x00007f7cb3c9de00 JavaThread "Unconstrained build operations Thread 82" [_thread_blocked, id=120579, stack(0x00007000113b5000,0x00007000114b5000)]
  0x00007f7c63010400 JavaThread "Unconstrained build operations Thread 83" [_thread_blocked, id=100099, stack(0x00007000114b8000,0x00007000115b8000)]
  0x00007f7cb3011800 JavaThread "Unconstrained build operations Thread 84" [_thread_blocked, id=100611, stack(0x00007000115bb000,0x00007000116bb000)]
  0x00007f7c62813600 JavaThread "Unconstrained build operations Thread 85" [_thread_blocked, id=100867, stack(0x00007000116be000,0x00007000117be000)]
  0x00007f7cb3012400 JavaThread "Unconstrained build operations Thread 86" [_thread_blocked, id=101379, stack(0x00007000117c1000,0x00007000118c1000)]
  0x00007f7cb3545200 JavaThread "Unconstrained build operations Thread 87" [_thread_blocked, id=101635, stack(0x00007000118c4000,0x00007000119c4000)]
  0x00007f7cb3303600 JavaThread "Unconstrained build operations Thread 88" [_thread_blocked, id=102147, stack(0x00007000119c7000,0x0000700011ac7000)]
  0x00007f7c66826e00 JavaThread "Unconstrained build operations Thread 89" [_thread_blocked, id=102659, stack(0x0000700011aca000,0x0000700011bca000)]
  0x00007f7cb3c15e00 JavaThread "Unconstrained build operations Thread 90" [_thread_blocked, id=103171, stack(0x0000700011bcd000,0x0000700011ccd000)]
  0x00007f7c66827400 JavaThread "Unconstrained build operations Thread 91" [_thread_blocked, id=119299, stack(0x0000700011cd0000,0x0000700011dd0000)]
  0x00007f7cb43e1000 JavaThread "Unconstrained build operations Thread 92" [_thread_blocked, id=103427, stack(0x0000700011dd3000,0x0000700011ed3000)]
  0x00007f7cb43e5400 JavaThread "Unconstrained build operations Thread 93" [_thread_blocked, id=118531, stack(0x0000700011ed6000,0x0000700011fd6000)]
  0x00007f7c66828000 JavaThread "Unconstrained build operations Thread 94" [_thread_blocked, id=118019, stack(0x0000700011fd9000,0x00007000120d9000)]
  0x00007f7c66827a00 JavaThread "Unconstrained build operations Thread 95" [_thread_blocked, id=103939, stack(0x00007000120dc000,0x00007000121dc000)]
  0x00007f7c66828600 JavaThread "Unconstrained build operations Thread 96" [_thread_blocked, id=117507, stack(0x00007000121df000,0x00007000122df000)]
  0x00007f7c62810e00 JavaThread "Unconstrained build operations Thread 97" [_thread_blocked, id=116995, stack(0x00007000122e2000,0x00007000123e2000)]
  0x00007f7c92ae0800 JavaThread "Unconstrained build operations Thread 98" [_thread_blocked, id=116739, stack(0x00007000123e5000,0x00007000124e5000)]
  0x00007f7c92a0f800 JavaThread "Unconstrained build operations Thread 99" [_thread_blocked, id=116483, stack(0x00007000124e8000,0x00007000125e8000)]
  0x00007f7cb3303c00 JavaThread "Unconstrained build operations Thread 100" [_thread_blocked, id=104707, stack(0x00007000125eb000,0x00007000126eb000)]
  0x00007f7cb3554a00 JavaThread "Unconstrained build operations Thread 101" [_thread_blocked, id=115971, stack(0x00007000126ee000,0x00007000127ee000)]
  0x00007f7cb2161400 JavaThread "Unconstrained build operations Thread 102" [_thread_blocked, id=115459, stack(0x00007000127f1000,0x00007000128f1000)]
  0x00007f7cb45ac600 JavaThread "Unconstrained build operations Thread 103" [_thread_blocked, id=114947, stack(0x00007000128f4000,0x00007000129f4000)]
  0x00007f7cb4446c00 JavaThread "Unconstrained build operations Thread 104" [_thread_blocked, id=105475, stack(0x00007000129f7000,0x0000700012af7000)]
  0x00007f7cb45acc00 JavaThread "Unconstrained build operations Thread 105" [_thread_blocked, id=105731, stack(0x0000700012afa000,0x0000700012bfa000)]
  0x00007f7cb364bc00 JavaThread "Unconstrained build operations Thread 106" [_thread_blocked, id=106243, stack(0x0000700012bfd000,0x0000700012cfd000)]
  0x00007f7cb354f800 JavaThread "Unconstrained build operations Thread 107" [_thread_blocked, id=114179, stack(0x0000700012d00000,0x0000700012e00000)]
  0x00007f7cb3554400 JavaThread "Unconstrained build operations Thread 108" [_thread_blocked, id=113667, stack(0x0000700012e03000,0x0000700012f03000)]
  0x00007f7c66828c00 JavaThread "Unconstrained build operations Thread 109" [_thread_blocked, id=113155, stack(0x0000700012f06000,0x0000700013006000)]
  0x00007f7cb540d800 JavaThread "Unconstrained build operations Thread 110" [_thread_blocked, id=112899, stack(0x0000700013009000,0x0000700013109000)]
  0x00007f7cb540d000 JavaThread "Unconstrained build operations Thread 111" [_thread_blocked, id=112387, stack(0x000070001310c000,0x000070001320c000)]
  0x00007f7cb540de00 JavaThread "Unconstrained build operations Thread 112" [_thread_blocked, id=112131, stack(0x000070001320f000,0x000070001330f000)]
  0x00007f7c66829200 JavaThread "Unconstrained build operations Thread 113" [_thread_blocked, id=111875, stack(0x0000700013312000,0x0000700013412000)]
  0x00007f7cb46ffc00 JavaThread "Unconstrained build operations Thread 114" [_thread_blocked, id=111363, stack(0x0000700013415000,0x0000700013515000)]
  0x00007f7cb4b63a00 JavaThread "Unconstrained build operations Thread 115" [_thread_blocked, id=107523, stack(0x0000700013518000,0x0000700013618000)]
  0x00007f7cb3464600 JavaThread "Unconstrained build operations Thread 116" [_thread_blocked, id=108035, stack(0x000070001361b000,0x000070001371b000)]
  0x00007f7c6682a000 JavaThread "ForkJoinPool.commonPool-worker-14" daemon [_thread_blocked, id=108291, stack(0x000070001371e000,0x000070001381e000)]
  0x00007f7cb4700c00 JavaThread "ForkJoinPool.commonPool-worker-15" daemon [_thread_blocked, id=108803, stack(0x0000700013821000,0x0000700013921000)]

Other Threads:
=>0x00007f7cb1f15090 VMThread "VM Thread" [stack: 0x0000700006a96000,0x0000700006b96000] [id=13059]
  0x00007f7cb2816040 WatcherThread [stack: 0x00007000075ba000,0x00007000076ba000] [id=29443]

Threads with active compile tasks:

VM state: at safepoint (normal execution)

VM Mutex/Monitor currently owned by a thread:  ([mutex/lock_event])
[0x00007f7cb2808280] Threads_lock - owner thread: 0x00007f7cb1f15090
[0x00007f7cb2808f50] Heap_lock - owner thread: 0x00007f7cb3b91e00

Heap address: 0x0000000780000000, size: 2048 MB, Compressed Oops mode: Zero based, Oop shift amount: 3

CDS archive(s) mapped at: [0x000000011a000000-0x000000011abf0000-0x000000011abf0000), size 12517376, SharedBaseAddress: 0x000000011a000000, ArchiveRelocationMode: 1.
Compressed class space mapped at: 0x000000011b000000-0x0000000135000000, reserved size: 436207616
Narrow klass base: 0x000000011a000000, Narrow klass shift: 0, Narrow klass range: 0x100000000

GC Precious Log:
 CPUs: 16 total, 16 available
 Memory: 32768M
 Large Page Support: Disabled
 NUMA Support: Disabled
 Compressed Oops: Enabled (Zero based)
 Heap Min Capacity: 8M
 Heap Initial Capacity: 512M
 Heap Max Capacity: 2G
 Pre-touch: Disabled

Heap:
 def new generation   total 157824K, used 157309K [0x0000000780000000, 0x000000078ab40000, 0x00000007aaaa0000)
  eden space 140288K, 100% used [0x0000000780000000, 0x0000000788900000, 0x0000000788900000)
  from space 17536K,  97% used [0x0000000788900000, 0x000000078999f650, 0x0000000789a20000)
  to   space 17536K,   1% used [0x0000000789a20000, 0x0000000789a502a0, 0x000000078ab40000)
 tenured generation   total 349568K, used 152593K [0x00000007aaaa0000, 0x00000007c0000000, 0x0000000800000000)
   the space 349568K,  43% used [0x00000007aaaa0000, 0x00000007b3fa46d8, 0x00000007b3fa4800, 0x00000007c0000000)
 Metaspace       used 107471K, committed 108928K, reserved 557056K
  class space    used 16350K, committed 16960K, reserved 425984K

Card table byte_map: [0x000000010c000000,0x000000010c401000] _byte_map_base: 0x0000000108400000

Polling page: 0x0000000103d6f000

Metaspace:

Usage:
  Non-class:     88.99 MB used.
      Class:     15.97 MB used.
       Both:    104.95 MB used.

Virtual space:
  Non-class space:      128.00 MB reserved,      89.81 MB ( 70%) committed,  2 nodes.
      Class space:      416.00 MB reserved,      16.56 MB (  4%) committed,  1 nodes.
             Both:      544.00 MB reserved,     106.38 MB ( 20%) committed. 

Chunk freelists:
   Non-Class:  6.00 MB
       Class:  15.27 MB
        Both:  21.27 MB

MaxMetaspaceSize: 512.00 MB
CompressedClassSpaceSize: 416.00 MB
Initial GC threshold: 21.00 MB
Current GC threshold: 162.19 MB
CDS: on
MetaspaceReclaimPolicy: balanced
 - commit_granule_bytes: 65536.
 - commit_granule_words: 8192.
 - virtual_space_node_default_size: 8388608.
 - enlarge_chunks_in_place: 1.
 - new_chunks_are_fully_committed: 0.
 - uncommit_free_chunks: 1.
 - use_allocation_guard: 0.
 - handle_deallocations: 1.


Internal statistics:

num_allocs_failed_limit: 12.
num_arena_births: 1700.
num_arena_deaths: 12.
num_vsnodes_births: 3.
num_vsnodes_deaths: 0.
num_space_committed: 1702.
num_space_uncommitted: 0.
num_chunks_returned_to_freelist: 50.
num_chunks_taken_from_freelist: 6488.
num_chunk_merges: 15.
num_chunk_splits: 4227.
num_chunks_enlarged: 2700.
num_inconsistent_stats: 0.

CodeCache: size=49152Kb used=28130Kb max_used=28130Kb free=21021Kb
 bounds [0x0000000116101000, 0x0000000117c81000, 0x0000000119101000]
 total_blobs=17086 nmethods=16077 adapters=932
 compilation: enabled
              stopped_count=0, restarted_count=0
 full_count=0

Compilation events (20 events):
Event: 28.005 Thread 0x00007f7cb43a5800 16312       1       java.util.logging.Logger::isLoggable (27 bytes)
Event: 28.006 Thread 0x00007f7cb43a5800 nmethod 16312 0x0000000117c76710 code [0x0000000117c768a0, 0x0000000117c769b0]
Event: 28.010 Thread 0x00007f7cb381c800 16313       1       jdk.internal.reflect.UnsafeObjectFieldAccessorImpl::set (56 bytes)
Event: 28.010 Thread 0x00007f7cb381c800 nmethod 16313 0x0000000117c76a90 code [0x0000000117c76ce0, 0x0000000117c772a0]
Event: 28.019 Thread 0x00007f7cb43a5800 16314       1       java.security.SecureClassLoader$1::apply (9 bytes)
Event: 28.019 Thread 0x00007f7cb3451e00 16315       1       java.security.SecureClassLoader$1::apply (71 bytes)
Event: 28.019 Thread 0x00007f7cb381c800 16316       1       java.security.SecureClassLoader::getPermissions (8 bytes)
Event: 28.019 Thread 0x00007f7cb43a5800 nmethod 16314 0x0000000117c77710 code [0x0000000117c778c0, 0x0000000117c779c0]
Event: 28.019 Thread 0x00007f7cb3451e00 nmethod 16315 0x0000000117c77a90 code [0x0000000117c77c40, 0x0000000117c77df0]
Event: 28.019 Thread 0x00007f7cb381c800 nmethod 16316 0x0000000117c77f10 code [0x0000000117c780e0, 0x0000000117c782e0]
Event: 28.049 Thread 0x00007f7cb43a5800 16318       1       java.lang.Character::valueOf (21 bytes)
Event: 28.050 Thread 0x00007f7cb43a5800 nmethod 16318 0x0000000117c78710 code [0x0000000117c788c0, 0x0000000117c78a30]
Event: 28.053 Thread 0x00007f7cb3451e00 16319       1       org.gradle.api.services.internal.DefaultBuildServicesRegistry$DefaultServiceRegistration_Decorated::getName (39 bytes)
Event: 28.053 Thread 0x00007f7cb3451e00 nmethod 16319 0x0000000117c78b10 code [0x0000000117c78cc0, 0x0000000117c78e70]
Event: 28.070 Thread 0x00007f7cb381c800 16320       1       java.math.MutableBigInteger::<init> (42 bytes)
Event: 28.070 Thread 0x00007f7cb3451e00 16321       1       java.math.MutableBigInteger::divide (8 bytes)
Event: 28.070 Thread 0x00007f7cb43a5800 16322       1       java.math.MutableBigInteger::divide (38 bytes)
Event: 28.070 Thread 0x00007f7cb3451e00 nmethod 16321 0x0000000117c78f90 code [0x0000000117c79120, 0x0000000117c79200]
Event: 28.070 Thread 0x00007f7cb381c800 nmethod 16320 0x0000000117c79290 code [0x0000000117c79440, 0x0000000117c79560]
Event: 28.070 Thread 0x00007f7cb43a5800 nmethod 16322 0x0000000117c79610 code [0x0000000117c797c0, 0x0000000117c798f0]

GC Heap History (20 events):
Event: 19.728 GC heap after
{Heap after GC invocations=10 (full 3):
 def new generation   total 157632K, used 16660K [0x0000000780000000, 0x000000078ab00000, 0x00000007aaaa0000)
  eden space 140160K,   0% used [0x0000000780000000, 0x0000000780000000, 0x00000007888e0000)
  from space 17472K,  95% used [0x00000007888e0000, 0x00000007899250e8, 0x00000007899f0000)
  to   space 17472K,   0% used [0x00000007899f0000, 0x00000007899f0000, 0x000000078ab00000)
 tenured generation   total 349568K, used 81050K [0x00000007aaaa0000, 0x00000007c0000000, 0x0000000800000000)
   the space 349568K,  23% used [0x00000007aaaa0000, 0x00000007af9c6a30, 0x00000007af9c6c00, 0x00000007c0000000)
 Metaspace       used 88175K, committed 88960K, reserved 557056K
  class space    used 13124K, committed 13504K, reserved 425984K
}
Event: 20.866 GC heap before
{Heap before GC invocations=10 (full 3):
 def new generation   total 157632K, used 156820K [0x0000000780000000, 0x000000078ab00000, 0x00000007aaaa0000)
  eden space 140160K, 100% used [0x0000000780000000, 0x00000007888e0000, 0x00000007888e0000)
  from space 17472K,  95% used [0x00000007888e0000, 0x00000007899250e8, 0x00000007899f0000)
  to   space 17472K,   0% used [0x00000007899f0000, 0x00000007899f0000, 0x000000078ab00000)
 tenured generation   total 349568K, used 81050K [0x00000007aaaa0000, 0x00000007c0000000, 0x0000000800000000)
   the space 349568K,  23% used [0x00000007aaaa0000, 0x00000007af9c6a30, 0x00000007af9c6c00, 0x00000007c0000000)
 Metaspace       used 96369K, committed 97216K, reserved 557056K
  class space    used 14488K, committed 14912K, reserved 425984K
}
Event: 20.903 GC heap after
{Heap after GC invocations=11 (full 3):
 def new generation   total 157632K, used 14806K [0x0000000780000000, 0x000000078ab00000, 0x00000007aaaa0000)
  eden space 140160K,   0% used [0x0000000780000000, 0x0000000780000000, 0x00000007888e0000)
  from space 17472K,  84% used [0x00000007899f0000, 0x000000078a865950, 0x000000078ab00000)
  to   space 17472K,   0% used [0x00000007888e0000, 0x00000007888e0000, 0x00000007899f0000)
 tenured generation   total 349568K, used 89470K [0x00000007aaaa0000, 0x00000007c0000000, 0x0000000800000000)
   the space 349568K,  25% used [0x00000007aaaa0000, 0x00000007b01ff8a8, 0x00000007b01ffa00, 0x00000007c0000000)
 Metaspace       used 96369K, committed 97216K, reserved 557056K
  class space    used 14488K, committed 14912K, reserved 425984K
}
Event: 21.344 GC heap before
{Heap before GC invocations=11 (full 3):
 def new generation   total 157632K, used 154966K [0x0000000780000000, 0x000000078ab00000, 0x00000007aaaa0000)
  eden space 140160K, 100% used [0x0000000780000000, 0x00000007888e0000, 0x00000007888e0000)
  from space 17472K,  84% used [0x00000007899f0000, 0x000000078a865950, 0x000000078ab00000)
  to   space 17472K,   0% used [0x00000007888e0000, 0x00000007888e0000, 0x00000007899f0000)
 tenured generation   total 349568K, used 89470K [0x00000007aaaa0000, 0x00000007c0000000, 0x0000000800000000)
   the space 349568K,  25% used [0x00000007aaaa0000, 0x00000007b01ff8a8, 0x00000007b01ffa00, 0x00000007c0000000)
 Metaspace       used 97511K, committed 98496K, reserved 557056K
  class space    used 14670K, committed 15104K, reserved 425984K
}
Event: 21.381 GC heap after
{Heap after GC invocations=12 (full 3):
 def new generation   total 157632K, used 12587K [0x0000000780000000, 0x000000078ab00000, 0x00000007aaaa0000)
  eden space 140160K,   0% used [0x0000000780000000, 0x0000000780000000, 0x00000007888e0000)
  from space 17472K,  72% used [0x00000007888e0000, 0x000000078952ad78, 0x00000007899f0000)
  to   space 17472K,   0% used [0x00000007899f0000, 0x00000007899f0000, 0x000000078ab00000)
 tenured generation   total 349568K, used 97459K [0x00000007aaaa0000, 0x00000007c0000000, 0x0000000800000000)
   the space 349568K,  27% used [0x00000007aaaa0000, 0x00000007b09ccdf8, 0x00000007b09cce00, 0x00000007c0000000)
 Metaspace       used 97511K, committed 98496K, reserved 557056K
  class space    used 14670K, committed 15104K, reserved 425984K
}
Event: 22.018 GC heap before
{Heap before GC invocations=12 (full 3):
 def new generation   total 157632K, used 131351K [0x0000000780000000, 0x000000078ab00000, 0x00000007aaaa0000)
  eden space 140160K,  84% used [0x0000000780000000, 0x00000007873fb280, 0x00000007888e0000)
  from space 17472K,  72% used [0x00000007888e0000, 0x000000078952ad78, 0x00000007899f0000)
  to   space 17472K,   0% used [0x00000007899f0000, 0x00000007899f0000, 0x000000078ab00000)
 tenured generation   total 349568K, used 97459K [0x00000007aaaa0000, 0x00000007c0000000, 0x0000000800000000)
   the space 349568K,  27% used [0x00000007aaaa0000, 0x00000007b09ccdf8, 0x00000007b09cce00, 0x00000007c0000000)
 Metaspace       used 98685K, committed 99648K, reserved 557056K
  class space    used 14903K, committed 15360K, reserved 425984K
}
Event: 22.253 GC heap after
{Heap after GC invocations=13 (full 4):
 def new generation   total 157824K, used 0K [0x0000000780000000, 0x000000078ab40000, 0x00000007aaaa0000)
  eden space 140288K,   0% used [0x0000000780000000, 0x0000000780000000, 0x0000000788900000)
  from space 17536K,   0% used [0x0000000788900000, 0x0000000788900000, 0x0000000789a20000)
  to   space 17536K,   0% used [0x0000000789a20000, 0x0000000789a20000, 0x000000078ab40000)
 tenured generation   total 349568K, used 111098K [0x00000007aaaa0000, 0x00000007c0000000, 0x0000000800000000)
   the space 349568K,  31% used [0x00000007aaaa0000, 0x00000007b171eac0, 0x00000007b171ec00, 0x00000007c0000000)
 Metaspace       used 98509K, committed 99648K, reserved 557056K
  class space    used 14856K, committed 15360K, reserved 425984K
}
Event: 24.479 GC heap before
{Heap before GC invocations=13 (full 4):
 def new generation   total 157824K, used 140288K [0x0000000780000000, 0x000000078ab40000, 0x00000007aaaa0000)
  eden space 140288K, 100% used [0x0000000780000000, 0x0000000788900000, 0x0000000788900000)
  from space 17536K,   0% used [0x0000000788900000, 0x0000000788900000, 0x0000000789a20000)
  to   space 17536K,   0% used [0x0000000789a20000, 0x0000000789a20000, 0x000000078ab40000)
 tenured generation   total 349568K, used 111098K [0x00000007aaaa0000, 0x00000007c0000000, 0x0000000800000000)
   the space 349568K,  31% used [0x00000007aaaa0000, 0x00000007b171eac0, 0x00000007b171ec00, 0x00000007c0000000)
 Metaspace       used 99503K, committed 100608K, reserved 557056K
  class space    used 15043K, committed 15488K, reserved 425984K
}
Event: 24.500 GC heap after
{Heap after GC invocations=14 (full 4):
 def new generation   total 157824K, used 7663K [0x0000000780000000, 0x000000078ab40000, 0x00000007aaaa0000)
  eden space 140288K,   0% used [0x0000000780000000, 0x0000000780000000, 0x0000000788900000)
  from space 17536K,  43% used [0x0000000789a20000, 0x000000078a19bc10, 0x000000078ab40000)
  to   space 17536K,   0% used [0x0000000788900000, 0x0000000788900000, 0x0000000789a20000)
 tenured generation   total 349568K, used 111098K [0x00000007aaaa0000, 0x00000007c0000000, 0x0000000800000000)
   the space 349568K,  31% used [0x00000007aaaa0000, 0x00000007b171eac0, 0x00000007b171ec00, 0x00000007c0000000)
 Metaspace       used 99503K, committed 100608K, reserved 557056K
  class space    used 15043K, committed 15488K, reserved 425984K
}
Event: 24.914 GC heap before
{Heap before GC invocations=14 (full 4):
 def new generation   total 157824K, used 147951K [0x0000000780000000, 0x000000078ab40000, 0x00000007aaaa0000)
  eden space 140288K, 100% used [0x0000000780000000, 0x0000000788900000, 0x0000000788900000)
  from space 17536K,  43% used [0x0000000789a20000, 0x000000078a19bc10, 0x000000078ab40000)
  to   space 17536K,   0% used [0x0000000788900000, 0x0000000788900000, 0x0000000789a20000)
 tenured generation   total 349568K, used 111098K [0x00000007aaaa0000, 0x00000007c0000000, 0x0000000800000000)
   the space 349568K,  31% used [0x00000007aaaa0000, 0x00000007b171eac0, 0x00000007b171ec00, 0x00000007c0000000)
 Metaspace       used 99919K, committed 101120K, reserved 557056K
  class space    used 15122K, committed 15616K, reserved 425984K
}
Event: 24.934 GC heap after
{Heap after GC invocations=15 (full 4):
 def new generation   total 157824K, used 11811K [0x0000000780000000, 0x000000078ab40000, 0x00000007aaaa0000)
  eden space 140288K,   0% used [0x0000000780000000, 0x0000000780000000, 0x0000000788900000)
  from space 17536K,  67% used [0x0000000788900000, 0x0000000789488e70, 0x0000000789a20000)
  to   space 17536K,   0% used [0x0000000789a20000, 0x0000000789a20000, 0x000000078ab40000)
 tenured generation   total 349568K, used 111098K [0x00000007aaaa0000, 0x00000007c0000000, 0x0000000800000000)
   the space 349568K,  31% used [0x00000007aaaa0000, 0x00000007b171eac0, 0x00000007b171ec00, 0x00000007c0000000)
 Metaspace       used 99919K, committed 101120K, reserved 557056K
  class space    used 15122K, committed 15616K, reserved 425984K
}
Event: 25.450 GC heap before
{Heap before GC invocations=15 (full 4):
 def new generation   total 157824K, used 152099K [0x0000000780000000, 0x000000078ab40000, 0x00000007aaaa0000)
  eden space 140288K, 100% used [0x0000000780000000, 0x0000000788900000, 0x0000000788900000)
  from space 17536K,  67% used [0x0000000788900000, 0x0000000789488e70, 0x0000000789a20000)
  to   space 17536K,   0% used [0x0000000789a20000, 0x0000000789a20000, 0x000000078ab40000)
 tenured generation   total 349568K, used 111098K [0x00000007aaaa0000, 0x00000007c0000000, 0x0000000800000000)
   the space 349568K,  31% used [0x00000007aaaa0000, 0x00000007b171eac0, 0x00000007b171ec00, 0x00000007c0000000)
 Metaspace       used 100316K, committed 101504K, reserved 557056K
  class space    used 15197K, committed 15680K, reserved 425984K
}
Event: 25.488 GC heap after
{Heap after GC invocations=16 (full 4):
 def new generation   total 157824K, used 14985K [0x0000000780000000, 0x000000078ab40000, 0x00000007aaaa0000)
  eden space 140288K,   0% used [0x0000000780000000, 0x0000000780000000, 0x0000000788900000)
  from space 17536K,  85% used [0x0000000789a20000, 0x000000078a8c2438, 0x000000078ab40000)
  to   space 17536K,   0% used [0x0000000788900000, 0x0000000788900000, 0x0000000789a20000)
 tenured generation   total 349568K, used 118562K [0x00000007aaaa0000, 0x00000007c0000000, 0x0000000800000000)
   the space 349568K,  33% used [0x00000007aaaa0000, 0x00000007b1e68af8, 0x00000007b1e68c00, 0x00000007c0000000)
 Metaspace       used 100316K, committed 101504K, reserved 557056K
  class space    used 15197K, committed 15680K, reserved 425984K
}
Event: 26.114 GC heap before
{Heap before GC invocations=16 (full 4):
 def new generation   total 157824K, used 155273K [0x0000000780000000, 0x000000078ab40000, 0x00000007aaaa0000)
  eden space 140288K, 100% used [0x0000000780000000, 0x0000000788900000, 0x0000000788900000)
  from space 17536K,  85% used [0x0000000789a20000, 0x000000078a8c2438, 0x000000078ab40000)
  to   space 17536K,   0% used [0x0000000788900000, 0x0000000788900000, 0x0000000789a20000)
 tenured generation   total 349568K, used 118562K [0x00000007aaaa0000, 0x00000007c0000000, 0x0000000800000000)
   the space 349568K,  33% used [0x00000007aaaa0000, 0x00000007b1e68af8, 0x00000007b1e68c00, 0x00000007c0000000)
 Metaspace       used 101013K, committed 102336K, reserved 557056K
  class space    used 15343K, committed 15872K, reserved 425984K
}
Event: 26.163 GC heap after
{Heap after GC invocations=17 (full 4):
 def new generation   total 157824K, used 11066K [0x0000000780000000, 0x000000078ab40000, 0x00000007aaaa0000)
  eden space 140288K,   0% used [0x0000000780000000, 0x0000000780000000, 0x0000000788900000)
  from space 17536K,  63% used [0x0000000788900000, 0x00000007893ceba0, 0x0000000789a20000)
  to   space 17536K,   0% used [0x0000000789a20000, 0x0000000789a20000, 0x000000078ab40000)
 tenured generation   total 349568K, used 133286K [0x00000007aaaa0000, 0x00000007c0000000, 0x0000000800000000)
   the space 349568K,  38% used [0x00000007aaaa0000, 0x00000007b2cc9b30, 0x00000007b2cc9c00, 0x00000007c0000000)
 Metaspace       used 101013K, committed 102336K, reserved 557056K
  class space    used 15343K, committed 15872K, reserved 425984K
}
Event: 26.510 GC heap before
{Heap before GC invocations=17 (full 4):
 def new generation   total 157824K, used 151354K [0x0000000780000000, 0x000000078ab40000, 0x00000007aaaa0000)
  eden space 140288K, 100% used [0x0000000780000000, 0x0000000788900000, 0x0000000788900000)
  from space 17536K,  63% used [0x0000000788900000, 0x00000007893ceba0, 0x0000000789a20000)
  to   space 17536K,   0% used [0x0000000789a20000, 0x0000000789a20000, 0x000000078ab40000)
 tenured generation   total 349568K, used 133286K [0x00000007aaaa0000, 0x00000007c0000000, 0x0000000800000000)
   the space 349568K,  38% used [0x00000007aaaa0000, 0x00000007b2cc9b30, 0x00000007b2cc9c00, 0x00000007c0000000)
 Metaspace       used 101014K, committed 102336K, reserved 557056K
  class space    used 15343K, committed 15872K, reserved 425984K
}
Event: 26.543 GC heap after
{Heap after GC invocations=18 (full 4):
 def new generation   total 157824K, used 10086K [0x0000000780000000, 0x000000078ab40000, 0x00000007aaaa0000)
  eden space 140288K,   0% used [0x0000000780000000, 0x0000000780000000, 0x0000000788900000)
  from space 17536K,  57% used [0x0000000789a20000, 0x000000078a3f9b68, 0x000000078ab40000)
  to   space 17536K,   0% used [0x0000000788900000, 0x0000000788900000, 0x0000000789a20000)
 tenured generation   total 349568K, used 144171K [0x00000007aaaa0000, 0x00000007c0000000, 0x0000000800000000)
   the space 349568K,  41% used [0x00000007aaaa0000, 0x00000007b376ae68, 0x00000007b376b000, 0x00000007c0000000)
 Metaspace       used 101014K, committed 102336K, reserved 557056K
  class space    used 15343K, committed 15872K, reserved 425984K
}
Event: 27.237 GC heap before
{Heap before GC invocations=18 (full 4):
 def new generation   total 157824K, used 150374K [0x0000000780000000, 0x000000078ab40000, 0x00000007aaaa0000)
  eden space 140288K, 100% used [0x0000000780000000, 0x0000000788900000, 0x0000000788900000)
  from space 17536K,  57% used [0x0000000789a20000, 0x000000078a3f9b68, 0x000000078ab40000)
  to   space 17536K,   0% used [0x0000000788900000, 0x0000000788900000, 0x0000000789a20000)
 tenured generation   total 349568K, used 144171K [0x00000007aaaa0000, 0x00000007c0000000, 0x0000000800000000)
   the space 349568K,  41% used [0x00000007aaaa0000, 0x00000007b376ae68, 0x00000007b376b000, 0x00000007c0000000)
 Metaspace       used 102710K, committed 104128K, reserved 557056K
  class space    used 15603K, committed 16192K, reserved 425984K
}
Event: 27.271 GC heap after
{Heap after GC invocations=19 (full 4):
 def new generation   total 157824K, used 17021K [0x0000000780000000, 0x000000078ab40000, 0x00000007aaaa0000)
  eden space 140288K,   0% used [0x0000000780000000, 0x0000000780000000, 0x0000000788900000)
  from space 17536K,  97% used [0x0000000788900000, 0x000000078999f650, 0x0000000789a20000)
  to   space 17536K,   0% used [0x0000000789a20000, 0x0000000789a20000, 0x000000078ab40000)
 tenured generation   total 349568K, used 152409K [0x00000007aaaa0000, 0x00000007c0000000, 0x0000000800000000)
   the space 349568K,  43% used [0x00000007aaaa0000, 0x00000007b3f76618, 0x00000007b3f76800, 0x00000007c0000000)
 Metaspace       used 102710K, committed 104128K, reserved 557056K
  class space    used 15603K, committed 16192K, reserved 425984K
}
Event: 28.071 GC heap before
{Heap before GC invocations=19 (full 4):
 def new generation   total 157824K, used 157309K [0x0000000780000000, 0x000000078ab40000, 0x00000007aaaa0000)
  eden space 140288K, 100% used [0x0000000780000000, 0x0000000788900000, 0x0000000788900000)
  from space 17536K,  97% used [0x0000000788900000, 0x000000078999f650, 0x0000000789a20000)
  to   space 17536K,   0% used [0x0000000789a20000, 0x0000000789a20000, 0x000000078ab40000)
 tenured generation   total 349568K, used 152409K [0x00000007aaaa0000, 0x00000007c0000000, 0x0000000800000000)
   the space 349568K,  43% used [0x00000007aaaa0000, 0x00000007b3f76618, 0x00000007b3f76800, 0x00000007c0000000)
 Metaspace       used 107471K, committed 108928K, reserved 557056K
  class space    used 16350K, committed 16960K, reserved 425984K
}

Dll operation events (13 events):
Event: 0.015 Loaded shared library /Library/Java/JavaVirtualMachines/zulu-17.jdk/Contents/Home/lib/libjava.dylib
Event: 0.067 Loaded shared library /Library/Java/JavaVirtualMachines/zulu-17.jdk/Contents/Home/lib/libzip.dylib
Event: 0.068 Loaded shared library /Library/Java/JavaVirtualMachines/zulu-17.jdk/Contents/Home/lib/libinstrument.dylib
Event: 0.071 Loaded shared library /Library/Java/JavaVirtualMachines/zulu-17.jdk/Contents/Home/lib/libnio.dylib
Event: 0.076 Loaded shared library /Library/Java/JavaVirtualMachines/zulu-17.jdk/Contents/Home/lib/libzip.dylib
Event: 0.152 Loaded shared library /Library/Java/JavaVirtualMachines/zulu-17.jdk/Contents/Home/lib/libjimage.dylib
Event: 0.182 Loaded shared library /Library/Java/JavaVirtualMachines/zulu-17.jdk/Contents/Home/lib/libverify.dylib
Event: 0.259 Loaded shared library /Library/Java/JavaVirtualMachines/zulu-17.jdk/Contents/Home/lib/libnet.dylib
Event: 0.268 Loaded shared library /Users/juanprogramador/.gradle/native/c067742578af261105cb4f569cf0c3c89f3d7b1fecec35dd04571415982c5e48/osx-amd64/libnative-platform.dylib
Event: 0.276 Loaded shared library /Users/juanprogramador/.gradle/native/38dada09dfb8b06ba9b0570ebf7e218e3eb74d4ef43ca46872605cf95ebc2f47/osx-amd64/libnative-platform-file-events.dylib
Event: 0.733 Loaded shared library /Library/Java/JavaVirtualMachines/zulu-17.jdk/Contents/Home/lib/libmanagement.dylib
Event: 0.734 Loaded shared library /Library/Java/JavaVirtualMachines/zulu-17.jdk/Contents/Home/lib/libmanagement_ext.dylib
Event: 0.827 Loaded shared library /Library/Java/JavaVirtualMachines/zulu-17.jdk/Contents/Home/lib/libextnet.dylib

Deoptimization events (18 events):
Event: 10.575 Thread 0x00007f7cb3b91e00 DEOPT PACKING pc=0x0000000116d93c62 sp=0x0000700007dc7160
Event: 10.575 Thread 0x00007f7cb3b91e00 DEOPT UNPACKING pc=0x0000000116157b2f sp=0x0000700007dc6650 mode 0
Event: 10.575 Thread 0x00007f7cb3b91e00 DEOPT PACKING pc=0x0000000116d8ff8c sp=0x0000700007dc7200
Event: 10.575 Thread 0x00007f7cb3b91e00 DEOPT UNPACKING pc=0x0000000116157b2f sp=0x0000700007dc66a8 mode 0
Event: 10.575 Thread 0x00007f7cb3b91e00 DEOPT PACKING pc=0x0000000116d911dc sp=0x0000700007dc72f0
Event: 10.575 Thread 0x00007f7cb3b91e00 DEOPT UNPACKING pc=0x0000000116157b2f sp=0x0000700007dc6848 mode 0
Event: 11.122 Thread 0x00007f7cb3b91e00 DEOPT PACKING pc=0x00000001162c1724 sp=0x0000700007dc2ae0
Event: 11.122 Thread 0x00007f7cb3b91e00 DEOPT UNPACKING pc=0x0000000116157b2f sp=0x0000700007dc1fc8 mode 0
Event: 11.213 Thread 0x00007f7cb3b91e00 DEOPT PACKING pc=0x0000000116486127 sp=0x0000700007dc5490
Event: 11.213 Thread 0x00007f7cb3b91e00 DEOPT UNPACKING pc=0x0000000116157b2f sp=0x0000700007dc49c8 mode 3
Event: 12.508 Thread 0x00007f7cb4822c00 DEOPT PACKING pc=0x0000000116bfb624 sp=0x000070000bfb6860
Event: 12.508 Thread 0x00007f7cb4822c00 DEOPT UNPACKING pc=0x0000000116157b2f sp=0x000070000bfb5dd8 mode 0
Event: 12.674 Thread 0x00007f7cb3cd2600 DEOPT PACKING pc=0x00000001171d16ac sp=0x000070000e31e400
Event: 12.674 Thread 0x00007f7cb3cd2600 DEOPT UNPACKING pc=0x0000000116157b2f sp=0x000070000e31d9e0 mode 0
Event: 25.695 Thread 0x00007f7cb3b91e00 DEOPT PACKING pc=0x00000001177034f4 sp=0x0000700007dc8840
Event: 25.695 Thread 0x00007f7cb3b91e00 DEOPT UNPACKING pc=0x0000000116157b2f sp=0x0000700007dc7da8 mode 0
Event: 25.695 Thread 0x00007f7cb3b91e00 DEOPT PACKING pc=0x00000001178aad9c sp=0x0000700007dc9320
Event: 25.695 Thread 0x00007f7cb3b91e00 DEOPT UNPACKING pc=0x0000000116157b2f sp=0x0000700007dc8850 mode 0

Classes loaded (20 events):
Event: 27.996 Loading class com/sun/org/apache/xerces/internal/util/ErrorHandlerWrapper
Event: 27.996 Loading class com/sun/org/apache/xerces/internal/xni/parser/XMLErrorHandler
Event: 27.996 Loading class com/sun/org/apache/xerces/internal/xni/parser/XMLErrorHandler done
Event: 27.996 Loading class com/sun/org/apache/xerces/internal/util/ErrorHandlerWrapper done
Event: 27.997 Loading class com/sun/org/apache/xerces/internal/parsers/AbstractSAXParser$LocatorProxy
Event: 27.997 Loading class org/xml/sax/ext/Locator2
Event: 27.997 Loading class org/xml/sax/ext/Locator2 done
Event: 27.997 Loading class com/sun/org/apache/xerces/internal/parsers/AbstractSAXParser$LocatorProxy done
Event: 27.999 Loading class org/xml/sax/helpers/AttributesImpl
Event: 27.999 Loading class org/xml/sax/helpers/AttributesImpl done
Event: 27.999 Loading class java/util/regex/Pattern$Behind
Event: 27.999 Loading class java/util/regex/Pattern$Behind done
Event: 27.999 Loading class java/util/regex/Pattern$Neg
Event: 27.999 Loading class java/util/regex/Pattern$Neg done
Event: 28.004 Loading class javax/xml/datatype/DatatypeConfigurationException
Event: 28.004 Loading class javax/xml/datatype/DatatypeConfigurationException done
Event: 28.005 Loading class jdk/internal/reflect/UnsafeBooleanFieldAccessorImpl
Event: 28.005 Loading class jdk/internal/reflect/UnsafeBooleanFieldAccessorImpl done
Event: 28.005 Loading class jdk/internal/reflect/UnsafeIntegerFieldAccessorImpl
Event: 28.005 Loading class jdk/internal/reflect/UnsafeIntegerFieldAccessorImpl done

Classes unloaded (20 events):
Event: 22.104 Thread 0x00007f7cb1f15090 Unloading class 0x000000011bea33f8 '_BuildScript_$_run_closure2$_closure5'
Event: 22.104 Thread 0x00007f7cb1f15090 Unloading class 0x000000011bea3000 '_BuildScript_$_run_closure2'
Event: 22.104 Thread 0x00007f7cb1f15090 Unloading class 0x000000011bea0400 '_BuildScript_$_run_closure1'
Event: 22.104 Thread 0x00007f7cb1f15090 Unloading class 0x000000011bea2800 '_BuildScript_'
Event: 22.104 Thread 0x00007f7cb1f15090 Unloading class 0x000000011bb7a3f8 '_BuildScript_$_run_closure3'
Event: 22.104 Thread 0x00007f7cb1f15090 Unloading class 0x000000011bb7a000 '_BuildScript_$_run_closure2$_closure6$_closure9'
Event: 22.104 Thread 0x00007f7cb1f15090 Unloading class 0x000000011bb79be8 '_BuildScript_$_run_closure2$_closure6$_closure8'
Event: 22.104 Thread 0x00007f7cb1f15090 Unloading class 0x000000011bb797f0 '_BuildScript_$_run_closure2$_closure6'
Event: 22.104 Thread 0x00007f7cb1f15090 Unloading class 0x000000011bb793f8 '_BuildScript_$_run_closure2$_closure5$_closure7'
Event: 22.104 Thread 0x00007f7cb1f15090 Unloading class 0x000000011bb79000 '_BuildScript_$_run_closure2$_closure5'
Event: 22.104 Thread 0x00007f7cb1f15090 Unloading class 0x000000011bb75c00 '_BuildScript_$_run_closure2$_closure4'
Event: 22.104 Thread 0x00007f7cb1f15090 Unloading class 0x000000011bb78940 '_BuildScript_$_run_closure2'
Event: 22.104 Thread 0x00007f7cb1f15090 Unloading class 0x000000011bb78548 '_BuildScript_$_run_closure1'
Event: 22.104 Thread 0x00007f7cb1f15090 Unloading class 0x000000011bb78000 '_BuildScript_'
Event: 22.104 Thread 0x00007f7cb1f15090 Unloading class 0x000000011bb74000 '_BuildScript_'
Event: 22.104 Thread 0x00007f7cb1f15090 Unloading class 0x000000011b9857f0 '_BuildScript_$_run_closure1$_closure4'
Event: 22.104 Thread 0x00007f7cb1f15090 Unloading class 0x000000011b9853f8 '_BuildScript_$_run_closure1$_closure3'
Event: 22.104 Thread 0x00007f7cb1f15090 Unloading class 0x000000011b985000 '_BuildScript_$_run_closure1$_closure2'
Event: 22.104 Thread 0x00007f7cb1f15090 Unloading class 0x000000011b984c00 '_BuildScript_$_run_closure1'
Event: 22.104 Thread 0x00007f7cb1f15090 Unloading class 0x000000011b984000 '_BuildScript_'

Classes redefined (0 events):
No events

Internal exceptions (20 events):
Event: 26.666 Thread 0x00007f7cb3b91e00 Exception <a 'java/lang/ClassNotFoundException'{0x0000000781fed888}: org/gradle/api/internal/artifacts/dependencies/DefaultDependencyConstraint_DecoratedCustomizer> (0x0000000781fed888) 
thrown [src/hotspot/share/classfile/systemDictionary.cpp, line 259]
Event: 26.730 Thread 0x00007f7cb3b91e00 Exception <a 'java/lang/NoSuchMethodError'{0x00000007825623b8}: 'int java.lang.invoke.DirectMethodHandle$Holder.invokeStatic(java.lang.Object, java.lang.Object, int)'> (0x00000007825623b8) 
thrown [src/hotspot/share/interpreter/linkResolver.cpp, line 759]
Event: 26.730 Thread 0x00007f7cb3b91e00 Exception <a 'java/lang/NoSuchMethodError'{0x00000007825671b0}: 'int java.lang.invoke.DirectMethodHandle$Holder.invokeSpecial(java.lang.Object, java.lang.Object, java.lang.Object, int)'> (0x00000007825671b0) 
thrown [src/hotspot/share/interpreter/linkResolver.cpp, line 759]
Event: 26.903 Thread 0x00007f7cb3b91e00 Exception <a 'java/lang/ClassNotFoundException'{0x0000000783a35620}: build_bettn77571kjqii05kx36pvh8BeanInfo> (0x0000000783a35620) 
thrown [src/hotspot/share/classfile/systemDictionary.cpp, line 259]
Event: 26.903 Thread 0x00007f7cb3b91e00 Exception <a 'java/lang/ClassNotFoundException'{0x0000000783a3c430}: build_bettn77571kjqii05kx36pvh8Customizer> (0x0000000783a3c430) 
thrown [src/hotspot/share/classfile/systemDictionary.cpp, line 259]
Event: 27.161 Thread 0x00007f7cb3b91e00 Exception <a 'java/lang/ClassNotFoundException'{0x0000000787a01048}: build_bettn77571kjqii05kx36pvh8BeanInfo> (0x0000000787a01048) 
thrown [src/hotspot/share/classfile/systemDictionary.cpp, line 259]
Event: 27.161 Thread 0x00007f7cb3b91e00 Exception <a 'java/lang/ClassNotFoundException'{0x0000000787a07df8}: build_bettn77571kjqii05kx36pvh8Customizer> (0x0000000787a07df8) 
thrown [src/hotspot/share/classfile/systemDictionary.cpp, line 259]
Event: 27.171 Thread 0x00007f7cb3b91e00 Exception <a 'java/lang/ClassNotFoundException'{0x0000000787bdd678}: build_bettn77571kjqii05kx36pvh8$_run_closure1BeanInfo> (0x0000000787bdd678) 
thrown [src/hotspot/share/classfile/systemDictionary.cpp, line 259]
Event: 27.171 Thread 0x00007f7cb3b91e00 Exception <a 'java/lang/ClassNotFoundException'{0x0000000787bea0e8}: build_bettn77571kjqii05kx36pvh8$_run_closure1Customizer> (0x0000000787bea0e8) 
thrown [src/hotspot/share/classfile/systemDictionary.cpp, line 259]
Event: 27.194 Thread 0x00007f7cb3b91e00 Exception <a 'java/lang/ClassNotFoundException'{0x0000000787f52540}: build_92w8bxja5v07jbb3nkw48mt6jBeanInfo> (0x0000000787f52540) 
thrown [src/hotspot/share/classfile/systemDictionary.cpp, line 259]
Event: 27.194 Thread 0x00007f7cb3b91e00 Exception <a 'java/lang/ClassNotFoundException'{0x0000000787f59350}: build_92w8bxja5v07jbb3nkw48mt6jCustomizer> (0x0000000787f59350) 
thrown [src/hotspot/share/classfile/systemDictionary.cpp, line 259]
Event: 27.198 Thread 0x00007f7cb3b91e00 Exception <a 'java/lang/ClassNotFoundException'{0x0000000787fc22f8}: build_92w8bxja5v07jbb3nkw48mt6j$_run_closure1BeanInfo> (0x0000000787fc22f8) 
thrown [src/hotspot/share/classfile/systemDictionary.cpp, line 259]
Event: 27.198 Thread 0x00007f7cb3b91e00 Exception <a 'java/lang/ClassNotFoundException'{0x0000000787fc9248}: build_92w8bxja5v07jbb3nkw48mt6j$_run_closure1Customizer> (0x0000000787fc9248) 
thrown [src/hotspot/share/classfile/systemDictionary.cpp, line 259]
Event: 27.388 Thread 0x00007f7cb3b91e00 Exception <a 'java/lang/ClassNotFoundException'{0x00000007835c1a30}: build_92w8bxja5v07jbb3nkw48mt6jBeanInfo> (0x00000007835c1a30) 
thrown [src/hotspot/share/classfile/systemDictionary.cpp, line 259]
Event: 27.388 Thread 0x00007f7cb3b91e00 Exception <a 'java/lang/ClassNotFoundException'{0x00000007835c87e0}: build_92w8bxja5v07jbb3nkw48mt6jCustomizer> (0x00000007835c87e0) 
thrown [src/hotspot/share/classfile/systemDictionary.cpp, line 259]
Event: 27.411 Thread 0x00007f7cb3b91e00 Exception <a 'java/lang/ClassNotFoundException'{0x00000007839da030}: com/android/build/gradle/internal/api/DefaultAndroidSourceFileBeanInfo> (0x00000007839da030) 
thrown [src/hotspot/share/classfile/systemDictionary.cpp, line 259]
Event: 27.412 Thread 0x00007f7cb3b91e00 Exception <a 'java/lang/ClassNotFoundException'{0x00000007839ebbf8}: com/android/build/gradle/internal/api/DefaultAndroidSourceFileCustomizer> (0x00000007839ebbf8) 
thrown [src/hotspot/share/classfile/systemDictionary.cpp, line 259]
Event: 27.413 Thread 0x00007f7cb3b91e00 Exception <a 'java/lang/ClassNotFoundException'{0x0000000783a2a468}: build_92w8bxja5v07jbb3nkw48mt6j$_run_closure1BeanInfo> (0x0000000783a2a468) 
thrown [src/hotspot/share/classfile/systemDictionary.cpp, line 259]
Event: 27.413 Thread 0x00007f7cb3b91e00 Exception <a 'java/lang/ClassNotFoundException'{0x0000000783a33cb0}: build_92w8bxja5v07jbb3nkw48mt6j$_run_closure1Customizer> (0x0000000783a33cb0) 
thrown [src/hotspot/share/classfile/systemDictionary.cpp, line 259]
Event: 27.822 Thread 0x00007f7cb3b91e00 Exception <a 'java/lang/NullPointerException'{0x0000000786d20bc8}> (0x0000000786d20bc8) 
thrown [src/hotspot/share/interpreter/linkResolver.cpp, line 1433]

VM Operations (20 events):
Event: 25.488 Executing VM operation: GenCollectForAllocation done
Event: 25.677 Executing VM operation: HandshakeAllThreads
Event: 25.677 Executing VM operation: HandshakeAllThreads done
Event: 25.677 Executing VM operation: HandshakeAllThreads
Event: 25.677 Executing VM operation: HandshakeAllThreads done
Event: 26.109 Executing VM operation: ICBufferFull
Event: 26.109 Executing VM operation: ICBufferFull done
Event: 26.114 Executing VM operation: GenCollectForAllocation
Event: 26.163 Executing VM operation: GenCollectForAllocation done
Event: 26.510 Executing VM operation: GenCollectForAllocation
Event: 26.543 Executing VM operation: GenCollectForAllocation done
Event: 26.741 Executing VM operation: HandshakeAllThreads
Event: 26.741 Executing VM operation: HandshakeAllThreads done
Event: 27.222 Executing VM operation: ICBufferFull
Event: 27.222 Executing VM operation: ICBufferFull done
Event: 27.237 Executing VM operation: GenCollectForAllocation
Event: 27.271 Executing VM operation: GenCollectForAllocation done
Event: 27.679 Executing VM operation: ICBufferFull
Event: 27.679 Executing VM operation: ICBufferFull done
Event: 28.071 Executing VM operation: GenCollectForAllocation

Memory protections (20 events):
Event: 26.968 Protecting memory [0x00007000124e8000,0x00007000124ec000] with protection modes 0
Event: 26.968 Protecting memory [0x00007000125eb000,0x00007000125ef000] with protection modes 0
Event: 26.968 Protecting memory [0x00007000126ee000,0x00007000126f2000] with protection modes 0
Event: 27.217 Protecting memory [0x00007000127f1000,0x00007000127f5000] with protection modes 0
Event: 27.217 Protecting memory [0x00007000128f4000,0x00007000128f8000] with protection modes 0
Event: 27.217 Protecting memory [0x00007000129f7000,0x00007000129fb000] with protection modes 0
Event: 27.217 Protecting memory [0x0000700012afa000,0x0000700012afe000] with protection modes 0
Event: 27.217 Protecting memory [0x0000700012bfd000,0x0000700012c01000] with protection modes 0
Event: 27.217 Protecting memory [0x0000700012d00000,0x0000700012d04000] with protection modes 0
Event: 27.218 Protecting memory [0x0000700012e03000,0x0000700012e07000] with protection modes 0
Event: 27.218 Protecting memory [0x0000700012f06000,0x0000700012f0a000] with protection modes 0
Event: 27.218 Protecting memory [0x0000700013009000,0x000070001300d000] with protection modes 0
Event: 27.218 Protecting memory [0x000070001310c000,0x0000700013110000] with protection modes 0
Event: 27.218 Protecting memory [0x000070001320f000,0x0000700013213000] with protection modes 0
Event: 27.218 Protecting memory [0x0000700013312000,0x0000700013316000] with protection modes 0
Event: 27.218 Protecting memory [0x0000700013415000,0x0000700013419000] with protection modes 0
Event: 27.219 Protecting memory [0x0000700013518000,0x000070001351c000] with protection modes 0
Event: 27.219 Protecting memory [0x000070001361b000,0x000070001361f000] with protection modes 0
Event: 27.565 Protecting memory [0x000070001371e000,0x0000700013722000] with protection modes 0
Event: 27.570 Protecting memory [0x0000700013821000,0x0000700013825000] with protection modes 0

Nmethod flushes (20 events):
Event: 25.685 Thread 0x00007f7cb4008200 flushing  nmethod 0x0000000117136910
Event: 25.685 Thread 0x00007f7cb4008200 flushing  nmethod 0x0000000117138010
Event: 25.685 Thread 0x00007f7cb4008200 flushing  nmethod 0x0000000117144290
Event: 25.685 Thread 0x00007f7cb4008200 flushing  nmethod 0x000000011715b010
Event: 25.685 Thread 0x00007f7cb4008200 flushing  nmethod 0x0000000117174910
Event: 25.685 Thread 0x00007f7cb4008200 flushing  nmethod 0x00000001171aa310
Event: 25.685 Thread 0x00007f7cb4008200 flushing  nmethod 0x00000001171ac310
Event: 25.686 Thread 0x00007f7cb4008200 flushing  nmethod 0x00000001171b1090
Event: 25.686 Thread 0x00007f7cb4008200 flushing  nmethod 0x00000001171cf110
Event: 25.686 Thread 0x00007f7cb4008200 flushing  nmethod 0x00000001171d9f90
Event: 25.686 Thread 0x00007f7cb4008200 flushing  nmethod 0x0000000117204610
Event: 25.686 Thread 0x00007f7cb4008200 flushing  nmethod 0x0000000117206110
Event: 25.686 Thread 0x00007f7cb4008200 flushing  nmethod 0x0000000117225190
Event: 25.686 Thread 0x00007f7cb4008200 flushing  nmethod 0x0000000117227790
Event: 25.686 Thread 0x00007f7cb4008200 flushing  nmethod 0x0000000117228c10
Event: 25.686 Thread 0x00007f7cb4008200 flushing  nmethod 0x0000000117230e90
Event: 25.686 Thread 0x00007f7cb4008200 flushing  nmethod 0x0000000117234210
Event: 25.686 Thread 0x00007f7cb4008200 flushing  nmethod 0x0000000117284c10
Event: 25.688 Thread 0x00007f7cb4008200 flushing  nmethod 0x00000001175b4d10
Event: 25.688 Thread 0x00007f7cb4008200 flushing  nmethod 0x00000001176b3d90

Events (20 events):
Event: 26.968 Thread 0x00007f7cb3b91e00 Thread added: 0x00007f7c92a0f800
Event: 26.968 Thread 0x00007f7cb3b91e00 Thread added: 0x00007f7cb3303c00
Event: 26.968 Thread 0x00007f7cb3b91e00 Thread added: 0x00007f7cb3554a00
Event: 27.217 Thread 0x00007f7cb3b91e00 Thread added: 0x00007f7cb2161400
Event: 27.217 Thread 0x00007f7cb3b91e00 Thread added: 0x00007f7cb45ac600
Event: 27.217 Thread 0x00007f7cb3b91e00 Thread added: 0x00007f7cb4446c00
Event: 27.217 Thread 0x00007f7cb3b91e00 Thread added: 0x00007f7cb45acc00
Event: 27.217 Thread 0x00007f7cb3b91e00 Thread added: 0x00007f7cb364bc00
Event: 27.217 Thread 0x00007f7cb3b91e00 Thread added: 0x00007f7cb354f800
Event: 27.218 Thread 0x00007f7cb3b91e00 Thread added: 0x00007f7cb3554400
Event: 27.218 Thread 0x00007f7cb3b91e00 Thread added: 0x00007f7c66828c00
Event: 27.218 Thread 0x00007f7cb3b91e00 Thread added: 0x00007f7cb540d800
Event: 27.218 Thread 0x00007f7cb3b91e00 Thread added: 0x00007f7cb540d000
Event: 27.218 Thread 0x00007f7cb3b91e00 Thread added: 0x00007f7cb540de00
Event: 27.218 Thread 0x00007f7cb3b91e00 Thread added: 0x00007f7c66829200
Event: 27.218 Thread 0x00007f7cb3b91e00 Thread added: 0x00007f7cb46ffc00
Event: 27.219 Thread 0x00007f7cb3b91e00 Thread added: 0x00007f7cb4b63a00
Event: 27.219 Thread 0x00007f7cb3b91e00 Thread added: 0x00007f7cb3464600
Event: 27.565 Thread 0x00007f7cb519be00 Thread added: 0x00007f7c6682a000
Event: 27.569 Thread 0x00007f7cb519be00 Thread added: 0x00007f7cb4700c00


Dynamic libraries:
0x0000000103d78000 	/Library/Java/JavaVirtualMachines/zulu-17.jdk/Contents/Home/lib/libjli.dylib
0x00007ff82ae89000 	/usr/lib/libz.1.dylib
0x00007ff82af75000 	/usr/lib/libSystem.B.dylib
0x00007ff82af6f000 	/usr/lib/system/libcache.dylib
0x00007ff82af27000 	/usr/lib/system/libcommonCrypto.dylib
0x00007ff82af51000 	/usr/lib/system/libcompiler_rt.dylib
0x00007ff82af45000 	/usr/lib/system/libcopyfile.dylib
0x00007ff81b1e4000 	/usr/lib/system/libcorecrypto.dylib
0x00007ff81b2f0000 	/usr/lib/system/libdispatch.dylib
0x00007ff81b09f000 	/usr/lib/system/libdyld.dylib
0x00007ff82af65000 	/usr/lib/system/libkeymgr.dylib
0x00007ff82af0c000 	/usr/lib/system/libmacho.dylib
0x00007ff82a0f4000 	/usr/lib/system/libquarantine.dylib
0x00007ff82af62000 	/usr/lib/system/libremovefile.dylib
0x00007ff821780000 	/usr/lib/system/libsystem_asl.dylib
0x00007ff81b16d000 	/usr/lib/system/libsystem_blocks.dylib
0x00007ff81b33b000 	/usr/lib/system/libsystem_c.dylib
0x00007ff82af59000 	/usr/lib/system/libsystem_collections.dylib
0x00007ff828a8a000 	/usr/lib/system/libsystem_configuration.dylib
0x00007ff82761d000 	/usr/lib/system/libsystem_containermanager.dylib
0x00007ff82a9f2000 	/usr/lib/system/libsystem_coreservices.dylib
0x00007ff81eebd000 	/usr/lib/system/libsystem_darwin.dylib
0x00007ffe19aec000 	/usr/lib/system/libsystem_darwindirectory.dylib
0x00007ff82af66000 	/usr/lib/system/libsystem_dnssd.dylib
0x00007ffe19af1000 	/usr/lib/system/libsystem_eligibility.dylib
0x00007ff81b338000 	/usr/lib/system/libsystem_featureflags.dylib
0x00007ff81b4bd000 	/usr/lib/system/libsystem_info.dylib
0x00007ff82ae9d000 	/usr/lib/system/libsystem_m.dylib
0x00007ff81b2a3000 	/usr/lib/system/libsystem_malloc.dylib
0x00007ff8216ea000 	/usr/lib/system/libsystem_networkextension.dylib
0x00007ff81f304000 	/usr/lib/system/libsystem_notify.dylib
0x00007ff828a8e000 	/usr/lib/system/libsystem_sandbox.dylib
0x00007ffe19af9000 	/usr/lib/system/libsystem_sanitizers.dylib
0x00007ff82af5e000 	/usr/lib/system/libsystem_secinit.dylib
0x00007ff81b468000 	/usr/lib/system/libsystem_kernel.dylib
0x00007ff81b4b3000 	/usr/lib/system/libsystem_platform.dylib
0x00007ff81b4a6000 	/usr/lib/system/libsystem_pthread.dylib
0x00007ff82354d000 	/usr/lib/system/libsystem_symptoms.dylib
0x00007ff81b1c4000 	/usr/lib/system/libsystem_trace.dylib
0x00007ffe19b02000 	/usr/lib/system/libsystem_trial.dylib
0x00007ff82af34000 	/usr/lib/system/libunwind.dylib
0x00007ff81b171000 	/usr/lib/system/libxpc.dylib
0x00007ff81b059000 	/usr/lib/libobjc.A.dylib
0x00007ff81b4ec000 	/System/Library/Frameworks/CoreFoundation.framework/Versions/A/CoreFoundation
0x00007ff82ebe6000 	/usr/lib/swift/libswiftCore.dylib
0x00007ff81b450000 	/usr/lib/libc++abi.dylib
0x00007ffd38152000 	/usr/lib/libRosetta.dylib
0x00007ff81b3c5000 	/usr/lib/libc++.1.dylib
0x00007ff81c77b000 	/System/Library/Frameworks/Foundation.framework/Versions/C/Foundation
0x00007ff838656000 	/usr/lib/swift/libswiftObjectiveC.dylib
0x00007ffe19398000 	/usr/lib/libswiftPrespecialized.dylib
0x00007ff81c406000 	/System/Library/Frameworks/SystemConfiguration.framework/Versions/A/SystemConfiguration
0x00007ff8259e9000 	/System/Library/PrivateFrameworks/CoreAutoLayout.framework/Versions/A/CoreAutoLayout
0x00007ff82af77000 	/usr/lib/libfakelink.dylib
0x00007ff82b171000 	/usr/lib/libcompression.dylib
0x00007ff821355000 	/System/Library/Frameworks/CFNetwork.framework/Versions/A/CFNetwork
0x00007ff824b98000 	/System/Library/Frameworks/DiskArbitration.framework/Versions/A/DiskArbitration
0x00007ff82afc8000 	/usr/lib/libarchive.2.dylib
0x00007ff824aaa000 	/usr/lib/libDiagnosticMessagesClient.dylib
0x00007ff81ec11000 	/usr/lib/libicucore.A.dylib
0x00007ff825a33000 	/usr/lib/libxml2.2.dylib
0x00007ff8338d3000 	/System/Library/Frameworks/CoreServices.framework/Versions/A/CoreServices
0x00007ff828a9b000 	/usr/lib/liblangid.dylib
0x00007ff81f238000 	/System/Library/Frameworks/IOKit.framework/Versions/A/IOKit
0x00007ff8313a5000 	/System/Library/Frameworks/Combine.framework/Versions/A/Combine
0x00007ffb37d72000 	/System/Library/PrivateFrameworks/CollectionsInternal.framework/Versions/A/CollectionsInternal
0x00007ffd1c7cc000 	/System/Library/PrivateFrameworks/ReflectionInternal.framework/Versions/A/ReflectionInternal
0x00007ffd1d50d000 	/System/Library/PrivateFrameworks/RuntimeInternal.framework/Versions/A/RuntimeInternal
0x00007ff82af7a000 	/System/Library/PrivateFrameworks/SoftLinking.framework/Versions/A/SoftLinking
0x00007ff925f8e000 	/usr/lib/swift/libswiftCoreFoundation.dylib
0x00007ff92316b000 	/usr/lib/swift/libswiftDarwin.dylib
0x00007ff83589d000 	/usr/lib/swift/libswiftDispatch.dylib
0x00007ff925fdc000 	/usr/lib/swift/libswiftIOKit.dylib
0x00007ffe19781000 	/usr/lib/swift/libswiftSystem.dylib
0x00007ff925f9e000 	/usr/lib/swift/libswiftXPC.dylib
0x00007ffe197af000 	/usr/lib/swift/libswift_Builtin_float.dylib
0x00007ffe197b2000 	/usr/lib/swift/libswift_Concurrency.dylib
0x00007ffe1981f000 	/usr/lib/swift/libswift_DarwinFoundation1.dylib
0x00007ffe19906000 	/usr/lib/swift/libswift_StringProcessing.dylib
0x00007ff83865a000 	/usr/lib/swift/libswiftos.dylib
0x00007ff81f1b7000 	/System/Library/PrivateFrameworks/CoreServicesInternal.framework/Versions/A/CoreServicesInternal
0x00007ff82af3d000 	/usr/lib/liboah.dylib
0x00007ff81e813000 	/System/Library/Frameworks/Security.framework/Versions/A/Security
0x00007ff837b94000 	/System/Library/PrivateFrameworks/DiskImages.framework/Versions/A/DiskImages
0x00007ff922c2f000 	/System/Library/Frameworks/NetFS.framework/Versions/A/NetFS
0x00007ff8259b1000 	/System/Library/Frameworks/CoreServices.framework/Versions/A/Frameworks/FSEvents.framework/Versions/A/FSEvents
0x00007ff81eec8000 	/System/Library/Frameworks/CoreServices.framework/Versions/A/Frameworks/CarbonCore.framework/Versions/A/CarbonCore
0x00007ff824b0e000 	/System/Library/Frameworks/CoreServices.framework/Versions/A/Frameworks/Metadata.framework/Versions/A/Metadata
0x00007ff82a9f9000 	/System/Library/Frameworks/CoreServices.framework/Versions/A/Frameworks/OSServices.framework/Versions/A/OSServices
0x00007ff82b0a3000 	/System/Library/Frameworks/CoreServices.framework/Versions/A/Frameworks/SearchKit.framework/Versions/A/SearchKit
0x00007ff8234cb000 	/System/Library/Frameworks/CoreServices.framework/Versions/A/Frameworks/AE.framework/Versions/A/AE
0x00007ff81b9a8000 	/System/Library/Frameworks/CoreServices.framework/Versions/A/Frameworks/LaunchServices.framework/Versions/A/LaunchServices
0x00007ff82c6ba000 	/System/Library/Frameworks/CoreServices.framework/Versions/A/Frameworks/DictionaryServices.framework/Versions/A/DictionaryServices
0x00007ff8259bf000 	/System/Library/Frameworks/CoreServices.framework/Versions/A/Frameworks/SharedFileList.framework/Versions/A/SharedFileList
0x00007ff82b125000 	/usr/lib/libapple_nghttp2.dylib
0x00007ff8230dc000 	/usr/lib/libsqlite3.dylib
0x00007ff837dcd000 	/System/Library/PrivateFrameworks/AppSupport.framework/Versions/A/AppSupport
0x00007ff824a7c000 	/System/Library/PrivateFrameworks/CoreAnalytics.framework/Versions/A/CoreAnalytics
0x00007ff821cfa000 	/System/Library/Frameworks/CoreGraphics.framework/Versions/A/CoreGraphics
0x00007ff82f848000 	/System/Library/Frameworks/GSS.framework/Versions/A/GSS
0x00007ff82dcda000 	/System/Library/PrivateFrameworks/InternationalSupport.framework/Versions/A/InternationalSupport
0x00007ff823463000 	/System/Library/PrivateFrameworks/RunningBoardServices.framework/Versions/A/RunningBoardServices
0x00007ff8385e3000 	/System/Library/PrivateFrameworks/StreamingZip.framework/Versions/A/StreamingZip
0x00007ff821704000 	/usr/lib/libenergytrace.dylib
0x00007ff823555000 	/System/Library/Frameworks/Network.framework/Versions/A/Network
0x00007ff82a119000 	/usr/lib/libbsm.0.dylib
0x00007ff82af10000 	/usr/lib/system/libkxld.dylib
0x00007ffb33b8b000 	/System/Library/PrivateFrameworks/AppleKeyStore.framework/Versions/A/AppleKeyStore
0x00007ffd37eaa000 	/usr/lib/libCoreEntitlements.dylib
0x00007ffc330af000 	/System/Library/PrivateFrameworks/MessageSecurity.framework/Versions/A/MessageSecurity
0x00007ff8230c0000 	/System/Library/PrivateFrameworks/ProtocolBuffer.framework/Versions/A/ProtocolBuffer
0x00007ff834953000 	/System/Library/PrivateFrameworks/SymptomDiagnosticReporter.framework/Versions/A/SymptomDiagnosticReporter
0x00007ff82c9f9000 	/System/Library/PrivateFrameworks/CrashReporterSupport.framework/Versions/A/CrashReporterSupport
0x00007ff821705000 	/usr/lib/libMobileGestalt.dylib
0x00007ff82a9d8000 	/System/Library/PrivateFrameworks/AppleFSCompression.framework/Versions/A/AppleFSCompression
0x00007ff82a101000 	/usr/lib/libcoretls.dylib
0x00007ff82c729000 	/usr/lib/libcoretls_cfhelpers.dylib
0x00007ff82b16b000 	/usr/lib/libpam.2.dylib
0x00007ff82c7a2000 	/usr/lib/libxar.1.dylib
0x00007ff82c72b000 	/System/Library/PrivateFrameworks/APFS.framework/Versions/A/APFS
0x00007ffd26df5000 	/System/Library/PrivateFrameworks/SwiftASN1Internal.framework/Versions/A/SwiftASN1Internal
0x00007ff82c7b0000 	/usr/lib/libutil.dylib
0x00007ff828a96000 	/System/Library/PrivateFrameworks/AppleSystemInfo.framework/Versions/A/AppleSystemInfo
0x00007ff829e02000 	/System/Library/PrivateFrameworks/IOMobileFramebuffer.framework/Versions/A/IOMobileFramebuffer
0x00007ff827654000 	/System/Library/Frameworks/IOSurface.framework/Versions/A/IOSurface
0x00007ff925e5a000 	/System/Library/PrivateFrameworks/LoggingSupport.framework/Versions/A/LoggingSupport
0x00007ff82f8a0000 	/System/Library/PrivateFrameworks/MobileAsset.framework/Versions/A/MobileAsset
0x00007ff834962000 	/System/Library/PrivateFrameworks/PowerLog.framework/Versions/A/PowerLog
0x00007ffb2d84b000 	/System/Library/Frameworks/SwiftData.framework/Versions/A/SwiftData
0x00007ff820d4f000 	/System/Library/Frameworks/UniformTypeIdentifiers.framework/Versions/A/UniformTypeIdentifiers
0x00007ff825bc9000 	/System/Library/PrivateFrameworks/UserManagement.framework/Versions/A/UserManagement
0x00007ff821278000 	/usr/lib/libboringssl.dylib
0x00007ff82353c000 	/usr/lib/libdns_services.dylib
0x00007ff924ed7000 	/usr/lib/libquic.dylib
0x00007ff82eb70000 	/usr/lib/libusrtcp.dylib
0x00007ffb348bf000 	/System/Library/PrivateFrameworks/AtomicsInternal.framework/Versions/A/AtomicsInternal
0x00007ffa2b914000 	/System/Library/PrivateFrameworks/InternalSwiftProtobuf.framework/Versions/A/InternalSwiftProtobuf
0x00007ffe195ec000 	/usr/lib/swift/libswiftDistributed.dylib
0x00007ffe19612000 	/usr/lib/swift/libswiftObservation.dylib
0x00007ffe19779000 	/usr/lib/swift/libswiftSynchronization.dylib
0x00007ff828a95000 	/System/Library/PrivateFrameworks/AggregateDictionary.framework/Versions/A/AggregateDictionary
0x00007ffb34f37000 	/System/Library/PrivateFrameworks/BiomeLibrary.framework/Versions/A/BiomeLibrary
0x00007ff934de2000 	/System/Library/PrivateFrameworks/BiomeStreams.framework/Versions/A/BiomeStreams
0x00007ff930d17000 	/System/Library/PrivateFrameworks/BiomeFoundation.framework/Versions/A/BiomeFoundation
0x00007ffa1b2ca000 	/System/Library/PrivateFrameworks/BiomePubSub.framework/Versions/A/BiomePubSub
0x00007ff822c36000 	/System/Library/Frameworks/CoreData.framework/Versions/A/CoreData
0x00007ff8396e0000 	/System/Library/PrivateFrameworks/ProactiveSupport.framework/Versions/A/ProactiveSupport
0x00007ff82c709000 	/usr/lib/liblzma.5.dylib
0x00007ff833b46000 	/System/Library/Frameworks/Accelerate.framework/Versions/A/Accelerate
0x00007ff82a008000 	/System/Library/PrivateFrameworks/MobileKeyBag.framework/Versions/A/MobileKeyBag
0x00007ff8380da000 	/System/Library/PrivateFrameworks/InternationalTextSearch.framework/Versions/A/InternationalTextSearch
0x00007ff92d53a000 	/System/Library/PrivateFrameworks/SoftwareUpdateCoreSupport.framework/Versions/A/SoftwareUpdateCoreSupport
0x00007ff935762000 	/System/Library/PrivateFrameworks/SoftwareUpdateCoreConnect.framework/Versions/A/SoftwareUpdateCoreConnect
0x00007ff837c7d000 	/System/Library/PrivateFrameworks/RemoteServiceDiscovery.framework/Versions/A/RemoteServiceDiscovery
0x00007ff92d11d000 	/System/Library/PrivateFrameworks/MSUDataAccessor.framework/Versions/A/MSUDataAccessor
0x00007ff928154000 	/usr/lib/libbootpolicy.dylib
0x00007ff837c94000 	/System/Library/PrivateFrameworks/RemoteXPC.framework/Versions/A/RemoteXPC
0x00007ff934c92000 	/usr/lib/libFDR.dylib
0x00007ffa1af25000 	/usr/lib/libamsupport.dylib
0x00007ffb3342a000 	/System/Library/PrivateFrameworks/AppleDeviceQuerySupport.framework/Versions/A/AppleDeviceQuerySupport
0x00007ffa1df96000 	/usr/lib/libpartition2_dynamic.dylib
0x00007ff82b103000 	/System/Library/PrivateFrameworks/AppleSauce.framework/Versions/A/AppleSauce
0x00007ffd37d2a000 	/usr/lib/libAppleArchive.dylib
0x00007ff82a9e3000 	/usr/lib/libbz2.1.0.dylib
0x00007ff824ba0000 	/System/Library/Frameworks/Accelerate.framework/Versions/A/Frameworks/vImage.framework/Versions/A/vImage
0x00007ff8338a9000 	/System/Library/Frameworks/Accelerate.framework/Versions/A/Frameworks/vecLib.framework/Versions/A/vecLib
0x00007ff82c7e5000 	/System/Library/Frameworks/Accelerate.framework/Versions/A/Frameworks/vecLib.framework/Versions/A/libvMisc.dylib
0x00007ff81bebb000 	/System/Library/Frameworks/Accelerate.framework/Versions/A/Frameworks/vecLib.framework/Versions/A/libBLAS.dylib
0x00007ff8380d9000 	/System/Library/Frameworks/ApplicationServices.framework/Versions/A/ApplicationServices
0x00007ff825b14000 	/System/Library/Frameworks/CoreVideo.framework/Versions/A/CoreVideo
0x00007ff822616000 	/System/Library/Frameworks/ColorSync.framework/Versions/A/ColorSync
0x00007ff81de25000 	/System/Library/Frameworks/CoreText.framework/Versions/A/CoreText
0x00007ff828135000 	/System/Library/Frameworks/ImageIO.framework/Versions/A/ImageIO
0x00007ff82f45a000 	/System/Library/Frameworks/ApplicationServices.framework/Versions/A/Frameworks/ATS.framework/Versions/A/ATS
0x00007ff8227c1000 	/System/Library/Frameworks/ApplicationServices.framework/Versions/A/Frameworks/HIServices.framework/Versions/A/HIServices
0x00007ff82dba9000 	/System/Library/Frameworks/ApplicationServices.framework/Versions/A/Frameworks/PrintCore.framework/Versions/A/PrintCore
0x00007ff82f812000 	/System/Library/Frameworks/ApplicationServices.framework/Versions/A/Frameworks/QD.framework/Versions/A/QD
0x00007ff82f80e000 	/System/Library/Frameworks/ApplicationServices.framework/Versions/A/Frameworks/ColorSyncLegacy.framework/Versions/A/ColorSyncLegacy
0x00007ff82f430000 	/System/Library/Frameworks/ApplicationServices.framework/Versions/A/Frameworks/SpeechSynthesis.framework/Versions/A/SpeechSynthesis
0x00007ff8217ba000 	/System/Library/PrivateFrameworks/SkyLight.framework/Versions/A/SkyLight
0x00007ff827b39000 	/System/Library/PrivateFrameworks/FontServices.framework/libFontParser.dylib
0x00007ff823371000 	/System/Library/PrivateFrameworks/BaseBoard.framework/Versions/A/BaseBoard
0x00007ff835be5000 	/System/Library/PrivateFrameworks/BoardServices.framework/Versions/A/BoardServices
0x00007ff8379b4000 	/System/Library/PrivateFrameworks/BackBoardServices.framework/Versions/A/BackBoardServices
0x00007ffb34e5c000 	/System/Library/PrivateFrameworks/BackBoardHIDEventFoundation.framework/Versions/A/BackBoardHIDEventFoundation
0x00007ff81d922000 	/System/Library/Frameworks/CoreDisplay.framework/Versions/A/CoreDisplay
0x00007ff82d3bc000 	/System/Library/Frameworks/VideoToolbox.framework/Versions/A/VideoToolbox
0x00007ff82b169000 	/System/Library/Frameworks/MetalPerformanceShaders.framework/Versions/A/MetalPerformanceShaders
0x00007ffd1ba3b000 	/System/Library/PrivateFrameworks/ProDisplayLibrary.framework/Versions/A/ProDisplayLibrary
0x00007ff919257000 	/System/Library/PrivateFrameworks/IOSurfaceAccelerator.framework/Versions/A/IOSurfaceAccelerator
0x00007ff827678000 	/System/Library/Frameworks/Metal.framework/Versions/A/Metal
0x00007ff82766f000 	/System/Library/PrivateFrameworks/IOAccelerator.framework/Versions/A/IOAccelerator
0x00007ff827994000 	/System/Library/Frameworks/CoreMedia.framework/Versions/A/CoreMedia
0x00007ff821798000 	/System/Library/PrivateFrameworks/TCC.framework/Versions/A/TCC
0x00007ff82d376000 	/System/Library/PrivateFrameworks/WatchdogClient.framework/Versions/A/WatchdogClient
0x00007ff82527b000 	/System/Library/Frameworks/QuartzCore.framework/Versions/A/QuartzCore
0x00007ff82d378000 	/System/Library/PrivateFrameworks/MultitouchSupport.framework/Versions/A/MultitouchSupport
0x00007ffa233ff000 	/usr/lib/swift/libswiftOSLog.dylib
0x00007ff929bb6000 	/usr/lib/swift/libswiftsimd.dylib
0x00007ffa1b32b000 	/System/Library/PrivateFrameworks/BiomeStorage.framework/Versions/A/BiomeStorage
0x00007ffc2e0a4000 	/System/Library/PrivateFrameworks/IntelligencePlatformLibrary.framework/Versions/A/IntelligencePlatformLibrary
0x00007ffd1ae9b000 	/System/Library/PrivateFrameworks/PoirotSchematizer.framework/Versions/A/PoirotSchematizer
0x00007ffb3588a000 	/System/Library/PrivateFrameworks/BiomeSync.framework/Versions/A/BiomeSync
0x00007ffb34f1e000 	/System/Library/PrivateFrameworks/BiomeDSL.framework/Versions/A/BiomeDSL
0x00007ffa32fa2000 	/System/Library/PrivateFrameworks/FeatureFlags.framework/Versions/A/FeatureFlags
0x00007ffd1af09000 	/System/Library/PrivateFrameworks/PoirotUDFs.framework/Versions/A/PoirotUDFs
0x00007ffd1ae70000 	/System/Library/PrivateFrameworks/PoirotSQLite.framework/Versions/A/PoirotSQLite
0x00007ff83611c000 	/System/Library/PrivateFrameworks/CoreTime.framework/Versions/A/CoreTime
0x00007ff82afb0000 	/usr/lib/libiconv.2.dylib
0x00007ff82af0b000 	/usr/lib/libcharset.1.dylib
0x00007ffe1985a000 	/usr/lib/swift/libswift_RegexParser.dylib
0x00007ffb36c8d000 	/System/Library/PrivateFrameworks/CascadeSets.framework/Versions/A/CascadeSets
0x00007ff82fa10000 	/System/Library/PrivateFrameworks/CorePhoneNumbers.framework/Versions/A/CorePhoneNumbers
0x00007ff82d23d000 	/System/Library/PrivateFrameworks/AppleJPEG.framework/Versions/A/AppleJPEG
0x00007ff82cc5a000 	/usr/lib/libexpat.1.dylib
0x00007ff82da6e000 	/System/Library/Frameworks/ImageIO.framework/Versions/A/Resources/libPng.dylib
0x00007ff82da9d000 	/System/Library/Frameworks/ImageIO.framework/Versions/A/Resources/libTIFF.dylib
0x00007ff82db92000 	/System/Library/Frameworks/ImageIO.framework/Versions/A/Resources/libGIF.dylib
0x00007ff82d289000 	/System/Library/Frameworks/ImageIO.framework/Versions/A/Resources/libJP2.dylib
0x00007ff82c95a000 	/usr/lib/libate.dylib
0x00007ff82db31000 	/System/Library/Frameworks/ImageIO.framework/Versions/A/Resources/libJPEG.dylib
0x00007ff82db28000 	/System/Library/Frameworks/ImageIO.framework/Versions/A/Resources/libRadiance.dylib
0x00007ffc2577e000 	/System/Library/PrivateFrameworks/GPUCompiler.framework/Versions/32023/Libraries/libllvm-flatbuffers.dylib
0x00007ffc1fee5000 	/System/Library/PrivateFrameworks/FramePacing.framework/Versions/A/FramePacing
0x00007ffb24030000 	/System/Library/Frameworks/OpenGL.framework/Versions/A/Libraries/libCoreFSCache.dylib
0x00007ffc20e54000 	/System/Library/PrivateFrameworks/GPUCompiler.framework/Versions/32023/Libraries/libGPUCompilerUtils.dylib
0x00007ff835cb1000 	/System/Library/PrivateFrameworks/GraphicsServices.framework/Versions/A/GraphicsServices
0x00007ff933e87000 	/usr/lib/swift/libswiftMetal.dylib
0x00007ffa194a1000 	/usr/lib/swift/libswiftQuartzCore.dylib
0x00007ffa1dd91000 	/usr/lib/swift/libswiftUniformTypeIdentifiers.dylib
0x00007ff828475000 	/System/Library/Frameworks/CoreImage.framework/Versions/A/CoreImage
0x00007ffa2712c000 	/System/Library/PrivateFrameworks/Symbolication.framework/Versions/A/Symbolication
0x00007ffd1aa96000 	/System/Library/PrivateFrameworks/PhotosensitivityProcessing.framework/Versions/A/PhotosensitivityProcessing
0x00007ffb2403c000 	/System/Library/Frameworks/OpenGL.framework/Versions/A/OpenGL
0x00007ffb25625000 	/System/Library/Frameworks/OpenCL.framework/Versions/A/OpenCL
0x00007ff82ce85000 	/System/Library/PrivateFrameworks/GraphVisualizer.framework/Versions/A/GraphVisualizer
0x00007ffb2408e000 	/System/Library/Frameworks/OpenGL.framework/Versions/A/Libraries/libGLU.dylib
0x00007ffb2404f000 	/System/Library/Frameworks/OpenGL.framework/Versions/A/Libraries/libGFXShared.dylib
0x00007ffb2424e000 	/System/Library/Frameworks/OpenGL.framework/Versions/A/Libraries/libGL.dylib
0x00007ffb24058000 	/System/Library/Frameworks/OpenGL.framework/Versions/A/Libraries/libGLImage.dylib
0x00007ffb2404c000 	/System/Library/Frameworks/OpenGL.framework/Versions/A/Libraries/libCVMSPluginSupport.dylib
0x00007ffb24037000 	/System/Library/Frameworks/OpenGL.framework/Versions/A/Libraries/libCoreVMClient.dylib
0x00007ffc1fdf0000 	/System/Library/PrivateFrameworks/FontServices.framework/Versions/A/FontServices
0x00007ff82ce98000 	/System/Library/PrivateFrameworks/OTSVG.framework/Versions/A/OTSVG
0x00007ff82566a000 	/System/Library/Frameworks/ApplicationServices.framework/Versions/A/Frameworks/ATS.framework/Versions/A/Resources/libFontRegistry.dylib
0x00007ffd38845000 	/usr/lib/libhvf.dylib
0x00007ffc37cc3000 	/System/Library/PrivateFrameworks/ParsingInternal.framework/Versions/A/ParsingInternal
0x00007ffc1fdf4000 	/System/Library/PrivateFrameworks/FontServices.framework/libXTFontStaticRegistryData.dylib
0x00007ff8289ce000 	/System/Library/Frameworks/MetalPerformanceShaders.framework/Versions/A/Frameworks/MPSCore.framework/Versions/A/MPSCore
0x00007ff82a933000 	/System/Library/Frameworks/MetalPerformanceShaders.framework/Versions/A/Frameworks/MPSImage.framework/Versions/A/MPSImage
0x00007ff82a19d000 	/System/Library/Frameworks/MetalPerformanceShaders.framework/Versions/A/Frameworks/MPSNeuralNetwork.framework/Versions/A/MPSNeuralNetwork
0x00007ff82a6fb000 	/System/Library/Frameworks/MetalPerformanceShaders.framework/Versions/A/Frameworks/MPSMatrix.framework/Versions/A/MPSMatrix
0x00007ff82a4b1000 	/System/Library/Frameworks/MetalPerformanceShaders.framework/Versions/A/Frameworks/MPSRayIntersector.framework/Versions/A/MPSRayIntersector
0x00007ff82a73a000 	/System/Library/Frameworks/MetalPerformanceShaders.framework/Versions/A/Frameworks/MPSNDArray.framework/Versions/A/MPSNDArray
0x00007ffb2a856000 	/System/Library/Frameworks/MetalPerformanceShaders.framework/Versions/A/Frameworks/MPSFunctions.framework/Versions/A/MPSFunctions
0x00007ffb2a836000 	/System/Library/Frameworks/MetalPerformanceShaders.framework/Versions/A/Frameworks/MPSBenchmarkLoop.framework/Versions/A/MPSBenchmarkLoop
0x00007ff81bcc9000 	/System/Library/PrivateFrameworks/MetalTools.framework/Versions/A/MetalTools
0x00007ff92b39d000 	/System/Library/PrivateFrameworks/IOAccelMemoryInfo.framework/Versions/A/IOAccelMemoryInfo
0x00007ffa198ac000 	/System/Library/PrivateFrameworks/kperf.framework/Versions/A/kperf
0x00007ff925f70000 	/System/Library/PrivateFrameworks/GPURawCounter.framework/Versions/A/GPURawCounter
0x00007ff835ffe000 	/System/Library/PrivateFrameworks/CoreSymbolication.framework/Versions/A/CoreSymbolication
0x00007ff925eed000 	/System/Library/PrivateFrameworks/MallocStackLogging.framework/Versions/A/MallocStackLogging
0x00007ff835fdf000 	/System/Library/PrivateFrameworks/DebugSymbols.framework/Versions/A/DebugSymbols
0x00007ff937d25000 	/System/Library/PrivateFrameworks/OSAnalytics.framework/Versions/A/OSAnalytics
0x00007ffc1e061000 	/System/Library/PrivateFrameworks/DeviceRecovery.framework/Versions/A/DeviceRecovery
0x00007ffb288da000 	/System/Library/Frameworks/ExtensionFoundation.framework/Versions/A/ExtensionFoundation
0x00007ff82cede000 	/System/Library/PrivateFrameworks/AppServerSupport.framework/Versions/A/AppServerSupport
0x00007ff82ccde000 	/System/Library/PrivateFrameworks/IconServices.framework/Versions/A/IconServices
0x00007ff82cb4a000 	/System/Library/PrivateFrameworks/PlugInKit.framework/Versions/A/PlugInKit
0x00007ff82a01e000 	/System/Library/PrivateFrameworks/AssertionServices.framework/Versions/A/AssertionServices
0x00007ffa1dda0000 	/usr/lib/swift/libswiftAccelerate.dylib
0x00007ff82cc7f000 	/System/Library/PrivateFrameworks/IconFoundation.framework/Versions/A/IconFoundation
0x00007ffc2b537000 	/System/Library/PrivateFrameworks/IconRendering.framework/Versions/A/IconRendering
0x00007ff8256b7000 	/System/Library/PrivateFrameworks/CoreUI.framework/Versions/A/CoreUI
0x00007ffd1d68e000 	/System/Library/PrivateFrameworks/SFSymbols.framework/Versions/A/SFSymbols
0x00007ffb287bb000 	/System/Library/Frameworks/DeveloperToolsSupport.framework/Versions/A/DeveloperToolsSupport
0x00007ff91d753000 	/System/Library/PrivateFrameworks/RenderBox.framework/Versions/A/RenderBox
0x00007ff8280fa000 	/System/Library/PrivateFrameworks/CoreSVG.framework/Versions/A/CoreSVG
0x00007ff82dc1c000 	/System/Library/PrivateFrameworks/TextureIO.framework/Versions/A/TextureIO
0x00007ff925fdb000 	/usr/lib/swift/libswiftCoreImage.dylib
0x00007ff82db63000 	/System/Library/Frameworks/ApplicationServices.framework/Versions/A/Frameworks/ATSUI.framework/Versions/A/ATSUI
0x00007ff82f1d4000 	/System/Library/Frameworks/AudioToolbox.framework/Versions/A/AudioToolbox
0x00007ff81da50000 	/System/Library/PrivateFrameworks/AudioToolboxCore.framework/Versions/A/AudioToolboxCore
0x00007ff82f39e000 	/System/Library/PrivateFrameworks/AudioSession.framework/Versions/A/AudioSession
0x00007ff83ab29000 	/System/Library/Frameworks/CoreMIDI.framework/Versions/A/CoreMIDI
0x00007ff82f418000 	/usr/lib/libAudioStatistics.dylib
0x00007ff82796f000 	/System/Library/PrivateFrameworks/caulk.framework/Versions/A/caulk
0x00007ff81e069000 	/System/Library/Frameworks/CoreAudio.framework/Versions/A/CoreAudio
0x00007ff82da4c000 	/usr/lib/libAudioToolboxUtility.dylib
0x00007ff925f74000 	/usr/lib/swift/libswiftCoreAudio.dylib
0x00007ff92c9ae000 	/usr/lib/swift/libswiftCoreMIDI.dylib
0x00007ff82f81c000 	/System/Library/PrivateFrameworks/perfdata.framework/Versions/A/perfdata
0x00007ff924fc8000 	/System/Library/PrivateFrameworks/SystemPolicy.framework/Versions/A/SystemPolicy
0x00007ff82f6bf000 	/usr/lib/libSMC.dylib
0x00007ff82f82a000 	/usr/lib/libperfcheck.dylib
0x00007ffb34975000 	/System/Library/PrivateFrameworks/AudioAnalytics.framework/Versions/A/AudioAnalytics
0x00007ffe19823000 	/usr/lib/swift/libswift_DarwinFoundation2.dylib
0x00007ffe19824000 	/usr/lib/swift/libswift_DarwinFoundation3.dylib
0x00007ffa2b634000 	/System/Library/Frameworks/OSLog.framework/Versions/A/OSLog
0x00007ff925f1d000 	/usr/lib/libmis.dylib
0x00007ff82cda1000 	/System/Library/PrivateFrameworks/MediaExperience.framework/Versions/A/MediaExperience
0x00007ff82f184000 	/System/Library/PrivateFrameworks/AudioSession.framework/libSessionUtility.dylib
0x00007ff82db98000 	/System/Library/PrivateFrameworks/CMCaptureCore.framework/Versions/A/CMCaptureCore
0x00007ff82ceec000 	/usr/lib/libspindump.dylib
0x00007ff83483c000 	/System/Library/Frameworks/CoreBluetooth.framework/Versions/A/CoreBluetooth
0x00007ff829e91000 	/System/Library/PrivateFrameworks/CoreUtils.framework/Versions/A/CoreUtils
0x00007ff91e469000 	/System/Library/PrivateFrameworks/HID.framework/Versions/A/HID
0x00007ffc1d61a000 	/System/Library/PrivateFrameworks/CoreUtilsExtras.framework/Versions/A/CoreUtilsExtras
0x00007ffc2b494000 	/System/Library/PrivateFrameworks/IO80211.framework/Versions/A/IO80211
0x00007ff831117000 	/System/Library/Frameworks/IOBluetooth.framework/Versions/A/IOBluetooth
0x00007ff933e94000 	/usr/lib/swift/libswiftCompression.dylib
0x00007ffb345d8000 	/System/Library/PrivateFrameworks/ArgumentParserInternal.framework/Versions/A/ArgumentParserInternal
0x00007ff82c9f0000 	/usr/lib/libIOReport.dylib
0x00007ff82a02b000 	/System/Library/Frameworks/SecurityFoundation.framework/Versions/A/SecurityFoundation
0x00007ff81c124000 	/System/Library/PrivateFrameworks/Lexicon.framework/Versions/A/Lexicon
0x00007ff835b05000 	/System/Library/PrivateFrameworks/FrontBoardServices.framework/Versions/A/FrontBoardServices
0x00007ff82a184000 	/usr/lib/libgermantok.dylib
0x00007ff828bad000 	/System/Library/PrivateFrameworks/LinguisticData.framework/Versions/A/LinguisticData
0x00007ff834a45000 	/System/Library/PrivateFrameworks/MediaKit.framework/Versions/A/MediaKit
0x00007ff83499f000 	/System/Library/Frameworks/DiscRecording.framework/Versions/A/DiscRecording
0x00007ff82cc76000 	/usr/lib/libheimdal-asn1.dylib
0x00007ff8385be000 	/System/Library/Frameworks/AudioUnit.framework/Versions/A/AudioUnit
0x00007ff825989000 	/System/Library/Frameworks/OpenDirectory.framework/Versions/A/OpenDirectory
0x00007ff825995000 	/System/Library/Frameworks/OpenDirectory.framework/Versions/A/Frameworks/CFOpenDirectory.framework/Versions/A/CFOpenDirectory
0x00007ffb270ac000 	/System/Library/Frameworks/AVFAudio.framework/Versions/A/AVFAudio
0x00007ff91f3b0000 	/usr/lib/libAccessibility.dylib
0x00007ffc2ebb8000 	/System/Library/PrivateFrameworks/IsolatedCoreAudioClient.framework/Versions/A/IsolatedCoreAudioClient
0x00007ffa21c08000 	/usr/lib/swift/libswiftCoreMedia.dylib
0x00007ffd2a1cf000 	/System/Library/PrivateFrameworks/Tightbeam.framework/Versions/A/Tightbeam
0x00007ffc196aa000 	/System/Library/PrivateFrameworks/CoreAudioOrchestration.framework/Versions/A/CoreAudioOrchestration
0x00007ffa1e44f000 	/System/Library/PrivateFrameworks/AFKUser.framework/Versions/A/AFKUser
0x00007ff833b93000 	/System/Library/Frameworks/MediaAccessibility.framework/Versions/A/MediaAccessibility
0x00007ffd2e04f000 	/System/Library/PrivateFrameworks/VideoToolboxParavirtualizationSupport.framework/Versions/A/VideoToolboxParavirtualizationSupport
0x00007ff82cc0c000 	/System/Library/PrivateFrameworks/AppleVA.framework/Versions/A/AppleVA
0x00007ff82db21000 	/System/Library/PrivateFrameworks/GPUWrangler.framework/Versions/A/GPUWrangler
0x00007ff82db05000 	/System/Library/PrivateFrameworks/IOPresentment.framework/Versions/A/IOPresentment
0x00007ff82db2b000 	/System/Library/PrivateFrameworks/DSExternalDisplay.framework/Versions/A/DSExternalDisplay
0x00007ffb3443a000 	/System/Library/PrivateFrameworks/AppleMobileFileIntegrity.framework/Versions/A/AppleMobileFileIntegrity
0x00007ffd381ce000 	/usr/lib/libTLE.dylib
0x00007ffb1c177000 	/System/Library/PrivateFrameworks/ConfigProfileHelper.framework/Versions/A/ConfigProfileHelper
0x00007ffa310aa000 	/usr/lib/libedit.3.dylib
0x00007ffc2fe2c000 	/System/Library/PrivateFrameworks/MIL.framework/Versions/A/MIL
0x00007ff92b362000 	/usr/lib/libncurses.5.4.dylib
0x00007ff829dcd000 	/System/Library/PrivateFrameworks/CoreEmoji.framework/Versions/A/CoreEmoji
0x00007ff81c48c000 	/usr/lib/libCRFSuite.dylib
0x00007ff828a9d000 	/System/Library/PrivateFrameworks/CoreNLP.framework/Versions/A/CoreNLP
0x00007ff82a129000 	/usr/lib/libmecab.dylib
0x00007ff82b0fb000 	/usr/lib/libThaiTokenizer.dylib
0x00007ff82dfe3000 	/System/Library/PrivateFrameworks/DataDetectorsCore.framework/Versions/A/DataDetectorsCore
0x00007ffb287a9000 	/System/Library/Frameworks/DataDetection.framework/Versions/A/DataDetection
0x00007ff929de0000 	/System/Library/PrivateFrameworks/TextInput.framework/Versions/A/TextInput
0x00007ffa2bad2000 	/System/Library/PrivateFrameworks/HIDDisplay.framework/Versions/A/HIDDisplay
0x00007ff82f7a0000 	/usr/lib/libcups.2.dylib
0x00007ff82f839000 	/System/Library/Frameworks/Kerberos.framework/Versions/A/Kerberos
0x00007ff82f49d000 	/usr/lib/libresolv.9.dylib
0x00007ff82cef3000 	/System/Library/PrivateFrameworks/Heimdal.framework/Versions/A/Heimdal
0x00007ff8385bd000 	/System/Library/Frameworks/Kerberos.framework/Versions/A/Libraries/libHeimdalProxy.dylib
0x00007ff82f891000 	/System/Library/PrivateFrameworks/CommonAuth.framework/Versions/A/CommonAuth
0x00007ff91f2cc000 	/System/Library/PrivateFrameworks/AXCoreUtilities.framework/Versions/A/AXCoreUtilities
0x00007ff92ec34000 	/System/Library/PrivateFrameworks/AttributeGraph.framework/Versions/A/AttributeGraph
0x00007ffd37c47000 	/usr/lib/libAXSafeCategoryBundle.dylib
0x00007ff829bfe000 	/System/Library/Frameworks/Accelerate.framework/Versions/A/Frameworks/vecLib.framework/Versions/A/libvDSP.dylib
0x00007ff82b258000 	/System/Library/Frameworks/Accelerate.framework/Versions/A/Frameworks/vecLib.framework/Versions/A/libLAPACK.dylib
0x00007ff82a187000 	/System/Library/Frameworks/Accelerate.framework/Versions/A/Frameworks/vecLib.framework/Versions/A/libLinearAlgebra.dylib
0x00007ff82b13f000 	/System/Library/Frameworks/Accelerate.framework/Versions/A/Frameworks/vecLib.framework/Versions/A/libSparseBLAS.dylib
0x00007ff82b252000 	/System/Library/Frameworks/Accelerate.framework/Versions/A/Frameworks/vecLib.framework/Versions/A/libQuadrature.dylib
0x00007ff828bb4000 	/System/Library/Frameworks/Accelerate.framework/Versions/A/Frameworks/vecLib.framework/Versions/A/libBNNS.dylib
0x00007ff81c22f000 	/System/Library/Frameworks/Accelerate.framework/Versions/A/Frameworks/vecLib.framework/Versions/A/libSparse.dylib
0x00007ffb28345000 	/System/Library/Frameworks/CoreTransferable.framework/Versions/A/CoreTransferable
0x00007ff82f803000 	/System/Library/PrivateFrameworks/NetAuth.framework/Versions/A/NetAuth
0x00007ff825b89000 	/System/Library/PrivateFrameworks/login.framework/Versions/A/Frameworks/loginsupport.framework/Versions/A/loginsupport
0x00007ff820b69000 	/System/Library/PrivateFrameworks/UIFoundation.framework/Versions/A/UIFoundation
0x00007ff82a0f7000 	/usr/lib/libCheckFix.dylib
0x00007ff824aac000 	/System/Library/PrivateFrameworks/MetadataUtilities.framework/Versions/A/MetadataUtilities
0x00007ffc2be46000 	/System/Library/PrivateFrameworks/InstalledContentLibrary.framework/Versions/A/InstalledContentLibrary
0x00007ff81f1f9000 	/System/Library/PrivateFrameworks/CoreServicesStore.framework/Versions/A/CoreServicesStore
0x00007ff8259e6000 	/usr/lib/libapp_launch_measurement.dylib
0x00007ffa199aa000 	/System/Library/PrivateFrameworks/MobileSystemServices.framework/Versions/A/MobileSystemServices
0x00007ff82c7b4000 	/usr/lib/libxslt.1.dylib
0x00007ff82a0ba000 	/System/Library/PrivateFrameworks/BackgroundTaskManagement.framework/Versions/A/BackgroundTaskManagement
0x00007ff837d43000 	/usr/lib/libcurl.4.dylib
0x00007ffd38566000 	/usr/lib/libcrypto.46.dylib
0x00007ffe19325000 	/usr/lib/libssl.48.dylib
0x00007ff837a24000 	/System/Library/Frameworks/LDAP.framework/Versions/A/LDAP
0x00007ff837a5f000 	/System/Library/PrivateFrameworks/TrustEvaluationAgent.framework/Versions/A/TrustEvaluationAgent
0x00007ff82f4ba000 	/usr/lib/libsasl2.2.dylib
0x00007ff83ad3c000 	/System/Library/Frameworks/Cocoa.framework/Versions/A/Cocoa
0x00007ff81f370000 	/System/Library/Frameworks/AppKit.framework/Versions/C/AppKit
0x00007ffb37d4b000 	/System/Library/PrivateFrameworks/CollectionViewCore.framework/Versions/A/CollectionViewCore
0x00007ff8280f5000 	/System/Library/PrivateFrameworks/XCTTargetBootstrap.framework/Versions/A/XCTTargetBootstrap
0x00007ff82e02c000 	/System/Library/PrivateFrameworks/UserActivity.framework/Versions/A/UserActivity
0x00007ffc1fef2000 	/System/Library/PrivateFrameworks/FrontBoard.framework/Versions/A/FrontBoard
0x00007ffd2bedc000 	/System/Library/PrivateFrameworks/UIIntelligenceSupport.framework/Versions/A/UIIntelligenceSupport
0x00007ffb2d99c000 	/System/Library/Frameworks/SwiftUICore.framework/Versions/A/SwiftUICore
0x00007ffd31d38000 	/System/Library/PrivateFrameworks/WritingTools.framework/Versions/A/WritingTools
0x00007ffd30ccf000 	/System/Library/PrivateFrameworks/WindowManagement.framework/Versions/A/WindowManagement
0x00007ffc1fc4a000 	/System/Library/PrivateFrameworks/FocusEngine.framework/Versions/A/FocusEngine
0x00007ffc1dc50000 	/System/Library/PrivateFrameworks/DesignLibrary.framework/Versions/A/DesignLibrary
0x00007ff8280e2000 	/System/Library/PrivateFrameworks/DFRFoundation.framework/Versions/A/DFRFoundation
0x00007ffd2c98e000 	/System/Library/PrivateFrameworks/UpdateCycle.framework/Versions/A/UpdateCycle
0x00007ff827e04000 	/System/Library/Frameworks/Carbon.framework/Versions/A/Frameworks/HIToolbox.framework/Versions/A/HIToolbox
0x00007ff8334bb000 	/System/Library/Frameworks/Carbon.framework/Versions/A/Frameworks/SpeechRecognition.framework/Versions/A/SpeechRecognition
0x00007ff82597e000 	/System/Library/PrivateFrameworks/PerformanceAnalysis.framework/Versions/A/PerformanceAnalysis
0x00007ff83384a000 	/System/Library/Frameworks/Accessibility.framework/Versions/A/Accessibility
0x00007ffb2e88e000 	/System/Library/Frameworks/Symbols.framework/Versions/A/Symbols
0x00007ffc2897d000 	/System/Library/PrivateFrameworks/Gestures.framework/Versions/A/Gestures
0x00007ff92316a000 	/usr/lib/swift/libswiftCoreGraphics.dylib
0x00007ff834259000 	/usr/lib/swift/libswiftFoundation.dylib
0x00007ffb1bb4d000 	/usr/lib/swift/libswiftSwiftOnoneSupport.dylib
0x00007ffe1998f000 	/usr/lib/swift/libswiftsys_time.dylib
0x00007ffa27850000 	/System/Library/PrivateFrameworks/CoreMaterial.framework/Versions/A/CoreMaterial
0x00007ffe196ce000 	/usr/lib/swift/libswiftSpatial.dylib
0x00007ffd381cd000 	/usr/lib/libSpatial.dylib
0x00007ffd37b5e000 	/System/Library/SubFrameworks/UIUtilities.framework/Versions/A/UIUtilities
0x000000010d3d4000 	/Library/Java/JavaVirtualMachines/zulu-17.jdk/Contents/Home/lib/server/libjvm.dylib
0x0000000103e18000 	/Library/Java/JavaVirtualMachines/zulu-17.jdk/Contents/Home/lib/libjimage.dylib
0x0000000103e3b000 	/Library/Java/JavaVirtualMachines/zulu-17.jdk/Contents/Home/lib/libinstrument.dylib
0x0000000103e7d000 	/Library/Java/JavaVirtualMachines/zulu-17.jdk/Contents/Home/lib/libjava.dylib
0x0000000103f0d000 	/Library/Java/JavaVirtualMachines/zulu-17.jdk/Contents/Home/lib/libzip.dylib
0x0000000103f3c000 	/Library/Java/JavaVirtualMachines/zulu-17.jdk/Contents/Home/lib/libnio.dylib
0x0000000103f76000 	/Library/Java/JavaVirtualMachines/zulu-17.jdk/Contents/Home/lib/libnet.dylib
0x0000000103f21000 	/Library/Java/JavaVirtualMachines/zulu-17.jdk/Contents/Home/lib/libverify.dylib
0x0000000103e63000 	/Users/juanprogramador/.gradle/native/c067742578af261105cb4f569cf0c3c89f3d7b1fecec35dd04571415982c5e48/osx-amd64/libnative-platform.dylib
0x000000010c71a000 	/Users/juanprogramador/.gradle/native/38dada09dfb8b06ba9b0570ebf7e218e3eb74d4ef43ca46872605cf95ebc2f47/osx-amd64/libnative-platform-file-events.dylib
0x0000000103f58000 	/Library/Java/JavaVirtualMachines/zulu-17.jdk/Contents/Home/lib/libmanagement.dylib
0x0000000103f96000 	/Library/Java/JavaVirtualMachines/zulu-17.jdk/Contents/Home/lib/libmanagement_ext.dylib
0x0000000103fa6000 	/Library/Java/JavaVirtualMachines/zulu-17.jdk/Contents/Home/lib/libextnet.dylib


VM Arguments:
jvm_args: -XX:MaxMetaspaceSize=512m -XX:TieredStopAtLevel=1 -XX:+UseSerialGC --add-opens=java.base/java.util=ALL-UNNAMED --add-opens=java.base/java.lang=ALL-UNNAMED --add-opens=java.base/java.lang.invoke=ALL-UNNAMED --add-opens=java.prefs/java.util.prefs=ALL-UNNAMED --add-opens=java.base/java.nio.charset=ALL-UNNAMED --add-opens=java.base/java.net=ALL-UNNAMED --add-opens=java.base/java.util.concurrent.atomic=ALL-UNNAMED -Xmx2048m -Dfile.encoding=UTF-8 -Duser.country=AR -Duser.language=es -Duser.variant -javaagent:/Users/juanprogramador/.gradle/wrapper/dists/gradle-8.6-bin/afr5mpiioh2wthjmwnkmdsd5w/gradle-8.6/lib/agents/gradle-instrumentation-agent-8.6.jar 
java_command: org.gradle.launcher.daemon.bootstrap.GradleDaemon 8.6
java_class_path (initial): /Users/juanprogramador/.gradle/wrapper/dists/gradle-8.6-bin/afr5mpiioh2wthjmwnkmdsd5w/gradle-8.6/lib/gradle-launcher-8.6.jar
Launcher Type: SUN_STANDARD

[Global flags]
     intx CICompilerCount                          = 12                                        {product} {ergonomic}
   size_t CompressedClassSpaceSize                 = 436207616                                 {product} {ergonomic}
   size_t InitialHeapSize                          = 536870912                                 {product} {ergonomic}
   size_t MaxHeapSize                              = 2147483648                                {product} {command line}
   size_t MaxMetaspaceSize                         = 536870912                                 {product} {command line}
   size_t MaxNewSize                               = 715784192                                 {product} {ergonomic}
   size_t MinHeapDeltaBytes                        = 196608                                    {product} {ergonomic}
   size_t MinHeapSize                              = 8388608                                   {product} {ergonomic}
   size_t NewSize                                  = 178913280                                 {product} {ergonomic}
    uintx NonProfiledCodeHeapSize                  = 0                                      {pd product} {ergonomic}
   size_t OldSize                                  = 357957632                                 {product} {ergonomic}
     bool ProfileInterpreter                       = false                                  {pd product} {command line}
    uintx ProfiledCodeHeapSize                     = 0                                      {pd product} {ergonomic}
   size_t SoftMaxHeapSize                          = 2147483648                             {manageable} {ergonomic}
     intx TieredStopAtLevel                        = 1                                         {product} {command line}
     bool UseCompressedClassPointers               = true                           {product lp64_product} {ergonomic}
     bool UseCompressedOops                        = true                           {product lp64_product} {ergonomic}
     bool UseNUMA                                  = false                                     {product} {ergonomic}
     bool UseNUMAInterleaving                      = false                                     {product} {ergonomic}
     bool UseSerialGC                              = true                                      {product} {command line}

Logging:
Log output configuration:
 #0: stdout all=warning uptime,level,tags
 #1: stderr all=off uptime,level,tags

Environment Variables:
JAVA_HOME=/Library/Java/JavaVirtualMachines/zulu-17.jdk/Contents/Home
PATH=/Users/juanprogramador/Trabajos/ticketTransfer/v2/apps/mobile/node_modules/.bin:/Users/juanprogramador/Trabajos/ticketTransfer/v2/apps/node_modules/.bin:/Users/juanprogramador/Trabajos/ticketTransfer/v2/node_modules/.bin:/Users/juanprogramador/Trabajos/ticketTransfer/node_modules/.bin:/Users/juanprogramador/Trabajos/node_modules/.bin:/Users/juanprogramador/node_modules/.bin:/Users/node_modules/.bin:/node_modules/.bin:/usr/local/Cellar/node@20/20.20.0/lib/node_modules/npm/node_modules/@npmcli/run-script/lib/node-gyp-bin:/Users/juanprogramador/Trabajos/ticketTransfer/v2/apps/mobile/node_modules/.bin:/Users/juanprogramador/Trabajos/ticketTransfer/v2/apps/node_modules/.bin:/Users/juanprogramador/Trabajos/ticketTransfer/v2/node_modules/.bin:/Users/juanprogramador/Trabajos/ticketTransfer/node_modules/.bin:/Users/juanprogramador/Trabajos/node_modules/.bin:/Users/juanprogramador/node_modules/.bin:/Users/node_modules/.bin:/node_modules/.bin:/usr/local/Cellar/node@20/20.20.0/lib/node_modules/npm/node_modules/@npmcli/run-script/lib/node-gyp-bin:/Users/juanprogramador/.antigravity/antigravity/bin:/opt/homebrew/opt/ruby/bin:/opt/homebrew/opt/ruby/bin:/opt/homebrew/opt/ruby/bin:/opt/homebrew/opt/openjdk/bin:/opt/homebrew/lib/ruby/gems/3.3.0/bin:/opt/homebrew/opt/ruby/bin:/Users/juanprogramador/Develop/flutter/bin:/usr/local/opt/node@20/bin:/Users/juanprogramador/.rbenv/shims:/usr/local/bin:/usr/local/sbin:/System/Cryptexes/App/usr/bin:/usr/bin:/bin:/usr/sbin:/sbin:/var/run/com.apple.security.cryptexd/codex.system/bootstrap/usr/local/bin:/var/run/com.apple.security.cryptexd/codex.system/bootstrap/usr/bin:/var/run/com.apple.security.cryptexd/codex.system/bootstrap/usr/appleinternal/bin:/opt/pmk/env/global/bin:/Library/Apple/usr/bin:/Users/juanprogramador/.antigravity/antigravity/bin:/opt/homebrew/opt/ruby/bin:/opt/homebrew/opt/openjdk/bin:/opt/homebrew/lib/ruby/gems/3.3.0/bin:/Users/juanprogramador/Develop/flutter/bin:/usr/local/opt/node@20/bin:/Users/juanprogramador/.rbenv/shims:/Users/juanprogramador/Library/Android/sdk/emulator:/Users/juanprogramador/Library/Android/sdk/platform-tools:/Users/juanprogramador/Library/Android/sdk/tools:/Users/juanprogramador/Library/Android/sdk/tools/bin:/Users/juanprogramador/Library/Android/sdk/emulator:/Users/juanprogramador/Library/Android/sdk/platform-tools:/Users/juanprogramador/Library/Android/sdk/tools:/Users/juanprogramador/Library/Android/sdk/tools/bin
SHELL=/bin/zsh
LANG=en_US.UTF-8
LC_ALL=en_US.UTF-8
TERM=xterm-256color
TMPDIR=/var/folders/y5/8bd85fdx22161gc_fz2h96d80000gn/T/

Active Locale:
LC_ALL=en_US.UTF-8
LC_COLLATE=en_US.UTF-8
LC_CTYPE=en_US.UTF-8
LC_MESSAGES=en_US.UTF-8
LC_MONETARY=en_US.UTF-8
LC_NUMERIC=en_US.UTF-8
LC_TIME=en_US.UTF-8

Signal Handlers:
   SIGSEGV: crash_handler in libjvm.dylib, mask=11100110000111110111111111111111, flags=SA_RESTART|SA_SIGINFO, unblocked
    SIGBUS: crash_handler in libjvm.dylib, mask=11100110000111110111111111111111, flags=SA_RESTART|SA_SIGINFO, unblocked
    SIGFPE: crash_handler in libjvm.dylib, mask=11100110000111110111111111111111, flags=SA_RESTART|SA_SIGINFO, unblocked
   SIGPIPE: javaSignalHandler in libjvm.dylib, mask=11100110000111110111111111111111, flags=SA_RESTART|SA_SIGINFO, blocked
   SIGXFSZ: javaSignalHandler in libjvm.dylib, mask=11100110000111110111111111111111, flags=SA_RESTART|SA_SIGINFO, blocked
    SIGILL: crash_handler in libjvm.dylib, mask=11100110000111110111111111111111, flags=SA_RESTART|SA_SIGINFO, unblocked
   SIGUSR2: SR_handler in libjvm.dylib, mask=00100000000000000000000000000000, flags=SA_RESTART|SA_SIGINFO, blocked
    SIGHUP: UserHandler in libjvm.dylib, mask=11100110000111110111111111111111, flags=SA_RESTART|SA_SIGINFO, blocked
    SIGINT: UserHandler in libjvm.dylib, mask=11100110000111110111111111111111, flags=SA_RESTART|SA_SIGINFO, blocked
   SIGTERM: UserHandler in libjvm.dylib, mask=11100110000111110111111111111111, flags=SA_RESTART|SA_SIGINFO, blocked
   SIGQUIT: UserHandler in libjvm.dylib, mask=11100110000111110111111111111111, flags=SA_RESTART|SA_SIGINFO, blocked
   SIGTRAP: crash_handler in libjvm.dylib, mask=11100110000111110111111111111111, flags=SA_RESTART|SA_SIGINFO, unblocked


Periodic native trim disabled


---------------  S Y S T E M  ---------------

OS:
uname: Darwin 25.1.0 Darwin Kernel Version 25.1.0: Mon Oct 20 19:26:51 PDT 2025; root:xnu-12377.41.6~2/RELEASE_X86_64 x86_64
OS uptime: 2 days 1:57 hours
rlimit (soft/hard): STACK 8192k/65532k , CORE 0k/infinity , NPROC 5568/8352 , NOFILE 1048576/infinity , AS infinity/infinity , CPU infinity/infinity , DATA infinity/infinity , FSIZE infinity/infinity , MEMLOCK infinity/infinity , RSS infinity/infinity
load average: 2.92 2.62 2.78

CPU: total 16 (initial active 16) (8 cores per cpu, 2 threads per core) family 6 model 158 stepping 13 microcode 0x104, cx8, cmov, fxsr, ht, mmx, 3dnowpref, sse, sse2, sse3, ssse3, sse4.1, sse4.2, popcnt, lzcnt, tsc, tscinvbit, avx, avx2, aes, erms, clmul, bmi1, bmi2, adx, fma, vzeroupper, clflush, clflushopt
machdep.cpu.brand_string:Intel(R) Core(TM) i9-9980HK CPU @ 2.40GHz
hw.cpufrequency:2400000000
hw.cpufrequency_min:2400000000
hw.cpufrequency_max:2400000000
hw.cachelinesize:64
hw.l1icachesize:32768
hw.l1dcachesize:32768
hw.l2cachesize:262144
hw.l3cachesize:16777216

Memory: 4k page, physical 33554432k(317804k free), swap 1048576k(931840k free)

vm_info: OpenJDK 64-Bit Server VM (17.0.17+10-LTS) for bsd-amd64 JRE (17.0.17+10-LTS) (Zulu17.62+17-CA), built on Oct  4 2025 07:48:03 by "tester" with clang Apple LLVM 12.0.5 (clang-1205.0.22.11)

END.
