#
# A fatal error has been detected by the Java Runtime Environment:
#
#  SIGSEGV (0xb) at pc=0x00000001120d1dc5, pid=5534, tid=13571
#
# JRE version: OpenJDK Runtime Environment Temurin-17.0.18+8 (17.0.18+8) (build 17.0.18+8)
# Java VM: OpenJDK 64-Bit Server VM Temurin-17.0.18+8 (17.0.18+8, mixed mode, emulated-client, tiered, compressed oops, compressed class ptrs, serial gc, bsd-amd64)
# Problematic frame:
# V  [libjvm.dylib+0x340dc5]  FastScanClosure<DefNewYoungerGenClosure>::do_oop(narrowOop*)+0x35
#
# No core dump will be written. Core dumps have been disabled. To enable core dumping, try "ulimit -c unlimited" before starting Java again
#
# If you would like to submit a bug report, please visit:
#   https://github.com/adoptium/adoptium-support/issues
#

---------------  S U M M A R Y ------------

Command Line: -XX:MaxMetaspaceSize=512m -XX:+HeapDumpOnOutOfMemoryError -XX:TieredStopAtLevel=1 -XX:+UseSerialGC --add-opens=java.base/java.util=ALL-UNNAMED --add-opens=java.base/java.lang=ALL-UNNAMED --add-opens=java.base/java.lang.invoke=ALL-UNNAMED --add-opens=java.prefs/java.util.prefs=ALL-UNNAMED --add-opens=java.base/java.nio.charset=ALL-UNNAMED --add-opens=java.base/java.net=ALL-UNNAMED --add-opens=java.base/java.util.concurrent.atomic=ALL-UNNAMED -Xmx4096m -Dfile.encoding=UTF-8 -Duser.country=AR -Duser.language=es -Duser.variant -javaagent:/Users/juanprogramador/.gradle/wrapper/dists/gradle-8.6-bin/afr5mpiioh2wthjmwnkmdsd5w/gradle-8.6/lib/agents/gradle-instrumentation-agent-8.6.jar org.gradle.launcher.daemon.bootstrap.GradleDaemon 8.6

Host: "MacBookPro16,1" x86_64 2400 MHz, 16 cores, 32G, Darwin 25.1.0, macOS 26.1 (25B78)
Time: Tue Mar 24 13:18:40 2026 -03 elapsed time: 19.363985 seconds (0d 0h 0m 19s)

---------------  T H R E A D  ---------------

Current thread (0x00007fcf24b32050):  VMThread "VM Thread" [stack: 0x0000700009ae5000,0x0000700009be5000] [id=13571]

Stack: [0x0000700009ae5000,0x0000700009be5000],  sp=0x0000700009be4080,  free space=1020k
Native frames: (J=compiled Java code, j=interpreted, Vv=VM code, C=native code)
V  [libjvm.dylib+0x340dc5]  FastScanClosure<DefNewYoungerGenClosure>::do_oop(narrowOop*)+0x35
V  [libjvm.dylib+0x998907]  void OopOopIterateBoundedDispatch<FilteringClosure>::Table::oop_oop_iterate_bounded<InstanceRefKlass, narrowOop>(FilteringClosure*, oopDesc*, Klass*, MemRegion)+0x117
V  [libjvm.dylib+0x996717]  ContiguousSpaceDCTOC::walk_mem_region_with_cl(MemRegion, HeapWordImpl**, HeapWordImpl**, FilteringClosure*)+0xa7
V  [libjvm.dylib+0x99632a]  FilteringDCTOC::walk_mem_region(MemRegion, HeapWordImpl**, HeapWordImpl**)+0x3a
V  [libjvm.dylib+0x9961c5]  DirtyCardToOopClosure::do_MemRegion(MemRegion)+0x95
V  [libjvm.dylib+0x276b0c]  CardTableRS::younger_refs_in_space_iterate(Space*, HeapWordImpl**, OopIterateClosure*)+0xcc
V  [libjvm.dylib+0x8f9e28]  SerialHeap::young_process_roots(OopIterateClosure*, OopIterateClosure*, CLDClosure*)+0x48
V  [libjvm.dylib+0x33f531]  DefNewGeneration::collect(bool, bool, unsigned long, bool)+0x361
V  [libjvm.dylib+0x46ea06]  GenCollectedHeap::collect_generation(Generation*, bool, unsigned long, bool, bool, bool, bool)+0x306
V  [libjvm.dylib+0x46efcf]  GenCollectedHeap::do_collection(bool, bool, unsigned long, bool, GenCollectedHeap::GenerationType)+0x46f
V  [libjvm.dylib+0x46f82a]  GenCollectedHeap::satisfy_failed_allocation(unsigned long, bool)+0x10a
V  [libjvm.dylib+0x4669fe]  VM_GenCollectForAllocation::doit()+0x4e
V  [libjvm.dylib+0xac48c0]  VM_Operation::evaluate()+0xd0
V  [libjvm.dylib+0xad5db9]  VMThread::evaluate_operation(VM_Operation*)+0xf9
V  [libjvm.dylib+0xad65c2]  VMThread::inner_execute(VM_Operation*)+0x1f2
V  [libjvm.dylib+0xad5a8a]  VMThread::run()+0xca
V  [libjvm.dylib+0xa53e77]  Thread::call_run()+0xa7
V  [libjvm.dylib+0x86235c]  thread_native_entry(Thread*)+0x14c
C  [libsystem_pthread.dylib+0x5e4d]  _pthread_start+0x73
C  [libsystem_pthread.dylib+0x1857]  thread_start+0xf


siginfo: si_signo: 11 (SIGSEGV), si_code: 1 (SEGV_MAPERR), si_addr: 0x0000000000000008

Registers:
RAX=0x00000001120d1d90, RBX=0x000000075996be10, RCX=0x0000000000000003, RDX=0x0000000000000000
RSP=0x0000700009be4080, RBP=0x0000700009be40a0, RSI=0x0000000000000008, RDI=0x0000700009be4398
R8 =0x0000000112a62af0, R9 =0x0000000112a7c668, R10=0x0000000112a54960, R11=0x00000000073fde60
R12=0x000000075996ca18, R13=0x00000008001447a0, R14=0x0000700009be4398, R15=0x0000000112a62af0
RIP=0x00000001120d1dc5, EFLAGS=0x0000000000010212, ERR=0x0000000000000004
  TRAPNO=0x000000000000000e


Register to memory mapping:

RAX=0x00000001120d1d90: _ZN15FastScanClosureI23DefNewYoungerGenClosureE6do_oopEP9narrowOop+0 in /Library/Java/JavaVirtualMachines/temurin-17.jdk/Contents/Home/lib/server/libjvm.dylib at 0x0000000111d91000
RBX=0x000000075996be10 is an oop: [B 
{0x000000075996be10} - klass: {type array byte}
 - length: 59
RCX=0x0000000000000003 is an unknown value
RDX=0x0 is NULL
RSP=0x0000700009be4080 points into unknown readable memory: 0x00000001120d1d90 | 90 1d 0d 12 01 00 00 00
RBP=0x0000700009be40a0 points into unknown readable memory: 0x0000700009be4120 | 20 41 be 09 00 70 00 00
RSI=0x0000000000000008 is an unknown value
RDI=0x0000700009be4398 points into unknown readable memory: 0x0000000112a37520 | 20 75 a3 12 01 00 00 00
R8 =0x0000000112a62af0: _ZN14CompressedOops11_narrow_oopE+0 in /Library/Java/JavaVirtualMachines/temurin-17.jdk/Contents/Home/lib/server/libjvm.dylib at 0x0000000111d91000
R9 =0x0000000112a7c668: _ZN28OopOopIterateBoundedDispatchI16FilteringClosureE6_tableE+0 in /Library/Java/JavaVirtualMachines/temurin-17.jdk/Contents/Home/lib/server/libjvm.dylib at 0x0000000111d91000
R10=0x0000000112a54960: _ZTV16FilteringClosure+0x10 in /Library/Java/JavaVirtualMachines/temurin-17.jdk/Contents/Home/lib/server/libjvm.dylib at 0x0000000111d91000
R11=0x00000000073fde60 is an unknown value
R12=0x000000075996ca18 is an oop: java.util.WeakHashMap$KeySet 
{0x000000075996ca18} - klass: 'java/util/WeakHashMap$KeySet'
 - ---- fields (total size 2 words):
 - final synthetic 'this$0' 'Ljava/util/WeakHashMap;' @12  a 'java/util/WeakHashMap'{0x000000075996c9e8} (eb32d93d)
R13=0x00000008001447a0 is pointing into metadata
R14=0x0000700009be4398 points into unknown readable memory: 0x0000000112a37520 | 20 75 a3 12 01 00 00 00
R15=0x0000000112a62af0: _ZN14CompressedOops11_narrow_oopE+0 in /Library/Java/JavaVirtualMachines/temurin-17.jdk/Contents/Home/lib/server/libjvm.dylib at 0x0000000111d91000


Top of Stack: (sp=0x0000700009be4080)
0x0000700009be4080:   00000001120d1d90 0000700009be4180
0x0000700009be4090:   0000700009be4180 0000000003d262c0
0x0000700009be40a0:   0000700009be4120 0000000112729907
0x0000700009be40b0:   0000000112a62af0 000000075996be00
0x0000700009be40c0:   0000000000000183 000000011272a926
0x0000700009be40d0:   0000000759970400 000000075996bdf8
0x0000700009be40e0:   00000008001447a0 0000000000000183
0x0000700009be40f0:   000000075996be00 000000075996bdf8
0x0000700009be4100:   000000075996ca18 00000008001447a0
0x0000700009be4110:   0000700009be4180 0000000003d262c0
0x0000700009be4120:   0000700009be4170 0000000112727717
0x0000700009be4130:   000000080005fdc0 0000000000000183
0x0000700009be4140:   000000075996be00 000000075996be00
0x0000700009be4150:   000000075996ca00 000000075996c9f8
0x0000700009be4160:   00007fcf45ad30b0 000000075996bdf8
0x0000700009be4170:   0000700009be41a0 000000011272732a
0x0000700009be4180:   0000000112a54960 00007fcf24b2fcd0
0x0000700009be4190:   0000000755550000 0000700009be4398
0x0000700009be41a0:   0000700009be41e0 00000001127271c5
0x0000700009be41b0:   0000000112a547c0 00007fcf24b069f0
0x0000700009be41c0:   000000075996bc00 0000000110aaaa80
0x0000700009be41d0:   0000000110accb5e 0000000000000180
0x0000700009be41e0:   0000700009be4220 0000000112007b0c
0x0000700009be41f0:   00007fcf45ad30b0 0000700009be4398
0x0000700009be4200:   0000700009be4290 0000700009be43d0
0x0000700009be4210:   00007fcf24b06130 0000700009be4398
0x0000700009be4220:   0000700009be4260 000000011268ae28
0x0000700009be4230:   0000700009be4260 0000000112a3fef0
0x0000700009be4240:   0000700009be43d0 000000011274f001
0x0000700009be4250:   00007fcf24b06b20 00007fcf24b06130
0x0000700009be4260:   0000700009be45b0 00000001120d0531
0x0000700009be4270:   0000700009be42a8 0000000000000000 

Instructions: (pc=0x00000001120d1dc5)
0x00000001120d1cc5:   48 0f 45 c6 80 3f 00 48 0f 44 c6 eb 10 48 8b 7b
0x00000001120d1cd5:   10 e8 45 f6 ff ff 49 8b 17 41 8b 4f 08 48 29 d0
0x00000001120d1ce5:   48 d3 e8 41 89 06 48 8b 43 20 48 85 c0 74 0a 80
0x00000001120d1cf5:   78 22 00 75 04 c6 40 22 01 48 83 c4 08 5b 41 5e
0x00000001120d1d05:   41 5f 5d c3 0f 1f 80 00 00 00 00 55 48 89 e5 41
0x00000001120d1d15:   56 53 48 89 f3 48 8b 36 48 85 f6 74 62 49 89 fe
0x00000001120d1d25:   48 3b 77 18 73 59 48 8b 06 f7 d0 a8 03 75 2e 48
0x00000001120d1d35:   8b 0e 48 8d 15 e3 ac 9c 00 89 ce 83 e6 07 48 83
0x00000001120d1d45:   e1 fc 31 c0 83 fe 05 48 0f 45 c1 80 3a 00 48 0f
0x00000001120d1d55:   44 c1 48 89 03 49 3b 46 28 72 14 eb 22 49 8b 7e
0x00000001120d1d65:   10 e8 b5 f5 ff ff 48 89 03 49 3b 46 28 73 10 49
0x00000001120d1d75:   8b 46 30 48 8b 40 40 48 c1 eb 09 c6 04 18 00 5b
0x00000001120d1d85:   41 5e 5d c3 0f 1f 80 00 00 00 00 55 48 89 e5 41
0x00000001120d1d95:   57 41 56 53 50 48 89 f3 8b 36 48 85 f6 0f 84 89
0x00000001120d1da5:   00 00 00 49 89 fe 4c 8d 3d 3e 0d 99 00 41 8b 4f
0x00000001120d1db5:   08 48 d3 e6 49 8b 17 48 01 d6 48 39 77 18 76 6c
0x00000001120d1dc5:   48 8b 06 f7 d0 a8 03 75 28 48 8b 36 48 8d 3d 49
0x00000001120d1dd5:   ac 9c 00 41 89 f0 41 83 e0 07 48 83 e6 fc 31 c0
0x00000001120d1de5:   41 83 f8 05 48 0f 45 c6 80 3f 00 48 0f 44 c6 eb
0x00000001120d1df5:   10 49 8b 7e 10 e8 21 f5 ff ff 49 8b 17 41 8b 4f
0x00000001120d1e05:   08 48 29 d0 48 d3 e8 89 03 89 c0 41 0f b6 4f 08
0x00000001120d1e15:   48 d3 e0 49 03 07 49 39 46 28 76 10 49 8b 46 30
0x00000001120d1e25:   48 8b 40 40 48 c1 eb 09 c6 04 18 00 48 83 c4 08
0x00000001120d1e35:   5b 41 5e 41 5f 5d c3 0f 1f 40 00 55 48 89 e5 48
0x00000001120d1e45:   83 ec 10 48 8d 05 41 dd 97 00 48 83 c0 10 48 89
0x00000001120d1e55:   45 f8 48 8b 47 18 48 8b 57 30 48 8b 4f 38 4c 8b
0x00000001120d1e65:   4f 40 4c 8b 10 4c 8d 45 f8 48 89 c7 41 ff 12 48
0x00000001120d1e75:   83 c4 10 5d c3 66 0f 1f 44 00 00 55 48 89 e5 5d
0x00000001120d1e85:   c3 66 2e 0f 1f 84 00 00 00 00 00 55 48 89 e5 41
0x00000001120d1e95:   57 41 56 41 55 41 54 53 48 83 ec 18 48 89 75 c8
0x00000001120d1ea5:   49 89 fe 48 8b 07 ff 50 10 49 89 c7 48 8d 05 a8
0x00000001120d1eb5:   39 99 00 48 8b 18 4c 89 75 d0 4d 8b 76 40 eb 1f 


Stack slot to memory mapping:
stack at sp + 0 slots: 0x00000001120d1d90: _ZN15FastScanClosureI23DefNewYoungerGenClosureE6do_oopEP9narrowOop+0 in /Library/Java/JavaVirtualMachines/temurin-17.jdk/Contents/Home/lib/server/libjvm.dylib at 0x0000000111d91000
stack at sp + 1 slots: 0x0000700009be4180 points into unknown readable memory: 0x0000000112a54960 | 60 49 a5 12 01 00 00 00
stack at sp + 2 slots: 0x0000700009be4180 points into unknown readable memory: 0x0000000112a54960 | 60 49 a5 12 01 00 00 00
stack at sp + 3 slots: 0x0000000003d262c0 is an unknown value
stack at sp + 4 slots: 0x0000700009be4120 points into unknown readable memory: 0x0000700009be4170 | 70 41 be 09 00 70 00 00
stack at sp + 5 slots: 0x0000000112729907: _ZN28OopOopIterateBoundedDispatchI16FilteringClosureE5Table23oop_oop_iterate_boundedI16InstanceRefKlass9narrowOopEEvPS0_P7oopDescP5Klass9MemRegion+0x117 in /Library/Java/JavaVirtualMachines/temurin-17.jdk/Contents/Home/lib/server/libjvm.dylib at 0x0000000111d91000
stack at sp + 6 slots: 0x0000000112a62af0: _ZN14CompressedOops11_narrow_oopE+0 in /Library/Java/JavaVirtualMachines/temurin-17.jdk/Contents/Home/lib/server/libjvm.dylib at 0x0000000111d91000
stack at sp + 7 slots: 0x000000075996be00 points into unknown readable memory: 0xeaac2d5b001447a0 | a0 47 14 00 5b 2d ac ea

VM_Operation (0x000070000b221bb0): GenCollectForAllocation, mode: safepoint, requested by thread 0x00007fcf44ac6200


---------------  P R O C E S S  ---------------

Threads class SMR info:
_java_thread_list=0x00007fcee142a040, length=85, elements={
0x00007fcf25008200, 0x00007fcf25012c00, 0x00007fcf4700ce00, 0x00007fcf2501bc00,
0x00007fcf4580c800, 0x00007fcf4580ce00, 0x00007fcf4700da00, 0x00007fcf4700f000,
0x00007fcf45814200, 0x00007fcf4680aa00, 0x00007fcf4700f600, 0x00007fcf47083400,
0x00007fcf46008800, 0x00007fcf44859200, 0x00007fcf3482ce00, 0x00007fcf250d8400,
0x00007fcf471d8e00, 0x00007fcf46830e00, 0x00007fcf44ac6200, 0x00007fcf46994e00,
0x00007fcf25814600, 0x00007fcf2587ce00, 0x00007fcf25227400, 0x00007fcf461ab800,
0x00007fcf461abe00, 0x00007fcf25227a00, 0x00007fcf45960600, 0x00007fcf348c9400,
0x00007fcf461b5800, 0x00007fcf469b3600, 0x00007fcf258cb800, 0x00007fcf34ba3400,
0x00007fcf47280e00, 0x00007fcf45968600, 0x00007fcf47289c00, 0x00007fcf25288200,
0x00007fcf34c2ce00, 0x00007fcf4728ae00, 0x00007fcf461e8600, 0x00007fcf348c2800,
0x00007fcf471c2e00, 0x00007fcf4728a200, 0x00007fcf46a84200, 0x00007fcf44b47e00,
0x00007fcf46898c00, 0x00007fcf4728a800, 0x00007fcf471c2600, 0x00007fcf46abb400,
0x00007fcf46899a00, 0x00007fcf2501e400, 0x00007fcf472cd200, 0x00007fcf472cc400,
0x00007fcf2530a400, 0x00007fcf252afc00, 0x00007fcf34bc3a00, 0x00007fcf259f6800,
0x00007fcf4485ca00, 0x00007fced4808200, 0x00007fcf4485b200, 0x00007fcf4485b800,
0x00007fcf25812400, 0x00007fcee0808200, 0x00007fcf461c0400, 0x00007fcf4485be00,
0x00007fcf34bc8c00, 0x00007fcf4485c400, 0x00007fcee4808a00, 0x00007fcf348c2e00,
0x00007fcf472d7a00, 0x00007fcf461cc000, 0x00007fcf25a01a00, 0x00007fcf252b0a00,
0x00007fcf348bde00, 0x00007fcf461c1200, 0x00007fcf472d9c00, 0x00007fcf4597d800,
0x00007fcf25a85200, 0x00007fcf44bd9800, 0x00007fcf34920e00, 0x00007fcf25ac9800,
0x00007fcf46349000, 0x00007fcf25b02000, 0x00007fcf46543200, 0x00007fcf465d3000,
0x00007fcf4657e800
}

Java Threads: ( => current thread )
  0x00007fcf25008200 JavaThread "main" [_thread_blocked, id=9987, stack(0x00007000099e2000,0x0000700009ae2000)]
  0x00007fcf25012c00 JavaThread "Reference Handler" daemon [_thread_blocked, id=18435, stack(0x0000700009be8000,0x0000700009ce8000)]
  0x00007fcf4700ce00 JavaThread "Finalizer" daemon [_thread_blocked, id=18947, stack(0x0000700009ceb000,0x0000700009deb000)]
  0x00007fcf2501bc00 JavaThread "Signal Dispatcher" daemon [_thread_blocked, id=30723, stack(0x0000700009ef4000,0x0000700009ff4000)]
  0x00007fcf4580c800 JavaThread "Service Thread" daemon [_thread_blocked, id=22787, stack(0x0000700009ff7000,0x000070000a0f7000)]
  0x00007fcf4580ce00 JavaThread "Monitor Deflation Thread" daemon [_thread_blocked, id=30211, stack(0x000070000a0fa000,0x000070000a1fa000)]
  0x00007fcf4700da00 JavaThread "C1 CompilerThread0" daemon [_thread_blocked, id=23043, stack(0x000070000a1fd000,0x000070000a2fd000)]
  0x00007fcf4700f000 JavaThread "Sweeper thread" daemon [_thread_blocked, id=23299, stack(0x000070000a300000,0x000070000a400000)]
  0x00007fcf45814200 JavaThread "Common-Cleaner" daemon [_thread_blocked, id=23555, stack(0x000070000a403000,0x000070000a503000)]
  0x00007fcf4680aa00 JavaThread "C1 CompilerThread1" daemon [_thread_blocked, id=28931, stack(0x000070000a506000,0x000070000a606000)]
  0x00007fcf4700f600 JavaThread "C1 CompilerThread2" daemon [_thread_blocked, id=28675, stack(0x000070000a609000,0x000070000a709000)]
  0x00007fcf47083400 JavaThread "Notification Thread" daemon [_thread_blocked, id=28419, stack(0x000070000a70c000,0x000070000a80c000)]
  0x00007fcf46008800 JavaThread "Daemon health stats" [_thread_blocked, id=27139, stack(0x000070000ab18000,0x000070000ac18000)]
  0x00007fcf44859200 JavaThread "Incoming local TCP Connector on port 49679" [_thread_in_native, id=26627, stack(0x000070000ac1b000,0x000070000ad1b000)]
  0x00007fcf3482ce00 JavaThread "Daemon periodic checks" [_thread_blocked, id=26371, stack(0x000070000ad1e000,0x000070000ae1e000)]
  0x00007fcf250d8400 JavaThread "Daemon" [_thread_blocked, id=25859, stack(0x000070000ae21000,0x000070000af21000)]
  0x00007fcf471d8e00 JavaThread "Handler for socket connection from /127.0.0.1:49679 to /127.0.0.1:49680" [_thread_in_native, id=25603, stack(0x000070000af24000,0x000070000b024000)]
  0x00007fcf46830e00 JavaThread "Cancel handler" [_thread_blocked, id=43267, stack(0x000070000b027000,0x000070000b127000)]
  0x00007fcf44ac6200 JavaThread "Daemon worker" [_thread_blocked, id=42755, stack(0x000070000b12a000,0x000070000b22a000)]
  0x00007fcf46994e00 JavaThread "Asynchronous log dispatcher for DefaultDaemonConnection: socket connection from /127.0.0.1:49679 to /127.0.0.1:49680" [_thread_blocked, id=33283, stack(0x000070000b22d000,0x000070000b32d000)]
  0x00007fcf25814600 JavaThread "Stdin handler" [_thread_blocked, id=42499, stack(0x000070000b330000,0x000070000b430000)]
  0x00007fcf2587ce00 JavaThread "Daemon client event forwarder" [_thread_blocked, id=42243, stack(0x000070000b433000,0x000070000b533000)]
  0x00007fcf25227400 JavaThread "Cache worker for journal cache (/Users/juanprogramador/.gradle/caches/journal-1)" [_thread_blocked, id=41987, stack(0x000070000b536000,0x000070000b636000)]
  0x00007fcf461ab800 JavaThread "File lock request listener" [_thread_in_native, id=34307, stack(0x000070000b639000,0x000070000b739000)]
  0x00007fcf461abe00 JavaThread "Cache worker for file hash cache (/Users/juanprogramador/.gradle/caches/8.6/fileHashes)" [_thread_blocked, id=34819, stack(0x000070000b73c000,0x000070000b83c000)]
  0x00007fcf25227a00 JavaThread "File watcher server" daemon [_thread_blocked, id=41219, stack(0x000070000b83f000,0x000070000b93f000)]
  0x00007fcf45960600 JavaThread "File watcher consumer" daemon [_thread_blocked, id=40707, stack(0x000070000b942000,0x000070000ba42000)]
  0x00007fcf348c9400 JavaThread "Cache worker for checksums cache (/Users/juanprogramador/Trabajos/ticketTransfer/v2/apps/mobile/android/.gradle/8.6/checksums)" [_thread_blocked, id=36355, stack(0x000070000ba45000,0x000070000bb45000)]
  0x00007fcf461b5800 JavaThread "Cache worker for file hash cache (/Users/juanprogramador/Trabajos/ticketTransfer/v2/apps/mobile/android/.gradle/8.6/fileHashes)" [_thread_blocked, id=36611, stack(0x000070000bb48000,0x000070000bc48000)]
  0x00007fcf469b3600 JavaThread "Cache worker for cache directory md-supplier (/Users/juanprogramador/.gradle/caches/8.6/md-supplier)" [_thread_blocked, id=39939, stack(0x000070000bc4b000,0x000070000bd4b000)]
  0x00007fcf258cb800 JavaThread "Cache worker for cache directory md-rule (/Users/juanprogramador/.gradle/caches/8.6/md-rule)" [_thread_blocked, id=39427, stack(0x000070000bd4e000,0x000070000be4e000)]
  0x00007fcf34ba3400 JavaThread "Cache worker for file content cache (/Users/juanprogramador/.gradle/caches/8.6/fileContent)" [_thread_blocked, id=39171, stack(0x000070000be51000,0x000070000bf51000)]
  0x00007fcf47280e00 JavaThread "jar transforms" [_thread_blocked, id=38659, stack(0x000070000bf54000,0x000070000c054000)]
  0x00007fcf45968600 JavaThread "jar transforms Thread 2" [_thread_blocked, id=37379, stack(0x000070000c057000,0x000070000c157000)]
  0x00007fcf47289c00 JavaThread "jar transforms Thread 3" [_thread_blocked, id=38147, stack(0x000070000c15a000,0x000070000c25a000)]
  0x00007fcf25288200 JavaThread "jar transforms Thread 4" [_thread_blocked, id=37635, stack(0x000070000c25d000,0x000070000c35d000)]
  0x00007fcf34c2ce00 JavaThread "process reaper" daemon [_thread_blocked, id=43779, stack(0x000070000c360000,0x000070000c384000)]
  0x00007fcf4728ae00 JavaThread "jar transforms Thread 5" [_thread_blocked, id=31751, stack(0x000070000c387000,0x000070000c487000)]
  0x00007fcf461e8600 JavaThread "jar transforms Thread 6" [_thread_blocked, id=64771, stack(0x000070000c48a000,0x000070000c58a000)]
  0x00007fcf348c2800 JavaThread "Unconstrained build operations" [_thread_blocked, id=64259, stack(0x000070000c58d000,0x000070000c68d000)]
  0x00007fcf471c2e00 JavaThread "jar transforms Thread 7" [_thread_blocked, id=64003, stack(0x000070000c690000,0x000070000c790000)]
  0x00007fcf4728a200 JavaThread "jar transforms Thread 8" [_thread_blocked, id=63747, stack(0x000070000c793000,0x000070000c893000)]
  0x00007fcf46a84200 JavaThread "Cache worker for Build Output Cleanup Cache (/Users/juanprogramador/Trabajos/ticketTransfer/v2/node_modules/@react-native/gradle-plugin/.gradle/buildOutputCleanup)" [_thread_blocked, id=63011, stack(0x000070000c896000,0x000070000c996000)]
  0x00007fcf44b47e00 JavaThread "jar transforms Thread 9" [_thread_blocked, id=45571, stack(0x000070000c999000,0x000070000ca99000)]
  0x00007fcf46898c00 JavaThread "jar transforms Thread 10" [_thread_blocked, id=62211, stack(0x000070000ca9c000,0x000070000cb9c000)]
  0x00007fcf4728a800 JavaThread "Unconstrained build operations Thread 2" [_thread_blocked, id=61955, stack(0x000070000cb9f000,0x000070000cc9f000)]
  0x00007fcf471c2600 JavaThread "Memory manager" [_thread_blocked, id=46339, stack(0x000070000cca2000,0x000070000cda2000)]
  0x00007fcf46abb400 JavaThread "jar transforms Thread 11" [_thread_blocked, id=46851, stack(0x000070000cda5000,0x000070000cea5000)]
  0x00007fcf46899a00 JavaThread "jar transforms Thread 12" [_thread_blocked, id=61699, stack(0x000070000cea8000,0x000070000cfa8000)]
  0x00007fcf2501e400 JavaThread "jar transforms Thread 13" [_thread_blocked, id=61187, stack(0x000070000cfab000,0x000070000d0ab000)]
  0x00007fcf472cd200 JavaThread "Cache worker for Build Output Cleanup Cache (/Users/juanprogramador/Trabajos/ticketTransfer/v2/apps/mobile/android/.gradle/buildOutputCleanup)" [_thread_blocked, id=60931, stack(0x000070000d0ae000,0x000070000d1ae000)]
  0x00007fcf472cc400 JavaThread "ForkJoinPool.commonPool-worker-1" daemon [_thread_blocked, id=60427, stack(0x000070000d1b1000,0x000070000d2b1000)]
  0x00007fcf2530a400 JavaThread "ForkJoinPool.commonPool-worker-2" daemon [_thread_blocked, id=59907, stack(0x000070000d2b4000,0x000070000d3b4000)]
  0x00007fcf252afc00 JavaThread "ForkJoinPool.commonPool-worker-3" daemon [_thread_blocked, id=47619, stack(0x000070000d3b7000,0x000070000d4b7000)]
  0x00007fcf34bc3a00 JavaThread "ForkJoinPool.commonPool-worker-4" daemon [_thread_blocked, id=59139, stack(0x000070000d4ba000,0x000070000d5ba000)]
  0x00007fcf259f6800 JavaThread "ForkJoinPool.commonPool-worker-5" daemon [_thread_blocked, id=58883, stack(0x000070000d5bd000,0x000070000d6bd000)]
  0x00007fcf4485ca00 JavaThread "ForkJoinPool.commonPool-worker-6" daemon [_thread_blocked, id=48131, stack(0x000070000d6c0000,0x000070000d7c0000)]
  0x00007fced4808200 JavaThread "ForkJoinPool.commonPool-worker-7" daemon [_thread_blocked, id=48643, stack(0x000070000d7c3000,0x000070000d8c3000)]
  0x00007fcf4485b200 JavaThread "ForkJoinPool.commonPool-worker-8" daemon [_thread_blocked, id=48899, stack(0x000070000d8c6000,0x000070000d9c6000)]
  0x00007fcf4485b800 JavaThread "ForkJoinPool.commonPool-worker-9" daemon [_thread_blocked, id=58115, stack(0x000070000d9c9000,0x000070000dac9000)]
  0x00007fcf25812400 JavaThread "ForkJoinPool.commonPool-worker-10" daemon [_thread_blocked, id=57603, stack(0x000070000dacc000,0x000070000dbcc000)]
  0x00007fcee0808200 JavaThread "ForkJoinPool.commonPool-worker-11" daemon [_thread_blocked, id=49667, stack(0x000070000dbcf000,0x000070000dccf000)]
  0x00007fcf461c0400 JavaThread "Exec process" daemon [_thread_blocked, id=57347, stack(0x000070000dcd2000,0x000070000ddd2000)]
  0x00007fcf4485be00 JavaThread "ForkJoinPool.commonPool-worker-12" daemon [_thread_blocked, id=56835, stack(0x000070000ddd5000,0x000070000ded5000)]
  0x00007fcf34bc8c00 JavaThread "Exec process Thread 2" daemon [_thread_blocked, id=56323, stack(0x000070000ded8000,0x000070000dfd8000)]
  0x00007fcf4485c400 JavaThread "ForkJoinPool.commonPool-worker-13" daemon [_thread_blocked, id=55811, stack(0x000070000dfdb000,0x000070000e0db000)]
  0x00007fcee4808a00 JavaThread "Exec process Thread 3" daemon [_thread_blocked, id=55299, stack(0x000070000e0de000,0x000070000e1de000)]
  0x00007fcf348c2e00 JavaThread "included builds" [_thread_blocked, id=55043, stack(0x000070000e1e1000,0x000070000e2e1000)]
  0x00007fcf472d7a00 JavaThread "Execution worker" [_thread_blocked, id=54787, stack(0x000070000e2e4000,0x000070000e3e4000)]
  0x00007fcf461cc000 JavaThread "Cache worker for execution history cache (/Users/juanprogramador/Trabajos/ticketTransfer/v2/node_modules/@react-native/gradle-plugin/.gradle/8.6/executionHistory)" [_thread_blocked, id=54275, stack(0x000070000e3e7000,0x000070000e4e7000)]
  0x00007fcf25a01a00 JavaThread "Unconstrained build operations Thread 3" [_thread_blocked, id=51215, stack(0x000070000e4ea000,0x000070000e5ea000)]
  0x00007fcf252b0a00 JavaThread "Unconstrained build operations Thread 4" [_thread_blocked, id=51715, stack(0x000070000e5ed000,0x000070000e6ed000)]
  0x00007fcf348bde00 JavaThread "Unconstrained build operations Thread 5" [_thread_blocked, id=53251, stack(0x000070000e6f0000,0x000070000e7f0000)]
  0x00007fcf461c1200 JavaThread "jar transforms Thread 14" [_thread_blocked, id=52995, stack(0x000070000e7f3000,0x000070000e8f3000)]
  0x00007fcf472d9c00 JavaThread "jar transforms Thread 15" [_thread_blocked, id=52487, stack(0x000070000e8f6000,0x000070000e9f6000)]
  0x00007fcf4597d800 JavaThread "jar transforms Thread 16" [_thread_blocked, id=65539, stack(0x000070000e9f9000,0x000070000eaf9000)]
  0x00007fcf25a85200 JavaThread "Unconstrained build operations Thread 6" [_thread_blocked, id=24339, stack(0x000070000a912000,0x000070000aa12000)]
  0x00007fcf44bd9800 JavaThread "Unconstrained build operations Thread 7" [_thread_blocked, id=27399, stack(0x000070000aa15000,0x000070000ab15000)]
  0x00007fcf34920e00 JavaThread "Unconstrained build operations Thread 8" [_thread_blocked, id=65795, stack(0x000070000eafc000,0x000070000ebfc000)]
  0x00007fcf25ac9800 JavaThread "Unconstrained build operations Thread 9" [_thread_blocked, id=86787, stack(0x000070000ebff000,0x000070000ecff000)]
  0x00007fcf46349000 JavaThread "Unconstrained build operations Thread 10" [_thread_blocked, id=66307, stack(0x000070000ed02000,0x000070000ee02000)]
  0x00007fcf25b02000 JavaThread "Unconstrained build operations Thread 11" [_thread_blocked, id=66819, stack(0x000070000ee05000,0x000070000ef05000)]
  0x00007fcf46543200 JavaThread "Unconstrained build operations Thread 12" [_thread_blocked, id=67075, stack(0x000070000ef08000,0x000070000f008000)]
  0x00007fcf465d3000 JavaThread "ForkJoinPool.commonPool-worker-14" daemon [_thread_blocked, id=85763, stack(0x000070000f00b000,0x000070000f10b000)]
  0x00007fcf4657e800 JavaThread "ForkJoinPool.commonPool-worker-15" daemon [_thread_blocked, id=67331, stack(0x000070000f10e000,0x000070000f20e000)]

Other Threads:
=>0x00007fcf24b32050 VMThread "VM Thread" [stack: 0x0000700009ae5000,0x0000700009be5000] [id=13571]
  0x00007fcf44726b40 WatcherThread [stack: 0x000070000a80f000,0x000070000a90f000] [id=27907]

Threads with active compile tasks:

VM state: at safepoint (normal execution)

VM Mutex/Monitor currently owned by a thread:  ([mutex/lock_event])
[0x00007fcf4500ad20] Threads_lock - owner thread: 0x00007fcf24b32050
[0x00007fcf247048c0] Heap_lock - owner thread: 0x00007fcf44ac6200

Heap address: 0x0000000700000000, size: 4096 MB, Compressed Oops mode: Zero based, Oop shift amount: 3

CDS archive(s) not mapped
Compressed class space mapped at: 0x0000000800000000-0x000000081a000000, reserved size: 436207616
Narrow klass base: 0x0000000800000000, Narrow klass shift: 0, Narrow klass range: 0x1a000000

GC Precious Log:
 CPUs: 16 total, 16 available
 Memory: 32768M
 Large Page Support: Disabled
 NUMA Support: Disabled
 Compressed Oops: Enabled (Zero based)
 Heap Min Capacity: 8M
 Heap Initial Capacity: 512M
 Heap Max Capacity: 4G
 Pre-touch: Disabled

Heap:
 def new generation   total 157632K, used 140160K [0x0000000700000000, 0x000000070ab00000, 0x0000000755550000)
  eden space 140160K, 100% used [0x0000000700000000, 0x00000007088e0000, 0x00000007088e0000)
  from space 17472K,   0% used [0x00000007088e0000, 0x00000007088e0000, 0x00000007099f0000)
  to   space 17472K,   3% used [0x00000007099f0000, 0x0000000709a7d410, 0x000000070ab00000)
 tenured generation   total 349568K, used 158578K [0x0000000755550000, 0x000000076aab0000, 0x0000000800000000)
   the space 349568K,  45% used [0x0000000755550000, 0x000000075f02cb68, 0x000000075f02cc00, 0x000000076aab0000)
 Metaspace       used 103786K, committed 105216K, reserved 557056K
  class space    used 15275K, committed 15936K, reserved 425984K

Card table byte_map: [0x0000000110800000,0x0000000111001000] _byte_map_base: 0x000000010d000000

Polling page: 0x000000010848c000

Metaspace:

Usage:
  Non-class:     86.44 MB used.
      Class:     14.92 MB used.
       Both:    101.35 MB used.

Virtual space:
  Non-class space:      128.00 MB reserved,      87.19 MB ( 68%) committed,  2 nodes.
      Class space:      416.00 MB reserved,      15.56 MB (  4%) committed,  1 nodes.
             Both:      544.00 MB reserved,     102.75 MB ( 19%) committed. 

Chunk freelists:
   Non-Class:  8.82 MB
       Class:  417.00 KB
        Both:  9.22 MB

MaxMetaspaceSize: 512.00 MB
CompressedClassSpaceSize: 416.00 MB
Initial GC threshold: 21.00 MB
Current GC threshold: 162.19 MB
CDS: off
MetaspaceReclaimPolicy: balanced
 - commit_granule_bytes: 65536.
 - commit_granule_words: 8192.
 - virtual_space_node_default_size: 8388608.
 - enlarge_chunks_in_place: 1.
 - new_chunks_are_fully_committed: 0.
 - uncommit_free_chunks: 1.
 - use_allocation_guard: 0.
 - handle_deallocations: 1.


Internal statistics:

num_allocs_failed_limit: 12.
num_arena_births: 1736.
num_arena_deaths: 0.
num_vsnodes_births: 3.
num_vsnodes_deaths: 0.
num_space_committed: 1644.
num_space_uncommitted: 0.
num_chunks_returned_to_freelist: 12.
num_chunks_taken_from_freelist: 6149.
num_chunk_merges: 12.
num_chunk_splits: 3937.
num_chunks_enlarged: 2427.
num_inconsistent_stats: 0.

CodeCache: size=49152Kb used=24415Kb max_used=24415Kb free=24736Kb
 bounds [0x000000011a981000, 0x000000011c161000, 0x000000011d981000]
 total_blobs=14903 nmethods=13958 adapters=871
 compilation: enabled
              stopped_count=0, restarted_count=0
 full_count=0

Compilation events (20 events):
Event: 19.351 Thread 0x00007fcf4700f600 nmethod 13948 0x000000011c154d90 code [0x000000011c154f40, 0x000000011c155180]
Event: 19.351 Thread 0x00007fcf4700da00 nmethod 13949 0x000000011c155290 code [0x000000011c155460, 0x000000011c155750]
Event: 19.351 Thread 0x00007fcf4680aa00 13950       1       org.gradle.api.internal.artifacts.type.DefaultArtifactTypeRegistry::applyForExtension (45 bytes)
Event: 19.352 Thread 0x00007fcf4680aa00 nmethod 13950 0x000000011c155910 code [0x000000011c155ae0, 0x000000011c155d50]
Event: 19.352 Thread 0x00007fcf4700da00 13951       1       com.android.build.api.component.impl.ComponentImpl::getSources (8 bytes)
Event: 19.352 Thread 0x00007fcf4700da00 nmethod 13951 0x000000011c155f10 code [0x000000011c1560c0, 0x000000011c1561a0]
Event: 19.353 Thread 0x00007fcf4700f600 13952   !   1       jdk.internal.reflect.GeneratedConstructorAccessor42::newInstance (49 bytes)
Event: 19.353 Thread 0x00007fcf4680aa00 13953       1       com.android.build.gradle.internal.lint.EnvironmentVariableInputs_Decorated::$gradleFactory (13 bytes)
Event: 19.353 Thread 0x00007fcf4700da00 13954       1       sun.nio.fs.UnixPath::relativize (6 bytes)
Event: 19.353 Thread 0x00007fcf4680aa00 nmethod 13953 0x000000011c156210 code [0x000000011c1563c0, 0x000000011c156600]
Event: 19.353 Thread 0x00007fcf4700da00 nmethod 13954 0x000000011c156710 code [0x000000011c1568a0, 0x000000011c156980]
Event: 19.353 Thread 0x00007fcf4680aa00 13955       1       com.android.build.gradle.internal.utils.HasConfigurableValuesKt::fromDisallowChanges (32 bytes)
Event: 19.353 Thread 0x00007fcf4700f600 nmethod 13952 0x000000011c156a10 code [0x000000011c156ca0, 0x000000011c1572e0]
Event: 19.353 Thread 0x00007fcf4700da00 13956       1       org.gradle.api.internal.DelegatingDomainObjectSet::size (10 bytes)
Event: 19.353 Thread 0x00007fcf4700da00 nmethod 13956 0x000000011c157990 code [0x000000011c157b40, 0x000000011c157c20]
Event: 19.353 Thread 0x00007fcf4700f600 13957       1       org.gradle.api.internal.file.copy.DefaultCopySpec::getDirPermissions (5 bytes)
Event: 19.353 Thread 0x00007fcf4700da00 13958       1       org.gradle.api.internal.file.copy.DefaultCopySpec::getFilePermissions (5 bytes)
Event: 19.353 Thread 0x00007fcf4700f600 nmethod 13957 0x000000011c157c90 code [0x000000011c157e20, 0x000000011c157ef0]
Event: 19.354 Thread 0x00007fcf4680aa00 nmethod 13955 0x000000011c157f90 code [0x000000011c1581e0, 0x000000011c1586a0]
Event: 19.354 Thread 0x00007fcf4700da00 nmethod 13958 0x000000011c158a10 code [0x000000011c158ba0, 0x000000011c158c70]

GC Heap History (20 events):
Event: 6.289 GC heap after
{Heap after GC invocations=4 (full 2):
 def new generation   total 157440K, used 9264K [0x0000000700000000, 0x000000070aad0000, 0x0000000755550000)
  eden space 139968K,   0% used [0x0000000700000000, 0x0000000700000000, 0x00000007088b0000)
  from space 17472K,  53% used [0x00000007099c0000, 0x000000070a2cc148, 0x000000070aad0000)
  to   space 17472K,   0% used [0x00000007088b0000, 0x00000007088b0000, 0x00000007099c0000)
 tenured generation   total 349568K, used 24005K [0x0000000755550000, 0x000000076aab0000, 0x0000000800000000)
   the space 349568K,   6% used [0x0000000755550000, 0x0000000756cc1418, 0x0000000756cc1600, 0x000000076aab0000)
 Metaspace       used 45498K, committed 46016K, reserved 491520K
  class space    used 6381K, committed 6592K, reserved 425984K
}
Event: 7.607 GC heap before
{Heap before GC invocations=4 (full 2):
 def new generation   total 157440K, used 149232K [0x0000000700000000, 0x000000070aad0000, 0x0000000755550000)
  eden space 139968K, 100% used [0x0000000700000000, 0x00000007088b0000, 0x00000007088b0000)
  from space 17472K,  53% used [0x00000007099c0000, 0x000000070a2cc148, 0x000000070aad0000)
  to   space 17472K,   0% used [0x00000007088b0000, 0x00000007088b0000, 0x00000007099c0000)
 tenured generation   total 349568K, used 24005K [0x0000000755550000, 0x000000076aab0000, 0x0000000800000000)
   the space 349568K,   6% used [0x0000000755550000, 0x0000000756cc1418, 0x0000000756cc1600, 0x000000076aab0000)
 Metaspace       used 57764K, committed 58368K, reserved 491520K
  class space    used 8267K, committed 8512K, reserved 425984K
}
Event: 7.645 GC heap after
{Heap after GC invocations=5 (full 2):
 def new generation   total 157440K, used 16152K [0x0000000700000000, 0x000000070aad0000, 0x0000000755550000)
  eden space 139968K,   0% used [0x0000000700000000, 0x0000000700000000, 0x00000007088b0000)
  from space 17472K,  92% used [0x00000007088b0000, 0x0000000709876150, 0x00000007099c0000)
  to   space 17472K,   0% used [0x00000007099c0000, 0x00000007099c0000, 0x000000070aad0000)
 tenured generation   total 349568K, used 31662K [0x0000000755550000, 0x000000076aab0000, 0x0000000800000000)
   the space 349568K,   9% used [0x0000000755550000, 0x000000075743ba78, 0x000000075743bc00, 0x000000076aab0000)
 Metaspace       used 57764K, committed 58368K, reserved 491520K
  class space    used 8267K, committed 8512K, reserved 425984K
}
Event: 7.791 GC heap before
{Heap before GC invocations=5 (full 2):
 def new generation   total 157440K, used 38599K [0x0000000700000000, 0x000000070aad0000, 0x0000000755550000)
  eden space 139968K,  16% used [0x0000000700000000, 0x00000007015ebdc0, 0x00000007088b0000)
  from space 17472K,  92% used [0x00000007088b0000, 0x0000000709876150, 0x00000007099c0000)
  to   space 17472K,   0% used [0x00000007099c0000, 0x00000007099c0000, 0x000000070aad0000)
 tenured generation   total 349568K, used 31662K [0x0000000755550000, 0x000000076aab0000, 0x0000000800000000)
   the space 349568K,   9% used [0x0000000755550000, 0x000000075743ba78, 0x000000075743bc00, 0x000000076aab0000)
 Metaspace       used 59166K, committed 59776K, reserved 491520K
  class space    used 8488K, committed 8768K, reserved 425984K
}
Event: 7.866 GC heap after
{Heap after GC invocations=6 (full 3):
 def new generation   total 157504K, used 0K [0x0000000700000000, 0x000000070aae0000, 0x0000000755550000)
  eden space 140032K,   0% used [0x0000000700000000, 0x0000000700000000, 0x00000007088c0000)
  from space 17472K,   0% used [0x00000007088c0000, 0x00000007088c0000, 0x00000007099d0000)
  to   space 17472K,   0% used [0x00000007099d0000, 0x00000007099d0000, 0x000000070aae0000)
 tenured generation   total 349568K, used 51778K [0x0000000755550000, 0x000000076aab0000, 0x0000000800000000)
   the space 349568K,  14% used [0x0000000755550000, 0x00000007587e0a70, 0x00000007587e0c00, 0x000000076aab0000)
 Metaspace       used 59166K, committed 59776K, reserved 491520K
  class space    used 8488K, committed 8768K, reserved 425984K
}
Event: 9.049 GC heap before
{Heap before GC invocations=6 (full 3):
 def new generation   total 157504K, used 140032K [0x0000000700000000, 0x000000070aae0000, 0x0000000755550000)
  eden space 140032K, 100% used [0x0000000700000000, 0x00000007088c0000, 0x00000007088c0000)
  from space 17472K,   0% used [0x00000007088c0000, 0x00000007088c0000, 0x00000007099d0000)
  to   space 17472K,   0% used [0x00000007099d0000, 0x00000007099d0000, 0x000000070aae0000)
 tenured generation   total 349568K, used 51778K [0x0000000755550000, 0x000000076aab0000, 0x0000000800000000)
   the space 349568K,  14% used [0x0000000755550000, 0x00000007587e0a70, 0x00000007587e0c00, 0x000000076aab0000)
 Metaspace       used 67612K, committed 68288K, reserved 491520K
  class space    used 9764K, committed 10112K, reserved 425984K
}
Event: 9.068 GC heap after
{Heap after GC invocations=7 (full 3):
 def new generation   total 157504K, used 9412K [0x0000000700000000, 0x000000070aae0000, 0x0000000755550000)
  eden space 140032K,   0% used [0x0000000700000000, 0x0000000700000000, 0x00000007088c0000)
  from space 17472K,  53% used [0x00000007099d0000, 0x000000070a3013f8, 0x000000070aae0000)
  to   space 17472K,   0% used [0x00000007088c0000, 0x00000007088c0000, 0x00000007099d0000)
 tenured generation   total 349568K, used 51778K [0x0000000755550000, 0x000000076aab0000, 0x0000000800000000)
   the space 349568K,  14% used [0x0000000755550000, 0x00000007587e0a70, 0x00000007587e0c00, 0x000000076aab0000)
 Metaspace       used 67612K, committed 68288K, reserved 491520K
  class space    used 9764K, committed 10112K, reserved 425984K
}
Event: 10.525 GC heap before
{Heap before GC invocations=7 (full 3):
 def new generation   total 157504K, used 149444K [0x0000000700000000, 0x000000070aae0000, 0x0000000755550000)
  eden space 140032K, 100% used [0x0000000700000000, 0x00000007088c0000, 0x00000007088c0000)
  from space 17472K,  53% used [0x00000007099d0000, 0x000000070a3013f8, 0x000000070aae0000)
  to   space 17472K,   0% used [0x00000007088c0000, 0x00000007088c0000, 0x00000007099d0000)
 tenured generation   total 349568K, used 51778K [0x0000000755550000, 0x000000076aab0000, 0x0000000800000000)
   the space 349568K,  14% used [0x0000000755550000, 0x00000007587e0a70, 0x00000007587e0c00, 0x000000076aab0000)
 Metaspace       used 74470K, committed 75264K, reserved 491520K
  class space    used 10758K, committed 11136K, reserved 425984K
}
Event: 10.558 GC heap after
{Heap after GC invocations=8 (full 3):
 def new generation   total 157504K, used 17472K [0x0000000700000000, 0x000000070aae0000, 0x0000000755550000)
  eden space 140032K,   0% used [0x0000000700000000, 0x0000000700000000, 0x00000007088c0000)
  from space 17472K, 100% used [0x00000007088c0000, 0x00000007099d0000, 0x00000007099d0000)
  to   space 17472K,   0% used [0x00000007099d0000, 0x00000007099d0000, 0x000000070aae0000)
 tenured generation   total 349568K, used 59004K [0x0000000755550000, 0x000000076aab0000, 0x0000000800000000)
   the space 349568K,  16% used [0x0000000755550000, 0x0000000758eef040, 0x0000000758eef200, 0x000000076aab0000)
 Metaspace       used 74470K, committed 75264K, reserved 491520K
  class space    used 10758K, committed 11136K, reserved 425984K
}
Event: 11.441 GC heap before
{Heap before GC invocations=8 (full 3):
 def new generation   total 157504K, used 157504K [0x0000000700000000, 0x000000070aae0000, 0x0000000755550000)
  eden space 140032K, 100% used [0x0000000700000000, 0x00000007088c0000, 0x00000007088c0000)
  from space 17472K, 100% used [0x00000007088c0000, 0x00000007099d0000, 0x00000007099d0000)
  to   space 17472K,   0% used [0x00000007099d0000, 0x00000007099d0000, 0x000000070aae0000)
 tenured generation   total 349568K, used 59004K [0x0000000755550000, 0x000000076aab0000, 0x0000000800000000)
   the space 349568K,  16% used [0x0000000755550000, 0x0000000758eef040, 0x0000000758eef200, 0x000000076aab0000)
 Metaspace       used 82276K, committed 83008K, reserved 557056K
  class space    used 11832K, committed 12160K, reserved 425984K
}
Event: 11.476 GC heap after
{Heap after GC invocations=9 (full 3):
 def new generation   total 157504K, used 10204K [0x0000000700000000, 0x000000070aae0000, 0x0000000755550000)
  eden space 140032K,   0% used [0x0000000700000000, 0x0000000700000000, 0x00000007088c0000)
  from space 17472K,  58% used [0x00000007099d0000, 0x000000070a3c73b8, 0x000000070aae0000)
  to   space 17472K,   0% used [0x00000007088c0000, 0x00000007088c0000, 0x00000007099d0000)
 tenured generation   total 349568K, used 76391K [0x0000000755550000, 0x000000076aab0000, 0x0000000800000000)
   the space 349568K,  21% used [0x0000000755550000, 0x0000000759fe9f10, 0x0000000759fea000, 0x000000076aab0000)
 Metaspace       used 82276K, committed 83008K, reserved 557056K
  class space    used 11832K, committed 12160K, reserved 425984K
}
Event: 15.125 GC heap before
{Heap before GC invocations=9 (full 3):
 def new generation   total 157504K, used 150236K [0x0000000700000000, 0x000000070aae0000, 0x0000000755550000)
  eden space 140032K, 100% used [0x0000000700000000, 0x00000007088c0000, 0x00000007088c0000)
  from space 17472K,  58% used [0x00000007099d0000, 0x000000070a3c73b8, 0x000000070aae0000)
  to   space 17472K,   0% used [0x00000007088c0000, 0x00000007088c0000, 0x00000007099d0000)
 tenured generation   total 349568K, used 76391K [0x0000000755550000, 0x000000076aab0000, 0x0000000800000000)
   the space 349568K,  21% used [0x0000000755550000, 0x0000000759fe9f10, 0x0000000759fea000, 0x000000076aab0000)
 Metaspace       used 89875K, committed 90688K, reserved 557056K
  class space    used 13110K, committed 13504K, reserved 425984K
}
Event: 15.152 GC heap after
{Heap after GC invocations=10 (full 3):
 def new generation   total 157504K, used 6349K [0x0000000700000000, 0x000000070aae0000, 0x0000000755550000)
  eden space 140032K,   0% used [0x0000000700000000, 0x0000000700000000, 0x00000007088c0000)
  from space 17472K,  36% used [0x00000007088c0000, 0x0000000708ef3788, 0x00000007099d0000)
  to   space 17472K,   0% used [0x00000007099d0000, 0x00000007099d0000, 0x000000070aae0000)
 tenured generation   total 349568K, used 86510K [0x0000000755550000, 0x000000076aab0000, 0x0000000800000000)
   the space 349568K,  24% used [0x0000000755550000, 0x000000075a9cbbe0, 0x000000075a9cbc00, 0x000000076aab0000)
 Metaspace       used 89875K, committed 90688K, reserved 557056K
  class space    used 13110K, committed 13504K, reserved 425984K
}
Event: 16.053 GC heap before
{Heap before GC invocations=10 (full 3):
 def new generation   total 157504K, used 146381K [0x0000000700000000, 0x000000070aae0000, 0x0000000755550000)
  eden space 140032K, 100% used [0x0000000700000000, 0x00000007088c0000, 0x00000007088c0000)
  from space 17472K,  36% used [0x00000007088c0000, 0x0000000708ef3788, 0x00000007099d0000)
  to   space 17472K,   0% used [0x00000007099d0000, 0x00000007099d0000, 0x000000070aae0000)
 tenured generation   total 349568K, used 86510K [0x0000000755550000, 0x000000076aab0000, 0x0000000800000000)
   the space 349568K,  24% used [0x0000000755550000, 0x000000075a9cbbe0, 0x000000075a9cbc00, 0x000000076aab0000)
 Metaspace       used 94684K, committed 95680K, reserved 557056K
  class space    used 13826K, committed 14272K, reserved 425984K
}
Event: 16.104 GC heap after
{Heap after GC invocations=11 (full 3):
 def new generation   total 157504K, used 17471K [0x0000000700000000, 0x000000070aae0000, 0x0000000755550000)
  eden space 140032K,   0% used [0x0000000700000000, 0x0000000700000000, 0x00000007088c0000)
  from space 17472K,  99% used [0x00000007099d0000, 0x000000070aadfff8, 0x000000070aae0000)
  to   space 17472K,   0% used [0x00000007088c0000, 0x00000007088c0000, 0x00000007099d0000)
 tenured generation   total 349568K, used 97653K [0x0000000755550000, 0x000000076aab0000, 0x0000000800000000)
   the space 349568K,  27% used [0x0000000755550000, 0x000000075b4ad560, 0x000000075b4ad600, 0x000000076aab0000)
 Metaspace       used 94684K, committed 95680K, reserved 557056K
  class space    used 13826K, committed 14272K, reserved 425984K
}
Event: 17.182 GC heap before
{Heap before GC invocations=11 (full 3):
 def new generation   total 157504K, used 157503K [0x0000000700000000, 0x000000070aae0000, 0x0000000755550000)
  eden space 140032K, 100% used [0x0000000700000000, 0x00000007088c0000, 0x00000007088c0000)
  from space 17472K,  99% used [0x00000007099d0000, 0x000000070aadfff8, 0x000000070aae0000)
  to   space 17472K,   0% used [0x00000007088c0000, 0x00000007088c0000, 0x00000007099d0000)
 tenured generation   total 349568K, used 97653K [0x0000000755550000, 0x000000076aab0000, 0x0000000800000000)
   the space 349568K,  27% used [0x0000000755550000, 0x000000075b4ad560, 0x000000075b4ad600, 0x000000076aab0000)
 Metaspace       used 96730K, committed 97984K, reserved 557056K
  class space    used 14194K, committed 14720K, reserved 425984K
}
Event: 17.284 GC heap after
{Heap after GC invocations=12 (full 3):
 def new generation   total 157504K, used 17471K [0x0000000700000000, 0x000000070aae0000, 0x0000000755550000)
  eden space 140032K,   0% used [0x0000000700000000, 0x0000000700000000, 0x00000007088c0000)
  from space 17472K,  99% used [0x00000007088c0000, 0x00000007099cfff8, 0x00000007099d0000)
  to   space 17472K,   0% used [0x00000007099d0000, 0x00000007099d0000, 0x000000070aae0000)
 tenured generation   total 349568K, used 127896K [0x0000000755550000, 0x000000076aab0000, 0x0000000800000000)
   the space 349568K,  36% used [0x0000000755550000, 0x000000075d236088, 0x000000075d236200, 0x000000076aab0000)
 Metaspace       used 96730K, committed 97984K, reserved 557056K
  class space    used 14194K, committed 14720K, reserved 425984K
}
Event: 18.028 GC heap before
{Heap before GC invocations=12 (full 3):
 def new generation   total 157504K, used 133020K [0x0000000700000000, 0x000000070aae0000, 0x0000000755550000)
  eden space 140032K,  82% used [0x0000000700000000, 0x00000007070d7328, 0x00000007088c0000)
  from space 17472K,  99% used [0x00000007088c0000, 0x00000007099cfff8, 0x00000007099d0000)
  to   space 17472K,   0% used [0x00000007099d0000, 0x00000007099d0000, 0x000000070aae0000)
 tenured generation   total 349568K, used 127896K [0x0000000755550000, 0x000000076aab0000, 0x0000000800000000)
   the space 349568K,  36% used [0x0000000755550000, 0x000000075d236088, 0x000000075d236200, 0x000000076aab0000)
 Metaspace       used 98388K, committed 99648K, reserved 557056K
  class space    used 14420K, committed 14976K, reserved 425984K
}
Event: 18.307 GC heap after
{Heap after GC invocations=13 (full 4):
 def new generation   total 157632K, used 0K [0x0000000700000000, 0x000000070ab00000, 0x0000000755550000)
  eden space 140160K,   0% used [0x0000000700000000, 0x0000000700000000, 0x00000007088e0000)
  from space 17472K,   0% used [0x00000007088e0000, 0x00000007088e0000, 0x00000007099f0000)
  to   space 17472K,   0% used [0x00000007099f0000, 0x00000007099f0000, 0x000000070ab00000)
 tenured generation   total 349568K, used 158578K [0x0000000755550000, 0x000000076aab0000, 0x0000000800000000)
   the space 349568K,  45% used [0x0000000755550000, 0x000000075f02cb68, 0x000000075f02cc00, 0x000000076aab0000)
 Metaspace       used 98388K, committed 99648K, reserved 557056K
  class space    used 14420K, committed 14976K, reserved 425984K
}
Event: 19.356 GC heap before
{Heap before GC invocations=13 (full 4):
 def new generation   total 157632K, used 140160K [0x0000000700000000, 0x000000070ab00000, 0x0000000755550000)
  eden space 140160K, 100% used [0x0000000700000000, 0x00000007088e0000, 0x00000007088e0000)
  from space 17472K,   0% used [0x00000007088e0000, 0x00000007088e0000, 0x00000007099f0000)
  to   space 17472K,   0% used [0x00000007099f0000, 0x00000007099f0000, 0x000000070ab00000)
 tenured generation   total 349568K, used 158578K [0x0000000755550000, 0x000000076aab0000, 0x0000000800000000)
   the space 349568K,  45% used [0x0000000755550000, 0x000000075f02cb68, 0x000000075f02cc00, 0x000000076aab0000)
 Metaspace       used 103786K, committed 105216K, reserved 557056K
  class space    used 15275K, committed 15936K, reserved 425984K
}

Dll operation events (13 events):
Event: 0.016 Loaded shared library /Library/Java/JavaVirtualMachines/temurin-17.jdk/Contents/Home/lib/libjava.dylib
Event: 0.099 Loaded shared library /Library/Java/JavaVirtualMachines/temurin-17.jdk/Contents/Home/lib/libzip.dylib
Event: 0.101 Loaded shared library /Library/Java/JavaVirtualMachines/temurin-17.jdk/Contents/Home/lib/libinstrument.dylib
Event: 0.107 Loaded shared library /Library/Java/JavaVirtualMachines/temurin-17.jdk/Contents/Home/lib/libnio.dylib
Event: 0.114 Loaded shared library /Library/Java/JavaVirtualMachines/temurin-17.jdk/Contents/Home/lib/libzip.dylib
Event: 0.194 Loaded shared library /Library/Java/JavaVirtualMachines/temurin-17.jdk/Contents/Home/lib/libjimage.dylib
Event: 0.229 Loaded shared library /Library/Java/JavaVirtualMachines/temurin-17.jdk/Contents/Home/lib/libverify.dylib
Event: 0.314 Loaded shared library /Library/Java/JavaVirtualMachines/temurin-17.jdk/Contents/Home/lib/libnet.dylib
Event: 0.318 Loaded shared library /Users/juanprogramador/.gradle/native/c067742578af261105cb4f569cf0c3c89f3d7b1fecec35dd04571415982c5e48/osx-amd64/libnative-platform.dylib
Event: 0.326 Loaded shared library /Users/juanprogramador/.gradle/native/38dada09dfb8b06ba9b0570ebf7e218e3eb74d4ef43ca46872605cf95ebc2f47/osx-amd64/libnative-platform-file-events.dylib
Event: 0.790 Loaded shared library /Library/Java/JavaVirtualMachines/temurin-17.jdk/Contents/Home/lib/libmanagement.dylib
Event: 0.792 Loaded shared library /Library/Java/JavaVirtualMachines/temurin-17.jdk/Contents/Home/lib/libmanagement_ext.dylib
Event: 0.899 Loaded shared library /Library/Java/JavaVirtualMachines/temurin-17.jdk/Contents/Home/lib/libextnet.dylib

Deoptimization events (10 events):
Event: 2.612 Thread 0x00007fcf44ac6200 DEOPT PACKING pc=0x000000011b1cd5f4 sp=0x000070000b223e40
Event: 2.612 Thread 0x00007fcf44ac6200 DEOPT UNPACKING pc=0x000000011a9d7b2f sp=0x000070000b223348 mode 0
Event: 9.664 Thread 0x00007fcf472d7a00 DEOPT PACKING pc=0x000000011b5c3a24 sp=0x000070000e3e2a60
Event: 9.664 Thread 0x00007fcf472d7a00 DEOPT UNPACKING pc=0x000000011a9d7b2f sp=0x000070000e3e1fd8 mode 0
Event: 16.903 Thread 0x00007fcf44ac6200 DEOPT PACKING pc=0x000000011bba1874 sp=0x000070000b2238a0
Event: 16.903 Thread 0x00007fcf44ac6200 DEOPT UNPACKING pc=0x000000011a9d7b2f sp=0x000070000b222e08 mode 0
Event: 16.903 Thread 0x00007fcf44ac6200 DEOPT PACKING pc=0x000000011bd57624 sp=0x000070000b223a40
Event: 16.903 Thread 0x00007fcf44ac6200 DEOPT UNPACKING pc=0x000000011a9d7b2f sp=0x000070000b222ed8 mode 0
Event: 16.903 Thread 0x00007fcf44ac6200 DEOPT PACKING pc=0x000000011bd0191c sp=0x000070000b224330
Event: 16.903 Thread 0x00007fcf44ac6200 DEOPT UNPACKING pc=0x000000011a9d7b2f sp=0x000070000b223860 mode 0

Classes loaded (20 events):
Event: 18.940 Loading class com/sun/org/apache/xerces/internal/parsers/AbstractSAXParser$LocatorProxy
Event: 18.940 Loading class org/xml/sax/ext/Locator2
Event: 18.940 Loading class org/xml/sax/ext/Locator2 done
Event: 18.940 Loading class com/sun/org/apache/xerces/internal/parsers/AbstractSAXParser$LocatorProxy done
Event: 18.942 Loading class org/xml/sax/helpers/AttributesImpl
Event: 18.943 Loading class org/xml/sax/helpers/AttributesImpl done
Event: 18.943 Loading class java/util/regex/Pattern$Behind
Event: 18.943 Loading class java/util/regex/Pattern$Behind done
Event: 18.943 Loading class java/util/regex/Pattern$Neg
Event: 18.943 Loading class java/util/regex/Pattern$Neg done
Event: 18.948 Loading class javax/xml/datatype/DatatypeConfigurationException
Event: 18.948 Loading class javax/xml/datatype/DatatypeConfigurationException done
Event: 18.949 Loading class jdk/internal/reflect/UnsafeBooleanFieldAccessorImpl
Event: 18.949 Loading class jdk/internal/reflect/UnsafeBooleanFieldAccessorImpl done
Event: 18.949 Loading class jdk/internal/reflect/UnsafeIntegerFieldAccessorImpl
Event: 18.950 Loading class jdk/internal/reflect/UnsafeIntegerFieldAccessorImpl done
Event: 19.035 Loading class java/io/CharArrayWriter
Event: 19.036 Loading class java/io/CharArrayWriter done
Event: 19.038 Loading class java/io/SequenceInputStream
Event: 19.038 Loading class java/io/SequenceInputStream done

Classes unloaded (0 events):
No events

Classes redefined (0 events):
No events

Internal exceptions (20 events):
Event: 17.534 Thread 0x00007fcf44ac6200 Exception <a 'java/lang/ClassNotFoundException'{0x0000000702a6df28}: org/gradle/api/internal/artifacts/dependencies/DefaultDependencyConstraint_DecoratedCustomizer> (0x0000000702a6df28) 
thrown [src/hotspot/share/classfile/systemDictionary.cpp, line 256]
Event: 17.591 Thread 0x00007fcf44ac6200 Exception <a 'java/lang/NoSuchMethodError'{0x0000000702fe2ad0}: 'int java.lang.invoke.DirectMethodHandle$Holder.invokeStatic(java.lang.Object, java.lang.Object, int)'> (0x0000000702fe2ad0) 
thrown [src/hotspot/share/interpreter/linkResolver.cpp, line 759]
Event: 17.591 Thread 0x00007fcf44ac6200 Exception <a 'java/lang/NoSuchMethodError'{0x0000000702fe78c8}: 'int java.lang.invoke.DirectMethodHandle$Holder.invokeSpecial(java.lang.Object, java.lang.Object, java.lang.Object, int)'> (0x0000000702fe78c8) 
thrown [src/hotspot/share/interpreter/linkResolver.cpp, line 759]
Event: 17.759 Thread 0x00007fcf44ac6200 Exception <a 'java/lang/ClassNotFoundException'{0x00000007044c2f70}: build_bettn77571kjqii05kx36pvh8BeanInfo> (0x00000007044c2f70) 
thrown [src/hotspot/share/classfile/systemDictionary.cpp, line 256]
Event: 17.759 Thread 0x00007fcf44ac6200 Exception <a 'java/lang/ClassNotFoundException'{0x00000007044c9d80}: build_bettn77571kjqii05kx36pvh8Customizer> (0x00000007044c9d80) 
thrown [src/hotspot/share/classfile/systemDictionary.cpp, line 256]
Event: 17.905 Thread 0x00007fcf44ac6200 Exception <a 'java/lang/ClassNotFoundException'{0x00000007061662e0}: build_bettn77571kjqii05kx36pvh8BeanInfo> (0x00000007061662e0) 
thrown [src/hotspot/share/classfile/systemDictionary.cpp, line 256]
Event: 17.905 Thread 0x00007fcf44ac6200 Exception <a 'java/lang/ClassNotFoundException'{0x000000070616d090}: build_bettn77571kjqii05kx36pvh8Customizer> (0x000000070616d090) 
thrown [src/hotspot/share/classfile/systemDictionary.cpp, line 256]
Event: 18.002 Thread 0x00007fcf44ac6200 Exception <a 'java/lang/ClassNotFoundException'{0x0000000706c0c028}: build_bettn77571kjqii05kx36pvh8$_run_closure1BeanInfo> (0x0000000706c0c028) 
thrown [src/hotspot/share/classfile/systemDictionary.cpp, line 256]
Event: 18.002 Thread 0x00007fcf44ac6200 Exception <a 'java/lang/ClassNotFoundException'{0x0000000706c18a98}: build_bettn77571kjqii05kx36pvh8$_run_closure1Customizer> (0x0000000706c18a98) 
thrown [src/hotspot/share/classfile/systemDictionary.cpp, line 256]
Event: 18.025 Thread 0x00007fcf44ac6200 Exception <a 'java/lang/ClassNotFoundException'{0x0000000706f79078}: build_92w8bxja5v07jbb3nkw48mt6jBeanInfo> (0x0000000706f79078) 
thrown [src/hotspot/share/classfile/systemDictionary.cpp, line 256]
Event: 18.025 Thread 0x00007fcf44ac6200 Exception <a 'java/lang/ClassNotFoundException'{0x0000000706f7fe88}: build_92w8bxja5v07jbb3nkw48mt6jCustomizer> (0x0000000706f7fe88) 
thrown [src/hotspot/share/classfile/systemDictionary.cpp, line 256]
Event: 18.308 Thread 0x00007fcf44ac6200 Exception <a 'java/lang/ClassNotFoundException'{0x000000070008cdf8}: build_92w8bxja5v07jbb3nkw48mt6j$_run_closure1BeanInfo> (0x000000070008cdf8) 
thrown [src/hotspot/share/classfile/systemDictionary.cpp, line 256]
Event: 18.308 Thread 0x00007fcf44ac6200 Exception <a 'java/lang/ClassNotFoundException'{0x0000000700093d48}: build_92w8bxja5v07jbb3nkw48mt6j$_run_closure1Customizer> (0x0000000700093d48) 
thrown [src/hotspot/share/classfile/systemDictionary.cpp, line 256]
Event: 18.340 Thread 0x00007fcf44ac6200 Exception <a 'java/lang/ClassNotFoundException'{0x00000007006a7d60}: build_92w8bxja5v07jbb3nkw48mt6jBeanInfo> (0x00000007006a7d60) 
thrown [src/hotspot/share/classfile/systemDictionary.cpp, line 256]
Event: 18.340 Thread 0x00007fcf44ac6200 Exception <a 'java/lang/ClassNotFoundException'{0x00000007006aeb10}: build_92w8bxja5v07jbb3nkw48mt6jCustomizer> (0x00000007006aeb10) 
thrown [src/hotspot/share/classfile/systemDictionary.cpp, line 256]
Event: 18.374 Thread 0x00007fcf44ac6200 Exception <a 'java/lang/ClassNotFoundException'{0x0000000700d191f8}: com/android/build/gradle/internal/api/DefaultAndroidSourceFileBeanInfo> (0x0000000700d191f8) 
thrown [src/hotspot/share/classfile/systemDictionary.cpp, line 256]
Event: 18.374 Thread 0x00007fcf44ac6200 Exception <a 'java/lang/ClassNotFoundException'{0x0000000700d2adc0}: com/android/build/gradle/internal/api/DefaultAndroidSourceFileCustomizer> (0x0000000700d2adc0) 
thrown [src/hotspot/share/classfile/systemDictionary.cpp, line 256]
Event: 18.376 Thread 0x00007fcf44ac6200 Exception <a 'java/lang/ClassNotFoundException'{0x0000000700d64fd8}: build_92w8bxja5v07jbb3nkw48mt6j$_run_closure1BeanInfo> (0x0000000700d64fd8) 
thrown [src/hotspot/share/classfile/systemDictionary.cpp, line 256]
Event: 18.376 Thread 0x00007fcf44ac6200 Exception <a 'java/lang/ClassNotFoundException'{0x0000000700d6e820}: build_92w8bxja5v07jbb3nkw48mt6j$_run_closure1Customizer> (0x0000000700d6e820) 
thrown [src/hotspot/share/classfile/systemDictionary.cpp, line 256]
Event: 18.760 Thread 0x00007fcf44ac6200 Exception <a 'java/lang/NullPointerException'{0x00000007041a81d0}> (0x00000007041a81d0) 
thrown [src/hotspot/share/interpreter/linkResolver.cpp, line 1433]

VM Operations (20 events):
Event: 16.357 Executing VM operation: ICBufferFull done
Event: 16.649 Executing VM operation: ICBufferFull
Event: 16.649 Executing VM operation: ICBufferFull done
Event: 16.887 Executing VM operation: HandshakeAllThreads
Event: 16.887 Executing VM operation: HandshakeAllThreads done
Event: 17.168 Executing VM operation: ICBufferFull
Event: 17.168 Executing VM operation: ICBufferFull done
Event: 17.182 Executing VM operation: GenCollectForAllocation
Event: 17.284 Executing VM operation: GenCollectForAllocation done
Event: 17.602 Executing VM operation: HandshakeAllThreads
Event: 17.602 Executing VM operation: HandshakeAllThreads done
Event: 18.028 Executing VM operation: CollectForMetadataAllocation
Event: 18.307 Executing VM operation: CollectForMetadataAllocation done
Event: 18.602 Executing VM operation: ICBufferFull
Event: 18.603 Executing VM operation: ICBufferFull done
Event: 19.070 Executing VM operation: HandshakeAllThreads
Event: 19.070 Executing VM operation: HandshakeAllThreads done
Event: 19.097 Executing VM operation: ICBufferFull
Event: 19.097 Executing VM operation: ICBufferFull done
Event: 19.355 Executing VM operation: GenCollectForAllocation

Memory protections (20 events):
Event: 9.503 Protecting memory [0x000070000e1e1000,0x000070000e1e5000] with protection modes 0
Event: 9.507 Protecting memory [0x000070000e2e4000,0x000070000e2e8000] with protection modes 0
Event: 9.535 Protecting memory [0x000070000e3e7000,0x000070000e3eb000] with protection modes 0
Event: 9.611 Protecting memory [0x000070000e4ea000,0x000070000e4ee000] with protection modes 0
Event: 9.630 Protecting memory [0x000070000e5ed000,0x000070000e5f1000] with protection modes 0
Event: 9.695 Protecting memory [0x000070000e6f0000,0x000070000e6f4000] with protection modes 0
Event: 9.862 Protecting memory [0x000070000e7f3000,0x000070000e7f7000] with protection modes 0
Event: 9.989 Protecting memory [0x000070000e8f6000,0x000070000e8fa000] with protection modes 0
Event: 9.993 Protecting memory [0x000070000e9f9000,0x000070000e9fd000] with protection modes 0
Event: 14.169 Protecting memory [0x000070000aa15000,0x000070000aa19000] with protection modes 3
Event: 14.169 Protecting memory [0x000070000a912000,0x000070000a916000] with protection modes 3
Event: 15.496 Protecting memory [0x000070000a912000,0x000070000a916000] with protection modes 0
Event: 15.876 Protecting memory [0x000070000aa15000,0x000070000aa19000] with protection modes 0
Event: 16.167 Protecting memory [0x000070000eafc000,0x000070000eb00000] with protection modes 0
Event: 16.620 Protecting memory [0x000070000ebff000,0x000070000ec03000] with protection modes 0
Event: 17.168 Protecting memory [0x000070000ed02000,0x000070000ed06000] with protection modes 0
Event: 17.819 Protecting memory [0x000070000ee05000,0x000070000ee09000] with protection modes 0
Event: 18.328 Protecting memory [0x000070000ef08000,0x000070000ef0c000] with protection modes 0
Event: 18.522 Protecting memory [0x000070000f00b000,0x000070000f00f000] with protection modes 0
Event: 18.527 Protecting memory [0x000070000f10e000,0x000070000f112000] with protection modes 0

Nmethod flushes (0 events):
No events

Events (20 events):
Event: 9.503 Thread 0x00007fcf44ac6200 Thread added: 0x00007fcf348c2e00
Event: 9.507 Thread 0x00007fcf348c2e00 Thread added: 0x00007fcf472d7a00
Event: 9.535 Thread 0x00007fcf472d7a00 Thread added: 0x00007fcf461cc000
Event: 9.611 Thread 0x00007fcf472d7a00 Thread added: 0x00007fcf25a01a00
Event: 9.630 Thread 0x00007fcf472d7a00 Thread added: 0x00007fcf252b0a00
Event: 9.695 Thread 0x00007fcf44ac6200 Thread added: 0x00007fcf348bde00
Event: 9.862 Thread 0x00007fcf44ac6200 Thread added: 0x00007fcf461c1200
Event: 9.989 Thread 0x00007fcf44ac6200 Thread added: 0x00007fcf472d9c00
Event: 9.993 Thread 0x00007fcf44ac6200 Thread added: 0x00007fcf4597d800
Event: 14.169 Thread 0x00007fcf250d8c00 Thread exited: 0x00007fcf250d8c00
Event: 14.169 Thread 0x00007fcf2501de00 Thread exited: 0x00007fcf2501de00
Event: 15.496 Thread 0x00007fcf44ac6200 Thread added: 0x00007fcf25a85200
Event: 15.876 Thread 0x00007fcf44ac6200 Thread added: 0x00007fcf44bd9800
Event: 16.167 Thread 0x00007fcf44ac6200 Thread added: 0x00007fcf34920e00
Event: 16.620 Thread 0x00007fcf44ac6200 Thread added: 0x00007fcf25ac9800
Event: 17.168 Thread 0x00007fcf44ac6200 Thread added: 0x00007fcf46349000
Event: 17.819 Thread 0x00007fcf44ac6200 Thread added: 0x00007fcf25b02000
Event: 18.328 Thread 0x00007fcf44ac6200 Thread added: 0x00007fcf46543200
Event: 18.522 Thread 0x00007fcf2530a400 Thread added: 0x00007fcf465d3000
Event: 18.527 Thread 0x00007fcf2530a400 Thread added: 0x00007fcf4657e800


Dynamic libraries:
0x0000000108401000 	/Library/Java/JavaVirtualMachines/temurin-17.jdk/Contents/Home/lib/libjli.dylib
0x00007ff82e127000 	/System/Library/Frameworks/Cocoa.framework/Versions/A/Cocoa
0x00007ff81275b000 	/System/Library/Frameworks/AppKit.framework/Versions/C/AppKit
0x00007ff816021000 	/System/Library/Frameworks/CoreData.framework/Versions/A/CoreData
0x00007ff80fb66000 	/System/Library/Frameworks/Foundation.framework/Versions/C/Foundation
0x00007ff81e360000 	/usr/lib/libSystem.B.dylib
0x00007ff813f54000 	/System/Library/PrivateFrameworks/UIFoundation.framework/Versions/A/UIFoundation
0x00007ffb2b136000 	/System/Library/PrivateFrameworks/CollectionViewCore.framework/Versions/A/CollectionViewCore
0x00007ff81b4e0000 	/System/Library/PrivateFrameworks/XCTTargetBootstrap.framework/Versions/A/XCTTargetBootstrap
0x00007ff8210c5000 	/System/Library/PrivateFrameworks/InternationalSupport.framework/Versions/A/InternationalSupport
0x00007ff821417000 	/System/Library/PrivateFrameworks/UserActivity.framework/Versions/A/UserActivity
0x00007ff81675c000 	/System/Library/PrivateFrameworks/BaseBoard.framework/Versions/A/BaseBoard
0x00007ffc132dd000 	/System/Library/PrivateFrameworks/FrontBoard.framework/Versions/A/FrontBoard
0x00007ff828ef0000 	/System/Library/PrivateFrameworks/FrontBoardServices.framework/Versions/A/FrontBoardServices
0x00007ffd2b53d000 	/usr/lib/libRosetta.dylib
0x00007ffd1f2c7000 	/System/Library/PrivateFrameworks/UIIntelligenceSupport.framework/Versions/A/UIIntelligenceSupport
0x00007ffb20d87000 	/System/Library/Frameworks/SwiftUICore.framework/Versions/A/SwiftUICore
0x00007ffd25123000 	/System/Library/PrivateFrameworks/WritingTools.framework/Versions/A/WritingTools
0x00007ffd240ba000 	/System/Library/PrivateFrameworks/WindowManagement.framework/Versions/A/WindowManagement
0x00007ff80f7f1000 	/System/Library/Frameworks/SystemConfiguration.framework/Versions/A/SystemConfiguration
0x00007ff8202d7000 	/usr/lib/libspindump.dylib
0x00007ff81413a000 	/System/Library/Frameworks/UniformTypeIdentifiers.framework/Versions/A/UniformTypeIdentifiers
0x00007ff81d504000 	/usr/lib/libbsm.0.dylib
0x00007ff818dd1000 	/usr/lib/libapp_launch_measurement.dylib
0x00007ff817e67000 	/System/Library/PrivateFrameworks/CoreAnalytics.framework/Versions/A/CoreAnalytics
0x00007ff818dd4000 	/System/Library/PrivateFrameworks/CoreAutoLayout.framework/Versions/A/CoreAutoLayout
0x00007ff81aa63000 	/System/Library/Frameworks/Metal.framework/Versions/A/Metal
0x00007ff81be86000 	/usr/lib/liblangid.dylib
0x00007ff81b4e5000 	/System/Library/PrivateFrameworks/CoreSVG.framework/Versions/A/CoreSVG
0x00007ff814ba5000 	/System/Library/PrivateFrameworks/SkyLight.framework/Versions/A/SkyLight
0x00007ffc13035000 	/System/Library/PrivateFrameworks/FocusEngine.framework/Versions/A/FocusEngine
0x00007ff8150e5000 	/System/Library/Frameworks/CoreGraphics.framework/Versions/A/CoreGraphics
0x00007ffc1103b000 	/System/Library/PrivateFrameworks/DesignLibrary.framework/Versions/A/DesignLibrary
0x00007ff826f31000 	/System/Library/Frameworks/Accelerate.framework/Versions/A/Accelerate
0x00007ff8200c9000 	/System/Library/PrivateFrameworks/IconServices.framework/Versions/A/IconServices
0x00007ff81aa3f000 	/System/Library/Frameworks/IOSurface.framework/Versions/A/IOSurface
0x00007ff817e95000 	/usr/lib/libDiagnosticMessagesClient.dylib
0x00007ff81e274000 	/usr/lib/libz.1.dylib
0x00007ff82b4c4000 	/System/Library/Frameworks/ApplicationServices.framework/Versions/A/ApplicationServices
0x00007ff81b4cd000 	/System/Library/PrivateFrameworks/DFRFoundation.framework/Versions/A/DFRFoundation
0x00007ff811ffc000 	/usr/lib/libicucore.A.dylib
0x00007ff8225bf000 	/System/Library/Frameworks/AudioToolbox.framework/Versions/A/AudioToolbox
0x00007ff8213ce000 	/System/Library/PrivateFrameworks/DataDetectorsCore.framework/Versions/A/DataDetectorsCore
0x00007ffd1fd79000 	/System/Library/PrivateFrameworks/UpdateCycle.framework/Versions/A/UpdateCycle
0x00007ff91d1cb000 	/System/Library/PrivateFrameworks/TextInput.framework/Versions/A/TextInput
0x00007ff814af0000 	/usr/lib/libMobileGestalt.dylib
0x00007ff81b1ef000 	/System/Library/Frameworks/Carbon.framework/Versions/A/Frameworks/HIToolbox.framework/Versions/A/HIToolbox
0x00007ff818666000 	/System/Library/Frameworks/QuartzCore.framework/Versions/A/QuartzCore
0x00007ff811bfe000 	/System/Library/Frameworks/Security.framework/Versions/A/Security
0x00007ff8268a6000 	/System/Library/Frameworks/Carbon.framework/Versions/A/Frameworks/SpeechRecognition.framework/Versions/A/SpeechRecognition
0x00007ff818aa2000 	/System/Library/PrivateFrameworks/CoreUI.framework/Versions/A/CoreUI
0x00007ff811454000 	/System/Library/Frameworks/CoreAudio.framework/Versions/A/CoreAudio
0x00007ff817f83000 	/System/Library/Frameworks/DiskArbitration.framework/Versions/A/DiskArbitration
0x00007ff820763000 	/System/Library/PrivateFrameworks/MultitouchSupport.framework/Versions/A/MultitouchSupport
0x00007ff814aef000 	/usr/lib/libenergytrace.dylib
0x00007ff910b3e000 	/System/Library/PrivateFrameworks/RenderBox.framework/Versions/A/RenderBox
0x00007ff812623000 	/System/Library/Frameworks/IOKit.framework/Versions/A/IOKit
0x00007ff826cbe000 	/System/Library/Frameworks/CoreServices.framework/Versions/A/CoreServices
0x00007ff818d69000 	/System/Library/PrivateFrameworks/PerformanceAnalysis.framework/Versions/A/PerformanceAnalysis
0x00007ffb17427000 	/System/Library/Frameworks/OpenGL.framework/Versions/A/OpenGL
0x00007ff818e1e000 	/usr/lib/libxml2.2.dylib
0x00007ff81d3f3000 	/System/Library/PrivateFrameworks/MobileKeyBag.framework/Versions/A/MobileKeyBag
0x00007ff80e444000 	/usr/lib/libobjc.A.dylib
0x00007ff80e7b0000 	/usr/lib/libc++.1.dylib
0x00007ff826c35000 	/System/Library/Frameworks/Accessibility.framework/Versions/A/Accessibility
0x00007ff815a01000 	/System/Library/Frameworks/ColorSync.framework/Versions/A/ColorSync
0x00007ff80e8d7000 	/System/Library/Frameworks/CoreFoundation.framework/Versions/A/CoreFoundation
0x00007ff81b860000 	/System/Library/Frameworks/CoreImage.framework/Versions/A/CoreImage
0x00007ff811210000 	/System/Library/Frameworks/CoreText.framework/Versions/A/CoreText
0x00007ffb1b730000 	/System/Library/Frameworks/CoreTransferable.framework/Versions/A/CoreTransferable
0x00007ffb1bb94000 	/System/Library/Frameworks/DataDetection.framework/Versions/A/DataDetection
0x00007ffb1bba6000 	/System/Library/Frameworks/DeveloperToolsSupport.framework/Versions/A/DeveloperToolsSupport
0x00007ff81b520000 	/System/Library/Frameworks/ImageIO.framework/Versions/A/ImageIO
0x00007ffb21c79000 	/System/Library/Frameworks/Symbols.framework/Versions/A/Symbols
0x00007ff92201f000 	/System/Library/PrivateFrameworks/AttributeGraph.framework/Versions/A/AttributeGraph
0x00007ff828fd0000 	/System/Library/PrivateFrameworks/BoardServices.framework/Versions/A/BoardServices
0x00007ffa2638d000 	/System/Library/PrivateFrameworks/FeatureFlags.framework/Versions/A/FeatureFlags
0x00007ffc1bd68000 	/System/Library/PrivateFrameworks/Gestures.framework/Versions/A/Gestures
0x00007ff81e365000 	/System/Library/PrivateFrameworks/SoftLinking.framework/Versions/A/SoftLinking
0x00007ffa1118b000 	/usr/lib/swift/libswiftAccelerate.dylib
0x00007ff92727f000 	/usr/lib/swift/libswiftCompression.dylib
0x00007ff821fd1000 	/usr/lib/swift/libswiftCore.dylib
0x00007ff919379000 	/usr/lib/swift/libswiftCoreFoundation.dylib
0x00007ff9193c6000 	/usr/lib/swift/libswiftCoreImage.dylib
0x00007ff828c88000 	/usr/lib/swift/libswiftDispatch.dylib
0x00007ff9193c7000 	/usr/lib/swift/libswiftIOKit.dylib
0x00007ff927272000 	/usr/lib/swift/libswiftMetal.dylib
0x00007ffa167ea000 	/usr/lib/swift/libswiftOSLog.dylib
0x00007ff82ba41000 	/usr/lib/swift/libswiftObjectiveC.dylib
0x00007ffe0c9fd000 	/usr/lib/swift/libswiftObservation.dylib
0x00007ffa0c88c000 	/usr/lib/swift/libswiftQuartzCore.dylib
0x00007ffe0cb64000 	/usr/lib/swift/libswiftSynchronization.dylib
0x00007ffa1117c000 	/usr/lib/swift/libswiftUniformTypeIdentifiers.dylib
0x00007ff919389000 	/usr/lib/swift/libswiftXPC.dylib
0x00007ffe0cb9a000 	/usr/lib/swift/libswift_Builtin_float.dylib
0x00007ffe0cb9d000 	/usr/lib/swift/libswift_Concurrency.dylib
0x00007ff82ba45000 	/usr/lib/swift/libswiftos.dylib
0x00007ff91cfa1000 	/usr/lib/swift/libswiftsimd.dylib
0x00007ff81e55c000 	/usr/lib/libcompression.dylib
0x00007ff821007000 	/System/Library/PrivateFrameworks/TextureIO.framework/Versions/A/TextureIO
0x00007ff815bac000 	/System/Library/Frameworks/ApplicationServices.framework/Versions/A/Frameworks/HIServices.framework/Versions/A/HIServices
0x00007ff81fd45000 	/usr/lib/libate.dylib
0x00007ff81e35a000 	/usr/lib/system/libcache.dylib
0x00007ff81e312000 	/usr/lib/system/libcommonCrypto.dylib
0x00007ff81e33c000 	/usr/lib/system/libcompiler_rt.dylib
0x00007ff81e330000 	/usr/lib/system/libcopyfile.dylib
0x00007ff80e5cf000 	/usr/lib/system/libcorecrypto.dylib
0x00007ff80e6db000 	/usr/lib/system/libdispatch.dylib
0x00007ff80e48a000 	/usr/lib/system/libdyld.dylib
0x00007ff81e350000 	/usr/lib/system/libkeymgr.dylib
0x00007ff81e2f7000 	/usr/lib/system/libmacho.dylib
0x00007ff81d4df000 	/usr/lib/system/libquarantine.dylib
0x00007ff81e34d000 	/usr/lib/system/libremovefile.dylib
0x00007ff814b6b000 	/usr/lib/system/libsystem_asl.dylib
0x00007ff80e558000 	/usr/lib/system/libsystem_blocks.dylib
0x00007ff80e726000 	/usr/lib/system/libsystem_c.dylib
0x00007ff81e344000 	/usr/lib/system/libsystem_collections.dylib
0x00007ff81be75000 	/usr/lib/system/libsystem_configuration.dylib
0x00007ff81aa08000 	/usr/lib/system/libsystem_containermanager.dylib
0x00007ff81dddd000 	/usr/lib/system/libsystem_coreservices.dylib
0x00007ff8122a8000 	/usr/lib/system/libsystem_darwin.dylib
0x00007ffe0ced7000 	/usr/lib/system/libsystem_darwindirectory.dylib
0x00007ff81e351000 	/usr/lib/system/libsystem_dnssd.dylib
0x00007ffe0cedc000 	/usr/lib/system/libsystem_eligibility.dylib
0x00007ff80e723000 	/usr/lib/system/libsystem_featureflags.dylib
0x00007ff80e8a8000 	/usr/lib/system/libsystem_info.dylib
0x00007ff81e288000 	/usr/lib/system/libsystem_m.dylib
0x00007ff80e68e000 	/usr/lib/system/libsystem_malloc.dylib
0x00007ff814ad5000 	/usr/lib/system/libsystem_networkextension.dylib
0x00007ff8126ef000 	/usr/lib/system/libsystem_notify.dylib
0x00007ff81be79000 	/usr/lib/system/libsystem_sandbox.dylib
0x00007ffe0cee4000 	/usr/lib/system/libsystem_sanitizers.dylib
0x00007ff81e349000 	/usr/lib/system/libsystem_secinit.dylib
0x00007ff80e853000 	/usr/lib/system/libsystem_kernel.dylib
0x00007ff80e89e000 	/usr/lib/system/libsystem_platform.dylib
0x00007ff80e891000 	/usr/lib/system/libsystem_pthread.dylib
0x00007ff816938000 	/usr/lib/system/libsystem_symptoms.dylib
0x00007ff80e5af000 	/usr/lib/system/libsystem_trace.dylib
0x00007ffe0ceed000 	/usr/lib/system/libsystem_trial.dylib
0x00007ff81e31f000 	/usr/lib/system/libunwind.dylib
0x00007ff80e55c000 	/usr/lib/system/libxpc.dylib
0x00007ff80e83b000 	/usr/lib/libc++abi.dylib
0x00007ffe0c783000 	/usr/lib/libswiftPrespecialized.dylib
0x00007ff81e362000 	/usr/lib/libfakelink.dylib
0x00007ff814740000 	/System/Library/Frameworks/CFNetwork.framework/Versions/A/CFNetwork
0x00007ff81e3b3000 	/usr/lib/libarchive.2.dylib
0x00007ff824790000 	/System/Library/Frameworks/Combine.framework/Versions/A/Combine
0x00007ffb2b15d000 	/System/Library/PrivateFrameworks/CollectionsInternal.framework/Versions/A/CollectionsInternal
0x00007ffd0fbb7000 	/System/Library/PrivateFrameworks/ReflectionInternal.framework/Versions/A/ReflectionInternal
0x00007ffd108f8000 	/System/Library/PrivateFrameworks/RuntimeInternal.framework/Versions/A/RuntimeInternal
0x00007ff916556000 	/usr/lib/swift/libswiftDarwin.dylib
0x00007ffe0cb6c000 	/usr/lib/swift/libswiftSystem.dylib
0x00007ffe0cc0a000 	/usr/lib/swift/libswift_DarwinFoundation1.dylib
0x00007ffe0ccf1000 	/usr/lib/swift/libswift_StringProcessing.dylib
0x00007ff8125a2000 	/System/Library/PrivateFrameworks/CoreServicesInternal.framework/Versions/A/CoreServicesInternal
0x00007ff81e328000 	/usr/lib/liboah.dylib
0x00007ff82af7f000 	/System/Library/PrivateFrameworks/DiskImages.framework/Versions/A/DiskImages
0x00007ff91601a000 	/System/Library/Frameworks/NetFS.framework/Versions/A/NetFS
0x00007ff818d9c000 	/System/Library/Frameworks/CoreServices.framework/Versions/A/Frameworks/FSEvents.framework/Versions/A/FSEvents
0x00007ff8122b3000 	/System/Library/Frameworks/CoreServices.framework/Versions/A/Frameworks/CarbonCore.framework/Versions/A/CarbonCore
0x00007ff817ef9000 	/System/Library/Frameworks/CoreServices.framework/Versions/A/Frameworks/Metadata.framework/Versions/A/Metadata
0x00007ff81dde4000 	/System/Library/Frameworks/CoreServices.framework/Versions/A/Frameworks/OSServices.framework/Versions/A/OSServices
0x00007ff81e48e000 	/System/Library/Frameworks/CoreServices.framework/Versions/A/Frameworks/SearchKit.framework/Versions/A/SearchKit
0x00007ff8168b6000 	/System/Library/Frameworks/CoreServices.framework/Versions/A/Frameworks/AE.framework/Versions/A/AE
0x00007ff80ed93000 	/System/Library/Frameworks/CoreServices.framework/Versions/A/Frameworks/LaunchServices.framework/Versions/A/LaunchServices
0x00007ff81faa5000 	/System/Library/Frameworks/CoreServices.framework/Versions/A/Frameworks/DictionaryServices.framework/Versions/A/DictionaryServices
0x00007ff818daa000 	/System/Library/Frameworks/CoreServices.framework/Versions/A/Frameworks/SharedFileList.framework/Versions/A/SharedFileList
0x00007ff81e510000 	/usr/lib/libapple_nghttp2.dylib
0x00007ff8164c7000 	/usr/lib/libsqlite3.dylib
0x00007ff82b1b8000 	/System/Library/PrivateFrameworks/AppSupport.framework/Versions/A/AppSupport
0x00007ff822c33000 	/System/Library/Frameworks/GSS.framework/Versions/A/GSS
0x00007ff81684e000 	/System/Library/PrivateFrameworks/RunningBoardServices.framework/Versions/A/RunningBoardServices
0x00007ff82b9ce000 	/System/Library/PrivateFrameworks/StreamingZip.framework/Versions/A/StreamingZip
0x00007ff816940000 	/System/Library/Frameworks/Network.framework/Versions/A/Network
0x00007ff81e2fb000 	/usr/lib/system/libkxld.dylib
0x00007ffb26f76000 	/System/Library/PrivateFrameworks/AppleKeyStore.framework/Versions/A/AppleKeyStore
0x00007ffd2b295000 	/usr/lib/libCoreEntitlements.dylib
0x00007ffc2649a000 	/System/Library/PrivateFrameworks/MessageSecurity.framework/Versions/A/MessageSecurity
0x00007ff8164ab000 	/System/Library/PrivateFrameworks/ProtocolBuffer.framework/Versions/A/ProtocolBuffer
0x00007ff827d3e000 	/System/Library/PrivateFrameworks/SymptomDiagnosticReporter.framework/Versions/A/SymptomDiagnosticReporter
0x00007ff81fde4000 	/System/Library/PrivateFrameworks/CrashReporterSupport.framework/Versions/A/CrashReporterSupport
0x00007ff81ddc3000 	/System/Library/PrivateFrameworks/AppleFSCompression.framework/Versions/A/AppleFSCompression
0x00007ff81d4ec000 	/usr/lib/libcoretls.dylib
0x00007ff81fb14000 	/usr/lib/libcoretls_cfhelpers.dylib
0x00007ff81e556000 	/usr/lib/libpam.2.dylib
0x00007ff81fb8d000 	/usr/lib/libxar.1.dylib
0x00007ff81fb16000 	/System/Library/PrivateFrameworks/APFS.framework/Versions/A/APFS
0x00007ffd1a1e0000 	/System/Library/PrivateFrameworks/SwiftASN1Internal.framework/Versions/A/SwiftASN1Internal
0x00007ff81fb9b000 	/usr/lib/libutil.dylib
0x00007ff81be81000 	/System/Library/PrivateFrameworks/AppleSystemInfo.framework/Versions/A/AppleSystemInfo
0x00007ff81d1ed000 	/System/Library/PrivateFrameworks/IOMobileFramebuffer.framework/Versions/A/IOMobileFramebuffer
0x00007ff919245000 	/System/Library/PrivateFrameworks/LoggingSupport.framework/Versions/A/LoggingSupport
0x00007ff822c8b000 	/System/Library/PrivateFrameworks/MobileAsset.framework/Versions/A/MobileAsset
0x00007ff827d4d000 	/System/Library/PrivateFrameworks/PowerLog.framework/Versions/A/PowerLog
0x00007ffb20c36000 	/System/Library/Frameworks/SwiftData.framework/Versions/A/SwiftData
0x00007ff818fb4000 	/System/Library/PrivateFrameworks/UserManagement.framework/Versions/A/UserManagement
0x00007ff814663000 	/usr/lib/libboringssl.dylib
0x00007ff816927000 	/usr/lib/libdns_services.dylib
0x00007ff9182c2000 	/usr/lib/libquic.dylib
0x00007ff821f5b000 	/usr/lib/libusrtcp.dylib
0x00007ffb27caa000 	/System/Library/PrivateFrameworks/AtomicsInternal.framework/Versions/A/AtomicsInternal
0x00007ffa1ecff000 	/System/Library/PrivateFrameworks/InternalSwiftProtobuf.framework/Versions/A/InternalSwiftProtobuf
0x00007ffe0c9d7000 	/usr/lib/swift/libswiftDistributed.dylib
0x00007ff81be80000 	/System/Library/PrivateFrameworks/AggregateDictionary.framework/Versions/A/AggregateDictionary
0x00007ffb28322000 	/System/Library/PrivateFrameworks/BiomeLibrary.framework/Versions/A/BiomeLibrary
0x00007ff9281cd000 	/System/Library/PrivateFrameworks/BiomeStreams.framework/Versions/A/BiomeStreams
0x00007ff924102000 	/System/Library/PrivateFrameworks/BiomeFoundation.framework/Versions/A/BiomeFoundation
0x00007ffa0e6b5000 	/System/Library/PrivateFrameworks/BiomePubSub.framework/Versions/A/BiomePubSub
0x00007ff82cacb000 	/System/Library/PrivateFrameworks/ProactiveSupport.framework/Versions/A/ProactiveSupport
0x00007ff81faf4000 	/usr/lib/liblzma.5.dylib
0x00007ff82b4c5000 	/System/Library/PrivateFrameworks/InternationalTextSearch.framework/Versions/A/InternationalTextSearch
0x00007ff920925000 	/System/Library/PrivateFrameworks/SoftwareUpdateCoreSupport.framework/Versions/A/SoftwareUpdateCoreSupport
0x00007ff928b4d000 	/System/Library/PrivateFrameworks/SoftwareUpdateCoreConnect.framework/Versions/A/SoftwareUpdateCoreConnect
0x00007ff82b068000 	/System/Library/PrivateFrameworks/RemoteServiceDiscovery.framework/Versions/A/RemoteServiceDiscovery
0x00007ff920508000 	/System/Library/PrivateFrameworks/MSUDataAccessor.framework/Versions/A/MSUDataAccessor
0x00007ff91b53f000 	/usr/lib/libbootpolicy.dylib
0x00007ff82b07f000 	/System/Library/PrivateFrameworks/RemoteXPC.framework/Versions/A/RemoteXPC
0x00007ff92807d000 	/usr/lib/libFDR.dylib
0x00007ffa0e310000 	/usr/lib/libamsupport.dylib
0x00007ffb26815000 	/System/Library/PrivateFrameworks/AppleDeviceQuerySupport.framework/Versions/A/AppleDeviceQuerySupport
0x00007ffa11381000 	/usr/lib/libpartition2_dynamic.dylib
0x00007ff81e4ee000 	/System/Library/PrivateFrameworks/AppleSauce.framework/Versions/A/AppleSauce
0x00007ffd2b115000 	/usr/lib/libAppleArchive.dylib
0x00007ff81ddce000 	/usr/lib/libbz2.1.0.dylib
0x00007ff817f8b000 	/System/Library/Frameworks/Accelerate.framework/Versions/A/Frameworks/vImage.framework/Versions/A/vImage
0x00007ff826c94000 	/System/Library/Frameworks/Accelerate.framework/Versions/A/Frameworks/vecLib.framework/Versions/A/vecLib
0x00007ff81fbd0000 	/System/Library/Frameworks/Accelerate.framework/Versions/A/Frameworks/vecLib.framework/Versions/A/libvMisc.dylib
0x00007ff80f2a6000 	/System/Library/Frameworks/Accelerate.framework/Versions/A/Frameworks/vecLib.framework/Versions/A/libBLAS.dylib
0x00007ff818eff000 	/System/Library/Frameworks/CoreVideo.framework/Versions/A/CoreVideo
0x00007ff822845000 	/System/Library/Frameworks/ApplicationServices.framework/Versions/A/Frameworks/ATS.framework/Versions/A/ATS
0x00007ff820f94000 	/System/Library/Frameworks/ApplicationServices.framework/Versions/A/Frameworks/PrintCore.framework/Versions/A/PrintCore
0x00007ff822bfd000 	/System/Library/Frameworks/ApplicationServices.framework/Versions/A/Frameworks/QD.framework/Versions/A/QD
0x00007ff822bf9000 	/System/Library/Frameworks/ApplicationServices.framework/Versions/A/Frameworks/ColorSyncLegacy.framework/Versions/A/ColorSyncLegacy
0x00007ff82281b000 	/System/Library/Frameworks/ApplicationServices.framework/Versions/A/Frameworks/SpeechSynthesis.framework/Versions/A/SpeechSynthesis
0x00007ff81af24000 	/System/Library/PrivateFrameworks/FontServices.framework/libFontParser.dylib
0x00007ff82ad9f000 	/System/Library/PrivateFrameworks/BackBoardServices.framework/Versions/A/BackBoardServices
0x00007ffb28247000 	/System/Library/PrivateFrameworks/BackBoardHIDEventFoundation.framework/Versions/A/BackBoardHIDEventFoundation
0x00007ff810d0d000 	/System/Library/Frameworks/CoreDisplay.framework/Versions/A/CoreDisplay
0x00007ff8207a7000 	/System/Library/Frameworks/VideoToolbox.framework/Versions/A/VideoToolbox
0x00007ff81e554000 	/System/Library/Frameworks/MetalPerformanceShaders.framework/Versions/A/MetalPerformanceShaders
0x00007ffd0ee26000 	/System/Library/PrivateFrameworks/ProDisplayLibrary.framework/Versions/A/ProDisplayLibrary
0x00007ff90c642000 	/System/Library/PrivateFrameworks/IOSurfaceAccelerator.framework/Versions/A/IOSurfaceAccelerator
0x00007ff81aa5a000 	/System/Library/PrivateFrameworks/IOAccelerator.framework/Versions/A/IOAccelerator
0x00007ff81ad7f000 	/System/Library/Frameworks/CoreMedia.framework/Versions/A/CoreMedia
0x00007ff814b83000 	/System/Library/PrivateFrameworks/TCC.framework/Versions/A/TCC
0x00007ff820761000 	/System/Library/PrivateFrameworks/WatchdogClient.framework/Versions/A/WatchdogClient
0x00007ffa0e716000 	/System/Library/PrivateFrameworks/BiomeStorage.framework/Versions/A/BiomeStorage
0x00007ffc2148f000 	/System/Library/PrivateFrameworks/IntelligencePlatformLibrary.framework/Versions/A/IntelligencePlatformLibrary
0x00007ffd0e286000 	/System/Library/PrivateFrameworks/PoirotSchematizer.framework/Versions/A/PoirotSchematizer
0x00007ffb28c75000 	/System/Library/PrivateFrameworks/BiomeSync.framework/Versions/A/BiomeSync
0x00007ffb28309000 	/System/Library/PrivateFrameworks/BiomeDSL.framework/Versions/A/BiomeDSL
0x00007ffd0e2f4000 	/System/Library/PrivateFrameworks/PoirotUDFs.framework/Versions/A/PoirotUDFs
0x00007ffd0e25b000 	/System/Library/PrivateFrameworks/PoirotSQLite.framework/Versions/A/PoirotSQLite
0x00007ff829507000 	/System/Library/PrivateFrameworks/CoreTime.framework/Versions/A/CoreTime
0x00007ff81e39b000 	/usr/lib/libiconv.2.dylib
0x00007ff81e2f6000 	/usr/lib/libcharset.1.dylib
0x00007ffe0cc45000 	/usr/lib/swift/libswift_RegexParser.dylib
0x00007ffb2a078000 	/System/Library/PrivateFrameworks/CascadeSets.framework/Versions/A/CascadeSets
0x00007ff822dfb000 	/System/Library/PrivateFrameworks/CorePhoneNumbers.framework/Versions/A/CorePhoneNumbers
0x00007ff820628000 	/System/Library/PrivateFrameworks/AppleJPEG.framework/Versions/A/AppleJPEG
0x00007ff820045000 	/usr/lib/libexpat.1.dylib
0x00007ff820e59000 	/System/Library/Frameworks/ImageIO.framework/Versions/A/Resources/libPng.dylib
0x00007ff820e88000 	/System/Library/Frameworks/ImageIO.framework/Versions/A/Resources/libTIFF.dylib
0x00007ff820f7d000 	/System/Library/Frameworks/ImageIO.framework/Versions/A/Resources/libGIF.dylib
0x00007ff820674000 	/System/Library/Frameworks/ImageIO.framework/Versions/A/Resources/libJP2.dylib
0x00007ff820f1c000 	/System/Library/Frameworks/ImageIO.framework/Versions/A/Resources/libJPEG.dylib
0x00007ff820f13000 	/System/Library/Frameworks/ImageIO.framework/Versions/A/Resources/libRadiance.dylib
0x00007ffc18b69000 	/System/Library/PrivateFrameworks/GPUCompiler.framework/Versions/32023/Libraries/libllvm-flatbuffers.dylib
0x00007ffc132d0000 	/System/Library/PrivateFrameworks/FramePacing.framework/Versions/A/FramePacing
0x00007ffb1741b000 	/System/Library/Frameworks/OpenGL.framework/Versions/A/Libraries/libCoreFSCache.dylib
0x00007ffc1423f000 	/System/Library/PrivateFrameworks/GPUCompiler.framework/Versions/32023/Libraries/libGPUCompilerUtils.dylib
0x00007ff82909c000 	/System/Library/PrivateFrameworks/GraphicsServices.framework/Versions/A/GraphicsServices
0x00007ffa1a517000 	/System/Library/PrivateFrameworks/Symbolication.framework/Versions/A/Symbolication
0x00007ffd0de81000 	/System/Library/PrivateFrameworks/PhotosensitivityProcessing.framework/Versions/A/PhotosensitivityProcessing
0x00007ffb18a10000 	/System/Library/Frameworks/OpenCL.framework/Versions/A/OpenCL
0x00007ff820270000 	/System/Library/PrivateFrameworks/GraphVisualizer.framework/Versions/A/GraphVisualizer
0x00007ffb17479000 	/System/Library/Frameworks/OpenGL.framework/Versions/A/Libraries/libGLU.dylib
0x00007ffb1743a000 	/System/Library/Frameworks/OpenGL.framework/Versions/A/Libraries/libGFXShared.dylib
0x00007ffb17639000 	/System/Library/Frameworks/OpenGL.framework/Versions/A/Libraries/libGL.dylib
0x00007ffb17443000 	/System/Library/Frameworks/OpenGL.framework/Versions/A/Libraries/libGLImage.dylib
0x00007ffb17437000 	/System/Library/Frameworks/OpenGL.framework/Versions/A/Libraries/libCVMSPluginSupport.dylib
0x00007ffb17422000 	/System/Library/Frameworks/OpenGL.framework/Versions/A/Libraries/libCoreVMClient.dylib
0x00007ffc131db000 	/System/Library/PrivateFrameworks/FontServices.framework/Versions/A/FontServices
0x00007ff820283000 	/System/Library/PrivateFrameworks/OTSVG.framework/Versions/A/OTSVG
0x00007ff818a55000 	/System/Library/Frameworks/ApplicationServices.framework/Versions/A/Frameworks/ATS.framework/Versions/A/Resources/libFontRegistry.dylib
0x00007ffd2bc30000 	/usr/lib/libhvf.dylib
0x00007ffc2b0ae000 	/System/Library/PrivateFrameworks/ParsingInternal.framework/Versions/A/ParsingInternal
0x00007ffc131df000 	/System/Library/PrivateFrameworks/FontServices.framework/libXTFontStaticRegistryData.dylib
0x00007ff81bdb9000 	/System/Library/Frameworks/MetalPerformanceShaders.framework/Versions/A/Frameworks/MPSCore.framework/Versions/A/MPSCore
0x00007ff81dd1e000 	/System/Library/Frameworks/MetalPerformanceShaders.framework/Versions/A/Frameworks/MPSImage.framework/Versions/A/MPSImage
0x00007ff81d588000 	/System/Library/Frameworks/MetalPerformanceShaders.framework/Versions/A/Frameworks/MPSNeuralNetwork.framework/Versions/A/MPSNeuralNetwork
0x00007ff81dae6000 	/System/Library/Frameworks/MetalPerformanceShaders.framework/Versions/A/Frameworks/MPSMatrix.framework/Versions/A/MPSMatrix
0x00007ff81d89c000 	/System/Library/Frameworks/MetalPerformanceShaders.framework/Versions/A/Frameworks/MPSRayIntersector.framework/Versions/A/MPSRayIntersector
0x00007ff81db25000 	/System/Library/Frameworks/MetalPerformanceShaders.framework/Versions/A/Frameworks/MPSNDArray.framework/Versions/A/MPSNDArray
0x00007ffb1dc41000 	/System/Library/Frameworks/MetalPerformanceShaders.framework/Versions/A/Frameworks/MPSFunctions.framework/Versions/A/MPSFunctions
0x00007ffb1dc21000 	/System/Library/Frameworks/MetalPerformanceShaders.framework/Versions/A/Frameworks/MPSBenchmarkLoop.framework/Versions/A/MPSBenchmarkLoop
0x00007ff80f0b4000 	/System/Library/PrivateFrameworks/MetalTools.framework/Versions/A/MetalTools
0x00007ff91e788000 	/System/Library/PrivateFrameworks/IOAccelMemoryInfo.framework/Versions/A/IOAccelMemoryInfo
0x00007ffa0cc97000 	/System/Library/PrivateFrameworks/kperf.framework/Versions/A/kperf
0x00007ff91935b000 	/System/Library/PrivateFrameworks/GPURawCounter.framework/Versions/A/GPURawCounter
0x00007ff8293e9000 	/System/Library/PrivateFrameworks/CoreSymbolication.framework/Versions/A/CoreSymbolication
0x00007ff9192d8000 	/System/Library/PrivateFrameworks/MallocStackLogging.framework/Versions/A/MallocStackLogging
0x00007ff8293ca000 	/System/Library/PrivateFrameworks/DebugSymbols.framework/Versions/A/DebugSymbols
0x00007ff92b110000 	/System/Library/PrivateFrameworks/OSAnalytics.framework/Versions/A/OSAnalytics
0x00007ffc1144c000 	/System/Library/PrivateFrameworks/DeviceRecovery.framework/Versions/A/DeviceRecovery
0x00007ffb1bcc5000 	/System/Library/Frameworks/ExtensionFoundation.framework/Versions/A/ExtensionFoundation
0x00007ff8202c9000 	/System/Library/PrivateFrameworks/AppServerSupport.framework/Versions/A/AppServerSupport
0x00007ff81ff35000 	/System/Library/PrivateFrameworks/PlugInKit.framework/Versions/A/PlugInKit
0x00007ff81d409000 	/System/Library/PrivateFrameworks/AssertionServices.framework/Versions/A/AssertionServices
0x00007ff82006a000 	/System/Library/PrivateFrameworks/IconFoundation.framework/Versions/A/IconFoundation
0x00007ffc1e922000 	/System/Library/PrivateFrameworks/IconRendering.framework/Versions/A/IconRendering
0x00007ffd10a79000 	/System/Library/PrivateFrameworks/SFSymbols.framework/Versions/A/SFSymbols
0x00007ff810e3b000 	/System/Library/PrivateFrameworks/AudioToolboxCore.framework/Versions/A/AudioToolboxCore
0x00007ff822789000 	/System/Library/PrivateFrameworks/AudioSession.framework/Versions/A/AudioSession
0x00007ff82df14000 	/System/Library/Frameworks/CoreMIDI.framework/Versions/A/CoreMIDI
0x00007ff822803000 	/usr/lib/libAudioStatistics.dylib
0x00007ff81ad5a000 	/System/Library/PrivateFrameworks/caulk.framework/Versions/A/caulk
0x00007ff820e37000 	/usr/lib/libAudioToolboxUtility.dylib
0x00007ff91935f000 	/usr/lib/swift/libswiftCoreAudio.dylib
0x00007ff91fd99000 	/usr/lib/swift/libswiftCoreMIDI.dylib
0x00007ff822c07000 	/System/Library/PrivateFrameworks/perfdata.framework/Versions/A/perfdata
0x00007ff9183b3000 	/System/Library/PrivateFrameworks/SystemPolicy.framework/Versions/A/SystemPolicy
0x00007ff822aaa000 	/usr/lib/libSMC.dylib
0x00007ff822c15000 	/usr/lib/libperfcheck.dylib
0x00007ffb27d60000 	/System/Library/PrivateFrameworks/AudioAnalytics.framework/Versions/A/AudioAnalytics
0x00007ffe0cc0e000 	/usr/lib/swift/libswift_DarwinFoundation2.dylib
0x00007ffe0cc0f000 	/usr/lib/swift/libswift_DarwinFoundation3.dylib
0x00007ffa1ea1f000 	/System/Library/Frameworks/OSLog.framework/Versions/A/OSLog
0x00007ff919308000 	/usr/lib/libmis.dylib
0x00007ff82018c000 	/System/Library/PrivateFrameworks/MediaExperience.framework/Versions/A/MediaExperience
0x00007ff82256f000 	/System/Library/PrivateFrameworks/AudioSession.framework/libSessionUtility.dylib
0x00007ff820f83000 	/System/Library/PrivateFrameworks/CMCaptureCore.framework/Versions/A/CMCaptureCore
0x00007ff827c27000 	/System/Library/Frameworks/CoreBluetooth.framework/Versions/A/CoreBluetooth
0x00007ff81d27c000 	/System/Library/PrivateFrameworks/CoreUtils.framework/Versions/A/CoreUtils
0x00007ff911854000 	/System/Library/PrivateFrameworks/HID.framework/Versions/A/HID
0x00007ffc10a05000 	/System/Library/PrivateFrameworks/CoreUtilsExtras.framework/Versions/A/CoreUtilsExtras
0x00007ffc1e87f000 	/System/Library/PrivateFrameworks/IO80211.framework/Versions/A/IO80211
0x00007ff824502000 	/System/Library/Frameworks/IOBluetooth.framework/Versions/A/IOBluetooth
0x00007ffb279c3000 	/System/Library/PrivateFrameworks/ArgumentParserInternal.framework/Versions/A/ArgumentParserInternal
0x00007ff81fddb000 	/usr/lib/libIOReport.dylib
0x00007ff81d416000 	/System/Library/Frameworks/SecurityFoundation.framework/Versions/A/SecurityFoundation
0x00007ff80f50f000 	/System/Library/PrivateFrameworks/Lexicon.framework/Versions/A/Lexicon
0x00007ff81d56f000 	/usr/lib/libgermantok.dylib
0x00007ff81bf98000 	/System/Library/PrivateFrameworks/LinguisticData.framework/Versions/A/LinguisticData
0x00007ff827e30000 	/System/Library/PrivateFrameworks/MediaKit.framework/Versions/A/MediaKit
0x00007ff827d8a000 	/System/Library/Frameworks/DiscRecording.framework/Versions/A/DiscRecording
0x00007ff820061000 	/usr/lib/libheimdal-asn1.dylib
0x00007ff82b9a9000 	/System/Library/Frameworks/AudioUnit.framework/Versions/A/AudioUnit
0x00007ff818d74000 	/System/Library/Frameworks/OpenDirectory.framework/Versions/A/OpenDirectory
0x00007ff818d80000 	/System/Library/Frameworks/OpenDirectory.framework/Versions/A/Frameworks/CFOpenDirectory.framework/Versions/A/CFOpenDirectory
0x00007ffb1a497000 	/System/Library/Frameworks/AVFAudio.framework/Versions/A/AVFAudio
0x00007ff91279b000 	/usr/lib/libAccessibility.dylib
0x00007ffc21fa3000 	/System/Library/PrivateFrameworks/IsolatedCoreAudioClient.framework/Versions/A/IsolatedCoreAudioClient
0x00007ffa14ff3000 	/usr/lib/swift/libswiftCoreMedia.dylib
0x00007ffd1d5ba000 	/System/Library/PrivateFrameworks/Tightbeam.framework/Versions/A/Tightbeam
0x00007ffc0ca95000 	/System/Library/PrivateFrameworks/CoreAudioOrchestration.framework/Versions/A/CoreAudioOrchestration
0x00007ffa1183a000 	/System/Library/PrivateFrameworks/AFKUser.framework/Versions/A/AFKUser
0x00007ff826f7e000 	/System/Library/Frameworks/MediaAccessibility.framework/Versions/A/MediaAccessibility
0x00007ffd2143a000 	/System/Library/PrivateFrameworks/VideoToolboxParavirtualizationSupport.framework/Versions/A/VideoToolboxParavirtualizationSupport
0x00007ff81fff7000 	/System/Library/PrivateFrameworks/AppleVA.framework/Versions/A/AppleVA
0x00007ff820f0c000 	/System/Library/PrivateFrameworks/GPUWrangler.framework/Versions/A/GPUWrangler
0x00007ff820ef0000 	/System/Library/PrivateFrameworks/IOPresentment.framework/Versions/A/IOPresentment
0x00007ff820f16000 	/System/Library/PrivateFrameworks/DSExternalDisplay.framework/Versions/A/DSExternalDisplay
0x00007ffb27825000 	/System/Library/PrivateFrameworks/AppleMobileFileIntegrity.framework/Versions/A/AppleMobileFileIntegrity
0x00007ffd2b5b9000 	/usr/lib/libTLE.dylib
0x00007ffb0f562000 	/System/Library/PrivateFrameworks/ConfigProfileHelper.framework/Versions/A/ConfigProfileHelper
0x00007ffa24495000 	/usr/lib/libedit.3.dylib
0x00007ffc23217000 	/System/Library/PrivateFrameworks/MIL.framework/Versions/A/MIL
0x00007ff91e74d000 	/usr/lib/libncurses.5.4.dylib
0x00007ff81d1b8000 	/System/Library/PrivateFrameworks/CoreEmoji.framework/Versions/A/CoreEmoji
0x00007ff80f877000 	/usr/lib/libCRFSuite.dylib
0x00007ff81be88000 	/System/Library/PrivateFrameworks/CoreNLP.framework/Versions/A/CoreNLP
0x00007ff81d514000 	/usr/lib/libmecab.dylib
0x00007ff81e4e6000 	/usr/lib/libThaiTokenizer.dylib
0x00007ffa1eebd000 	/System/Library/PrivateFrameworks/HIDDisplay.framework/Versions/A/HIDDisplay
0x00007ff820f4e000 	/System/Library/Frameworks/ApplicationServices.framework/Versions/A/Frameworks/ATSUI.framework/Versions/A/ATSUI
0x00007ff822b8b000 	/usr/lib/libcups.2.dylib
0x00007ff822c24000 	/System/Library/Frameworks/Kerberos.framework/Versions/A/Kerberos
0x00007ff822888000 	/usr/lib/libresolv.9.dylib
0x00007ff8202de000 	/System/Library/PrivateFrameworks/Heimdal.framework/Versions/A/Heimdal
0x00007ff82b9a8000 	/System/Library/Frameworks/Kerberos.framework/Versions/A/Libraries/libHeimdalProxy.dylib
0x00007ff822c7c000 	/System/Library/PrivateFrameworks/CommonAuth.framework/Versions/A/CommonAuth
0x00007ff9126b7000 	/System/Library/PrivateFrameworks/AXCoreUtilities.framework/Versions/A/AXCoreUtilities
0x00007ffd2b032000 	/usr/lib/libAXSafeCategoryBundle.dylib
0x00007ff81cfe9000 	/System/Library/Frameworks/Accelerate.framework/Versions/A/Frameworks/vecLib.framework/Versions/A/libvDSP.dylib
0x00007ff81e643000 	/System/Library/Frameworks/Accelerate.framework/Versions/A/Frameworks/vecLib.framework/Versions/A/libLAPACK.dylib
0x00007ff81d572000 	/System/Library/Frameworks/Accelerate.framework/Versions/A/Frameworks/vecLib.framework/Versions/A/libLinearAlgebra.dylib
0x00007ff81e52a000 	/System/Library/Frameworks/Accelerate.framework/Versions/A/Frameworks/vecLib.framework/Versions/A/libSparseBLAS.dylib
0x00007ff81e63d000 	/System/Library/Frameworks/Accelerate.framework/Versions/A/Frameworks/vecLib.framework/Versions/A/libQuadrature.dylib
0x00007ff81bf9f000 	/System/Library/Frameworks/Accelerate.framework/Versions/A/Frameworks/vecLib.framework/Versions/A/libBNNS.dylib
0x00007ff80f61a000 	/System/Library/Frameworks/Accelerate.framework/Versions/A/Frameworks/vecLib.framework/Versions/A/libSparse.dylib
0x00007ff822bee000 	/System/Library/PrivateFrameworks/NetAuth.framework/Versions/A/NetAuth
0x00007ff818f74000 	/System/Library/PrivateFrameworks/login.framework/Versions/A/Frameworks/loginsupport.framework/Versions/A/loginsupport
0x00007ff81d4e2000 	/usr/lib/libCheckFix.dylib
0x00007ff817e97000 	/System/Library/PrivateFrameworks/MetadataUtilities.framework/Versions/A/MetadataUtilities
0x00007ffc1f231000 	/System/Library/PrivateFrameworks/InstalledContentLibrary.framework/Versions/A/InstalledContentLibrary
0x00007ff8125e4000 	/System/Library/PrivateFrameworks/CoreServicesStore.framework/Versions/A/CoreServicesStore
0x00007ffa0cd95000 	/System/Library/PrivateFrameworks/MobileSystemServices.framework/Versions/A/MobileSystemServices
0x00007ff81fb9f000 	/usr/lib/libxslt.1.dylib
0x00007ff81d4a5000 	/System/Library/PrivateFrameworks/BackgroundTaskManagement.framework/Versions/A/BackgroundTaskManagement
0x00007ff82b12e000 	/usr/lib/libcurl.4.dylib
0x00007ffd2b951000 	/usr/lib/libcrypto.46.dylib
0x00007ffe0c710000 	/usr/lib/libssl.48.dylib
0x00007ff82ae0f000 	/System/Library/Frameworks/LDAP.framework/Versions/A/LDAP
0x00007ff82ae4a000 	/System/Library/PrivateFrameworks/TrustEvaluationAgent.framework/Versions/A/TrustEvaluationAgent
0x00007ff8228a5000 	/usr/lib/libsasl2.2.dylib
0x00007ff916555000 	/usr/lib/swift/libswiftCoreGraphics.dylib
0x00007ff827644000 	/usr/lib/swift/libswiftFoundation.dylib
0x00007ffb0ef38000 	/usr/lib/swift/libswiftSwiftOnoneSupport.dylib
0x00007ffe0cd7a000 	/usr/lib/swift/libswiftsys_time.dylib
0x00007ffa1ac3b000 	/System/Library/PrivateFrameworks/CoreMaterial.framework/Versions/A/CoreMaterial
0x00007ffe0cab9000 	/usr/lib/swift/libswiftSpatial.dylib
0x00007ffd2b5b8000 	/usr/lib/libSpatial.dylib
0x00007ffd2af49000 	/System/Library/SubFrameworks/UIUtilities.framework/Versions/A/UIUtilities
0x0000000111d91000 	/Library/Java/JavaVirtualMachines/temurin-17.jdk/Contents/Home/lib/server/libjvm.dylib
0x000000010849f000 	/Library/Java/JavaVirtualMachines/temurin-17.jdk/Contents/Home/lib/libjimage.dylib
0x00000001084ca000 	/Library/Java/JavaVirtualMachines/temurin-17.jdk/Contents/Home/lib/libinstrument.dylib
0x0000000108514000 	/Library/Java/JavaVirtualMachines/temurin-17.jdk/Contents/Home/lib/libjava.dylib
0x00000001085d4000 	/Library/Java/JavaVirtualMachines/temurin-17.jdk/Contents/Home/lib/libzip.dylib
0x0000000108600000 	/Library/Java/JavaVirtualMachines/temurin-17.jdk/Contents/Home/lib/libnio.dylib
0x0000000108620000 	/Library/Java/JavaVirtualMachines/temurin-17.jdk/Contents/Home/lib/libnet.dylib
0x00000001085a8000 	/Library/Java/JavaVirtualMachines/temurin-17.jdk/Contents/Home/lib/libverify.dylib
0x00000001084f6000 	/Users/juanprogramador/.gradle/native/c067742578af261105cb4f569cf0c3c89f3d7b1fecec35dd04571415982c5e48/osx-amd64/libnative-platform.dylib
0x00000001086b2000 	/Users/juanprogramador/.gradle/native/38dada09dfb8b06ba9b0570ebf7e218e3eb74d4ef43ca46872605cf95ebc2f47/osx-amd64/libnative-platform-file-events.dylib
0x0000000108644000 	/Library/Java/JavaVirtualMachines/temurin-17.jdk/Contents/Home/lib/libmanagement.dylib
0x0000000108658000 	/Library/Java/JavaVirtualMachines/temurin-17.jdk/Contents/Home/lib/libmanagement_ext.dylib
0x000000010866c000 	/Library/Java/JavaVirtualMachines/temurin-17.jdk/Contents/Home/lib/libextnet.dylib


VM Arguments:
jvm_args: -XX:MaxMetaspaceSize=512m -XX:+HeapDumpOnOutOfMemoryError -XX:TieredStopAtLevel=1 -XX:+UseSerialGC --add-opens=java.base/java.util=ALL-UNNAMED --add-opens=java.base/java.lang=ALL-UNNAMED --add-opens=java.base/java.lang.invoke=ALL-UNNAMED --add-opens=java.prefs/java.util.prefs=ALL-UNNAMED --add-opens=java.base/java.nio.charset=ALL-UNNAMED --add-opens=java.base/java.net=ALL-UNNAMED --add-opens=java.base/java.util.concurrent.atomic=ALL-UNNAMED -Xmx4096m -Dfile.encoding=UTF-8 -Duser.country=AR -Duser.language=es -Duser.variant -javaagent:/Users/juanprogramador/.gradle/wrapper/dists/gradle-8.6-bin/afr5mpiioh2wthjmwnkmdsd5w/gradle-8.6/lib/agents/gradle-instrumentation-agent-8.6.jar 
java_command: org.gradle.launcher.daemon.bootstrap.GradleDaemon 8.6
java_class_path (initial): /Users/juanprogramador/.gradle/wrapper/dists/gradle-8.6-bin/afr5mpiioh2wthjmwnkmdsd5w/gradle-8.6/lib/gradle-launcher-8.6.jar
Launcher Type: SUN_STANDARD

[Global flags]
     intx CICompilerCount                          = 12                                        {product} {ergonomic}
   size_t CompressedClassSpaceSize                 = 436207616                                 {product} {ergonomic}
     bool HeapDumpOnOutOfMemoryError               = true                                   {manageable} {command line}
   size_t InitialHeapSize                          = 536870912                                 {product} {ergonomic}
   size_t MaxHeapSize                              = 4294967296                                {product} {command line}
   size_t MaxMetaspaceSize                         = 536870912                                 {product} {command line}
   size_t MaxNewSize                               = 1431633920                                {product} {ergonomic}
   size_t MinHeapDeltaBytes                        = 196608                                    {product} {ergonomic}
   size_t MinHeapSize                              = 8388608                                   {product} {ergonomic}
   size_t NewSize                                  = 178913280                                 {product} {ergonomic}
    uintx NonProfiledCodeHeapSize                  = 0                                      {pd product} {ergonomic}
   size_t OldSize                                  = 357957632                                 {product} {ergonomic}
     bool ProfileInterpreter                       = false                                  {pd product} {command line}
    uintx ProfiledCodeHeapSize                     = 0                                      {pd product} {ergonomic}
   size_t SoftMaxHeapSize                          = 4294967296                             {manageable} {ergonomic}
     intx TieredStopAtLevel                        = 1                                         {product} {command line}
     bool UseCompressedClassPointers               = true                           {product lp64_product} {ergonomic}
     bool UseCompressedOops                        = true                           {product lp64_product} {ergonomic}
     bool UseNUMA                                  = false                                     {product} {ergonomic}
     bool UseNUMAInterleaving                      = false                                     {product} {ergonomic}
     bool UseSerialGC                              = true                                      {product} {command line}

Logging:
Log output configuration:
 #0: stdout all=warning uptime,level,tags
 #1: stderr all=off uptime,level,tags

Environment Variables:
JAVA_HOME=/Library/Java/JavaVirtualMachines/temurin-17.jdk/Contents/Home
PATH=/Users/juanprogramador/Trabajos/ticketTransfer/v2/node_modules/.bin:/Users/juanprogramador/Trabajos/ticketTransfer/v2/apps/mobile/node_modules/.bin:/Users/juanprogramador/Trabajos/ticketTransfer/v2/apps/node_modules/.bin:/Users/juanprogramador/Trabajos/ticketTransfer/v2/node_modules/.bin:/Users/juanprogramador/Trabajos/ticketTransfer/node_modules/.bin:/Users/juanprogramador/Trabajos/node_modules/.bin:/Users/juanprogramador/node_modules/.bin:/Users/node_modules/.bin:/node_modules/.bin:/usr/local/Cellar/node@20/20.20.0/lib/node_modules/npm/node_modules/@npmcli/run-script/lib/node-gyp-bin:/Users/juanprogramador/Trabajos/ticketTransfer/v2/apps/mobile/node_modules/.bin:/Users/juanprogramador/.cache/node/corepack/v1/pnpm/10.28.2/dist/node-gyp-bin:/Users/juanprogramador/Trabajos/ticketTransfer/v2/node_modules/.bin:/Users/juanprogramador/.antigravity/antigravity/bin:/opt/homebrew/opt/ruby/bin:/opt/homebrew/opt/ruby/bin:/opt/homebrew/opt/ruby/bin:/opt/homebrew/opt/openjdk/bin:/opt/homebrew/lib/ruby/gems/3.3.0/bin:/opt/homebrew/opt/ruby/bin:/Users/juanprogramador/Develop/flutter/bin:/usr/local/opt/node@20/bin:/Users/juanprogramador/.rbenv/shims:/usr/local/bin:/usr/local/sbin:/System/Cryptexes/App/usr/bin:/usr/bin:/bin:/usr/sbin:/sbin:/var/run/com.apple.security.cryptexd/codex.system/bootstrap/usr/local/bin:/var/run/com.apple.security.cryptexd/codex.system/bootstrap/usr/bin:/var/run/com.apple.security.cryptexd/codex.system/bootstrap/usr/appleinternal/bin:/opt/pmk/env/global/bin:/Library/Apple/usr/bin:/Users/juanprogramador/.local/bin:/Users/juanprogramador/.antigravity/antigravity/bin:/opt/homebrew/opt/ruby/bin:/opt/homebrew/opt/openjdk/bin:/opt/homebrew/lib/ruby/gems/3.3.0/bin:/Users/juanprogramador/Develop/flutter/bin:/usr/local/opt/node@20/bin:/Users/juanprogramador/.rbenv/shims:/Users/juanprogramador/Library/Android/sdk/emulator:/Users/juanprogramador/Library/Android/sdk/platform-tools:/Users/juanprogramador/Library/Android/sdk/tools:/Users/juanprogramador/Library/Android/sdk/tools/bin:/Users/juanprogramador/Library/Android/sdk/emulator:/Users/juanprogramador/Library/Android/sdk/platform-tools:/Users/juanprogramador/Library/Android/sdk/tools:/Users/juanprogramador/Library/Android/sdk/tools/bin
SHELL=/bin/zsh
LANG=en_US.UTF-8
LC_ALL=en_US.UTF-8
TERM=xterm-256color
TMPDIR=/var/folders/y5/8bd85fdx22161gc_fz2h96d80000gn/T/

Active Locale:
LC_ALL=en_US.UTF-8
LC_COLLATE=en_US.UTF-8
LC_CTYPE=en_US.UTF-8
LC_MESSAGES=en_US.UTF-8
LC_MONETARY=en_US.UTF-8
LC_NUMERIC=en_US.UTF-8
LC_TIME=en_US.UTF-8

Signal Handlers:
   SIGSEGV: crash_handler in libjvm.dylib, mask=11100110000111110111111111111111, flags=SA_RESTART|SA_SIGINFO, unblocked
    SIGBUS: crash_handler in libjvm.dylib, mask=11100110000111110111111111111111, flags=SA_RESTART|SA_SIGINFO, unblocked
    SIGFPE: crash_handler in libjvm.dylib, mask=11100110000111110111111111111111, flags=SA_RESTART|SA_SIGINFO, unblocked
   SIGPIPE: javaSignalHandler in libjvm.dylib, mask=11100110000111110111111111111111, flags=SA_RESTART|SA_SIGINFO, blocked
   SIGXFSZ: javaSignalHandler in libjvm.dylib, mask=11100110000111110111111111111111, flags=SA_RESTART|SA_SIGINFO, blocked
    SIGILL: crash_handler in libjvm.dylib, mask=11100110000111110111111111111111, flags=SA_RESTART|SA_SIGINFO, unblocked
   SIGUSR2: SR_handler in libjvm.dylib, mask=00100000000000000000000000000000, flags=SA_RESTART|SA_SIGINFO, blocked
    SIGHUP: UserHandler in libjvm.dylib, mask=11100110000111110111111111111111, flags=SA_RESTART|SA_SIGINFO, blocked
    SIGINT: UserHandler in libjvm.dylib, mask=11100110000111110111111111111111, flags=SA_RESTART|SA_SIGINFO, blocked
   SIGTERM: UserHandler in libjvm.dylib, mask=11100110000111110111111111111111, flags=SA_RESTART|SA_SIGINFO, blocked
   SIGQUIT: UserHandler in libjvm.dylib, mask=11100110000111110111111111111111, flags=SA_RESTART|SA_SIGINFO, blocked
   SIGTRAP: crash_handler in libjvm.dylib, mask=11100110000111110111111111111111, flags=SA_RESTART|SA_SIGINFO, unblocked


Periodic native trim disabled


---------------  S Y S T E M  ---------------

OS:
uname: Darwin 25.1.0 Darwin Kernel Version 25.1.0: Mon Oct 20 19:26:51 PDT 2025; root:xnu-12377.41.6~2/RELEASE_X86_64 x86_64
OS uptime: 0 days 0:12 hours
rlimit (soft/hard): STACK 8192k/65532k , CORE 0k/infinity , NPROC 5568/8352 , NOFILE 1048576/infinity , AS infinity/infinity , CPU infinity/infinity , DATA infinity/infinity , FSIZE infinity/infinity , MEMLOCK infinity/infinity , RSS infinity/infinity
load average: 5.80 4.79 3.31

CPU: total 16 (initial active 16) (8 cores per cpu, 2 threads per core) family 6 model 158 stepping 13 microcode 0x104, cx8, cmov, fxsr, ht, mmx, 3dnowpref, sse, sse2, sse3, ssse3, sse4.1, sse4.2, popcnt, lzcnt, tsc, tscinvbit, avx, avx2, aes, erms, clmul, bmi1, bmi2, adx, fma, vzeroupper, clflush, clflushopt
machdep.cpu.brand_string:Intel(R) Core(TM) i9-9980HK CPU @ 2.40GHz
hw.cpufrequency:2400000000
hw.cpufrequency_min:2400000000
hw.cpufrequency_max:2400000000
hw.cachelinesize:64
hw.l1icachesize:32768
hw.l1dcachesize:32768
hw.l2cachesize:262144
hw.l3cachesize:16777216

Memory: 4k page, physical 33554432k(40572k free), swap 0k(0k free)

vm_info: OpenJDK 64-Bit Server VM (17.0.18+8) for bsd-amd64 JRE (17.0.18+8), built on Jan 20 2026 00:00:00 by "admin" with clang Apple LLVM 15.0.0 (clang-1500.1.0.2.5)

END.
