#
# A fatal error has been detected by the Java Runtime Environment:
#
#  SIGSEGV (0xb) at pc=0x00000001171d1338, pid=55680, tid=87883
#
# JRE version: OpenJDK Runtime Environment Zulu17.62+17-CA (17.0.17+10) (build 17.0.17+10-LTS)
# Java VM: OpenJDK 64-Bit Server VM Zulu17.62+17-CA (17.0.17+10-LTS, mixed mode, emulated-client, sharing, tiered, compressed oops, compressed class ptrs, g1 gc, bsd-amd64)
# Problematic frame:
# J 28331 c1 java.util.concurrent.ConcurrentHashMap.transfer([Ljava/util/concurrent/ConcurrentHashMap$Node;[Ljava/util/concurrent/ConcurrentHashMap$Node;)V java.base@17.0.17 (849 bytes) @ 0x00000001171d1338 [0x00000001171d0d40+0x00000000000005f8]
#
# No core dump will be written. Core dumps have been disabled. To enable core dumping, try "ulimit -c unlimited" before starting Java again
#
# If you would like to submit a bug report, please visit:
#   http://www.azul.com/support/
#

---------------  S U M M A R Y ------------

Command Line: -XX:MaxMetaspaceSize=512m -XX:TieredStopAtLevel=1 --add-opens=java.base/java.util=ALL-UNNAMED --add-opens=java.base/java.lang=ALL-UNNAMED --add-opens=java.base/java.lang.invoke=ALL-UNNAMED --add-opens=java.prefs/java.util.prefs=ALL-UNNAMED --add-opens=java.base/java.nio.charset=ALL-UNNAMED --add-opens=java.base/java.net=ALL-UNNAMED --add-opens=java.base/java.util.concurrent.atomic=ALL-UNNAMED -Xmx2048m -Dfile.encoding=UTF-8 -Duser.country=AR -Duser.language=es -Duser.variant -javaagent:/Users/juanprogramador/.gradle/wrapper/dists/gradle-8.6-bin/afr5mpiioh2wthjmwnkmdsd5w/gradle-8.6/lib/agents/gradle-instrumentation-agent-8.6.jar org.gradle.launcher.daemon.bootstrap.GradleDaemon 8.6

Host: "MacBookPro16,1" x86_64 2400 MHz, 16 cores, 32G, Darwin 25.1.0, macOS 26.1 (25B78)
Time: Thu Feb 12 00:54:46 2026 -03 elapsed time: 6887.068432 seconds (0d 1h 54m 47s)

---------------  T H R E A D  ---------------

Current thread (0x00007fef7cf1c800):  JavaThread "WorkerExecutor Queue Thread 11" [_thread_in_Java, id=87883, stack(0x0000700016ad0000,0x0000700016bd0000)]

Stack: [0x0000700016ad0000,0x0000700016bd0000],  sp=0x0000700016bcc420,  free space=1009k
Native frames: (J=compiled Java code, j=interpreted, Vv=VM code, C=native code)
J 28331 c1 java.util.concurrent.ConcurrentHashMap.transfer([Ljava/util/concurrent/ConcurrentHashMap$Node;[Ljava/util/concurrent/ConcurrentHashMap$Node;)V java.base@17.0.17 (849 bytes) @ 0x00000001171d1338 [0x00000001171d0d40+0x00000000000005f8]
J 77815 c1 java.util.concurrent.ConcurrentHashMap.addCount(JI)V java.base@17.0.17 (280 bytes) @ 0x0000000117506e9c [0x0000000117506c00+0x000000000000029c]
J 82680 c1 java.util.concurrent.ConcurrentHashMap.putVal(Ljava/lang/Object;Ljava/lang/Object;Z)Ljava/lang/Object; java.base@17.0.17 (432 bytes) @ 0x0000000117c3128c [0x0000000117c307a0+0x0000000000000aec]
J 82694 c1 com.android.tools.r8.graph.p1.a(Ljava/util/concurrent/ConcurrentHashMap;Lcom/android/tools/r8/graph/I3;)Lcom/android/tools/r8/graph/a1; (52 bytes) @ 0x0000000116fe446c [0x0000000116fe4440+0x000000000000002c]
J 85691 c1 com.android.tools.r8.graph.M3$$Lambda$2743+0x00000001222c86d8.apply(Ljava/lang/Object;)Ljava/lang/Object; (12 bytes) @ 0x0000000119511acc [0x0000000119511960+0x000000000000016c]
J 77336 c1 java.util.concurrent.ConcurrentHashMap.computeIfAbsent(Ljava/lang/Object;Ljava/util/function/Function;)Ljava/lang/Object; java.base@17.0.17 (576 bytes) @ 0x0000000117106744 [0x0000000117105f80+0x00000000000007c4]
J 86299 c1 com.android.tools.r8.graph.N3.a(Ljava/lang/String;Ljava/lang/Object;)V (256 bytes) @ 0x0000000118f16a84 [0x0000000118f15fc0+0x0000000000000ac4]
J 85738 c1 com.android.tools.r8.internal.Ia.a(Lcom/android/tools/r8/internal/m2;ILjava/lang/String;[C)I (1093 bytes) @ 0x000000011916f774 [0x000000011916dac0+0x0000000000001cb4]
J 86339 c1 com.android.tools.r8.internal.Ia.a(Lcom/android/tools/r8/internal/m2;IZ[C)I (78 bytes) @ 0x000000011908a24c [0x000000011908a080+0x00000000000001cc]
J 85738 c1 com.android.tools.r8.internal.Ia.a(Lcom/android/tools/r8/internal/m2;ILjava/lang/String;[C)I (1093 bytes) @ 0x000000011916f3ec [0x000000011916dac0+0x000000000000192c]
J 86339 c1 com.android.tools.r8.internal.Ia.a(Lcom/android/tools/r8/internal/m2;IZ[C)I (78 bytes) @ 0x000000011908a1f4 [0x000000011908a080+0x0000000000000174]
J 85798 c1 com.android.tools.r8.internal.Ia.a(Lcom/android/tools/r8/internal/Qa;[Lcom/android/tools/r8/internal/T3;I)V (4479 bytes) @ 0x00000001188f7f1c [0x00000001188f40e0+0x0000000000003e3c]
J 85865 c1 com.android.tools.r8.graph.T3.a(Lcom/android/tools/r8/origin/Origin;[B)V (353 bytes) @ 0x0000000118684dec [0x00000001186847c0+0x000000000000062c]
j  com.android.tools.r8.graph.T3$$Lambda$2712+0x00000001222bfbf8.run()V+12
j  com.android.tools.r8.utils.R0.a(Ljava/lang/Runnable;)Ljava/lang/Object;+1
j  com.android.tools.r8.utils.R0$$Lambda$2715+0x00000001222bd8b8.get()Ljava/lang/Object;+4
j  com.android.tools.r8.utils.R0.a(Lcom/android/tools/r8/origin/Origin;Lcom/android/tools/r8/position/Position;Ljava/util/function/Supplier;)Ljava/lang/Object;+1
j  com.android.tools.r8.utils.R0.a(Lcom/android/tools/r8/origin/Origin;Lcom/android/tools/r8/position/Position;Ljava/lang/Runnable;)V+9
j  com.android.tools.r8.graph.T3.b(Lcom/android/tools/r8/origin/Origin;[B)V+13
j  com.android.tools.r8.dex.a.a(Lcom/android/tools/r8/graph/T3;Lcom/android/tools/r8/ProgramResource;)Ljava/lang/Object;+21
j  com.android.tools.r8.dex.a$$Lambda$2707+0x00000001222bbb40.call()Ljava/lang/Object;+8
J 82202 c1 com.google.common.util.concurrent.TrustedListenableFutureTask$TrustedFutureInterruptibleTask.runInterruptibly()Ljava/lang/Object; (10 bytes) @ 0x0000000119c10424 [0x0000000119c103c0+0x0000000000000064]
J 82215 c1 com.google.common.util.concurrent.InterruptibleTask.run()V (185 bytes) @ 0x0000000118742d14 [0x0000000118742b40+0x00000000000001d4]
J 82327 c1 com.google.common.util.concurrent.AbstractListeningExecutorService.submit(Ljava/util/concurrent/Callable;)Ljava/util/concurrent/Future; (6 bytes) @ 0x000000011888f2d4 [0x000000011888f120+0x00000000000001b4]
j  com.android.tools.r8.dex.a.a(Ljava/util/ArrayList;Ljava/util/concurrent/ConcurrentLinkedQueue;)V+79
j  com.android.tools.r8.dex.a.b()V+138
j  com.android.tools.r8.dex.c.a(Lcom/android/tools/r8/d0;Ljava/util/concurrent/ExecutorService;Lcom/android/tools/r8/utils/O0;)Lcom/android/tools/r8/graph/b4;+216
j  com.android.tools.r8.dex.c.a(Lcom/android/tools/r8/d0;Ljava/util/concurrent/ExecutorService;)Lcom/android/tools/r8/graph/b4;+11
j  com.android.tools.r8.dex.c.a(Ljava/util/concurrent/ExecutorService;)Lcom/android/tools/r8/graph/b4;+9
j  com.android.tools.r8.D8.a(Lcom/android/tools/r8/utils/p;Lcom/android/tools/r8/utils/A1;Ljava/util/concurrent/ExecutorService;Lcom/android/tools/r8/utils/y3;)Lcom/android/tools/r8/graph/m;+23
j  com.android.tools.r8.D8.d(Lcom/android/tools/r8/utils/p;Lcom/android/tools/r8/utils/A1;Ljava/util/concurrent/ExecutorService;)V+124
j  com.android.tools.r8.D8.b(Lcom/android/tools/r8/utils/p;Lcom/android/tools/r8/utils/A1;Ljava/util/concurrent/ExecutorService;)V+3
j  com.android.tools.r8.D8$$Lambda$2694+0x00000001222ae190.run()V+12
j  com.android.tools.r8.utils.R0.a(Lcom/android/tools/r8/utils/O2;Lcom/android/tools/r8/utils/R0$a;)V+2
j  com.android.tools.r8.utils.R0.b(Lcom/android/tools/r8/utils/O2;Lcom/android/tools/r8/utils/R0$a;)V+2
j  com.android.tools.r8.D8.run(Lcom/android/tools/r8/D8Command;Ljava/util/concurrent/ExecutorService;)V+22
j  com.android.builder.dexing.D8DexArchiveBuilder.convert(Ljava/util/stream/Stream;Ljava/nio/file/Path;Ljava/nio/file/Path;Lcom/android/builder/dexing/DependencyGraphUpdater;)V+298
j  com.android.build.gradle.internal.dexing.DexWorkActionKt.process(Lcom/android/builder/dexing/DexArchiveBuilder;Lcom/android/builder/dexing/ClassBucket;Lkotlin/jvm/functions/Function2;Ljava/io/File;Ljava/io/File;Lcom/android/builder/dexing/DependencyGraphUpdater;)V+173
j  com.android.build.gradle.internal.dexing.DexWorkActionKt.processNonIncrementally(Lcom/android/builder/dexing/DexArchiveBuilder;Lcom/android/build/gradle/internal/dexing/DexWorkActionParams;)V+66
j  com.android.build.gradle.internal.dexing.DexWorkActionKt.launchProcessing(Lcom/android/build/gradle/internal/dexing/DexWorkActionParams;Lcom/android/ide/common/blame/MessageReceiver;)V+46
j  com.android.build.gradle.internal.dexing.DexWorkAction.run()V+62
J 85663 c1 com.android.build.gradle.internal.profile.ProfileAwareWorkAction.execute()V (143 bytes) @ 0x00000001186e0c0c [0x00000001186e0700+0x000000000000050c]
J 68360 c1 org.gradle.workers.internal.DefaultWorkerServer.execute(Lorg/gradle/workers/internal/SimpleActionExecutionSpec;)Lorg/gradle/workers/internal/DefaultWorkResult; (167 bytes) @ 0x0000000117306754 [0x0000000117306180+0x00000000000005d4]
J 68356 c1 org.gradle.workers.internal.NoIsolationWorkerFactory$1$1.create()Ljava/lang/Object; (5 bytes) @ 0x00000001198e722c [0x00000001198e7140+0x00000000000000ec]
J 68355 c1 org.gradle.internal.classloader.ClassLoaderUtils.executeInClassloader(Ljava/lang/ClassLoader;Lorg/gradle/internal/Factory;)Ljava/lang/Object; (42 bytes) @ 0x0000000119a21044 [0x0000000119a20e80+0x00000000000001c4]
J 68353 c1 org.gradle.workers.internal.NoIsolationWorkerFactory$1.lambda$execute$0(Ljava/lang/ClassLoader;Lorg/gradle/workers/WorkerExecutor;Lorg/gradle/workers/internal/IsolatedParametersActionExecutionSpec;)Lorg/gradle/workers/internal/DefaultWorkResult; (41 bytes) @ 0x000000011963304c [0x0000000119632f60+0x00000000000000ec]
J 68350 c1 org.gradle.workers.internal.AbstractWorker$1.call(Lorg/gradle/internal/operations/BuildOperationContext;)Ljava/lang/Object; (6 bytes) @ 0x000000011961c8fc [0x000000011961c860+0x000000000000009c]
J 9045 c1 org.gradle.internal.operations.DefaultBuildOperationRunner$CallableBuildOperationWorker.execute(Lorg/gradle/internal/operations/BuildOperation;Lorg/gradle/internal/operations/BuildOperationContext;)V (10 bytes) @ 0x0000000117decfdc [0x0000000117decf40+0x000000000000009c]
J 6328 c1 org.gradle.internal.operations.DefaultBuildOperationRunner$2.execute(Lorg/gradle/internal/operations/BuildOperationDescriptor;Lorg/gradle/internal/operations/BuildOperationState;Lorg/gradle/internal/operations/BuildOperationState;Lorg/gradle/internal/operations/DefaultBuildOperationRunner$ReadableBuildOperationContext;Lorg/gradle/internal/operations/DefaultBuildOperationRunner$BuildOperationExecutionListener;)Lorg/gradle/internal/operations/BuildOperation; (110 bytes) @ 0x00000001179e8f1c [0x00000001179e8e80+0x000000000000009c]
J 6332 c1 org.gradle.internal.operations.DefaultBuildOperationRunner$2.execute(Lorg/gradle/internal/operations/BuildOperationDescriptor;Lorg/gradle/internal/operations/BuildOperationState;Lorg/gradle/internal/operations/BuildOperationState;Lorg/gradle/internal/operations/DefaultBuildOperationRunner$ReadableBuildOperationContext;Lorg/gradle/internal/operations/DefaultBuildOperationRunner$BuildOperationExecutionListener;)Ljava/lang/Object; (12 bytes) @ 0x00000001179eaf54 [0x00000001179eaf20+0x0000000000000034]
J 18781 c1 org.gradle.internal.operations.DefaultBuildOperationRunner.execute(Lorg/gradle/internal/operations/BuildOperationDescriptor$Builder;Lorg/gradle/internal/operations/BuildOperationState;Lorg/gradle/internal/operations/DefaultBuildOperationRunner$BuildOperationExecution;)Ljava/lang/Object; (147 bytes) @ 0x0000000118e05474 [0x0000000118e04e40+0x0000000000000634]
J 9049 c1 org.gradle.internal.operations.DefaultBuildOperationRunner.call(Lorg/gradle/internal/operations/CallableBuildOperation;)Ljava/lang/Object; (24 bytes) @ 0x0000000117dedf44 [0x0000000117dedce0+0x0000000000000264]
J 68338 c1 org.gradle.workers.internal.DefaultWorkerExecutor$$Lambda$2373+0x00000001220411a8.call()Ljava/lang/Object; (20 bytes) @ 0x0000000118b5161c [0x0000000118b513a0+0x000000000000027c]
J 6056 c1 java.util.concurrent.FutureTask.run()V java.base@17.0.17 (123 bytes) @ 0x0000000117981fe4 [0x0000000117981e60+0x0000000000000184]
J 67680 c1 org.gradle.internal.work.DefaultConditionalExecutionQueue$ExecutionRunner$1.run()V (29 bytes) @ 0x0000000118de742c [0x0000000118de7380+0x00000000000000ac]
J 13832 c1 org.gradle.internal.Factories$1.create()Ljava/lang/Object; (11 bytes) @ 0x000000011855a784 [0x000000011855a740+0x0000000000000044]
J 20148 c1 org.gradle.internal.work.DefaultWorkerLeaseService.withLocks(Ljava/util/Collection;Lorg/gradle/internal/Factory;)Ljava/lang/Object; (53 bytes) @ 0x000000011907d6cc [0x000000011907d540+0x000000000000018c]
J 18805 c1 org.gradle.internal.work.DefaultWorkerLeaseService.runAsWorkerThread(Lorg/gradle/internal/Factory;)Ljava/lang/Object; (37 bytes) @ 0x0000000118e0dedc [0x0000000118e0dc20+0x00000000000002bc]
J 67676 c1 org.gradle.internal.work.DefaultConditionalExecutionQueue$ExecutionRunner.runBatch(Lorg/gradle/internal/work/ConditionalExecution;)V (22 bytes) @ 0x0000000118fbdb74 [0x0000000118fbd9c0+0x00000000000001b4]
j  org.gradle.internal.work.DefaultConditionalExecutionQueue$ExecutionRunner.run()V+11
J 42129 c1 java.util.concurrent.Executors$RunnableAdapter.call()Ljava/lang/Object; java.base@17.0.17 (14 bytes) @ 0x00000001181d408c [0x00000001181d4040+0x000000000000004c]
J 6056 c1 java.util.concurrent.FutureTask.run()V java.base@17.0.17 (123 bytes) @ 0x0000000117981fe4 [0x0000000117981e60+0x0000000000000184]
J 42183 c1 org.gradle.internal.concurrent.AbstractManagedExecutor$1.run()V (57 bytes) @ 0x00000001181c33e4 [0x00000001181c3300+0x00000000000000e4]
J 34451 c1 java.util.concurrent.ThreadPoolExecutor.runWorker(Ljava/util/concurrent/ThreadPoolExecutor$Worker;)V java.base@17.0.17 (187 bytes) @ 0x0000000117cd06ec [0x0000000117cd0440+0x00000000000002ac]
J 34450 c1 java.util.concurrent.ThreadPoolExecutor$Worker.run()V java.base@17.0.17 (9 bytes) @ 0x0000000117964984 [0x0000000117964940+0x0000000000000044]
J 34443 c1 java.lang.Thread.run()V java.base@17.0.17 (17 bytes) @ 0x0000000117cce18c [0x0000000117cce140+0x000000000000004c]
v  ~StubRoutines::call_stub
V  [libjvm.dylib+0x51f5b9]  JavaCalls::call_helper(JavaValue*, methodHandle const&, JavaCallArguments*, JavaThread*)+0x2a9
V  [libjvm.dylib+0x51e627]  JavaCalls::call_virtual(JavaValue*, Klass*, Symbol*, Symbol*, JavaCallArguments*, JavaThread*)+0x147
V  [libjvm.dylib+0x51e6f3]  JavaCalls::call_virtual(JavaValue*, Handle, Klass*, Symbol*, Symbol*, JavaThread*)+0x63
V  [libjvm.dylib+0x5ca4e4]  thread_entry(JavaThread*, JavaThread*)+0xb4
V  [libjvm.dylib+0xa976e0]  JavaThread::thread_main_inner()+0x150
V  [libjvm.dylib+0xa959d7]  Thread::call_run()+0xa7
V  [libjvm.dylib+0x8ad748]  thread_native_entry(Thread*)+0x148
C  [libsystem_pthread.dylib+0x5e4d]  _pthread_start+0x73
C  [libsystem_pthread.dylib+0x1857]  thread_start+0xf


siginfo: si_signo: 11 (SIGSEGV), si_code: 1 (SEGV_MAPERR), si_addr: 0x000000000080000c

Registers:
RAX=0x00000007c0b4bb18, RBX=0x00000007c0b4bb18, RCX=0x0000000000000400, RDX=0x0000000000000000
RSP=0x0000700016bcc420, RBP=0x0000700016bcd8f0, RSI=0x0000000000000337, RDI=0x0000000000800000
R8 =0x00000007c0b4bb18, R9 =0x0000000000000737, R10=0x0000000120000000, R11=0x0000000000000400
R12=0x0000000000000000, R13=0x0000000000000000, R14=0x0000000000000cec, R15=0x00007fef7cf1c800
RIP=0x00000001171d1338, EFLAGS=0x0000000000010206, ERR=0x0000000000000004
  TRAPNO=0x000000000000000e


Register to memory mapping:

RAX=0x00000007c0b4bb18 is an oop: java.util.concurrent.ConcurrentHashMap$Node 
{0x00000007c0b4bb18} - klass: 'java/util/concurrent/ConcurrentHashMap$Node'
 - ---- fields (total size 4 words):
 - final 'hash' 'I' @12  4450103 (43e737)
 - final 'key' 'Ljava/lang/Object;' @16  a 'com/android/tools/r8/graph/u2'{0x00000007c0b4bb38} (f8169767)
 - volatile 'val' 'Ljava/lang/Object;' @20  a 'com/android/tools/r8/graph/u2'{0x00000007c0b4bb38} (f8169767)
 - volatile 'next' 'Ljava/util/concurrent/ConcurrentHashMap$Node;' @24  
[error occurred during error reporting (printing register info), id 0xb, SIGSEGV (0xb) at pc=0x000000010e63e265]

Top of Stack: (sp=0x0000700016bcc420)
0x0000700016bcc420:   00000007c0b3fa48 00007fef7cf1c800
0x0000700016bcc430:   0000700016bcc8b0 0000000116f3ccde
0x0000700016bcc440:   0000700016bccd00 00000000000000fb
0x0000700016bcc450:   696e416b63617453 0000000000000000
0x0000700016bcc460:   00000000e51de3dc 20211fcda2cebaa5
0x0000700016bcc470:   82baad5776862656 00000000ffffffff
0x0000700016bcc480:   00000000ffffffff 0000000000000000
0x0000700016bcc490:   000000010ee27858 0000000000000003
0x0000700016bcc4a0:   00000007c0d9aa88 0000000000000003
0x0000700016bcc4b0:   000000010ee68a90 000000010e66cc97
0x0000700016bcc4c0:   0000000000000000 0000000000000000
0x0000700016bcc4d0:   0000700016000000 00000007c0b3ed58
0x0000700016bcc4e0:   00000007ffd05d98 0000000000000010
0x0000700016bcc4f0:   00000007ffd07da8 0000080000000400
0x0000700016bcc500:   00000007c0b3ed18 0000073700000330
0x0000700016bcc510:   00000007c0b4bb18 0000000000000cec
0x0000700016bcc520:   00000007c0b4cfc8 000000000000033c
0x0000700016bcc530:   0000000000000038 00000001200015a0
0x0000700016bcc540:   0000000000000007 0000000120000d78
0x0000700016bcc550:   0000000000001138 0000000000000038
0x0000700016bcc560:   0000700016bcc5d0 000000010e271f9d
0x0000700016bcc570:   0000000000000009 00000007c0b4bb18
0x0000700016bcc580:   0000700016000000 000000010e43441d
0x0000700016bcc590:   0000700016bcd8f0 0000000117506e9c
0x0000700016bcc5a0:   00000007c0dfbb40 0000700016bcc678
0x0000700016bcc5b0:   000000010ee3f1f0 0000000000000007
0x0000700016bcc5c0:   0000700016bcd8f0 0000000116ffd46c
0x0000700016bcc5d0:   0000700016bcc610 000000010e94463c
0x0000700016bcc5e0:   0000000000000000 0000700016bcc678
0x0000700016bcc5f0:   000000000000003f 0000000120000d78
0x0000700016bcc600:   0000700016bcd8f0 000000011969fc14
0x0000700016bcc610:   0000700044802248 000000010e944aff 

Instructions: (pc=0x00000001171d1338)
0x00000001171d1238:   85 15 00 00 00 b9 01 00 00 00 4c 8b c3 48 8b 9c
0x00000001171d1248:   24 c0 00 00 00 e9 33 0b 00 00 4c 8d ac 24 50 01
0x00000001171d1258:   00 00 4c 8b f0 4d 89 45 08 49 8b 00 48 83 c8 01
0x00000001171d1268:   49 89 45 00 f0 4d 0f b1 28 0f 84 14 00 00 00 48
0x00000001171d1278:   2b c4 48 81 e0 07 f0 ff ff 49 89 45 00 0f 85 68
0x00000001171d1288:   0e 00 00 42 8b 04 33 48 c1 e0 03 45 0f be 6f 38
0x00000001171d1298:   41 83 fd 00 0f 85 64 0e 00 00 48 83 f8 00 0f 84
0x00000001171d12a8:   29 00 00 00 49 bb 10 3f 1a 20 01 00 00 00 8b 58
0x00000001171d12b8:   08 49 ba 00 00 00 20 01 00 00 00 49 03 da 4c 3b
0x00000001171d12c8:   5b 38 0f 85 4e 0e 00 00 e9 00 00 00 00 49 3b c0
0x00000001171d12d8:   0f 84 2e 00 00 00 48 8b cf 89 b4 24 08 01 00 00
0x00000001171d12e8:   89 94 24 0c 01 00 00 4c 8b 9c 24 d0 00 00 00 48
0x00000001171d12f8:   8b 9c 24 c0 00 00 00 4c 8b 84 24 b8 00 00 00 e9
0x00000001171d1308:   48 0a 00 00 83 f9 00 0f 8c e5 03 00 00 23 8c 24
0x00000001171d1318:   d8 00 00 00 41 8b 78 18 48 c1 e7 03 49 8b d8 44
0x00000001171d1328:   8b 9c 24 d8 00 00 00 e9 29 00 00 00 0f 1f 40 00
0x00000001171d1338:   8b 47 0c 49 23 c3 3b c1 0f 84 06 00 00 00 48 8b
0x00000001171d1348:   df 48 8b c8 8b 7f 18 48 c1 e7 03 4d 8b 97 50 03
0x00000001171d1358:   00 00 41 85 02 48 83 ff 00 75 d5 83 f9 00 0f 85
0x00000001171d1368:   12 00 00 00 48 8b fb 48 b8 00 00 00 00 00 00 00
0x00000001171d1378:   00 e9 0d 00 00 00 48 8b c3 48 bf 00 00 00 00 00
0x00000001171d1388:   00 00 00 4d 8b e8 89 b4 24 08 01 00 00 89 94 24
0x00000001171d1398:   0c 01 00 00 e9 57 02 00 00 0f 1f 80 00 00 00 00
0x00000001171d13a8:   41 8b 4d 0c 45 8b 45 10 49 c1 e0 03 45 8b 4d 14
0x00000001171d13b8:   49 c1 e1 03 4c 8b f1 4d 23 f3 41 83 fe 00 4c 8b
0x00000001171d13c8:   f1 48 89 9c 24 00 01 00 00 0f 85 f9 00 00 00 48
0x00000001171d13d8:   ba 10 3f 1a 20 01 00 00 00 4c 8b d8 48 8b df 49
0x00000001171d13e8:   8b 87 08 01 00 00 48 8d 78 20 49 3b bf 18 01 00
0x00000001171d13f8:   00 0f 87 32 0d 00 00 49 89 bf 08 01 00 00 48 c7
0x00000001171d1408:   00 01 00 00 00 48 8b ca 49 ba 00 00 00 20 01 00
0x00000001171d1418:   00 00 49 2b ca 89 48 08 48 33 c9 89 48 0c 48 33
0x00000001171d1428:   c9 48 89 48 10 48 89 48 18 44 89 70 0c 41 0f be 


Stack slot to memory mapping:
stack at sp + 0 slots: 0x00000007c0b3fa48 is pointing into object: [Ljava.util.concurrent.ConcurrentHashMap$Node; 
{0x00000007c0b3ed58} - klass: 'java/util/concurrent/ConcurrentHashMap$Node'[]
 - length: 1024
stack at sp + 1 slots: 0x00007fef7cf1c800 is a thread
stack at sp + 2 slots: 0x0000700016bcc8b0 is pointing into the stack for thread: 0x00007fef7cf1c800
stack at sp + 3 slots: 0x0000000116f3ccde is at code_begin+222 in 
[CodeBlob (0x0000000116f3cb90)]
Framesize: 144
Runtime Stub (0x0000000116f3cb90): new_object_array Runtime1 stub
--------------------------------------------------------------------------------
Decoding CodeBlob, name: new_object_array Runtime1 stub, at  [0x0000000116f3cc00, 0x0000000116f3cdf0]  496 bytes
[MachCode]
  0x0000000116f3cc00: 5548 8bec | 4881 ec80 | 0000 0048 | 8944 2478 | 4889 4c24 | 7048 8954 | 2468 4889 | 5c24 6048 
  0x0000000116f3cc20: 896c 2450 | 4889 7424 | 4848 897c | 2440 4c89 | 4424 384c | 894c 2430 | 4c89 5424 | 284c 895c 
  0x0000000116f3cc40: 2420 4c89 | 6424 184c | 896c 2410 | 4c89 7424 | 084c 893c | 2448 81ec | f003 0000 | c5fb 1144 
  0x0000000116f3cc60: 2408 c5fb | 114c 2410 | c5fb 1154 | 2418 c5fb | 115c 2420 | c5fb 1164 | 2428 c5fb | 116c 2430 
  0x0000000116f3cc80: c5fb 1174 | 2438 c5fb | 117c 2440 | c57b 1144 | 2448 c57b | 114c 2450 | c57b 1154 | 2458 c57b 
  0x0000000116f3cca0: 115c 2460 | c57b 1164 | 2468 c57b | 116c 2470 | c57b 1174 | 2478 c57b | 11bc 2480 | 0000 0048 
  0x0000000116f3ccc0: 8bf2 488b | d349 8bff | c5f8 7749 | 89af a802 | 0000 4989 | a798 0200 | 00e8 b245 | 44f7 49c7 
  0x0000000116f3cce0: 8798 0200 | 0000 0000 | 0049 c787 | a802 0000 | 0000 0000 | 49c7 87a0 | 0200 0000 | 0000 00c5 
  0x0000000116f3cd00: f877 4981 | 7f08 0000 | 0000 0f84 | 1400 0000 | 498b 4708 | 49c7 87f0 | 0200 0000 | 0000 00e9 
  0x0000000116f3cd20: fcd4 ffff | 498b 87f0 | 0200 0049 | c787 f002 | 0000 0000 | 0000 c5fb | 1044 2408 | c5fb 104c 
  0x0000000116f3cd40: 2410 c5fb | 1054 2418 | c5fb 105c | 2420 c5fb | 1064 2428 | c5fb 106c | 2430 c5fb | 1074 2438 
  0x0000000116f3cd60: c5fb 107c | 2440 c57b | 1044 2448 | c57b 104c | 2450 c57b | 1054 2458 | c57b 105c | 2460 c57b 
  0x0000000116f3cd80: 1064 2468 | c57b 106c | 2470 c57b | 1074 2478 | c57b 10bc | 2480 0000 | 0048 81c4 | f003 0000 
  0x0000000116f3cda0: 4c8b 3c24 | 4c8b 7424 | 084c 8b6c | 2410 4c8b | 6424 184c | 8b5c 2420 | 4c8b 5424 | 284c 8b4c 
  0x0000000116f3cdc0: 2430 4c8b | 4424 3848 | 8b7c 2440 | 488b 7424 | 4848 8b6c | 2450 488b | 5c24 6048 | 8b54 2468 
  0x0000000116f3cde0: 488b 4c24 | 7048 81c4 | 8000 0000 | c9c3 6690 
[/MachCode]
--------------------------------------------------------------------------------
stack at sp + 4 slots: 0x0000700016bccd00 is pointing into the stack for thread: 0x00007fef7cf1c800
stack at sp + 5 slots: 0x00000000000000fb is an unknown value
stack at sp + 6 slots: 0x696e416b63617453 is an unknown value
stack at sp + 7 slots: 0x0 is NULL


Compiled method (c1) 6887092 28331   !   1       java.util.concurrent.ConcurrentHashMap::transfer (849 bytes)
 total in heap  [0x00000001171d0a90,0x00000001171d3418] = 10632
 relocation     [0x00000001171d0bf0,0x00000001171d0d40] = 336
 main code      [0x00000001171d0d40,0x00000001171d26a0] = 6496
 stub code      [0x00000001171d26a0,0x00000001171d2730] = 144
 metadata       [0x00000001171d2730,0x00000001171d2748] = 24
 scopes data    [0x00000001171d2748,0x00000001171d2f10] = 1992
 scopes pcs     [0x00000001171d2f10,0x00000001171d3180] = 624
 dependencies   [0x00000001171d3180,0x00000001171d3188] = 8
 handler table  [0x00000001171d3188,0x00000001171d33b0] = 552
 nul chk table  [0x00000001171d33b0,0x00000001171d3418] = 104

[Constant Pool (empty)]

[MachCode]
[Entry Point]
  # {method} {0x000000012045b718} 'transfer' '([Ljava/util/concurrent/ConcurrentHashMap$Node;[Ljava/util/concurrent/ConcurrentHashMap$Node;)V' in 'java/util/concurrent/ConcurrentHashMap'
  # this:     rsi:rsi   = 'java/util/concurrent/ConcurrentHashMap'
  # parm0:    rdx:rdx   = '[Ljava/util/concurrent/ConcurrentHashMap$Node;'
  # parm1:    rcx:rcx   = '[Ljava/util/concurrent/ConcurrentHashMap$Node;'
  #           [sp+0x180]  (sp of caller)
  0x00000001171d0d40: 448b 5608 | 49bb 0000 | 0020 0100 | 0000 4d03 | d34c 3bd0 

  0x00000001171d0d54: ;   {runtime_call ic_miss_stub}
  0x00000001171d0d54: 0f85 26b0 | ccff 660f | 1f44 0000 
[Verified Entry Point]
  0x00000001171d0d60: 8984 2400 | c0fe ff55 | 4881 ec70 | 0100 0048 | 89b4 24e0 | 0000 0048 | 8994 24b8 | 0000 0048 
  0x00000001171d0d80: b878 a003 | 3b01 0000 | 008b 581c | ffcb 8958 | 1c83 fb00 | 0f8e 5b12 | 0000 448b | 420c 4489 
  0x00000001171d0da0: 8424 d800 | 0000 498b | c0c1 e803 | bb10 0000 | 0081 f800 | 0000 800f | 850b 0000 | 0033 d283 
  0x00000001171d0dc0: fbff 0f84 | 0300 0000 | 99f7 fb83 | f810 0f8d | 0500 0000 | b810 0000 | 0048 83f9 | 000f 840b 
  0x00000001171d0de0: 0000 004c | 8be8 4c8b | dee9 dd00 | 0000 498b 

  0x00000001171d0df0: ;   {metadata('java/util/concurrent/ConcurrentHashMap$Node'[])}
  0x00000001171d0df0: d8d1 e348 | ba00 451a | 2001 0000 | 004c 8be8 | 4c8b de48 | 63db 488b | fb48 81fb | ffff ff00 
  0x00000001171d0e10: 0f87 f611 | 0000 48be | 1700 0000 | 0000 0000 | 488d 349e | 4883 e6f8 | 498b 8708 | 0100 0048 
  0x00000001171d0e30: 8d34 3049 | 3bb7 1801 | 0000 0f87 | cc11 0000 | 4989 b708 | 0100 0048 | 2bf0 48c7 | 0001 0000 
  0x00000001171d0e50: 0048 8bca | 49ba 0000 | 0020 0100 | 0000 492b | ca89 4808 | 8958 0c48 | 83ee 100f | 841a 0000 
  0x00000001171d0e70: 0048 85f6 | 0f84 1100 | 0000 4833 | db48 c1ee | 0348 895c | f008 48ff | ce75 f641 | 0fbe 5738 
  0x00000001171d0e90: 83fa 000f | 857d 1100 | 004c 8bd0 | 49c1 ea03 | 4589 532c | f083 4424 | c000 498b | f348 33f0 
  0x00000001171d0eb0: 48c1 ee14 | 4883 fe00 | 0f85 7811 | 0000 4589 | 4320 f083 | 4424 c000 | 488b c88b | 590c 899c 
  0x00000001171d0ed0: 24dc 0000 

  0x00000001171d0ed4: ;   {metadata('java/util/concurrent/ConcurrentHashMap$ForwardingNode')}
  0x00000001171d0ed4: 0048 bab0 | 3c1a 2001 | 0000 004c | 8bf1 498b | 8708 0100 | 0048 8d78 | 2049 3bbf | 1801 0000 
  0x00000001171d0ef4: 0f87 5911 | 0000 4989 | bf08 0100 | 0048 c700 | 0100 0000 | 488b ca49 | ba00 0000 | 2001 0000 
  0x00000001171d0f14: 0049 2bca | 8948 0848 | 33c9 8948 | 0c48 33c9 | 4889 4810 | 4889 4818 | 4889 8424 | d000 0000 
  0x00000001171d0f34: c740 0cff | ffff ff41 | 0fbe 7738 | 83fe 000f | 8517 1100 | 004d 8bd6 | 49c1 ea03 | 4489 501c 
  0x00000001171d0f54: 488b f049 | 33f6 48c1 | ee14 4883 | fe00 0f85 | 1711 0000 | bf00 0000 | 00be 0000 | 0000 ba00 
  0x00000001171d0f74: 0000 00b9 | 0100 0000 | 4c89 b424 | c000 0000 | 0f1f 4000 | 83f9 000f | 84d1 0000 | 00ff ce3b 
  0x00000001171d0f94: f70f 8d09 | 0000 0083 | fa00 0f84 | 1a00 0000 | b900 0000 | 0048 8b9c | 24c0 0000 | 0044 89ac 
  0x00000001171d0fb4: 24c8 0000 | 00e9 0a0e | 0000 458b | 4b20 4183 | f900 0f8f | 1f00 0000 | beff ffff | ffb9 0000 
  0x00000001171d0fd4: 0000 488b | 9c24 c000 | 0000 4489 | ac24 c800 | 0000 e9dd | 0d00 0045 | 3bcd 0f8e | 0b00 0000 
  0x00000001171d0ff4: 4d8b f145 | 2bf5 e906 | 0000 0041 | be00 0000 | 0044 89ac | 24c8 0000 | 0049 c7c5 | 2000 0000 
  0x00000001171d1014: 4f8d 2c2b | 498b c1f0 | 450f b175 | 00b8 0100 | 0000 0f84 | 0500 0000 | b800 0000 | 0083 f800 
  0x00000001171d1034: 0f85 0d00 | 0000 488b | 9c24 c000 | 0000 e981 | 0d00 0041 | ffc9 498b | fe49 8bf1 | b900 0000 
  0x00000001171d1054: 0048 8b9c | 24c0 0000 | 00e9 660d | 0000 4489 | ac24 c800 | 0000 83fe | 000f 8c20 | 0000 0041 
  0x00000001171d1074: 3bf0 0f8d | 1700 0000 | 4c8b ce45 | 03c8 4489 | 8c24 ec00 | 0000 443b | cb0f 8ca1 | 0000 0083 
  0x00000001171d1094: fa00 0f85 | 940d 0000 | 458b 4b14 | 4d8b e941 | ffcd 4d8d | 7314 498b | c1f0 450f | b12e b801 
  0x00000001171d10b4: 0000 000f | 8405 0000 | 00b8 0000 | 0000 83f8 | 0089 bc24 | e800 0000 | 0f84 4500 | 0000 4183 
  0x00000001171d10d4: e902 498b | f044 898c | 24cc 0000 | 0066 0f1f 

  0x00000001171d10e4: ;   {static_call}
  0x00000001171d10e4: 4400 00e8 

  0x00000001171d10e8: ; ImmutableOopMap {[208]=Oop [192]=Oop [184]=Oop [224]=Oop }
                      ;*invokestatic numberOfLeadingZeros {reexecute=0 rethrow=0 return_oop=0}
                      ; - java.util.concurrent.ConcurrentHashMap::resizeStamp@1 (line 2285)
                      ; - java.util.concurrent.ConcurrentHashMap::transfer@267 (line 2472)
  0x00000001171d10e8: 3457 1802 | 81c8 0080 | 0000 c1e0 | 1044 8b8c | 24cc 0000 | 0044 3bc8 | 0f85 140d | 0000 8bb4 
  0x00000001171d1108: 24d8 0000 | 00ba 0100 | 0000 b901 | 0000 004c | 8b9c 24d0 | 0000 0048 | 8b9c 24c0 | 0000 004c 
  0x00000001171d1128: 8b84 24b8 | 0000 00e9 | 510c 0000 | 89bc 24e8 | 0000 0048 | 8bf9 488b | 9c24 b800 | 0000 4863 
  0x00000001171d1148: c6b9 0200 | 0000 48d3 | e048 c7c1 | 1000 0000 | 4803 c148 | 8984 24f8 | 0000 008b | 0c03 48c1 
  0x00000001171d1168: e103 450f | be47 3841 | 83f8 000f | 851e 0f00 | 0048 83f9 | 000f 842a 

  0x00000001171d1180: ;   {metadata('java/util/concurrent/ConcurrentHashMap$Node')}
  0x00000001171d1180: 0000 0049 | bb10 3f1a | 2001 0000 | 0044 8b69 | 0849 ba00 | 0000 2001 | 0000 004d | 03ea 4d3b 
  0x00000001171d11a0: 5d38 0f85 | 070f 0000 | e900 0000 | 004c 8bc1 | 4c89 8424 | f000 0000 | 4983 f800 | 4c8b 9c24 
  0x00000001171d11c0: d000 0000 | 0f85 6600 | 0000 488d | 3c03 410f | be47 3883 | f800 0f85 | dc0e 0000 

  0x00000001171d11dc: ;   {oop(NULL)}
  0x00000001171d11dc: 48b8 0000 | 0000 0000 | 0000 48c1 | e803 4d8b | d349 c1ea | 03f0 440f | b117 b801 | 0000 000f 
  0x00000001171d11fc: 8405 0000 | 00b8 0000 | 0000 488b | cf49 33cb | 48c1 e914 | 4883 f900 | 0f85 bc0e | 0000 83e0 
  0x00000001171d121c: 0148 8bc8 | 4c8b c348 | 8b9c 24c0 | 0000 00e9 | 550b 0000 

  0x00000001171d1230: ; implicit exception: dispatches to 0x00000001171d20ee
  0x00000001171d1230: 418b 480c | 83f9 ff0f | 8515 0000 | 00b9 0100 | 0000 4c8b | c348 8b9c | 24c0 0000 | 00e9 330b 
  0x00000001171d1250: 0000 4c8d | ac24 5001 | 0000 4c8b | f04d 8945 | 0849 8b00 | 4883 c801 | 4989 4500 | f04d 0fb1 
  0x00000001171d1270: 280f 8414 | 0000 0048 | 2bc4 4881 | e007 f0ff | ff49 8945 | 000f 8568 | 0e00 0042 | 8b04 3348 
  0x00000001171d1290: c1e0 0345 | 0fbe 6f38 | 4183 fd00 | 0f85 640e | 0000 4883 | f800 0f84 | 2900 0000 

  0x00000001171d12ac: ;   {metadata('java/util/concurrent/ConcurrentHashMap$Node')}
  0x00000001171d12ac: 49bb 103f | 1a20 0100 | 0000 8b58 | 0849 ba00 | 0000 2001 | 0000 0049 | 03da 4c3b | 5b38 0f85 
  0x00000001171d12cc: 4e0e 0000 | e900 0000 | 0049 3bc0 | 0f84 2e00 | 0000 488b | cf89 b424 | 0801 0000 | 8994 240c 
  0x00000001171d12ec: 0100 004c | 8b9c 24d0 | 0000 0048 | 8b9c 24c0 | 0000 004c | 8b84 24b8 | 0000 00e9 | 480a 0000 
  0x00000001171d130c: 83f9 000f | 8ce5 0300 | 0023 8c24 | d800 0000 | 418b 7818 | 48c1 e703 | 498b d844 | 8b9c 24d8 
  0x00000001171d132c: 0000 00e9 | 2900 0000 | 0f1f 4000 

  0x00000001171d1338: ; implicit exception: dispatches to 0x00000001171d2127
  0x00000001171d1338: 8b47 0c49 | 23c3 3bc1 | 0f84 0600 | 0000 488b | df48 8bc8 | 8b7f 1848 | c1e7 034d | 8b97 5003 
  0x00000001171d1358: ; ImmutableOopMap {[192]=Oop [224]=Oop [208]=Oop [184]=Oop r8=Oop [240]=Oop rbx=Oop rdi=Oop [344]=Oop }
                      ;*goto {reexecute=1 rethrow=0 return_oop=0}
                      ; - (reexecute) java.util.concurrent.ConcurrentHashMap::transfer@408 (line 2489)
                      ;   {poll}
  0x00000001171d1358: 0000 4185 | 0248 83ff | 0075 d583 | f900 0f85 | 1200 0000 

  0x00000001171d136c: ;   {oop(NULL)}
  0x00000001171d136c: 488b fb48 | b800 0000 | 0000 0000 | 00e9 0d00 | 0000 488b 

  0x00000001171d1380: ;   {oop(NULL)}
  0x00000001171d1380: c348 bf00 | 0000 0000 | 0000 004d | 8be8 89b4 | 2408 0100 | 0089 9424 | 0c01 0000 | e957 0200 
  0x00000001171d13a0: 000f 1f80 | 0000 0000 

  0x00000001171d13a8: ; implicit exception: dispatches to 0x00000001171d212c
  0x00000001171d13a8: 418b 4d0c | 458b 4510 | 49c1 e003 | 458b 4d14 | 49c1 e103 | 4c8b f14d | 23f3 4183 | fe00 4c8b 
  0x00000001171d13c8: f148 899c | 2400 0100 | 000f 85f9 

  0x00000001171d13d4: ;   {metadata('java/util/concurrent/ConcurrentHashMap$Node')}
  0x00000001171d13d4: 0000 0048 | ba10 3f1a | 2001 0000 | 004c 8bd8 | 488b df49 | 8b87 0801 | 0000 488d | 7820 493b 
  0x00000001171d13f4: bf18 0100 | 000f 8732 | 0d00 0049 | 89bf 0801 | 0000 48c7 | 0001 0000 | 0048 8bca | 49ba 0000 
  0x00000001171d1414: 0020 0100 | 0000 492b | ca89 4808 | 4833 c989 | 480c 4833 | c948 8948 | 1048 8948 | 1844 8970 
  0x00000001171d1434: 0c41 0fbe | 5738 83fa | 000f 85fb | 0c00 004d | 8bd0 49c1 | ea03 4489 | 5010 488b | d049 33d0 
  0x00000001171d1454: 48c1 ea14 | 4883 fa00 | 0f85 fb0c | 0000 410f | be57 3883 | fa00 0f85 | 050d 0000 | 4d8b d149 
  0x00000001171d1474: c1ea 0344 | 8950 14f0 | 8344 24c0 | 0048 8bd0 | 4933 d148 | c1ea 1448 | 83fa 000f | 85ff 0c00 
  0x00000001171d1494: 0041 0fbe | 5738 83fa | 000f 8509 | 0d00 004c | 8bd3 49c1 | ea03 4489 | 5018 f083 | 4424 c000 
  0x00000001171d14b4: 488b d048 | 33d3 48c1 | ea14 4883 | fa00 0f85 | 030d 0000 | 4d8b c3e9 | f700 0000 | 4c8b d848 
  0x00000001171d14d4: ;   {metadata('java/util/concurrent/ConcurrentHashMap$Node')}
  0x00000001171d14d4: 8bdf 48ba | 103f 1a20 | 0100 0000 | 498b 8708 | 0100 0048 | 8d78 2049 | 3bbf 1801 | 0000 0f87 
  0x00000001171d14f4: eb0c 0000 | 4989 bf08 | 0100 0048 | c700 0100 | 0000 488b | ca49 ba00 | 0000 2001 | 0000 0049 
  0x00000001171d1514: 2bca 8948 | 0848 33c9 | 8948 0c48 | 33c9 4889 | 4810 4889 | 4818 4489 | 700c 410f | be4f 3883 
  0x00000001171d1534: f900 0f85 | b40c 0000 | 4d8b d049 | c1ea 0344 | 8950 1048 | 8bc8 4933 | c848 c1e9 | 1448 83f9 
  0x00000001171d1554: 000f 85b4 | 0c00 0041 | 0fbe 4f38 | 83f9 000f | 85be 0c00 | 004d 8bd1 | 49c1 ea03 | 4489 5014 
  0x00000001171d1574: f083 4424 | c000 488b | c849 33c9 | 48c1 e914 | 4883 f900 | 0f85 b80c | 0000 410f | be4f 3883 
  0x00000001171d1594: f900 0f85 | c20c 0000 | 4d8b d349 | c1ea 0344 | 8950 18f0 | 8344 24c0 | 0048 8bc8 | 4933 cb48 
  0x00000001171d15b4: c1e9 1448 | 83f9 000f | 85bc 0c00 | 004c 8bc0 | 488b c341 | 8b4d 1848 | c1e1 034d | 8b97 5003 
  0x00000001171d15d4: ; ImmutableOopMap {[192]=Oop [224]=Oop [208]=Oop [184]=Oop [240]=Oop [256]=Oop r8=Oop rax=Oop rcx=Oop [344]=Oop }
                      ;*goto {reexecute=1 rethrow=0 return_oop=0}
                      ; - (reexecute) java.util.concurrent.ConcurrentHashMap::transfer@516 (line 2504)
                      ;   {poll}
  0x00000001171d15d4: 0000 4185 | 024c 8be9 | 4d8b d848 | 8bd8 498b | c348 8bfb | 488b 9c24 | 0001 0000 | 448b 9c24 
  0x00000001171d15f4: d800 0000 | 4c3b eb0f | 85a7 fdff | ff48 8bdf | 4c8b 8424 | f800 0000 | 448b 8c24 | ec00 0000 
  0x00000001171d1614: 4c8b b424 | d000 0000 | 488b 8c24 | c000 0000 | 4c8b ac24 | b800 0000 | 4c8b d84a | 8d14 0141 
  0x00000001171d1634: 0fbe 7738 | 83fe 000f | 8554 0c00 | 004c 8bd3 | 49c1 ea03 | 4489 12f0 | 8344 24c0 | 0048 8bf2 
  0x00000001171d1654: 4833 f348 | c1ee 1448 | 83fe 000f | 854e 0c00 | 004d 63c9 | 488b d9b9 | 0200 0000 | 49d3 e148 
  0x00000001171d1674: c7c2 1000 | 0000 4c03 | ca4a 8d14 | 0b41 0fbe | 7738 83fe | 000f 853c | 0c00 004d | 8bd3 49c1 
  0x00000001171d1694: ea03 4489 | 12f0 8344 | 24c0 0048 | 8bf2 4933 | f348 c1ee | 1448 83fe | 000f 8536 | 0c00 004b 
  0x00000001171d16b4: 8d54 0500 | 410f be77 | 3883 fe00 | 0f85 3b0c | 0000 4d8b | d649 c1ea | 0344 8912 | f083 4424 
  0x00000001171d16d4: c000 488b | f249 33f6 | 48c1 ee14 | 4883 fe00 | 0f85 350c | 0000 b901 | 0000 004d | 8bde 4d8b 
  0x00000001171d16f4: c5e9 5a06 | 0000 4d8b | d84d 8bc6 | 89b4 2408 | 0100 0089 | 9424 0c01 | 0000 4c8b | b424 d000 
  0x00000001171d1714: 0000 488b | 9c24 c000 | 0000 4c8b | ac24 b800 | 0000 4983 | fb00 0f84 | 2900 0000 

  0x00000001171d1730: ;   {metadata('java/util/concurrent/ConcurrentHashMap$TreeBin')}
  0x00000001171d1730: 48b8 40b1 | e621 0100 | 0000 418b | 7308 49ba | 0000 0020 | 0100 0000 | 4903 f248 | 3bc6 0f85 
  0x00000001171d1750: 0500 0000 | e905 0000 | 0048 33d2 | eb0a 48ba | 0100 0000 | 0000 0000 | 83fa 000f | 848c 0500 
  0x00000001171d1770: 0048 899c | 24c0 0000 | 0049 83fb | 000f 8429 

  0x00000001171d1780: ;   {metadata('java/util/concurrent/ConcurrentHashMap$TreeBin')}
  0x00000001171d1780: 0000 0048 | bf40 b1e6 | 2101 0000 | 0041 8b53 | 0849 ba00 | 0000 2001 | 0000 0049 | 03d2 483b 
  0x00000001171d17a0: fa0f 8590 | 0b00 00e9 | 0000 0000 | 498b f348 | 89b4 2420 | 0100 008b | 5624 48c1 | e203 bf00 
  0x00000001171d17c0: 0000 00b8 | 0000 0000 

  0x00000001171d17c8: ;   {oop(NULL)}
  0x00000001171d17c8: 48b9 0000 | 0000 0000 

  0x00000001171d17d0: ;   {oop(NULL)}
  0x00000001171d17d0: 0000 48bb | 0000 0000 | 0000 0000 

  0x00000001171d17dc: ;   {oop(NULL)}
  0x00000001171d17dc: 49b8 0000 | 0000 0000 

  0x00000001171d17e4: ;   {oop(NULL)}
  0x00000001171d17e4: 0000 49b9 | 0000 0000 | 0000 0000 | 89bc 2410 | 0100 0048 | 898c 2418 | 0100 0090 | 4883 fa00 
  0x00000001171d1804: 0f84 4a02 | 0000 448b | 5a0c 4c8b 

  0x00000001171d1810: ;   {metadata('java/util/concurrent/ConcurrentHashMap$TreeNode')}
  0x00000001171d1810: ea48 bae0 | aee6 2101 | 0000 004c | 8bf0 498b | 8708 0100 | 0048 8d78 | 3049 3bbf | 1801 0000 
  0x00000001171d1830: 0f87 140b | 0000 4989 | bf08 0100 | 0048 c700 | 0100 0000 | 488b ca49 | ba00 0000 | 2001 0000 
  0x00000001171d1850: 0049 2bca | 8948 0848 | 33c9 8948 | 0c48 33c9 | 4889 4810 | 4889 4818 | 4889 4820 | 4889 4828 
  0x00000001171d1870: 418b 7510 | 48c1 e603 | 418b 7d14 | 48c1 e703 | 4489 580c | 410f be57 | 3883 fa00 | 0f85 c50a 
  0x00000001171d1890: 0000 4c8b | d649 c1ea | 0344 8950 | 1048 8bd0 | 4833 d648 | c1ea 1448 | 83fa 000f | 85c5 0a00 
  0x00000001171d18b0: 0041 0fbe | 7738 83fe | 000f 85cf | 0a00 004c | 8bd7 49c1 | ea03 4489 | 5014 f083 | 4424 c000 
  0x00000001171d18d0: 488b f048 | 33f7 48c1 | ee14 4883 | fe00 0f85 | c90a 0000 | 4423 9c24 | d800 0000 | 4183 fb00 
  0x00000001171d18f0: 0f85 8e00 | 0000 410f | be77 3883 | fe00 0f85 | c10a 0000 | 4d8b d049 | c1ea 0344 | 8950 2c48 
  0x00000001171d1910: 8bf0 4933 | f048 c1ee | 1448 83fe | 000f 85c1 | 0a00 0049 | 83f8 000f | 8508 0000 | 0048 8bf0 
  0x00000001171d1930: e936 0000 | 0041 0fbe | 7738 83fe | 000f 85b9 | 0a00 004c | 8bd0 49c1 | ea03 4589 | 5018 f083 
  0x00000001171d1950: 4424 c000 | 498b f048 | 33f0 48c1 | ee14 4883 | fe00 0f85 | b90a 0000 | 498b f149 | 8bfe ffc7 
  0x00000001171d1970: 8b94 2410 | 0100 0048 | 8b8c 2418 | 0100 00e9 | 9800 0000 | 488b 8c24 | 1801 0000 | 410f be77 
  0x00000001171d1990: 3883 fe00 | 0f85 9f0a | 0000 4c8b | d149 c1ea | 0344 8950 | 2c48 8bf0 | 4833 f148 | c1ee 1448 
  0x00000001171d19b0: 83fe 000f | 859f 0a00 | 0048 83f9 | 000f 8508 | 0000 0048 | 8bf0 e936 | 0000 0041 | 0fbe 7738 
  0x00000001171d19d0: 83fe 000f | 8597 0a00 | 004c 8bd0 | 49c1 ea03 

  0x00000001171d19e0: ; implicit exception: dispatches to 0x00000001171d248f
  0x00000001171d19e0: 4489 5118 | f083 4424 | c000 488b | f148 33f0 | 48c1 ee14 | 4883 fe00 | 0f85 960a | 0000 488b 
  0x00000001171d1a00: f38b bc24 | 1001 0000 | ffc7 488b | d749 8bfe | 488b c848 | 8bde 498b | c049 8bf1 | 458b 4518 
  0x00000001171d1a20: 49c1 e003 | 4d8b 9750 

  0x00000001171d1a28: ; ImmutableOopMap {[224]=Oop [192]=Oop [240]=Oop [184]=Oop [208]=Oop [288]=Oop rcx=Oop rbx=Oop rax=Oop rsi=Oop r8=Oop [344]=Oop }
                      ;*goto {reexecute=1 rethrow=0 return_oop=0}
                      ; - (reexecute) java.util.concurrent.ConcurrentHashMap::transfer@707 (line 2521)
                      ;   {poll}
  0x00000001171d1a28: 0300 0041 | 8502 4d8b | e84c 8bf7 | 4c8b c04c | 8bce 8994 | 2410 0100 | 0049 8bc6 | 4889 8c24 
  0x00000001171d1a48: 1801 0000 | 498b d5e9 | acfd ffff | 8b94 2410 | 0100 004c | 8bf0 4183 | fe06 0f8f | 2900 0000 
  0x00000001171d1a68: 8994 2410 | 0100 0044 | 89b4 2414 | 0100 0048 | 899c 2428 | 0100 0049 | 8bf1 0f1f 

  0x00000001171d1a84: ;   {static_call}
  0x00000001171d1a84: 4400 00e8 

  0x00000001171d1a88: ; ImmutableOopMap {[224]=Oop [288]=Oop [192]=Oop [296]=Oop [184]=Oop [208]=Oop [240]=Oop [344]=Oop }
                      ;*invokestatic untreeify {reexecute=0 rethrow=0 return_oop=0}
                      ; - java.util.concurrent.ConcurrentHashMap::transfer@719 (line 2542)
  0x00000001171d1a88: f4ab ccff | e9a8 0000 | 0048 8bfa | 4489 b424 | 1401 0000 | 4889 9c24 | 2801 0000 | 83ff 0089 
  0x00000001171d1aa8: bc24 1001 | 0000 0f84 | 7d00 0000 

  0x00000001171d1ab4: ;   {metadata('java/util/concurrent/ConcurrentHashMap$TreeBin')}
  0x00000001171d1ab4: 48ba 40b1 | e621 0100 | 0000 498b | 8708 0100 | 0048 8d78 | 3049 3bbf | 1801 0000 | 0f87 d609 
  0x00000001171d1ad4: 0000 4989 | bf08 0100 | 0048 c700 | 0100 0000 | 488b ca49 | ba00 0000 | 2001 0000 | 0049 2bca 
  0x00000001171d1af4: 8948 0848 | 33c9 8948 | 0c48 33c9 | 4889 4810 | 4889 4818 | 4889 4820 | 4889 4828 | 498b d148 
  0x00000001171d1b14: 8bf0 4889 | 8424 3001 

  0x00000001171d1b1c: ;   {optimized virtual_call}
  0x00000001171d1b1c: 0000 90e8 

  0x00000001171d1b20: ; ImmutableOopMap {[224]=Oop [288]=Oop [192]=Oop [296]=Oop [184]=Oop [208]=Oop [240]=Oop [304]=Oop [344]=Oop }
                      ;*invokespecial <init> {reexecute=0 rethrow=0 return_oop=0}
                      ; - java.util.concurrent.ConcurrentHashMap::transfer@736 (line 2543)
  0x00000001171d1b20: 5ca5 ccff | 488b 8424 | 3001 0000 | e908 0000 | 0048 8b84 | 2420 0100 | 008b bc24 | 1001 0000 
  0x00000001171d1b40: 83ff 0648 | 8984 2438 | 0100 000f | 8f18 0000 | 0048 8bb4 | 2428 0100 | 0066 0f1f 

  0x00000001171d1b5c: ;   {static_call}
  0x00000001171d1b5c: 4400 00e8 

  0x00000001171d1b60: ; ImmutableOopMap {[224]=Oop [192]=Oop [184]=Oop [208]=Oop [240]=Oop [312]=Oop [344]=Oop }
                      ;*invokestatic untreeify {reexecute=0 rethrow=0 return_oop=0}
                      ; - java.util.concurrent.ConcurrentHashMap::transfer@755 (line 2544)
  0x00000001171d1b60: 1cab ccff | e9a3 0000 | 008b 8424 | 1401 0000 | 83f8 000f | 8488 0000 | 0048 8b9c | 2428 0100 
  0x00000001171d1b80: ;   {metadata('java/util/concurrent/ConcurrentHashMap$TreeBin')}
  0x00000001171d1b80: 0048 ba40 | b1e6 2101 | 0000 0049 | 8b87 0801 | 0000 488d | 7830 493b | bf18 0100 | 000f 8716 
  0x00000001171d1ba0: 0900 0049 | 89bf 0801 | 0000 48c7 | 0001 0000 | 0048 8bca | 49ba 0000 | 0020 0100 | 0000 492b 
  0x00000001171d1bc0: ca89 4808 | 4833 c989 | 480c 4833 | c948 8948 | 1048 8948 | 1848 8948 | 2048 8948 | 2848 8bd3 
  0x00000001171d1be0: 488b f048 | 8984 2440 | 0100 000f 

  0x00000001171d1bec: ;   {optimized virtual_call}
  0x00000001171d1bec: 1f40 00e8 

  0x00000001171d1bf0: ; ImmutableOopMap {[224]=Oop [192]=Oop [184]=Oop [208]=Oop [312]=Oop [240]=Oop [320]=Oop [344]=Oop }
                      ;*invokespecial <init> {reexecute=0 rethrow=0 return_oop=0}
                      ; - java.util.concurrent.ConcurrentHashMap::transfer@772 (line 2545)
  0x00000001171d1bf0: 8ca4 ccff | 488b 8424 | 4001 0000 | e90b 0000 | 0048 8bb4 | 2420 0100 | 0048 8bc6 | 488b 8c24 
  0x00000001171d1c10: 3801 0000 | 488b 9424 | f800 0000 | 448b 8c24 | ec00 0000 | 4c8b 9c24 | d000 0000 | 488b 9c24 
  0x00000001171d1c30: c000 0000 | 4c8b 8424 | b800 0000 | 488d 3413 | 410f be7f | 3883 ff00 | 0f85 7808 | 0000 4c8b 
  0x00000001171d1c50: d149 c1ea | 0344 8916 | f083 4424 | c000 488b | fe48 33f9 | 48c1 ef14 | 4883 ff00 | 0f85 7208 
  0x00000001171d1c70: 0000 4d63 | c9b9 0200 | 0000 49d3 | e148 c7c6 | 1000 0000 | 4c03 ce4a | 8d34 0b41 | 0fbe 7f38 
  0x00000001171d1c90: 83ff 000f | 8563 0800 | 004c 8bd0 | 49c1 ea03 | 4489 16f0 | 8344 24c0 | 0048 8bfe | 4833 f848 
  0x00000001171d1cb0: c1ef 1448 | 83ff 000f | 855d 0800 | 0049 8d04 | 1041 0fbe | 5738 83fa | 000f 8563 | 0800 004d 
  0x00000001171d1cd0: 8bd3 49c1 | ea03 4489 | 10f0 8344 | 24c0 0048 | 8bd0 4933 | d348 c1ea | 1448 83fa | 000f 855d 
  0x00000001171d1cf0: 0800 00b9 | 0100 0000 | e957 0000 | 004d 8bcb | 4d8b de4d | 8bc5 4983 | f900 0f84 | 2900 0000 
  0x00000001171d1d10: ;   {metadata('java/util/concurrent/ConcurrentHashMap$ReservationNode')}
  0x00000001171d1d10: 48be 6848 | 1a20 0100 | 0000 418b | 5108 49ba | 0000 0020 | 0100 0000 | 4903 d248 | 3bf2 0f85 
  0x00000001171d1d30: 0500 0000 | e905 0000 | 0048 33c0 | eb0a 48b8 | 0100 0000 | 0000 0000 | 83f8 000f | 85cb 0100 
  0x00000001171d1d50: 0048 8bcf | 488d 8424 | 5001 0000 | 488b 1048 | 85d2 0f84 | 0f00 0000 | 488b 7008 | f048 0fb1 
  0x00000001171d1d70: 160f 85f1 | 0700 008b | b424 0801 | 0000 8b94 | 240c 0100 | 004d 8b97 

  0x00000001171d1d88: ; ImmutableOopMap {[224]=Oop rbx=Oop r11=Oop [208]=Oop r8=Oop [184]=Oop }
                      ;*goto {reexecute=1 rethrow=0 return_oop=0}
                      ; - (reexecute) java.util.concurrent.ConcurrentHashMap::transfer@846 (line 2556)
  0x00000001171d1d88: 5003 0000 

  0x00000001171d1d8c: ;   {poll}
  0x00000001171d1d8c: 4185 0248 | 8bf9 488b | cf48 899c | 24c0 0000 | 0044 8bac | 24c8 0000 | 004c 8b9c | 24e0 0000 
  0x00000001171d1dac: 008b bc24 | e800 0000 | 8b9c 24dc | 0000 0044 | 8b84 24d8 | 0000 00e9 | c0f1 ffff | 4c8b 8424 
  0x00000001171d1dcc: b800 0000 | 4c8b 9c24 | d000 0000 | 4d8b 9750 

  0x00000001171d1ddc: ; ImmutableOopMap {[224]=Oop rbx=Oop r11=Oop [208]=Oop r8=Oop [184]=Oop }
                      ;*goto {reexecute=1 rethrow=0 return_oop=0}
                      ; - (reexecute) java.util.concurrent.ConcurrentHashMap::transfer@188 (line 2462)
                      ;   {poll}
  0x00000001171d1ddc: 0300 0041 | 8502 488b | c748 8bf9 | 488b cf48 | 899c 24c0 | 0000 0044 | 8bac 24c8 | 0000 004c 
  0x00000001171d1dfc: 8b9c 24e0 | 0000 0048 | 8bf8 8b9c | 24dc 0000 | 0044 8b84 | 24d8 0000 | 00e9 6ef1 | ffff 4881 
  0x00000001171d1e1c: c470 0100 

  0x00000001171d1e20: ;   {poll_return}
  0x00000001171d1e20: 005d 493b | a748 0300 | 000f 874f | 0700 00c3 | 488b 9c24 | c000 0000 

  0x00000001171d1e38: ;   {oop(NULL)}
  0x00000001171d1e38: 498b f348 | b800 0000 | 0000 0000 | 0041 0fbe | 5738 83fa | 000f 8541 | 0700 004c | 8bd0 49c1 
  0x00000001171d1e58: ea03 4489 | 562c f083 | 4424 c000 | 488b d648 | 33d0 48c1 | ea14 4883 | fa00 0f85 | 3b07 0000 
  0x00000001171d1e78: 410f be47 | 3883 f800 | 0f85 4507 | 0000 4c8b | d349 c1ea | 0344 8956 | 28f0 8344 | 24c0 0048 
  0x00000001171d1e98: 8bc6 4833 | c348 c1e8 | 1448 83f8 | 000f 853f | 0700 0049 | 8bc0 d1e0 | 41d1 e841 | 2bc0 8946 
  0x00000001171d1eb8: 14f0 8344 | 24c0 0048 | 81c4 7001 

  0x00000001171d1ec4: ;   {poll_return}
  0x00000001171d1ec4: 0000 5d49 | 3ba7 4803 | 0000 0f87 | 2e07 0000 | c348 8bb4 | 24e0 0000 | 0049 8b87 | d803 0000 
  0x00000001171d1ee4: 4d33 d24d | 8997 d803 | 0000 4d33 | d24d 8997 | e003 0000 | baff ffff | 7f89 5614 | f083 4424 
  0x00000001171d1f04: c000 4881 | c470 0100 

  0x00000001171d1f0c: ;   {poll_return}
  0x00000001171d1f0c: 005d 493b | a748 0300 | 000f 87fd | 0600 00c3 

  0x00000001171d1f1c: ;   {metadata('java/lang/IllegalStateException')}
  0x00000001171d1f1c: 48ba c84c | 0421 0100 | 0000 498b | 8708 0100 | 0048 8d78 | 2849 3bbf | 1801 0000 | 0f87 f006 
  0x00000001171d1f3c: 0000 4989 | bf08 0100 | 0048 c700 | 0100 0000 | 488b ca49 | ba00 0000 | 2001 0000 | 0049 2bca 
  0x00000001171d1f5c: 8948 0848 | 33c9 8948 | 0c48 33c9 | 4889 4810 | 4889 4818 | 4889 4820 

  0x00000001171d1f74: ;   {oop("Recursive update"{0x00000007fff37800})}
  0x00000001171d1f74: 48ba 0078 | f3ff 0700 | 0000 488b | f048 8984 | 2448 0100 | 0066 0f1f 

  0x00000001171d1f8c: ;   {optimized virtual_call}
  0x00000001171d1f8c: 4400 00e8 

  0x00000001171d1f90: ; ImmutableOopMap {[328]=Oop [240]=Oop [344]=Oop }
                      ;*invokespecial <init> {reexecute=0 rethrow=0 return_oop=0}
                      ; - java.util.concurrent.ConcurrentHashMap::transfer@828 (line 2552)
  0x00000001171d1f90: eca0 ccff | 488b 8424 

  0x00000001171d1f98: ; ImmutableOopMap {[240]=Oop [344]=Oop rax=Oop }
                      ;*athrow {reexecute=1 rethrow=0 return_oop=0}
                      ; - (reexecute) java.util.concurrent.ConcurrentHashMap::transfer@831 (line 2552)
  0x00000001171d1f98: 4801 0000 

  0x00000001171d1f9c: ;   {section_word}
  0x00000001171d1f9c: 48ba 9c1f | 1d17 0100 

  0x00000001171d1fa4: ;   {runtime_call handle_exception_nofpu Runtime1 stub}
  0x00000001171d1fa4: 0000 e855 | b2d6 ff90 | 498b 87d8 | 0300 004d | 33d2 4d89 | 97d8 0300 | 004d 33d2 | 4d89 97e0 
  0x00000001171d1fc4: 0300 0048 | 8bf0 488d | 8424 5001 | 0000 488b | 3848 85ff | 0f84 0f00 | 0000 488b | 5808 f048 
  0x00000001171d1fe4: 0fb1 3b0f | 854e 0600 | 0048 8bc6 | e985 0600 | 0048 c704 | 2404 ffff 

  0x00000001171d1ffc: ;   {runtime_call deoptimize Runtime1 stub}
  0x00000001171d1ffc: ffe8 fed5 

  0x00000001171d2000: ; ImmutableOopMap {rsi=Oop [224]=Oop rdx=Oop [184]=Oop rcx=Oop }
                      ;*aload_1 {reexecute=0 rethrow=0 return_oop=0}
                      ; - java.util.concurrent.ConcurrentHashMap::transfer@0 (line 2425)
                      ;   {runtime_call throw_null_pointer_exception Runtime1 stub}
  0x00000001171d2000: d6ff e819 

  0x00000001171d2004: ; ImmutableOopMap {rsi=Oop [224]=Oop rdx=Oop [184]=Oop rcx=Oop }
                      ;*arraylength {reexecute=0 rethrow=0 return_oop=0}
                      ; - java.util.concurrent.ConcurrentHashMap::transfer@1 (line 2425)
                      ;   {runtime_call throw_div0_exception Runtime1 stub}
  0x00000001171d2004: 97d6 ffe8 

  0x00000001171d2008: ; ImmutableOopMap {rsi=Oop [224]=Oop rcx=Oop [184]=Oop }
                      ;*idiv {reexecute=0 rethrow=0 return_oop=0}
                      ; - java.util.concurrent.ConcurrentHashMap::transfer@16 (line 2426)
  0x00000001171d2008: 1491 d6ff 

  0x00000001171d200c: ;   {runtime_call new_object_array Runtime1 stub}
  0x00000001171d200c: e8ef abd6 

  0x00000001171d2010: ; ImmutableOopMap {[184]=Oop r11=Oop [224]=Oop }
                      ;*anewarray {reexecute=0 rethrow=0 return_oop=0}
                      ; - java.util.concurrent.ConcurrentHashMap::transfer@40 (line 2431)
  0x00000001171d2010: ffe9 75ee | ffff 418b | 532c 48c1 | e203 4883 | fa00 0f84 | 71ee ffff | 4889 1424 

  0x00000001171d202c: ;   {runtime_call g1_pre_barrier_slow}
  0x00000001171d202c: e8cf f3d6 | ffe9 63ee | ffff 4883 | f800 0f84 | 7eee ffff | 4c89 1c24 

  0x00000001171d2044: ;   {runtime_call g1_post_barrier_slow}
  0x00000001171d2044: e8b7 f6d6 | ffe9 70ee 

  0x00000001171d204c: ;   {runtime_call throw_null_pointer_exception Runtime1 stub}
  0x00000001171d204c: ffff e8cd 

  0x00000001171d2050: ; ImmutableOopMap {[184]=Oop r11=Oop [224]=Oop rcx=Oop }
                      ;*arraylength {reexecute=0 rethrow=0 return_oop=0}
                      ; - java.util.concurrent.ConcurrentHashMap::transfer@71 (line 2440)
  0x00000001171d2050: 96d6 ff48 

  0x00000001171d2054: ;   {runtime_call fast_new_instance Runtime1 stub}
  0x00000001171d2054: 8bd2 e8a5 

  0x00000001171d2058: ; ImmutableOopMap {[184]=Oop r11=Oop [224]=Oop r14=Oop }
                      ;*new {reexecute=0 rethrow=0 return_oop=0}
                      ; - java.util.concurrent.ConcurrentHashMap::transfer@74 (line 2441)
  0x00000001171d2058: a2d6 ffe9 | ccee ffff | 8b70 1c48 | c1e6 0348 | 83fe 000f | 84d8 eeff | ff48 8934 

  0x00000001171d2074: ;   {runtime_call g1_pre_barrier_slow}
  0x00000001171d2074: 24e8 86f3 | d6ff e9ca | eeff ff49 | 83fe 000f | 84df eeff | ff48 8904 

  0x00000001171d208c: ;   {runtime_call g1_post_barrier_slow}
  0x00000001171d208c: 24e8 6ef6 | d6ff e9d1 | eeff ff48 | 83f9 000f | 84d8 f0ff | ff48 890c 

  0x00000001171d20a4: ;   {runtime_call g1_pre_barrier_slow}
  0x00000001171d20a4: 24e8 56f3 | d6ff e9ca | f0ff ff48 

  0x00000001171d20b0: ;   {runtime_call throw_class_cast_exception Runtime1 stub}
  0x00000001171d20b0: 890c 24e8 

  0x00000001171d20b4: ; ImmutableOopMap {[208]=Oop [192]=Oop [224]=Oop rbx=Oop [184]=Oop }
                      ;*checkcast {reexecute=0 rethrow=0 return_oop=0}
                      ; - java.util.concurrent.ConcurrentHashMap::tabAt@18 (line 760)
                      ; - java.util.concurrent.ConcurrentHashMap::transfer@292 (line 2478)
  0x00000001171d20b4: 68bd d6ff | 8b07 48c1 | e003 4883 | f800 0f84 | 14f1 ffff | 4889 0424 

  0x00000001171d20cc: ;   {runtime_call g1_pre_barrier_slow}
  0x00000001171d20cc: e82f f3d6 | ffe9 06f1 | ffff 4983 | fb00 0f84 | 3af1 ffff | 4889 3c24 

  0x00000001171d20e4: ;   {runtime_call g1_post_barrier_slow}
  0x00000001171d20e4: e817 f6d6 | ffe9 2cf1 

  0x00000001171d20ec: ;   {runtime_call throw_null_pointer_exception Runtime1 stub}
  0x00000001171d20ec: ffff e82d 

  0x00000001171d20f0: ; ImmutableOopMap {[192]=Oop [224]=Oop rbx=Oop [184]=Oop r11=Oop [208]=Oop r8=Oop [240]=Oop }
                      ;*getfield hash {reexecute=1 rethrow=0 return_oop=0}
                      ; - (reexecute) java.util.concurrent.ConcurrentHashMap::transfer@317 (line 2480)
  0x00000001171d20f0: 96d6 ff4c | 8944 2408 | 4c89 2c24 

  0x00000001171d20fc: ;   {runtime_call monitorenter_nofpu Runtime1 stub}
  0x00000001171d20fc: e8ff c8d6 

  0x00000001171d2100: ; ImmutableOopMap {[192]=Oop [224]=Oop rbx=Oop [184]=Oop [208]=Oop r8=Oop [240]=Oop [344]=Oop }
                      ;*monitorenter {reexecute=0 rethrow=0 return_oop=0}
                      ; - java.util.concurrent.ConcurrentHashMap::transfer@338 (line 2483)
  0x00000001171d2100: ffe9 85f1 | ffff 4883 | f800 0f84 | 92f1 ffff | 4889 0424 

  0x00000001171d2114: ;   {runtime_call g1_pre_barrier_slow}
  0x00000001171d2114: e8e7 f2d6 | ffe9 84f1 | ffff 4889 

  0x00000001171d2120: ;   {runtime_call throw_class_cast_exception Runtime1 stub}
  0x00000001171d2120: 0424 e8f9 

  0x00000001171d2124: ; ImmutableOopMap {[192]=Oop [224]=Oop [208]=Oop r8=Oop [240]=Oop [184]=Oop [344]=Oop }
                      ;*checkcast {reexecute=0 rethrow=0 return_oop=0}
                      ; - java.util.concurrent.ConcurrentHashMap::tabAt@18 (line 760)
                      ; - java.util.concurrent.ConcurrentHashMap::transfer@342 (line 2484)
                      ;   {runtime_call throw_null_pointer_exception Runtime1 stub}
  0x00000001171d2124: bcd6 ffe8 

  0x00000001171d2128: ; ImmutableOopMap {[192]=Oop [224]=Oop [208]=Oop [184]=Oop r8=Oop [240]=Oop rdi=Oop rbx=Oop [344]=Oop }
                      ;*getfield hash {reexecute=1 rethrow=0 return_oop=0}
                      ; - (reexecute) java.util.concurrent.ConcurrentHashMap::transfer@379 (line 2490)
  0x00000001171d2128: f495 d6ff 

  0x00000001171d212c: ;   {runtime_call throw_null_pointer_exception Runtime1 stub}
  0x00000001171d212c: e8ef 95d6 

  0x00000001171d2130: ; ImmutableOopMap {[192]=Oop [224]=Oop [208]=Oop [184]=Oop rbx=Oop r13=Oop rax=Oop [240]=Oop rdi=Oop [344]=Oop }
                      ;*getfield hash {reexecute=1 rethrow=0 return_oop=0}
                      ; - (reexecute) java.util.concurrent.ConcurrentHashMap::transfer@446 (line 2505)
  0x00000001171d2130: ff48 8bd2 

  0x00000001171d2134: ;   {runtime_call fast_new_instance Runtime1 stub}
  0x00000001171d2134: e8c7 a1d6 

  0x00000001171d2138: ; ImmutableOopMap {[192]=Oop [224]=Oop [208]=Oop [184]=Oop r13=Oop [240]=Oop r8=Oop r9=Oop [256]=Oop r11=Oop rbx=Oop [344]=Oop }
                      ;*new {reexecute=0 rethrow=0 return_oop=0}
                      ; - java.util.concurrent.ConcurrentHashMap::transfer@472 (line 2507)
  0x00000001171d2138: ffe9 f3f2 | ffff 8b50 | 1048 c1e2 | 0348 83fa | 000f 84f4 | f2ff ff48 

  0x00000001171d2150: ;   {runtime_call g1_pre_barrier_slow}
  0x00000001171d2150: 8914 24e8 | a8f2 d6ff | e9e6 f2ff | ff49 83f8 | 000f 84fb | f2ff ff48 

  0x00000001171d2168: ;   {runtime_call g1_post_barrier_slow}
  0x00000001171d2168: 8904 24e8 | 90f5 d6ff | e9ed f2ff | ff8b 5014 | 48c1 e203 | 4883 fa00 | 0f84 eaf2 | ffff 4889 
  0x00000001171d2188: ;   {runtime_call g1_pre_barrier_slow}
  0x00000001171d2188: 1424 e871 | f2d6 ffe9 | dcf2 ffff | 4983 f900 | 0f84 f7f2 | ffff 4889 

  0x00000001171d21a0: ;   {runtime_call g1_post_barrier_slow}
  0x00000001171d21a0: 0424 e859 | f5d6 ffe9 | e9f2 ffff | 8b50 1848 | c1e2 0348 | 83fa 000f | 84e6 f2ff | ff48 8914 
  0x00000001171d21c0: ;   {runtime_call g1_pre_barrier_slow}
  0x00000001171d21c0: 24e8 3af2 | d6ff e9d8 | f2ff ff48 | 83fb 000f | 84f3 f2ff | ff48 8904 

  0x00000001171d21d8: ;   {runtime_call g1_post_barrier_slow}
  0x00000001171d21d8: 24e8 22f5 | d6ff e9e5 | f2ff ff48 

  0x00000001171d21e4: ;   {runtime_call fast_new_instance Runtime1 stub}
  0x00000001171d21e4: 8bd2 e815 

  0x00000001171d21e8: ; ImmutableOopMap {[192]=Oop [224]=Oop [208]=Oop [184]=Oop r13=Oop [240]=Oop [256]=Oop r8=Oop r9=Oop r11=Oop rbx=Oop [344]=Oop }
                      ;*new {reexecute=0 rethrow=0 return_oop=0}
                      ; - java.util.concurrent.ConcurrentHashMap::transfer@492 (line 2509)
  0x00000001171d21e8: a1d6 ffe9 | 3af3 ffff | 8b48 1048 | c1e1 0348 | 83f9 000f | 843b f3ff | ff48 890c 

  0x00000001171d2204: ;   {runtime_call g1_pre_barrier_slow}
  0x00000001171d2204: 24e8 f6f1 | d6ff e92d | f3ff ff49 | 83f8 000f | 8442 f3ff | ff48 8904 

  0x00000001171d221c: ;   {runtime_call g1_post_barrier_slow}
  0x00000001171d221c: 24e8 def4 | d6ff e934 | f3ff ff8b | 4814 48c1 | e103 4883 | f900 0f84 | 31f3 ffff | 4889 0c24 
  0x00000001171d223c: ;   {runtime_call g1_pre_barrier_slow}
  0x00000001171d223c: e8bf f1d6 | ffe9 23f3 | ffff 4983 | f900 0f84 | 3ef3 ffff | 4889 0424 

  0x00000001171d2254: ;   {runtime_call g1_post_barrier_slow}
  0x00000001171d2254: e8a7 f4d6 | ffe9 30f3 | ffff 8b48 | 1848 c1e1 | 0348 83f9 | 000f 842d | f3ff ff48 

  0x00000001171d2270: ;   {runtime_call g1_pre_barrier_slow}
  0x00000001171d2270: 890c 24e8 | 88f1 d6ff | e91f f3ff | ff49 83fb | 000f 843a | f3ff ff48 

  0x00000001171d2288: ;   {runtime_call g1_post_barrier_slow}
  0x00000001171d2288: 8904 24e8 | 70f4 d6ff | e92c f3ff | ff8b 3248 | c1e6 0348 | 83fe 000f | 849c f3ff | ff48 8934 
  0x00000001171d22a8: ;   {runtime_call g1_pre_barrier_slow}
  0x00000001171d22a8: 24e8 52f1 | d6ff e98e | f3ff ff48 | 83fb 000f | 84a8 f3ff | ff48 8914 

  0x00000001171d22c0: ;   {runtime_call g1_post_barrier_slow}
  0x00000001171d22c0: 24e8 3af4 | d6ff e99a | f3ff ff8b | 3248 c1e6 | 0348 83fe | 000f 84b4 | f3ff ff48 

  0x00000001171d22dc: ;   {runtime_call g1_pre_barrier_slow}
  0x00000001171d22dc: 8934 24e8 | 1cf1 d6ff | e9a6 f3ff | ff49 83fb | 000f 84c0 | f3ff ff48 

  0x00000001171d22f4: ;   {runtime_call g1_post_barrier_slow}
  0x00000001171d22f4: 8914 24e8 | 04f4 d6ff | e9b2 f3ff | ff8b 3248 | c1e6 0348 | 83fe 000f | 84b5 f3ff | ff48 8934 
  0x00000001171d2314: ;   {runtime_call g1_pre_barrier_slow}
  0x00000001171d2314: 24e8 e6f0 | d6ff e9a7 | f3ff ff49 | 83fe 000f | 84c1 f3ff | ff48 8914 

  0x00000001171d232c: ;   {runtime_call g1_post_barrier_slow}
  0x00000001171d232c: 24e8 cef3 | d6ff e9b3 | f3ff ff4c 

  0x00000001171d2338: ;   {runtime_call throw_class_cast_exception Runtime1 stub}
  0x00000001171d2338: 891c 24e8 

  0x00000001171d233c: ; ImmutableOopMap {[224]=Oop r13=Oop [184]=Oop r14=Oop [208]=Oop r11=Oop [240]=Oop [192]=Oop [344]=Oop }
                      ;*checkcast {reexecute=0 rethrow=0 return_oop=0}
                      ; - java.util.concurrent.ConcurrentHashMap::transfer@561 (line 2517)
  0x00000001171d233c: e0ba d6ff 

  0x00000001171d2340: ;   {runtime_call throw_null_pointer_exception Runtime1 stub}
  0x00000001171d2340: e8db 93d6 

  0x00000001171d2344: ; ImmutableOopMap {[224]=Oop r13=Oop [184]=Oop r14=Oop [208]=Oop r11=Oop [240]=Oop [192]=Oop rsi=Oop [288]=Oop [344]=Oop }
                      ;*getfield first {reexecute=1 rethrow=0 return_oop=0}
                      ; - (reexecute) java.util.concurrent.ConcurrentHashMap::transfer@586 (line 2521)
                      ;   {runtime_call throw_null_pointer_exception Runtime1 stub}
  0x00000001171d2344: ffe8 d693 

  0x00000001171d2348: ; ImmutableOopMap {[224]=Oop [192]=Oop rdx=Oop rbx=Oop r8=Oop r9=Oop [240]=Oop [184]=Oop [208]=Oop [288]=Oop [280]=Oop [344]=Oop }
                      ;*getfield hash {reexecute=1 rethrow=0 return_oop=0}
                      ; - (reexecute) java.util.concurrent.ConcurrentHashMap::transfer@598 (line 2522)
  0x00000001171d2348: d6ff 488b 

  0x00000001171d234c: ;   {runtime_call fast_new_instance Runtime1 stub}
  0x00000001171d234c: d2e8 ae9f 

  0x00000001171d2350: ; ImmutableOopMap {[224]=Oop [192]=Oop rbx=Oop r8=Oop r9=Oop [240]=Oop [184]=Oop [208]=Oop r13=Oop [280]=Oop [288]=Oop [344]=Oop }
                      ;*new {reexecute=0 rethrow=0 return_oop=0}
                      ; - java.util.concurrent.ConcurrentHashMap::transfer@603 (line 2523)
  0x00000001171d2350: d6ff e919 | f5ff ff8b | 5010 48c1 | e203 4883 | fa00 0f84 | 2af5 ffff | 4889 1424 

  0x00000001171d236c: ;   {runtime_call g1_pre_barrier_slow}
  0x00000001171d236c: e88f f0d6 | ffe9 1cf5 | ffff 4883 | fe00 0f84 | 31f5 ffff | 4889 0424 

  0x00000001171d2384: ;   {runtime_call g1_post_barrier_slow}
  0x00000001171d2384: e877 f3d6 | ffe9 23f5 | ffff 8b70 | 1448 c1e6 | 0348 83fe | 000f 8420 | f5ff ff48 

  0x00000001171d23a0: ;   {runtime_call g1_pre_barrier_slow}
  0x00000001171d23a0: 8934 24e8 | 58f0 d6ff | e912 f5ff | ff48 83ff | 000f 842d | f5ff ff48 

  0x00000001171d23b8: ;   {runtime_call g1_post_barrier_slow}
  0x00000001171d23b8: 8904 24e8 | 40f3 d6ff | e91f f5ff | ff8b 702c | 48c1 e603 | 4883 fe00 | 0f84 2ef5 | ffff 4889 
  0x00000001171d23d8: ;   {runtime_call g1_pre_barrier_slow}
  0x00000001171d23d8: 3424 e821 | f0d6 ffe9 | 20f5 ffff | 4983 f800 | 0f84 35f5 | ffff 4889 

  0x00000001171d23f0: ;   {runtime_call g1_post_barrier_slow}
  0x00000001171d23f0: 0424 e809 | f3d6 ffe9 | 27f5 ffff 

  0x00000001171d23fc: ; implicit exception: dispatches to 0x00000001171d2651
  0x00000001171d23fc: 418b 7018 | 48c1 e603 | 4883 fe00 | 0f84 35f5 | ffff 4889 

  0x00000001171d2410: ;   {runtime_call g1_pre_barrier_slow}
  0x00000001171d2410: 3424 e8e9 | efd6 ffe9 | 27f5 ffff 

  0x00000001171d241c: ;   {runtime_call throw_null_pointer_exception Runtime1 stub}
  0x00000001171d241c: e8ff 92d6 

  0x00000001171d2420: ; ImmutableOopMap {[224]=Oop [192]=Oop rbx=Oop [240]=Oop [184]=Oop [208]=Oop r13=Oop [280]=Oop [288]=Oop rax=Oop r8=Oop r9=Oop [344]=Oop }
                      ;*putfield next {reexecute=1 rethrow=0 return_oop=0}
                      ; - (reexecute) java.util.concurrent.ConcurrentHashMap::transfer@655 (line 2529)
  0x00000001171d2420: ff48 83f8 | 000f 843d | f5ff ff4c 

  0x00000001171d242c: ;   {runtime_call g1_post_barrier_slow}
  0x00000001171d242c: 8904 24e8 | ccf2 d6ff | e92f f5ff | ff8b 702c | 48c1 e603 | 4883 fe00 | 0f84 50f5 | ffff 4889 
  0x00000001171d244c: ;   {runtime_call g1_pre_barrier_slow}
  0x00000001171d244c: 3424 e8ad | efd6 ffe9 | 42f5 ffff | 4883 f900 | 0f84 57f5 | ffff 4889 

  0x00000001171d2464: ;   {runtime_call g1_post_barrier_slow}
  0x00000001171d2464: 0424 e895 | f2d6 ffe9 | 49f5 ffff 

  0x00000001171d2470: ; implicit exception: dispatches to 0x00000001171d2656
  0x00000001171d2470: 8b71 1848 | c1e6 0348 | 83fe 000f | 8458 f5ff | ff48 8934 

  0x00000001171d2484: ;   {runtime_call g1_pre_barrier_slow}
  0x00000001171d2484: 24e8 76ef | d6ff e94a 

  0x00000001171d248c: ;   {runtime_call throw_null_pointer_exception Runtime1 stub}
  0x00000001171d248c: f5ff ffe8 

  0x00000001171d2490: ; ImmutableOopMap {[224]=Oop [192]=Oop [240]=Oop [184]=Oop [208]=Oop r13=Oop [288]=Oop r8=Oop r9=Oop rax=Oop rcx=Oop rbx=Oop [344]=Oop }
                      ;*putfield next {reexecute=1 rethrow=0 return_oop=0}
                      ; - (reexecute) java.util.concurrent.ConcurrentHashMap::transfer@690 (line 2537)
  0x00000001171d2490: 8c92 d6ff | 4883 f800 | 0f84 60f5 | ffff 4889 

  0x00000001171d24a0: ;   {runtime_call g1_post_barrier_slow}
  0x00000001171d24a0: 0c24 e859 | f2d6 ffe9 | 52f5 ffff 

  0x00000001171d24ac: ;   {runtime_call fast_new_instance Runtime1 stub}
  0x00000001171d24ac: 488b d2e8 

  0x00000001171d24b0: ; ImmutableOopMap {[224]=Oop [288]=Oop [192]=Oop [296]=Oop [184]=Oop [208]=Oop [240]=Oop r9=Oop [344]=Oop }
                      ;*new {reexecute=0 rethrow=0 return_oop=0}
                      ; - java.util.concurrent.ConcurrentHashMap::transfer@730 (line 2543)
  0x00000001171d24b0: 4c9e d6ff | e957 f6ff | ff48 8bd2 

  0x00000001171d24bc: ;   {runtime_call fast_new_instance Runtime1 stub}
  0x00000001171d24bc: e83f 9ed6 

  0x00000001171d24c0: ; ImmutableOopMap {[224]=Oop [192]=Oop [184]=Oop [208]=Oop [312]=Oop [240]=Oop rbx=Oop [344]=Oop }
                      ;*new {reexecute=0 rethrow=0 return_oop=0}
                      ; - java.util.concurrent.ConcurrentHashMap::transfer@766 (line 2545)
  0x00000001171d24c0: ffe9 17f7 | ffff 8b3e | 48c1 e703 | 4883 ff00 | 0f84 78f7 | ffff 4889 

  0x00000001171d24d8: ;   {runtime_call g1_pre_barrier_slow}
  0x00000001171d24d8: 3c24 e821 | efd6 ffe9 | 6af7 ffff | 4883 f900 | 0f84 84f7 | ffff 4889 

  0x00000001171d24f0: ;   {runtime_call g1_post_barrier_slow}
  0x00000001171d24f0: 3424 e809 | f2d6 ffe9 | 76f7 ffff | 8b3e 48c1 | e703 4883 | ff00 0f84 | 8df7 ffff | 4889 3c24 
  0x00000001171d2510: ;   {runtime_call g1_pre_barrier_slow}
  0x00000001171d2510: e8eb eed6 | ffe9 7ff7 | ffff 4883 | f800 0f84 | 99f7 ffff | 4889 3424 

  0x00000001171d2528: ;   {runtime_call g1_post_barrier_slow}
  0x00000001171d2528: e8d3 f1d6 | ffe9 8bf7 | ffff 8b10 | 48c1 e203 | 4883 fa00 | 0f84 8df7 | ffff 4889 

  0x00000001171d2544: ;   {runtime_call g1_pre_barrier_slow}
  0x00000001171d2544: 1424 e8b5 | eed6 ffe9 | 7ff7 ffff | 4983 fb00 | 0f84 99f7 | ffff 4889 

  0x00000001171d255c: ;   {runtime_call g1_post_barrier_slow}
  0x00000001171d255c: 0424 e89d | f1d6 ffe9 | 8bf7 ffff | 488d 8424 | 5001 0000 | 4889 0424 

  0x00000001171d2574: ;   {runtime_call monitorexit_nofpu Runtime1 stub}
  0x00000001171d2574: e887 cdd6 | ffe9 f9f7 

  0x00000001171d257c: ;   {internal_word}
  0x00000001171d257c: ffff 49ba | 221e 1d17 | 0100 0000 | 4d89 9760 

  0x00000001171d258c: ;   {runtime_call SafepointBlob}
  0x00000001171d258c: 0300 00e9 | 6c01 cdff | 8b56 2c48 | c1e2 0348 | 83fa 000f | 84ae f8ff | ff48 8914 

  0x00000001171d25a8: ;   {runtime_call g1_pre_barrier_slow}
  0x00000001171d25a8: 24e8 52ee | d6ff e9a0 | f8ff ff48 | 83f8 000f | 84bb f8ff | ff48 8934 

  0x00000001171d25c0: ;   {runtime_call g1_post_barrier_slow}
  0x00000001171d25c0: 24e8 3af1 | d6ff e9ad | f8ff ff8b | 4628 48c1 | e003 4883 | f800 0f84 | aaf8 ffff | 4889 0424 
  0x00000001171d25e0: ;   {runtime_call g1_pre_barrier_slow}
  0x00000001171d25e0: e81b eed6 | ffe9 9cf8 | ffff 4883 | fb00 0f84 | b7f8 ffff | 4889 3424 

  0x00000001171d25f8: ;   {runtime_call g1_post_barrier_slow}
  0x00000001171d25f8: e803 f1d6 | ffe9 a9f8 

  0x00000001171d2600: ;   {internal_word}
  0x00000001171d2600: ffff 49ba | c71e 1d17 | 0100 0000 | 4d89 9760 

  0x00000001171d2610: ;   {runtime_call SafepointBlob}
  0x00000001171d2610: 0300 00e9 | e800 cdff 

  0x00000001171d2618: ;   {internal_word}
  0x00000001171d2618: 49ba 0e1f | 1d17 0100 | 0000 4d89 | 9760 0300 

  0x00000001171d2628: ;   {runtime_call SafepointBlob}
  0x00000001171d2628: 00e9 d200 | cdff 488b 

  0x00000001171d2630: ;   {runtime_call fast_new_instance Runtime1 stub}
  0x00000001171d2630: d2e8 ca9c 

  0x00000001171d2634: ; ImmutableOopMap {[240]=Oop [344]=Oop }
                      ;*new {reexecute=0 rethrow=0 return_oop=0}
                      ; - java.util.concurrent.ConcurrentHashMap::transfer@822 (line 2552)
  0x00000001171d2634: d6ff e939 | f9ff ff48 | 8d84 2450 | 0100 0048 

  0x00000001171d2644: ;   {runtime_call monitorexit_nofpu Runtime1 stub}
  0x00000001171d2644: 8904 24e8 | b4cc d6ff | e99c f9ff 

  0x00000001171d2650: ;   {runtime_call throw_null_pointer_exception Runtime1 stub}
  0x00000001171d2650: ffe8 ca90 

  0x00000001171d2654: ; ImmutableOopMap {[224]=Oop [192]=Oop rbx=Oop [240]=Oop [184]=Oop [208]=Oop r13=Oop [280]=Oop [288]=Oop rax=Oop r8=Oop r9=Oop [344]=Oop }
                      ;*putfield next {reexecute=1 rethrow=0 return_oop=0}
                      ; - (reexecute) java.util.concurrent.ConcurrentHashMap::transfer@655 (line 2529)
                      ;   {runtime_call throw_null_pointer_exception Runtime1 stub}
  0x00000001171d2654: d6ff e8c5 

  0x00000001171d2658: ; ImmutableOopMap {[224]=Oop [192]=Oop [240]=Oop [184]=Oop [208]=Oop r13=Oop [288]=Oop r8=Oop r9=Oop rax=Oop rcx=Oop rbx=Oop [344]=Oop }
                      ;*putfield next {reexecute=1 rethrow=0 return_oop=0}
                      ; - (reexecute) java.util.concurrent.ConcurrentHashMap::transfer@690 (line 2537)
  0x00000001171d2658: 90d6 ff90 | 9049 8b87 | d803 0000 | 49c7 87d8 | 0300 0000 | 0000 0049 | c787 e003 | 0000 0000 
  0x00000001171d2678: 0000 4881 | c470 0100 

  0x00000001171d2680: ;   {runtime_call unwind_exception Runtime1 stub}
  0x00000001171d2680: 005d e979 | 78d6 fff4 | f4f4 f4f4 | f4f4 f4f4 | f4f4 f4f4 | f4f4 f4f4 | f4f4 f4f4 | f4f4 f4f4 
[Stub Code]
  0x00000001171d26a0: ;   {no_reloc}
  0x00000001171d26a0: 0f1f 4400 

  0x00000001171d26a4: ;   {static_stub}
  0x00000001171d26a4: 0048 bbb0 | 4804 2001 

  0x00000001171d26ac: ;   {runtime_call I2C/C2I adapters}
  0x00000001171d26ac: 0000 00e9 | a4e6 ccff 

  0x00000001171d26b4: ;   {static_stub}
  0x00000001171d26b4: 9048 bb00 | 0000 0000 

  0x00000001171d26bc: ;   {runtime_call}
  0x00000001171d26bc: 0000 00e9 | fbff ffff 

  0x00000001171d26c4: ;   {static_stub}
  0x00000001171d26c4: 9048 bb00 | 0000 0000 

  0x00000001171d26cc: ;   {runtime_call}
  0x00000001171d26cc: 0000 00e9 | fbff ffff 

  0x00000001171d26d4: ;   {static_stub}
  0x00000001171d26d4: 9048 bb00 | 0000 0000 

  0x00000001171d26dc: ;   {runtime_call}
  0x00000001171d26dc: 0000 00e9 | fbff ffff 

  0x00000001171d26e4: ;   {static_stub}
  0x00000001171d26e4: 9048 bb00 | 0000 0000 

  0x00000001171d26ec: ;   {runtime_call}
  0x00000001171d26ec: 0000 00e9 | fbff ffff 

  0x00000001171d26f4: ;   {static_stub}
  0x00000001171d26f4: 9048 bb00 | 0000 0000 

  0x00000001171d26fc: ;   {runtime_call}
  0x00000001171d26fc: 0000 00e9 | fbff ffff 
[Exception Handler]
  0x00000001171d2704: ;   {runtime_call handle_exception_from_callee Runtime1 stub}
  0x00000001171d2704: e8f7 b0d6 

  0x00000001171d2708: ;   {external_word}
  0x00000001171d2708: ff48 bff3 | 69cb 0e01 | 0000 0048 

  0x00000001171d2714: ;   {runtime_call MacroAssembler::debug64(char*, long long, long long*)}
  0x00000001171d2714: 83e4 f0e8 | 5461 6ff7 

  0x00000001171d271c: ;   {section_word}
  0x00000001171d271c: f449 ba1d | 271d 1701 | 0000 0041 

  0x00000001171d2728: ;   {runtime_call DeoptimizationBlob}
  0x00000001171d2728: 52e9 72f2 | ccff f4f4 
[/MachCode]


Compiled method (c1) 6887152 77815       1       java.util.concurrent.ConcurrentHashMap::addCount (280 bytes)
 total in heap  [0x0000000117506a10,0x0000000117507220] = 2064
 relocation     [0x0000000117506b70,0x0000000117506bf8] = 136
 main code      [0x0000000117506c00,0x0000000117506fa0] = 928
 stub code      [0x0000000117506fa0,0x0000000117507030] = 144
 metadata       [0x0000000117507030,0x0000000117507040] = 16
 scopes data    [0x0000000117507040,0x0000000117507128] = 232
 scopes pcs     [0x0000000117507128,0x00000001175071f8] = 208
 dependencies   [0x00000001175071f8,0x0000000117507200] = 8
 nul chk table  [0x0000000117507200,0x0000000117507220] = 32

[Constant Pool (empty)]

[MachCode]
[Entry Point]
  # {method} {0x000000012045b478} 'addCount' '(JI)V' in 'java/util/concurrent/ConcurrentHashMap'
  # this:     rsi:rsi   = 'java/util/concurrent/ConcurrentHashMap'
  # parm0:    rdx:rdx   = long
  # parm1:    rcx       = int
  #           [sp+0xb0]  (sp of caller)
  0x0000000117506c00: 448b 5608 | 49bb 0000 | 0020 0100 | 0000 4d03 | d34c 3bd0 

  0x0000000117506c14: ;   {runtime_call ic_miss_stub}
  0x0000000117506c14: 0f85 6651 | 99ff 660f | 1f44 0000 
[Verified Entry Point]
  0x0000000117506c20: 8984 2400 | c0fe ff55 | 4881 eca0 | 0000 0048 | 89b4 2488 | 0000 008b | 7e30 48c1 | e703 4883 
  0x0000000117506c40: ff00 0f85 | 3500 0000 | c5fb 1046 | 18c4 e1f9 | 7ec0 4c8b | c04c 03c2 | 4c8d 4e18 | 498b d8f0 
  0x0000000117506c60: 490f b119 | b801 0000 | 000f 8405 | 0000 00b8 | 0000 0000 | 83f8 000f | 85d1 0000 | 0048 83ff 
  0x0000000117506c80: 000f 850a | 0000 00bf | 0100 0000 | e95a 0200 | 008b 470c | ffc8 83f8 | 000f 8d0a | 0000 00bf 
  0x0000000117506ca0: 0100 0000 | e942 0200 | 0049 8b9f | 9002 0000 | 488b 1b49 | c7c0 e800 | 0000 428b | 1c03 4823 
  0x0000000117506cc0: d83b 5f0c | 0f83 4502 | 0000 4863 | db8b 449f | 1048 c1e0 | 0348 83f8 | 000f 850a | 0000 00bf 
  0x0000000117506ce0: 0100 0000 | e902 0200 | 00c5 fb10 | 8090 0000 | 00c4 e1f9 | 7ec3 488b | fb48 03fa | 4c8d 8090 
  0x0000000117506d00: 0000 0048 | 8bc3 488b | dff0 490f | b118 bf01 | 0000 000f | 8405 0000 | 00bf 0000 | 0000 83ff 
  0x0000000117506d20: 000f 84c4 | 0100 0083 | f901 0f8e | a501 0000 | 898c 2480 | 0000 0048 | 8bfe 488b 

  0x0000000117506d3c: ;   {optimized virtual_call}
  0x0000000117506d3c: f766 90e8 

  0x0000000117506d40: ; ImmutableOopMap {[136]=Oop }
                      ;*invokevirtual sumCount {reexecute=0 rethrow=0 return_oop=0}
                      ; - java.util.concurrent.ConcurrentHashMap::addCount@115 (line 2339)
  0x0000000117506d40: fc49 f7ff | 4c8b c08b | 8c24 8000 | 0000 83f9 | 000f 8c68 | 0100 0090 | 488b b424 | 8800 0000 
  0x0000000117506d60: 8b7e 1448 | 63df 4c3b | c30f 8c50 | 0100 008b | 5e28 48c1 | e303 4883 | fb00 0f84 | 3f01 0000 
  0x0000000117506d80: ; implicit exception: dispatches to 0x0000000117506f22
  0x0000000117506d80: 8b43 0c81 | f800 0000 | 400f 8d30 | 0100 0048 | 899c 2490 | 0000 0089 | bc24 8400 | 0000 488b 
  0x0000000117506da0: f066 0f1f 

  0x0000000117506da4: ;   {static_call}
  0x0000000117506da4: 4400 00e8 

  0x0000000117506da8: ; ImmutableOopMap {[136]=Oop [144]=Oop }
                      ;*invokestatic numberOfLeadingZeros {reexecute=0 rethrow=0 return_oop=0}
                      ; - java.util.concurrent.ConcurrentHashMap::resizeStamp@1 (line 2285)
                      ; - java.util.concurrent.ConcurrentHashMap::addCount@161 (line 2345)
  0x0000000117506da8: 74fa e401 | 81c8 0080 | 0000 c1e0 | 108b bc24 | 8400 0000 | 83ff 000f | 8d84 0000 | 0048 8bd0 
  0x0000000117506dc8: 81c2 ffff | 0000 3bfa | 0f84 e900 | 0000 ffc0 | 3bf8 0f84 | df00 0000 | 488b b424 | 8800 0000 
  0x0000000117506de8: 8b4e 2c48 | c1e1 0348 | 83f9 000f | 84c6 0000 | 008b 4620 | 83f8 000f | 8eba 0000 | 0048 8bd7 
  0x0000000117506e08: ffc2 488d | 5e14 488b | c7f0 0fb1 | 13ba 0100 | 0000 0f84 | 0500 0000 | ba00 0000 | 0083 fa00 
  0x0000000117506e28: 0f84 6e00 | 0000 488b | 9424 9000 | 0000 488b | fe48 8bf7 

  0x0000000117506e3c: ;   {optimized virtual_call}
  0x0000000117506e3c: 6666 90e8 

  0x0000000117506e40: ; ImmutableOopMap {[136]=Oop }
                      ;*invokevirtual transfer {reexecute=0 rethrow=0 return_oop=0}
                      ; - java.util.concurrent.ConcurrentHashMap::addCount@238 (line 2351)
  0x0000000117506e40: 3c52 99ff | e953 0000 | 0048 8bb4 | 2488 0000 | 0048 8bd0 | 83c2 0248 | 8d4e 1448 | 8bc7 f00f 
  0x0000000117506e60: b111 ba01 | 0000 000f | 8405 0000 | 00ba 0000 | 0000 83fa | 000f 8421 | 0000 0048 | 8b9c 2490 
  0x0000000117506e80: 0000 0048 

  0x0000000117506e84: ;   {oop(NULL)}
  0x0000000117506e84: 8bd3 48b9 | 0000 0000 | 0000 0000 | 488b fe48 

  0x0000000117506e94: ;   {optimized virtual_call}
  0x0000000117506e94: 8bf7 90e8 

  0x0000000117506e98: ; ImmutableOopMap {[136]=Oop }
                      ;*invokevirtual transfer {reexecute=0 rethrow=0 return_oop=0}
                      ; - java.util.concurrent.ConcurrentHashMap::addCount@267 (line 2354)
  0x0000000117506e98: c49e ccff | 488b b424 | 8800 0000 

  0x0000000117506ea4: ;   {optimized virtual_call}
  0x0000000117506ea4: 6666 90e8 

  0x0000000117506ea8: ; ImmutableOopMap {[136]=Oop }
                      ;*invokevirtual sumCount {reexecute=0 rethrow=0 return_oop=0}
                      ; - java.util.concurrent.ConcurrentHashMap::addCount@271 (line 2355)
  0x0000000117506ea8: 9448 f7ff | 904d 8b97 

  0x0000000117506eb0: ; ImmutableOopMap {[136]=Oop }
                      ;*goto {reexecute=1 rethrow=0 return_oop=0}
                      ; - (reexecute) java.util.concurrent.ConcurrentHashMap::addCount@276 (line 2356)
  0x0000000117506eb0: 5003 0000 

  0x0000000117506eb4: ;   {poll}
  0x0000000117506eb4: 4185 024c | 8bc0 e999 | feff ff48 | 81c4 a000 

  0x0000000117506ec4: ;   {poll_return}
  0x0000000117506ec4: 0000 5d49 | 3ba7 4803 | 0000 0f87 | 5300 0000 | c348 81c4 | a000 0000 

  0x0000000117506edc: ;   {poll_return}
  0x0000000117506edc: 5d49 3ba7 | 4803 0000 | 0f87 5300 | 0000 c348 

  0x0000000117506eec: ;   {optimized virtual_call}
  0x0000000117506eec: 8bcf 90e8 

  0x0000000117506ef0: ; ImmutableOopMap {}
                      ;*invokevirtual fullAddCount {reexecute=0 rethrow=0 return_oop=0}
                      ; - java.util.concurrent.ConcurrentHashMap::addCount@104 (line 2334)
  0x0000000117506ef0: 0101 0000 | 4881 c4a0 | 0000 005d 

  0x0000000117506efc: ;   {poll_return}
  0x0000000117506efc: 493b a748 | 0300 000f | 874a 0000 

  0x0000000117506f08: ;   {runtime_call throw_null_pointer_exception Runtime1 stub}
  0x0000000117506f08: 00c3 e811 

  0x0000000117506f0c: ; ImmutableOopMap {rsi=Oop [136]=Oop rdi=Oop }
                      ;*arraylength {reexecute=0 rethrow=0 return_oop=0}
                      ; - java.util.concurrent.ConcurrentHashMap::addCount@47 (line 2330)
  0x0000000117506f0c: 48a3 ff48 | 891c 2448 | 897c 2408 

  0x0000000117506f18: ;   {runtime_call throw_range_check_failed Runtime1 stub}
  0x0000000117506f18: e803 39a3 

  0x0000000117506f1c: ; ImmutableOopMap {rsi=Oop [136]=Oop rdi=Oop }
                      ;*aaload {reexecute=0 rethrow=0 return_oop=0}
                      ; - java.util.concurrent.ConcurrentHashMap::addCount@64 (line 2331)
                      ;   {runtime_call throw_null_pointer_exception Runtime1 stub}
  0x0000000117506f1c: ffe8 fe47 

  0x0000000117506f20: ; ImmutableOopMap {rsi=Oop [136]=Oop rax=Oop }
                      ;*getfield value {reexecute=1 rethrow=0 return_oop=0}
                      ; - (reexecute) java.util.concurrent.ConcurrentHashMap::addCount@81 (line 2331)
                      ;   {runtime_call throw_null_pointer_exception Runtime1 stub}
  0x0000000117506f20: a3ff e8f9 

  0x0000000117506f24: ; ImmutableOopMap {rsi=Oop [136]=Oop rbx=Oop }
                      ;*arraylength {reexecute=0 rethrow=0 return_oop=0}
                      ; - java.util.concurrent.ConcurrentHashMap::addCount@150 (line 2343)
                      ;   {internal_word}
  0x0000000117506f24: 47a3 ff49 | bac7 6e50 | 1701 0000 | 004d 8997 | 6003 0000 

  0x0000000117506f38: ;   {runtime_call SafepointBlob}
  0x0000000117506f38: e9c3 b799 

  0x0000000117506f3c: ;   {internal_word}
  0x0000000117506f3c: ff49 badd | 6e50 1701 | 0000 004d | 8997 6003 

  0x0000000117506f4c: ;   {runtime_call SafepointBlob}
  0x0000000117506f4c: 0000 e9ad 

  0x0000000117506f50: ;   {internal_word}
  0x0000000117506f50: b799 ff49 | bafc 6e50 | 1701 0000 | 004d 8997 | 6003 0000 

  0x0000000117506f64: ;   {runtime_call SafepointBlob}
  0x0000000117506f64: e997 b799 | ff90 9049 | 8b87 d803 | 0000 49c7 | 87d8 0300 | 0000 0000 | 0049 c787 | e003 0000 
  0x0000000117506f84: 0000 0000 | 4881 c4a0 | 0000 005d 

  0x0000000117506f90: ;   {runtime_call unwind_exception Runtime1 stub}
  0x0000000117506f90: e96b 2fa3 | fff4 f4f4 | f4f4 f4f4 | f4f4 f4f4 
[Stub Code]
  0x0000000117506fa0: ;   {no_reloc}
  0x0000000117506fa0: 0f1f 4400 

  0x0000000117506fa4: ;   {static_stub}
  0x0000000117506fa4: 0048 bb00 | 0000 0000 

  0x0000000117506fac: ;   {runtime_call}
  0x0000000117506fac: 0000 00e9 | fbff ffff 

  0x0000000117506fb4: ;   {static_stub}
  0x0000000117506fb4: 9048 bbb0 | 4804 2001 

  0x0000000117506fbc: ;   {runtime_call I2C/C2I adapters}
  0x0000000117506fbc: 0000 00e9 | 949d 99ff 

  0x0000000117506fc4: ;   {static_stub}
  0x0000000117506fc4: 9048 bb00 | 0000 0000 

  0x0000000117506fcc: ;   {runtime_call}
  0x0000000117506fcc: 0000 00e9 | fbff ffff 

  0x0000000117506fd4: ;   {static_stub}
  0x0000000117506fd4: 9048 bb00 | 0000 0000 

  0x0000000117506fdc: ;   {runtime_call}
  0x0000000117506fdc: 0000 00e9 | fbff ffff 

  0x0000000117506fe4: ;   {static_stub}
  0x0000000117506fe4: 9048 bb00 | 0000 0000 

  0x0000000117506fec: ;   {runtime_call}
  0x0000000117506fec: 0000 00e9 | fbff ffff 

  0x0000000117506ff4: ;   {static_stub}
  0x0000000117506ff4: 9048 bb58 | b645 2001 

  0x0000000117506ffc: ;   {runtime_call I2C/C2I adapters}
  0x0000000117506ffc: 0000 00e9 | dcbf 99ff 
[Exception Handler]
  0x0000000117507004: ;   {runtime_call handle_exception_from_callee Runtime1 stub}
  0x0000000117507004: e8f7 67a3 

  0x0000000117507008: ;   {external_word}
  0x0000000117507008: ff48 bff3 | 69cb 0e01 | 0000 0048 

  0x0000000117507014: ;   {runtime_call MacroAssembler::debug64(char*, long long, long long*)}
  0x0000000117507014: 83e4 f0e8 | 5418 3cf7 

  0x000000011750701c: ;   {section_word}
  0x000000011750701c: f449 ba1d | 7050 1701 | 0000 0041 

  0x0000000117507028: ;   {runtime_call DeoptimizationBlob}
  0x0000000117507028: 52e9 72a9 | 99ff f4f4 
[/MachCode]


Compiled method (c1) 6887161 82680   !   1       java.util.concurrent.ConcurrentHashMap::putVal (432 bytes)
 total in heap  [0x0000000117c30510,0x0000000117c31ec0] = 6576
 relocation     [0x0000000117c30670,0x0000000117c30790] = 288
 main code      [0x0000000117c307a0,0x0000000117c31700] = 3936
 stub code      [0x0000000117c31700,0x0000000117c317d0] = 208
 metadata       [0x0000000117c317d0,0x0000000117c317e0] = 16
 scopes data    [0x0000000117c317e0,0x0000000117c31bc0] = 992
 scopes pcs     [0x0000000117c31bc0,0x0000000117c31d80] = 448
 dependencies   [0x0000000117c31d80,0x0000000117c31d88] = 8
 handler table  [0x0000000117c31d88,0x0000000117c31e90] = 264
 nul chk table  [0x0000000117c31e90,0x0000000117c31ec0] = 48

[Constant Pool (empty)]

[MachCode]
[Entry Point]
  # {method} {0x000000012045b298} 'putVal' '(Ljava/lang/Object;Ljava/lang/Object;Z)Ljava/lang/Object;' in 'java/util/concurrent/ConcurrentHashMap'
  # this:     rsi:rsi   = 'java/util/concurrent/ConcurrentHashMap'
  # parm0:    rdx:rdx   = 'java/lang/Object'
  # parm1:    rcx:rcx   = 'java/lang/Object'
  # parm2:    r8        = boolean
  #           [sp+0x140]  (sp of caller)
  0x0000000117c307a0: 448b 5608 | 49bb 0000 | 0020 0100 | 0000 4d03 | d34c 3bd0 

  0x0000000117c307b4: ;   {runtime_call ic_miss_stub}
  0x0000000117c307b4: 0f85 c6b5 | 26ff 660f | 1f44 0000 
[Verified Entry Point]
  0x0000000117c307c0: 8984 2400 | c0fe ff55 | 4881 ec30 | 0100 0048 | 89b4 24a8 | 0000 0048 | 8994 24b0 | 0000 0048 
  0x0000000117c307e0: 898c 24b8 | 0000 0044 | 8984 24c0 | 0000 0048 | 83fa 000f | 8443 0b00 | 0048 83f9 | 000f 8439 
  0x0000000117c30800: 0b00 0048 | 8bf2 0f1f | 8000 0000 | 0048 b8ff | ffff ffff 

  0x0000000117c30814: ;   {virtual_call}
  0x0000000117c30814: ffff ffe8 

  0x0000000117c30818: ; ImmutableOopMap {[168]=Oop [184]=Oop [176]=Oop }
                      ;*invokevirtual hashCode {reexecute=0 rethrow=0 return_oop=0}
                      ; - java.util.concurrent.ConcurrentHashMap::putVal@17 (line 1012)
  0x0000000117c30818: 7451 31ff | 488b f0c1 | ee10 4833 | f081 e6ff | ffff 7f89 | b424 c800 | 0000 488b | bc24 a800 
  0x0000000117c30838: 0000 8b5f | 2848 c1e3 | 03b8 0000 | 0000 8984 | 24c4 0000 | 0066 6690 | 4883 fb00 | 0f84 0e00 
  0x0000000117c30858: 0000 448b | 4b0c 4183 | f900 0f85 | 2800 0000 | 488b f70f 

  0x0000000117c3086c: ;   {optimized virtual_call}
  0x0000000117c3086c: 1f40 00e8 

  0x0000000117c30870: ; ImmutableOopMap {[184]=Oop [176]=Oop [168]=Oop }
                      ;*invokevirtual initTable {reexecute=0 rethrow=0 return_oop=0}
                      ; - java.util.concurrent.ConcurrentHashMap::putVal@49 (line 1017)
  0x0000000117c30870: ecc8 a601 | 8bb4 24c4 | 0000 0044 | 8b84 24c0 | 0000 0048 | 8b8c 24b8 | 0000 00e9 | 1c09 0000 
  0x0000000117c30890: 41ff c944 | 238c 24c8 | 0000 0049 | 63d1 b902 | 0000 0048 | d3e2 49c7 | c210 0000 | 0049 03d2 
  0x0000000117c308b0: 8b34 1348 | c1e6 0348 | 8bfb 48c7 | c00c 0000 | 0048 3bd0 | 0f85 3800 | 0000 4883 | ff00 0f84 
  0x0000000117c308d0: 2e00 0000 | 8b7f 0849 | ba00 0000 | 2001 0000 | 0049 03fa | 0fbe bf44 | 0100 0083 | ff00 0f84 
  0x0000000117c308f0: 0e00 0000 | 410f be7f | 3883 ff00 | 0f85 050b | 0000 4883 | fe00 0f84 | 2900 0000 

  0x0000000117c3090c: ;   {metadata('java/util/concurrent/ConcurrentHashMap$Node')}
  0x0000000117c3090c: 48b8 103f | 1a20 0100 | 0000 8b4e | 0849 ba00 | 0000 2001 | 0000 0049 | 03ca 483b | 4138 0f85 
  0x0000000117c3092c: ef0a 0000 | e900 0000 | 0048 8bfe | 4889 bc24 | d000 0000 | 4883 ff00 | 4c8b c20f | 8551 0100 
  0x0000000117c3094c: 008b b424 | c800 0000 | 488b 8c24 | b800 0000 | 488b 9424 | b000 0000 

  0x0000000117c30964: ;   {metadata('java/util/concurrent/ConcurrentHashMap$Node')}
  0x0000000117c30964: 4c8b da48 | ba10 3f1a | 2001 0000 | 004c 8bf1 | 4c8b ee49 | 8b87 0801 | 0000 488d | 7820 493b 
  0x0000000117c30984: bf18 0100 | 000f 8799 | 0a00 0049 | 89bf 0801 | 0000 48c7 | 0001 0000 | 0048 8bca | 49ba 0000 
  0x0000000117c309a4: 0020 0100 | 0000 492b | ca89 4808 | 4833 c989 | 480c 4833 | c948 8948 | 1048 8948 | 1848 8bd0 
  0x0000000117c309c4: 4489 6a0c | 410f be47 | 3883 f800 | 0f85 5f0a | 0000 4d8b | d349 c1ea | 0344 8952 | 1048 8bc2 
  0x0000000117c309e4: 4933 c348 | c1e8 1448 | 83f8 000f | 855f 0a00 | 0041 0fbe | 4738 83f8 | 000f 8569 | 0a00 004d 
  0x0000000117c30a04: 8bd6 49c1 | ea03 4489 | 5214 f083 | 4424 c000 | 488b c249 | 33c6 48c1 | e814 4883 | f800 0f85 
  0x0000000117c30a24: 630a 0000 | 4a8d 0c03 | 410f be47 | 3883 f800 | 0f85 690a 

  0x0000000117c30a38: ;   {oop(NULL)}
  0x0000000117c30a38: 0000 48b8 | 0000 0000 | 0000 0000 | 48c1 e803 | 4c8b d249 | c1ea 03f0 | 440f b111 | be01 0000 
  0x0000000117c30a58: 000f 8405 | 0000 00be | 0000 0000 | 488b f948 | 33fa 48c1 | ef14 4883 | ff00 0f85 | 490a 0000 
  0x0000000117c30a78: 83e6 0183 | fe00 0f85 | e807 0000 | 488b c38b | b424 c400 | 0000 448b | 8424 c000 | 0000 498b 
  0x0000000117c30a98: cee9 0e07 | 0000 448b | ac24 c800 | 0000 4c8b | b424 b800 | 0000 4c8b | 9c24 b000 | 0000 8b47 
  0x0000000117c30ab8: 0c83 f8ff | 0f85 3600 | 0000 488b | d348 8bcf | 488b b424 | a800 0000 | 0f1f 8000 

  0x0000000117c30ad4: ;   {optimized virtual_call}
  0x0000000117c30ad4: 0000 00e8 

  0x0000000117c30ad8: ; ImmutableOopMap {[168]=Oop [176]=Oop [184]=Oop }
                      ;*invokevirtual helpTransfer {reexecute=0 rethrow=0 return_oop=0}
                      ; - java.util.concurrent.ConcurrentHashMap::putVal@120 (line 1023)
  0x0000000117c30ad8: a4b5 26ff | 8bb4 24c4 | 0000 0044 | 8b84 24c0 | 0000 0048 | 8b8c 24b8 | 0000 00e9 | b406 0000 
  0x0000000117c30af8: 8b8c 24c0 | 0000 0083 | f900 0f85 | 1700 0000 | 8984 24cc | 0000 0049 | 8bd0 4489 | 8c24 e800 
  0x0000000117c30b18: 0000 e9fc | 0000 003b | 8424 c800 | 0000 0f84 | 1700 0000 | 8984 24cc | 0000 0049 | 8bd0 4489 
  0x0000000117c30b38: 8c24 e800 | 0000 e9d8 | 0000 0048 | 8b94 24b0 | 0000 008b | 7710 48c1 | e603 483b | f20f 8524 
  0x0000000117c30b58: 0000 0089 | 8424 cc00 | 0000 4c89 | 8424 e000 | 0000 4489 | 8c24 e800 | 0000 4889 | 9c24 d800 
  0x0000000117c30b78: 0000 e97b | 0000 0048 | 83fe 0089 | 8424 cc00 | 0000 0f85 | 1000 0000 | 4489 8c24 | e800 0000 
  0x0000000117c30b98: 498b d0e9 | 7b00 0000 | 4c89 8424 | e000 0000 | 4489 8c24 | e800 0000 | 4889 9c24 | d800 0000 
  0x0000000117c30bb8: 4c8b da48 | 8bd6 498b | f30f 1f40 | 0048 b8ff | ffff ffff 

  0x0000000117c30bcc: ;   {virtual_call}
  0x0000000117c30bcc: ffff ffe8 

  0x0000000117c30bd0: ; ImmutableOopMap {[168]=Oop [184]=Oop [176]=Oop [216]=Oop [208]=Oop }
                      ;*invokevirtual equals {reexecute=0 rethrow=0 return_oop=0}
                      ; - java.util.concurrent.ConcurrentHashMap::putVal@159 (line 1026)
  0x0000000117c30bd0: 0c4e 31ff | 83f8 0048 | 8bbc 24d0 | 0000 000f | 8515 0000 | 0048 8b94 | 24e0 0000 | 0048 8b9c 
  0x0000000117c30bf0: 24d8 0000 | 00e9 2100 | 0000 8b77 | 1448 c1e6 | 0348 83fe | 000f 8548 | 0600 0048 | 8b94 24e0 
  0x0000000117c30c10: 0000 0048 | 8b9c 24d8 | 0000 0048 | 8db4 2418 | 0100 0048 | 897e 0848 | 8b07 4883 | c801 4889 
  0x0000000117c30c30: 06f0 480f | b137 0f84 | 1300 0000 | 482b c448 | 81e0 07f0 | ffff 4889 | 060f 858f | 0800 008b 
  0x0000000117c30c50: 3413 48c1 | e603 488b | c348 c7c1 | 0c00 0000 | 483b d10f | 8538 0000 | 0048 83f8 | 000f 842e 
  0x0000000117c30c70: 0000 008b | 5008 49ba | 0000 0020 | 0100 0000 | 4903 d20f | be92 4401 | 0000 83fa | 000f 840e 
  0x0000000117c30c90: 0000 0041 | 0fbe 5738 | 83fa 000f | 8550 0800 | 0048 83fe | 000f 8429 

  0x0000000117c30ca8: ;   {metadata('java/util/concurrent/ConcurrentHashMap$Node')}
  0x0000000117c30ca8: 0000 0048 | b810 3f1a | 2001 0000 | 008b 4e08 | 49ba 0000 | 0020 0100 | 0000 4903 | ca48 3b41 
  0x0000000117c30cc8: 380f 853a | 0800 00e9 | 0000 0000 | 488b d648 | 3bd7 0f84 | 2e00 0000 | 8b84 24c4 

  0x0000000117c30ce4: ;   {oop(NULL)}
  0x0000000117c30ce4: 0000 0048 | bf00 0000 | 0000 0000 | 0048 899c | 24d8 0000 | 0044 8b84 | 24c0 0000 | 0048 8b8c 
  0x0000000117c30d04: 24b8 0000 | 00e9 6404 | 0000 8b84 | 24cc 0000 | 0083 f800 | 0f8c 9a02 | 0000 488b | c7b9 0100 
  0x0000000117c30d24: 0000 898c | 24ec 0000 | 0048 899c | 24d8 0000 | 0066 6690 | 8bb4 24c8 | 0000 0048 | 8b94 24b0 
  0x0000000117c30d44: 0000 0044 | 8b40 0c44 | 3bc6 0f84 | 0800 0000 | 4c8b c0e9 | 5900 0000 | 448b 4010 | 49c1 e003 
  0x0000000117c30d64: 4c3b c20f | 8482 0000 | 0049 83f8 | 000f 8508 | 0000 004c | 8bc0 e936 | 0000 0048 | 8984 24f0 
  0x0000000117c30d84: 0000 004c | 8bca 498b | d049 8bf1 | 0f1f 4400 | 0048 b8ff | ffff ffff 

  0x0000000117c30d9c: ;   {virtual_call}
  0x0000000117c30d9c: ffff ffe8 

  0x0000000117c30da0: ; ImmutableOopMap {[168]=Oop [184]=Oop [176]=Oop [216]=Oop [208]=Oop [240]=Oop [288]=Oop }
                      ;*invokevirtual equals {reexecute=0 rethrow=0 return_oop=0}
                      ; - java.util.concurrent.ConcurrentHashMap::putVal@242 (line 1039)
  0x0000000117c30da0: 3c4c 31ff | 83f8 004c | 8b84 24f0 | 0000 000f | 853d 0000 | 0041 8b50 | 1848 c1e2 | 0348 83fa 
  0x0000000117c30dc0: 000f 84bc | 0000 008b | 8c24 ec00 | 0000 ffc1 | 4d8b 9750 

  0x0000000117c30dd4: ; ImmutableOopMap {[168]=Oop [184]=Oop [176]=Oop [216]=Oop [208]=Oop rdx=Oop [288]=Oop }
                      ;*goto {reexecute=1 rethrow=0 return_oop=0}
                      ; - (reexecute) java.util.concurrent.ConcurrentHashMap::putVal@305 (line 1035)
                      ;   {poll}
  0x0000000117c30dd4: 0300 0041 | 8502 4c8b | c248 8bd9 | 498b c089 | 9c24 ec00 | 0000 e949 | ffff ff4c | 8bc0 8b9c 
  0x0000000117c30df4: 24ec 0000 | 0044 8b8c | 24c0 0000 | 0041 8b50 | 1448 c1e2 | 0341 83f9 | 000f 841d | 0000 0044 
  0x0000000117c30e14: 8bac 24c8 | 0000 004c | 8bb4 24b8 | 0000 004c | 8b9c 24b0 | 0000 00e9 | 7701 0000 | 488b 8c24 
  0x0000000117c30e34: b800 0000 | 410f be77 | 3883 fe00 | 0f85 d106 | 0000 4c8b | d149 c1ea | 0345 8950 | 14f0 8344 
  0x0000000117c30e54: 24c0 0049 | 8bc0 4833 | c148 c1e8 | 1448 83f8 | 000f 85cc | 0600 0044 | 8bac 24c8 | 0000 004c 
  0x0000000117c30e74: 8bf1 4c8b | 9c24 b000 | 0000 e924 | 0100 008b | 9c24 ec00 | 0000 8bb4 | 24c8 0000 | 0044 8b8c 
  0x0000000117c30e94: 24c0 0000 | 0048 8b8c | 24b8 0000 | 0048 8b94 | 24b0 0000 | 004c 8bda 

  0x0000000117c30eac: ;   {metadata('java/util/concurrent/ConcurrentHashMap$Node')}
  0x0000000117c30eac: 48ba 103f | 1a20 0100 | 0000 4c8b | f14c 8bee | 498b 8708 | 0100 0048 | 8d78 2049 | 3bbf 1801 
  0x0000000117c30ecc: 0000 0f87 | 7b06 0000 | 4989 bf08 | 0100 0048 | c700 0100 | 0000 488b | ca49 ba00 | 0000 2001 
  0x0000000117c30eec: 0000 0049 | 2bca 8948 | 0848 33c9 | 8948 0c48 | 33c9 4889 | 4810 4889 | 4818 4489 | 680c 410f 
  0x0000000117c30f0c: be57 3883 | fa00 0f85 | 4406 0000 | 4d8b d349 | c1ea 0344 | 8950 1048 | 8bd0 4933 | d348 c1ea 
  0x0000000117c30f2c: 1448 83fa | 000f 8544 | 0600 0041 | 0fbe 5738 | 83fa 000f | 854e 0600 | 004d 8bd6 | 49c1 ea03 
  0x0000000117c30f4c: 4489 5014 | f083 4424 | c000 488b | d049 33d6 | 48c1 ea14 | 4883 fa00 | 0f85 4806 | 0000 410f 
  0x0000000117c30f6c: be57 3883 | fa00 0f85 | 5206 0000 | 4c8b d049 | c1ea 0345 | 8950 18f0 | 8344 24c0 | 0049 8bd0 
  0x0000000117c30f8c: 4833 d048 | c1ea 1448 | 83fa 000f | 854d 0600 

  0x0000000117c30f9c: ;   {oop(NULL)}
  0x0000000117c30f9c: 0048 ba00 | 0000 0000 | 0000 0048 | 8bfa 488b | c34d 8bc1 | 498b cee9 | ba01 0000 | 4889 9c24 
  0x0000000117c30fbc: d800 0000 | 448b ac24 | c800 0000 | 448b 8c24 | c000 0000 | 4c8b b424 | b800 0000 | 4c8b 9c24 
  0x0000000117c30fdc: b000 0000 | 4883 ff00 | 0f84 2800 

  0x0000000117c30fe8: ;   {metadata('java/util/concurrent/ConcurrentHashMap$TreeBin')}
  0x0000000117c30fe8: 0000 49b8 | 40b1 e621 | 0100 0000 | 8b4f 0849 | ba00 0000 | 2001 0000 | 0049 03ca | 4c3b c10f 
  0x0000000117c31008: 8505 0000 | 00e9 0500 | 0000 4833 | d2eb 0a48 | ba01 0000 | 0000 0000 | 0083 fa00 | 0f84 e700 
  0x0000000117c31028: 0000 4883 | ff00 0f84 | 2800 0000 

  0x0000000117c31034: ;   {metadata('java/util/concurrent/ConcurrentHashMap$TreeBin')}
  0x0000000117c31034: 48b9 40b1 | e621 0100 | 0000 8b57 | 0849 ba00 | 0000 2001 | 0000 0049 | 03d2 483b | ca0f 85ab 
  0x0000000117c31054: 0500 00e9 | 0000 0000 | 488b f748 | 3b06 498b | d549 8bcb | 4d8b c60f 

  0x0000000117c3106c: ;   {optimized virtual_call}
  0x0000000117c3106c: 1f40 00e8 

  0x0000000117c31070: ; ImmutableOopMap {[168]=Oop [216]=Oop [176]=Oop [208]=Oop [184]=Oop [288]=Oop }
                      ;*invokevirtual putTreeVal {reexecute=0 rethrow=0 return_oop=0}
                      ; - java.util.concurrent.ConcurrentHashMap::putVal@331 (line 1055)
  0x0000000117c31070: 0cb0 26ff | 4883 f800 | 0f85 1f00 

  0x0000000117c3107c: ;   {oop(NULL)}
  0x0000000117c3107c: 0000 48b8 | 0000 0000 | 0000 0000 | 448b 8424 | c000 0000 | 488b 8c24 | b800 0000 | e967 0000 
  0x0000000117c3109c: 0044 8b84 | 24c0 0000 | 008b 5014 | 48c1 e203 | 4183 f800 | 0f84 1000 | 0000 488b | c248 8b8c 
  0x0000000117c310bc: 24b8 0000 | 00e9 3e00 | 0000 488b | 8c24 b800 | 0000 410f | be77 3883 | fe00 0f85 | 3905 0000 
  0x0000000117c310dc: 4c8b d149 | c1ea 0344 | 8950 14f0 | 8344 24c0 | 0048 8bf0 | 4833 f148 | c1ee 1448 | 83fe 000f 
  0x0000000117c310fc: 8533 0500 | 0048 8bc2 | 488b f8b8 | 0200 0000 | e961 0000 | 004d 8bc1 | 498b ce48 | 83ff 000f 
  0x0000000117c3111c: 8428 0000 

  0x0000000117c31120: ;   {metadata('java/util/concurrent/ConcurrentHashMap$ReservationNode')}
  0x0000000117c31120: 0048 be68 | 481a 2001 | 0000 008b | 5708 49ba | 0000 0020 | 0100 0000 | 4903 d248 | 3bf2 0f85 
  0x0000000117c31140: 0500 0000 | e905 0000 | 0048 33c0 | eb0a 48b8 | 0100 0000 | 0000 0000 | 83f8 000f | 854b 0100 
  0x0000000117c31160: 008b 8424 | c400 0000 

  0x0000000117c31168: ;   {oop(NULL)}
  0x0000000117c31168: 48bf 0000 | 0000 0000 | 0000 488b | d848 8d84 | 2418 0100 | 0048 8b10 | 4885 d20f | 840f 0000 
  0x0000000117c31188: 0048 8b70 | 08f0 480f | b116 0f85 | b404 0000 | 83fb 000f | 8532 0000 | 0048 8b84 | 24d8 0000 
  0x0000000117c311a8: 0048 8bf3 | 4d8b 9750 

  0x0000000117c311b0: ; ImmutableOopMap {[168]=Oop [176]=Oop rcx=Oop [184]=Oop rax=Oop }
                      ;*goto {reexecute=1 rethrow=0 return_oop=0}
                      ; - (reexecute) java.util.concurrent.ConcurrentHashMap::putVal@420 (line 1074)
                      ;   {poll}
  0x0000000117c311b0: 0300 0041 | 8502 488b | d048 8bc6 | 488b da89 | 8424 c400 | 0000 488b | bc24 a800 | 0000 e97d 
  0x0000000117c311d0: f6ff ff48 | 8b94 24d8 | 0000 0083 | fb08 0f8d | 0c00 0000 | 899c 2400 | 0100 00e9 | 3400 0000 
  0x0000000117c311f0: 4889 bc24 | f800 0000 | 899c 2400 | 0100 0044 | 8b8c 24e8 | 0000 0049 | 8bc9 488b | b424 a800 
  0x0000000117c31210: 0000 0f1f 

  0x0000000117c31214: ;   {optimized virtual_call}
  0x0000000117c31214: 4400 00e8 

  0x0000000117c31218: ; ImmutableOopMap {[168]=Oop [248]=Oop }
                      ;*invokevirtual treeifyBin {reexecute=0 rethrow=0 return_oop=0}
                      ; - java.util.concurrent.ConcurrentHashMap::putVal@409 (line 1068)
  0x0000000117c31218: 64ae 26ff | 488b bc24 | f800 0000 | 4883 ff00 | 0f85 0c00 | 0000 8b84 | 2400 0100 | 00e9 3900 
  0x0000000117c31238: 0000 488b | c748 81c4 | 3001 0000 

  0x0000000117c31244: ;   {poll_return}
  0x0000000117c31244: 5d49 3ba7 | 4803 0000 | 0f87 1004 | 0000 c348 | 8bc6 4881 | c430 0100 

  0x0000000117c3125c: ;   {poll_return}
  0x0000000117c3125c: 005d 493b | a748 0300 | 000f 870d | 0400 00c3 | 8b84 24c4 | 0000 0048 | 8bb4 24a8 | 0000 0048 
  0x0000000117c3127c: c7c2 0100 | 0000 488b 

  0x0000000117c31284: ;   {optimized virtual_call}
  0x0000000117c31284: c866 90e8 

  0x0000000117c31288: ; ImmutableOopMap {}
                      ;*invokevirtual addCount {reexecute=0 rethrow=0 return_oop=0}
                      ; - java.util.concurrent.ConcurrentHashMap::putVal@427 (line 1075)
  0x0000000117c31288: 9459 8dff 

  0x0000000117c3128c: ;   {oop(NULL)}
  0x0000000117c3128c: 48b8 0000 | 0000 0000 | 0000 4881 | c430 0100 

  0x0000000117c3129c: ;   {poll_return}
  0x0000000117c3129c: 005d 493b | a748 0300 | 000f 87e3 | 0300 00c3 

  0x0000000117c312ac: ;   {metadata('java/lang/IllegalStateException')}
  0x0000000117c312ac: 48ba c84c | 0421 0100 | 0000 498b | 8708 0100 | 0048 8d78 | 2849 3bbf | 1801 0000 | 0f87 d603 
  0x0000000117c312cc: 0000 4989 | bf08 0100 | 0048 c700 | 0100 0000 | 488b ca49 | ba00 0000 | 2001 0000 | 0049 2bca 
  0x0000000117c312ec: 8948 0848 | 33c9 8948 | 0c48 33c9 | 4889 4810 | 4889 4818 | 4889 4820 

  0x0000000117c31304: ;   {oop("Recursive update"{0x00000007fff37800})}
  0x0000000117c31304: 48ba 0078 | f3ff 0700 | 0000 488b | f048 8984 | 2408 0100 | 0066 0f1f 

  0x0000000117c3131c: ;   {optimized virtual_call}
  0x0000000117c3131c: 4400 00e8 

  0x0000000117c31320: ; ImmutableOopMap {[208]=Oop [264]=Oop [288]=Oop }
                      ;*invokespecial <init> {reexecute=0 rethrow=0 return_oop=0}
                      ; - java.util.concurrent.ConcurrentHashMap::putVal@374 (line 1063)
  0x0000000117c31320: 5cad 26ff | 488b 8424 

  0x0000000117c31328: ; ImmutableOopMap {[208]=Oop [288]=Oop rax=Oop }
                      ;*athrow {reexecute=1 rethrow=0 return_oop=0}
                      ; - (reexecute) java.util.concurrent.ConcurrentHashMap::putVal@377 (line 1063)
  0x0000000117c31328: 0801 0000 

  0x0000000117c3132c: ;   {section_word}
  0x0000000117c3132c: 48ba 2c13 | c317 0100 

  0x0000000117c31334: ;   {runtime_call handle_exception_nofpu Runtime1 stub}
  0x0000000117c31334: 0000 e8c5 | be30 ff90 

  0x0000000117c3133c: ;   {metadata('java/lang/NullPointerException')}
  0x0000000117c3133c: 48ba 8014 | 0820 0100 | 0000 498b | 8708 0100 | 0048 8d78 | 3049 3bbf | 1801 0000 | 0f87 5303 
  0x0000000117c3135c: 0000 4989 | bf08 0100 | 0048 c700 | 0100 0000 | 488b ca49 | ba00 0000 | 2001 0000 | 0049 2bca 
  0x0000000117c3137c: 8948 0848 | 33c9 8948 | 0c48 33c9 | 4889 4810 | 4889 4818 | 4889 4820 | 4889 4828 | 488b f048 
  0x0000000117c3139c: 8984 2410 | 0100 000f 

  0x0000000117c313a4: ;   {optimized virtual_call}
  0x0000000117c313a4: 1f40 00e8 

  0x0000000117c313a8: ; ImmutableOopMap {[272]=Oop }
                      ;*invokespecial <init> {reexecute=0 rethrow=0 return_oop=0}
                      ; - java.util.concurrent.ConcurrentHashMap::putVal@12 (line 1011)
  0x0000000117c313a8: d4ac 26ff | 488b 8424 | 1001 0000 | e93a 0300 | 0049 8b87 | d803 0000 | 4d33 d24d | 8997 d803 
  0x0000000117c313c8: 0000 4d33 | d24d 8997 | e003 0000 | 488b f048 | 8d84 2418 | 0100 0048 | 8b38 4885 | ff0f 840f 
  0x0000000117c313e8: 0000 0048 | 8b58 08f0 | 480f b13b | 0f85 c402 | 0000 488b | c6e9 f102 

  0x0000000117c31400: ;   {runtime_call throw_null_pointer_exception Runtime1 stub}
  0x0000000117c31400: 0000 e819 

  0x0000000117c31404: ; ImmutableOopMap {rdi=Oop [168]=Oop [184]=Oop [176]=Oop rbx=Oop }
                      ;*arraylength {reexecute=0 rethrow=0 return_oop=0}
                      ; - java.util.concurrent.ConcurrentHashMap::putVal@41 (line 1016)
  0x0000000117c31404: a330 ff48 | 83fe 000f | 84f1 f4ff | ff48 8934 

  0x0000000117c31414: ;   {runtime_call g1_pre_barrier_slow}
  0x0000000117c31414: 24e8 e6ff | 30ff e9e3 | f4ff ff48 

  0x0000000117c31420: ;   {runtime_call throw_class_cast_exception Runtime1 stub}
  0x0000000117c31420: 8934 24e8 

  0x0000000117c31424: ; ImmutableOopMap {[184]=Oop [176]=Oop [168]=Oop rbx=Oop }
                      ;*checkcast {reexecute=0 rethrow=0 return_oop=0}
                      ; - java.util.concurrent.ConcurrentHashMap::tabAt@18 (line 760)
                      ; - java.util.concurrent.ConcurrentHashMap::putVal@69 (line 1018)
  0x0000000117c31424: f8c9 30ff 

  0x0000000117c31428: ;   {runtime_call fast_new_instance Runtime1 stub}
  0x0000000117c31428: 488b d2e8 

  0x0000000117c3142c: ; ImmutableOopMap {[168]=Oop rbx=Oop r11=Oop [176]=Oop r14=Oop [184]=Oop }
                      ;*new {reexecute=0 rethrow=0 return_oop=0}
                      ; - java.util.concurrent.ConcurrentHashMap::putVal@83 (line 1019)
  0x0000000117c3142c: d0ae 30ff | e98c f5ff | ff8b 4210 | 48c1 e003 | 4883 f800 | 0f84 90f5 | ffff 4889 

  0x0000000117c31448: ;   {runtime_call g1_pre_barrier_slow}
  0x0000000117c31448: 0424 e8b1 | ff30 ffe9 | 82f5 ffff | 4983 fb00 | 0f84 97f5 | ffff 4889 

  0x0000000117c31460: ;   {runtime_call g1_post_barrier_slow}
  0x0000000117c31460: 1424 e899 | 0231 ffe9 | 89f5 ffff | 8b42 1448 | c1e0 0348 | 83f8 000f | 8486 f5ff | ff48 8904 
  0x0000000117c31480: ;   {runtime_call g1_pre_barrier_slow}
  0x0000000117c31480: 24e8 7aff | 30ff e978 | f5ff ff49 | 83fe 000f | 8493 f5ff | ff48 8914 

  0x0000000117c31498: ;   {runtime_call g1_post_barrier_slow}
  0x0000000117c31498: 24e8 6202 | 31ff e985 | f5ff ff8b | 0148 c1e0 | 0348 83f8 | 000f 8487 | f5ff ff48 

  0x0000000117c314b4: ;   {runtime_call g1_pre_barrier_slow}
  0x0000000117c314b4: 8904 24e8 | 44ff 30ff | e979 f5ff | ff48 83fa | 000f 84ad | f5ff ff48 

  0x0000000117c314cc: ;   {runtime_call g1_post_barrier_slow}
  0x0000000117c314cc: 890c 24e8 | 2c02 31ff | e99f f5ff 

  0x0000000117c314d8: ;   {runtime_call throw_null_pointer_exception Runtime1 stub}
  0x0000000117c314d8: ffe8 42a2 

  0x0000000117c314dc: ; ImmutableOopMap {[168]=Oop r11=Oop [176]=Oop r14=Oop [184]=Oop rdi=Oop [208]=Oop rbx=Oop }
                      ;*getfield hash {reexecute=1 rethrow=0 return_oop=0}
                      ; - (reexecute) java.util.concurrent.ConcurrentHashMap::putVal@105 (line 1022)
  0x0000000117c314dc: 30ff 4889 | 7c24 0848 

  0x0000000117c314e4: ;   {runtime_call monitorenter_nofpu Runtime1 stub}
  0x0000000117c314e4: 8934 24e8 

  0x0000000117c314e8: ; ImmutableOopMap {[168]=Oop [184]=Oop [176]=Oop rdi=Oop [208]=Oop rbx=Oop [288]=Oop }
                      ;*monitorenter {reexecute=0 rethrow=0 return_oop=0}
                      ; - java.util.concurrent.ConcurrentHashMap::putVal@187 (line 1031)
  0x0000000117c314e8: 14d5 30ff | e95e f7ff | ff48 83fe | 000f 84a6 | f7ff ff48 

  0x0000000117c314fc: ;   {runtime_call g1_pre_barrier_slow}
  0x0000000117c314fc: 8934 24e8 | fcfe 30ff | e998 f7ff | ff48 8934 

  0x0000000117c3150c: ;   {runtime_call throw_class_cast_exception Runtime1 stub}
  0x0000000117c3150c: 24e8 0ec9 

  0x0000000117c31510: ; ImmutableOopMap {[168]=Oop [184]=Oop [176]=Oop rdi=Oop [208]=Oop rbx=Oop [288]=Oop }
                      ;*checkcast {reexecute=0 rethrow=0 return_oop=0}
                      ; - java.util.concurrent.ConcurrentHashMap::tabAt@18 (line 760)
                      ; - java.util.concurrent.ConcurrentHashMap::putVal@192 (line 1032)
                      ;   {runtime_call throw_null_pointer_exception Runtime1 stub}
  0x0000000117c31510: 30ff e809 

  0x0000000117c31514: ; ImmutableOopMap {[168]=Oop [184]=Oop rax=Oop [216]=Oop [208]=Oop rdx=Oop [176]=Oop [288]=Oop }
                      ;*getfield hash {reexecute=1 rethrow=0 return_oop=0}
                      ; - (reexecute) java.util.concurrent.ConcurrentHashMap::putVal@214 (line 1037)
  0x0000000117c31514: a230 ff41 | 8b70 1448 | c1e6 0348 | 83fe 000f | 841d f9ff | ff48 8934 

  0x0000000117c3152c: ;   {runtime_call g1_pre_barrier_slow}
  0x0000000117c3152c: 24e8 cefe | 30ff e90f | f9ff ff48 | 83f9 000f | 842a f9ff | ff4c 8904 

  0x0000000117c31544: ;   {runtime_call g1_post_barrier_slow}
  0x0000000117c31544: 24e8 b601 | 31ff e91c | f9ff ff48 

  0x0000000117c31550: ;   {runtime_call fast_new_instance Runtime1 stub}
  0x0000000117c31550: 8bd2 e8a9 

  0x0000000117c31554: ; ImmutableOopMap {[168]=Oop [216]=Oop [208]=Oop r8=Oop r11=Oop [176]=Oop r14=Oop [184]=Oop [288]=Oop }
                      ;*new {reexecute=0 rethrow=0 return_oop=0}
                      ; - java.util.concurrent.ConcurrentHashMap::putVal@285 (line 1047)
  0x0000000117c31554: ad30 ffe9 | aaf9 ffff | 8b50 1048 | c1e2 0348 | 83fa 000f | 84ab f9ff | ff48 8914 

  0x0000000117c31570: ;   {runtime_call g1_pre_barrier_slow}
  0x0000000117c31570: 24e8 8afe | 30ff e99d | f9ff ff49 | 83fb 000f | 84b2 f9ff | ff48 8904 

  0x0000000117c31588: ;   {runtime_call g1_post_barrier_slow}
  0x0000000117c31588: 24e8 7201 | 31ff e9a4 | f9ff ff8b | 5014 48c1 | e203 4883 | fa00 0f84 | a1f9 ffff | 4889 1424 
  0x0000000117c315a8: ;   {runtime_call g1_pre_barrier_slow}
  0x0000000117c315a8: e853 fe30 | ffe9 93f9 | ffff 4983 | fe00 0f84 | aef9 ffff | 4889 0424 

  0x0000000117c315c0: ;   {runtime_call g1_post_barrier_slow}
  0x0000000117c315c0: e83b 0131 | ffe9 a0f9 | ffff 418b | 5018 48c1 | e203 4883 | fa00 0f84 | 9cf9 ffff | 4889 1424 
  0x0000000117c315e0: ;   {runtime_call g1_pre_barrier_slow}
  0x0000000117c315e0: e81b fe30 | ffe9 8ef9 | ffff 4883 | f800 0f84 | a9f9 ffff | 4c89 0424 

  0x0000000117c315f8: ;   {runtime_call g1_post_barrier_slow}
  0x0000000117c315f8: e803 0131 | ffe9 9bf9 | ffff 4889 

  0x0000000117c31604: ;   {runtime_call throw_class_cast_exception Runtime1 stub}
  0x0000000117c31604: 3c24 e815 

  0x0000000117c31608: ; ImmutableOopMap {[168]=Oop [216]=Oop r11=Oop [176]=Oop r14=Oop [184]=Oop rdi=Oop [208]=Oop [288]=Oop }
                      ;*checkcast {reexecute=0 rethrow=0 return_oop=0}
                      ; - java.util.concurrent.ConcurrentHashMap::putVal@324 (line 1055)
                      ;   {runtime_call throw_null_pointer_exception Runtime1 stub}
  0x0000000117c31608: c830 ffe8 

  0x0000000117c3160c: ; ImmutableOopMap {[168]=Oop [216]=Oop r11=Oop [176]=Oop r14=Oop [184]=Oop rdi=Oop [208]=Oop rsi=Oop [288]=Oop }
                      ;*invokevirtual putTreeVal {reexecute=0 rethrow=0 return_oop=0}
                      ; - java.util.concurrent.ConcurrentHashMap::putVal@331 (line 1055)
  0x0000000117c3160c: 10a1 30ff 

  0x0000000117c31610: ;   {runtime_call throw_null_pointer_exception Runtime1 stub}
  0x0000000117c31610: e80b a130 

  0x0000000117c31614: ; ImmutableOopMap {[168]=Oop [216]=Oop [176]=Oop [184]=Oop [208]=Oop rax=Oop [288]=Oop }
                      ;*getfield val {reexecute=1 rethrow=0 return_oop=0}
                      ; - (reexecute) java.util.concurrent.ConcurrentHashMap::putVal@342 (line 1057)
  0x0000000117c31614: ff8b 7014 | 48c1 e603 | 4883 fe00 | 0f84 b6fa | ffff 4889 

  0x0000000117c31628: ;   {runtime_call g1_pre_barrier_slow}
  0x0000000117c31628: 3424 e8d1 | fd30 ffe9 | a8fa ffff | 4883 f900 | 0f84 c3fa | ffff 4889 

  0x0000000117c31640: ;   {runtime_call g1_post_barrier_slow}
  0x0000000117c31640: 0424 e8b9 | 0031 ffe9 | b5fa ffff | 488d 8424 | 1801 0000 | 4889 0424 

  0x0000000117c31658: ;   {runtime_call monitorexit_nofpu Runtime1 stub}
  0x0000000117c31658: e8a3 dc30 | ffe9 36fb 

  0x0000000117c31660: ;   {internal_word}
  0x0000000117c31660: ffff 49ba | 4512 c317 | 0100 0000 | 4d89 9760 

  0x0000000117c31670: ;   {runtime_call SafepointBlob}
  0x0000000117c31670: 0300 00e9 | 8810 27ff 

  0x0000000117c31678: ;   {internal_word}
  0x0000000117c31678: 49ba 5e12 | c317 0100 | 0000 4d89 | 9760 0300 

  0x0000000117c31688: ;   {runtime_call SafepointBlob}
  0x0000000117c31688: 00e9 7210 

  0x0000000117c3168c: ;   {internal_word}
  0x0000000117c3168c: 27ff 49ba | 9e12 c317 | 0100 0000 | 4d89 9760 

  0x0000000117c3169c: ;   {runtime_call SafepointBlob}
  0x0000000117c3169c: 0300 00e9 | 5c10 27ff 

  0x0000000117c316a4: ;   {runtime_call fast_new_instance Runtime1 stub}
  0x0000000117c316a4: 488b d2e8 

  0x0000000117c316a8: ; ImmutableOopMap {[208]=Oop [288]=Oop }
                      ;*new {reexecute=0 rethrow=0 return_oop=0}
                      ; - java.util.concurrent.ConcurrentHashMap::putVal@368 (line 1063)
  0x0000000117c316a8: 54ac 30ff | e953 fcff | ff48 8bd2 

  0x0000000117c316b4: ;   {runtime_call fast_new_instance Runtime1 stub}
  0x0000000117c316b4: e847 ac30 

  0x0000000117c316b8: ; ImmutableOopMap {}
                      ;*new {reexecute=0 rethrow=0 return_oop=0}
                      ; - java.util.concurrent.ConcurrentHashMap::putVal@8 (line 1011)
  0x0000000117c316b8: ffe9 dafc | ffff 488d | 8424 1801 | 0000 4889 

  0x0000000117c316c8: ;   {runtime_call monitorexit_nofpu Runtime1 stub}
  0x0000000117c316c8: 0424 e831 | dc30 ffe9 | 26fd ffff | 9090 498b | 87d8 0300 | 0049 c787 | d803 0000 | 0000 0000 
  0x0000000117c316e8: 49c7 87e0 | 0300 0000 | 0000 0048 | 81c4 3001 

  0x0000000117c316f8: ;   {runtime_call unwind_exception Runtime1 stub}
  0x0000000117c316f8: 0000 5de9 | 0088 30ff 
[Stub Code]
  0x0000000117c31700: ;   {no_reloc}
  0x0000000117c31700: 0f1f 4400 

  0x0000000117c31704: ;   {static_stub}
  0x0000000117c31704: 0048 bb00 | 0000 0000 

  0x0000000117c3170c: ;   {runtime_call}
  0x0000000117c3170c: 0000 00e9 | fbff ffff 

  0x0000000117c31714: ;   {static_stub}
  0x0000000117c31714: 9048 bb00 | 0000 0000 

  0x0000000117c3171c: ;   {runtime_call}
  0x0000000117c3171c: 0000 00e9 | fbff ffff 

  0x0000000117c31724: ;   {static_stub}
  0x0000000117c31724: 9048 bb00 | 0000 0000 

  0x0000000117c3172c: ;   {runtime_call}
  0x0000000117c3172c: 0000 00e9 | fbff ffff 

  0x0000000117c31734: ;   {static_stub}
  0x0000000117c31734: 9048 bb00 | 0000 0000 

  0x0000000117c3173c: ;   {runtime_call}
  0x0000000117c3173c: 0000 00e9 | fbff ffff 

  0x0000000117c31744: ;   {static_stub}
  0x0000000117c31744: 9048 bb00 | 0000 0000 

  0x0000000117c3174c: ;   {runtime_call}
  0x0000000117c3174c: 0000 00e9 | fbff ffff 

  0x0000000117c31754: ;   {static_stub}
  0x0000000117c31754: 9048 bb00 | 0000 0000 

  0x0000000117c3175c: ;   {runtime_call}
  0x0000000117c3175c: 0000 00e9 | fbff ffff 

  0x0000000117c31764: ;   {static_stub}
  0x0000000117c31764: 9048 bb00 | 0000 0000 

  0x0000000117c3176c: ;   {runtime_call}
  0x0000000117c3176c: 0000 00e9 | fbff ffff 

  0x0000000117c31774: ;   {static_stub}
  0x0000000117c31774: 9048 bb00 | 0000 0000 

  0x0000000117c3177c: ;   {runtime_call}
  0x0000000117c3177c: 0000 00e9 | fbff ffff 

  0x0000000117c31784: ;   {static_stub}
  0x0000000117c31784: 9048 bb00 | 0000 0000 

  0x0000000117c3178c: ;   {runtime_call}
  0x0000000117c3178c: 0000 00e9 | fbff ffff 

  0x0000000117c31794: ;   {static_stub}
  0x0000000117c31794: 9048 bb00 | 0000 0000 

  0x0000000117c3179c: ;   {runtime_call}
  0x0000000117c3179c: 0000 00e9 | fbff ffff 
[Exception Handler]
  0x0000000117c317a4: ;   {runtime_call handle_exception_from_callee Runtime1 stub}
  0x0000000117c317a4: e857 c030 

  0x0000000117c317a8: ;   {external_word}
  0x0000000117c317a8: ff48 bff3 | 69cb 0e01 | 0000 0048 

  0x0000000117c317b4: ;   {runtime_call MacroAssembler::debug64(char*, long long, long long*)}
  0x0000000117c317b4: 83e4 f0e8 | b470 c9f6 

  0x0000000117c317bc: ;   {section_word}
  0x0000000117c317bc: f449 babd | 17c3 1701 | 0000 0041 

  0x0000000117c317c8: ;   {runtime_call DeoptimizationBlob}
  0x0000000117c317c8: 52e9 d201 | 27ff f4f4 
[/MachCode]


---------------  P R O C E S S  ---------------

Threads class SMR info:
_java_thread_list=0x00007fef6bf349b0, length=296, elements={
0x00007fef7c808a00, 0x00007fef9e013800, 0x00007fef9e00d400, 0x00007fef9d00c600,
0x00007fef9d00b800, 0x00007fef9d009c00, 0x00007fef9d00a200, 0x00007fef9c018800,
0x00007fef7d023a00, 0x00007fef6c04f200, 0x00007fef7d01c400, 0x00007fef9d01e800,
0x00007fef9d809000, 0x00007fef9c0c1400, 0x00007fef7c979000, 0x00007fef7d4a1800,
0x00007fef9da9c200, 0x00007fef7d118e00, 0x00007fef6caed800, 0x00007fef9c1ea800,
0x00007fef6caece00, 0x00007fef6c0c5e00, 0x00007fef9c1e7c00, 0x00007fef9dab2c00,
0x00007fef9dab3200, 0x00007fef9dab4c00, 0x00007fef9dab5200, 0x00007fef7c9dc400,
0x00007fef7ca03600, 0x00007fef6c150000, 0x00007fef7cb1ca00, 0x00007fef7cb37800,
0x00007fef6c168200, 0x00007fef7d29fe00, 0x00007fef9c294c00, 0x00007fef9d453600,
0x00007fef7d252600, 0x00007feefc03f000, 0x00007fef7d29d400, 0x00007fef6c593000,
0x00007fef9c229600, 0x00007fef3ec47e00, 0x00007fef6c0b6600, 0x00007fef7c96ee00,
0x00007fef6c18ba00, 0x00007fef9d5c9400, 0x00007fef9e3b9200, 0x00007fef9d584e00,
0x00007fef6c3dfe00, 0x00007fef6c7ea400, 0x00007feeff819600, 0x00007feeff86f600,
0x00007fef7c9c4000, 0x00007fef6cba1000, 0x00007fef6c0e3c00, 0x00007fef6c0d0200,
0x00007fef7d055e00, 0x00007fef6c80c800, 0x00007fef9d534e00, 0x00007fef9e5fae00,
0x00007fef7d1c9800, 0x00007fef9c1dd400, 0x00007fef9c26ca00, 0x00007fef9e1dd200,
0x00007fef6cb37e00, 0x00007fef6cb17a00, 0x00007fef6cb03800, 0x00007fef7d29ce00,
0x00007fef5f025800, 0x00007fef5f852400, 0x00007fef9e565000, 0x00007fef9e26e800,
0x00007fef9e3b8c00, 0x00007fef9e010c00, 0x00007fef7c979600, 0x00007fef3e7b1800,
0x00007fef7cb42a00, 0x00007fef7cf65600, 0x00007fef7ca45000, 0x00007fef6cc58200,
0x00007fef7d26aa00, 0x00007fef7ca09400, 0x00007fef9e1e8e00, 0x00007fef6c80dc00,
0x00007fef9e158000, 0x00007fef5c823400, 0x00007fef5c812000, 0x00007fef9d2e9a00,
0x00007fef5c841800, 0x00007fef5d04f800, 0x00007fef9e03ac00, 0x00007fef9e015800,
0x00007fef9e3eee00, 0x00007fef6c60de00, 0x00007fef9e3db200, 0x00007fef9e156a00,
0x00007fef9e3ade00, 0x00007fef9e256c00, 0x00007fef9e309800, 0x00007fef7c809000,
0x00007fef6c170000, 0x00007fef6c469200, 0x00007fef6c0e9800, 0x00007fef6c167c00,
0x00007fef6c16d200, 0x00007fef6c473800, 0x00007fef6c465600, 0x00007fef6cb9f200,
0x00007fef6c593600, 0x00007fef6c63d600, 0x00007fef9e164400, 0x00007fef9d585400,
0x00007fef6ce7b600, 0x00007fef6cb32800, 0x00007fef6ce23800, 0x00007fef7d064600,
0x00007feeff811400, 0x00007fef9d525400, 0x00007fef9e1c0e00, 0x00007fef9e1c1400,
0x00007feeff811a00, 0x00007fef9c477200, 0x00007feeff942e00, 0x00007fef9d2de000,
0x00007fef9c064c00, 0x00007feeff943400, 0x00007fef9c28e200, 0x00007fef9c351800,
0x00007fef9c055400, 0x00007fef9c056600, 0x00007feefd02bc00, 0x00007feefc00fa00,
0x00007feefc012000, 0x00007fef6c7e9c00, 0x00007fef6c300000, 0x00007feefc034a00,
0x00007fef6c181e00, 0x00007feefc0cf800, 0x00007fef9d50ce00, 0x00007fef5c819a00,
0x00007fef6cc59600, 0x00007fef7d05c600, 0x00007fef6c176e00, 0x00007feefd031000,
0x00007fef6c712e00, 0x00007fef9e262a00, 0x00007fef9d67b200, 0x00007fef9d2cc800,
0x00007fef9d50d400, 0x00007fef3e286600, 0x00007fef7cb1be00, 0x00007fef9d2f4e00,
0x00007fef6c177400, 0x00007fef6cb36600, 0x00007fef9c329a00, 0x00007fef9c319200,
0x00007fef9c285800, 0x00007fef7d572600, 0x00007fef9d594200, 0x00007fef9c064600,
0x00007fef6c465c00, 0x00007fef3e7a5600, 0x00007fef3e7d7c00, 0x00007fef7cb4fa00,
0x00007fef6c16ea00, 0x00007fef6c57ba00, 0x00007fef6c16f000, 0x00007fef6c480a00,
0x00007fef6c481000, 0x00007fef9d594800, 0x00007fef9d308e00, 0x00007fef6c80e200,
0x00007fef3e7f0a00, 0x00007feeff80f000, 0x00007feefc010000, 0x00007fef7d04d800,
0x00007fef7d57da00, 0x00007fef7d064000, 0x00007fef7d050c00, 0x00007fef7d286c00,
0x00007fef6ce24c00, 0x00007fef6cb10400, 0x00007fef6c47a200, 0x00007fef9c317e00,
0x00007fef9c270000, 0x00007fef9c318400, 0x00007fef9c270600, 0x00007fef6cb0fe00,
0x00007feeffa00200, 0x00007feefc035000, 0x00007fef6c154000, 0x00007fef6c46e000,
0x00007fef6c7ed800, 0x00007fef9c065200, 0x00007fef9e307800, 0x00007feefc0cc400,
0x00007feeff93d800, 0x00007feeff94a800, 0x00007fef9e307e00, 0x00007fef5d021c00,
0x00007fef9d5b4200, 0x00007fef9d5c3000, 0x00007fef9e1e5a00, 0x00007fef9e1d8200,
0x00007fef9c017c00, 0x00007fef9c22c800, 0x00007fef9c228a00, 0x00007fef5e848c00,
0x00007fef3ed0a600, 0x00007fef6cb19800, 0x00007feeff941c00, 0x00007fef9e3d1400,
0x00007fef6cb30200, 0x00007feefd19da00, 0x00007fef7cf1c800, 0x00007fef3e7bc000,
0x00007feeffa53200, 0x00007feeff922600, 0x00007fef5e84c000, 0x00007fef5f009200,
0x00007feeff935400, 0x00007feefd240600, 0x00007fef9c248000, 0x00007fef7cf1ea00,
0x00007fef3e7d5a00, 0x00007fef6ce28800, 0x00007fef9e3d1a00, 0x00007fef7cf51c00,
0x00007feefd24c200, 0x00007fef3e28ce00, 0x00007fef3e28c600, 0x00007fef6c525000,
0x00007fef6c637a00, 0x00007fef9d4ff200, 0x00007fef9d36e000, 0x00007fef7cf52200,
0x00007feeff935a00, 0x00007fef6cc67a00, 0x00007fef6ce78400, 0x00007fef6cc59000,
0x00007fef6cc58800, 0x00007fef6ce77c00, 0x00007fef6c592200, 0x00007fef9d2f5400,
0x00007fef9d01e000, 0x00007feeff994e00, 0x00007feeff995400, 0x00007fef9c29bc00,
0x00007feeff994600, 0x00007fef9d3e0000, 0x00007fef9c247800, 0x00007fef7d063a00,
0x00007fef3e7ffa00, 0x00007fef9c32ba00, 0x00007fef9c32c000, 0x00007fef9e3cfa00,
0x00007feeff80d800, 0x00007feeff80e800, 0x00007feeff80de00, 0x00007fef9e3d0000,
0x00007feefd175400, 0x00007feeff912800, 0x00007feefd175a00, 0x00007fef9d537e00,
0x00007fef9c229000, 0x00007fef9c282a00, 0x00007fef9e3d5600, 0x00007feeff81e800,
0x00007fef5d042600, 0x00007fef5f80d200, 0x00007fef6cc67200, 0x00007fef9e4a8200,
0x00007fef5f82dc00, 0x00007fef3c814200, 0x00007feeff920a00, 0x00007fef5c817c00,
0x00007fef5f033800, 0x00007fef5e826c00, 0x00007fef5f036c00, 0x00007fef7d4a3200,
0x00007fef6cb2fc00, 0x00007feefd273a00, 0x00007fef6ccd5400, 0x00007fef6c58d800,
0x00007fef6c47ca00, 0x00007fef5d841000, 0x00007fef5f82fc00, 0x00007fef6cb37600,
0x00007fef6cc66000, 0x00007fef6cc68000, 0x00007feeff93fe00, 0x00007fef6cc68600,
0x00007fef6cc68c00, 0x00007fef6cb30800, 0x00007fef6cce7400, 0x00007fef7d57d400
}

Java Threads: ( => current thread )
  0x00007fef7c808a00 JavaThread "main" [_thread_blocked, id=8963, stack(0x00007000083fa000,0x00007000084fa000)]
  0x00007fef9e013800 JavaThread "Reference Handler" daemon [_thread_blocked, id=23043, stack(0x0000700008b0f000,0x0000700008c0f000)]
  0x00007fef9e00d400 JavaThread "Finalizer" daemon [_thread_blocked, id=30979, stack(0x0000700008c12000,0x0000700008d12000)]
  0x00007fef9d00c600 JavaThread "Signal Dispatcher" daemon [_thread_blocked, id=25603, stack(0x0000700008e1b000,0x0000700008f1b000)]
  0x00007fef9d00b800 JavaThread "Service Thread" daemon [_thread_blocked, id=29699, stack(0x0000700008f1e000,0x000070000901e000)]
  0x00007fef9d009c00 JavaThread "Monitor Deflation Thread" daemon [_thread_blocked, id=26371, stack(0x0000700009021000,0x0000700009121000)]
  0x00007fef9d00a200 JavaThread "C1 CompilerThread0" daemon [_thread_blocked, id=29187, stack(0x0000700009124000,0x0000700009224000)]
  0x00007fef9c018800 JavaThread "Sweeper thread" daemon [_thread_blocked, id=26883, stack(0x0000700009227000,0x0000700009327000)]
  0x00007fef7d023a00 JavaThread "Common-Cleaner" daemon [_thread_blocked, id=28931, stack(0x000070000932a000,0x000070000942a000)]
  0x00007fef6c04f200 JavaThread "Notification Thread" daemon [_thread_blocked, id=28419, stack(0x000070000942d000,0x000070000952d000)]
  0x00007fef7d01c400 JavaThread "Daemon health stats" [_thread_blocked, id=35843, stack(0x000070000a154000,0x000070000a254000)]
  0x00007fef9d01e800 JavaThread "Incoming local TCP Connector on port 54400" [_thread_in_native, id=40707, stack(0x000070000a257000,0x000070000a357000)]
  0x00007fef9d809000 JavaThread "Daemon periodic checks" [_thread_blocked, id=40195, stack(0x000070000a35a000,0x000070000a45a000)]
  0x00007fef9c0c1400 JavaThread "Cache worker for journal cache (/Users/juanprogramador/.gradle/caches/journal-1)" [_thread_blocked, id=37891, stack(0x000070000ab72000,0x000070000ac72000)]
  0x00007fef7c979000 JavaThread "File lock request listener" [_thread_in_native, id=65283, stack(0x000070000ac75000,0x000070000ad75000)]
  0x00007fef7d4a1800 JavaThread "Cache worker for file hash cache (/Users/juanprogramador/.gradle/caches/8.6/fileHashes)" [_thread_blocked, id=44035, stack(0x000070000ad78000,0x000070000ae78000)]
  0x00007fef9da9c200 JavaThread "File watcher server" daemon [_thread_in_native, id=64771, stack(0x000070000ae7b000,0x000070000af7b000)]
  0x00007fef7d118e00 JavaThread "File watcher consumer" daemon [_thread_blocked, id=44803, stack(0x000070000af7e000,0x000070000b07e000)]
  0x00007fef6caed800 JavaThread "Cache worker for file content cache (/Users/juanprogramador/.gradle/caches/8.6/fileContent)" [_thread_blocked, id=46339, stack(0x000070000b48d000,0x000070000b58d000)]
  0x00007fef9c1ea800 JavaThread "jar transforms" [_thread_blocked, id=47875, stack(0x000070000b899000,0x000070000b999000)]
  0x00007fef6caece00 JavaThread "jar transforms Thread 2" [_thread_blocked, id=48131, stack(0x000070000b99c000,0x000070000ba9c000)]
  0x00007fef6c0c5e00 JavaThread "jar transforms Thread 3" [_thread_blocked, id=61699, stack(0x000070000ba9f000,0x000070000bb9f000)]
  0x00007fef9c1e7c00 JavaThread "jar transforms Thread 4" [_thread_blocked, id=61187, stack(0x000070000bba2000,0x000070000bca2000)]
  0x00007fef9dab2c00 JavaThread "jar transforms Thread 5" [_thread_blocked, id=30475, stack(0x000070000bccc000,0x000070000bdcc000)]
  0x00007fef9dab3200 JavaThread "jar transforms Thread 6" [_thread_blocked, id=48643, stack(0x000070000bdcf000,0x000070000becf000)]
  0x00007fef9dab4c00 JavaThread "jar transforms Thread 7" [_thread_blocked, id=59907, stack(0x000070000c0d8000,0x000070000c1d8000)]
  0x00007fef9dab5200 JavaThread "jar transforms Thread 8" [_thread_blocked, id=59651, stack(0x000070000c1db000,0x000070000c2db000)]
  0x00007fef7c9dc400 JavaThread "jar transforms Thread 9" [_thread_blocked, id=51459, stack(0x000070000c3e1000,0x000070000c4e1000)]
  0x00007fef7ca03600 JavaThread "jar transforms Thread 10" [_thread_blocked, id=51715, stack(0x000070000c4e4000,0x000070000c5e4000)]
  0x00007fef6c150000 JavaThread "Memory manager" [_thread_blocked, id=86531, stack(0x000070000d514000,0x000070000d614000)]
  0x00007fef7cb1ca00 JavaThread "jar transforms Thread 11" [_thread_blocked, id=86275, stack(0x000070000d617000,0x000070000d717000)]
  0x00007fef7cb37800 JavaThread "jar transforms Thread 12" [_thread_blocked, id=85763, stack(0x000070000d71a000,0x000070000d81a000)]
  0x00007fef6c168200 JavaThread "jar transforms Thread 13" [_thread_blocked, id=85251, stack(0x000070000d81d000,0x000070000d91d000)]
  0x00007fef7d29fe00 JavaThread "jar transforms Thread 14" [_thread_blocked, id=96515, stack(0x0000700011be6000,0x0000700011ce6000)]
  0x00007fef9c294c00 JavaThread "jar transforms Thread 15" [_thread_blocked, id=124691, stack(0x0000700011ce9000,0x0000700011de9000)]
  0x00007fef9d453600 JavaThread "jar transforms Thread 16" [_thread_blocked, id=124163, stack(0x0000700011dec000,0x0000700011eec000)]
  0x00007fef7d252600 JavaThread "process reaper (pid 55864)" daemon [_thread_in_native, id=214035, stack(0x0000700008d98000,0x0000700008dbc000)]
  0x00007feefc03f000 JavaThread "RMI Scheduler(0)" daemon [_thread_blocked, id=176903, stack(0x000070001b09f000,0x000070001b19f000)]
  0x00007fef7d29d400 JavaThread "RMI TCP Accept-0" daemon [_thread_in_native, id=212227, stack(0x000070001b3a8000,0x000070001b4a8000)]
  0x00007fef6c593000 JavaThread "Cache worker for Java compile cache (/Users/juanprogramador/.gradle/caches/8.6/javaCompile)" [_thread_blocked, id=179315, stack(0x000070001a98a000,0x000070001aa8a000)]
  0x00007fef9c229600 JavaThread "Monitor" [_thread_in_native, id=205331, stack(0x000070001c9ea000,0x000070001caea000)]
  0x00007fef3ec47e00 JavaThread "JdwpProxyConnection" [_thread_in_native, id=175123, stack(0x000070001a784000,0x000070001a884000)]
  0x00007fef6c0b6600 JavaThread "Device List Monitor" [_thread_in_native, id=182035, stack(0x000070001caed000,0x000070001cbed000)]
  0x00007fef7c96ee00 JavaThread "C1 CompilerThread1" daemon [_thread_blocked, id=183907, stack(0x000070000bed2000,0x000070000bfd2000)]
  0x00007fef6c18ba00 JavaThread "C1 CompilerThread2" daemon [_thread_blocked, id=181031, stack(0x0000700012f1f000,0x000070001301f000)]
  0x00007fef9d5c9400 JavaThread "C1 CompilerThread3" daemon [_thread_blocked, id=208911, stack(0x0000700013228000,0x0000700013328000)]
  0x00007fef9e3b9200 JavaThread "C1 CompilerThread4" daemon [_thread_blocked, id=111891, stack(0x000070001332b000,0x000070001342b000)]
  0x00007fef9d584e00 JavaThread "RMI GC Daemon" daemon [_thread_blocked, id=118551, stack(0x000070001b9ba000,0x000070001baba000)]
  0x00007fef6c3dfe00 JavaThread "RMI Reaper" [_thread_blocked, id=201507, stack(0x000070001babd000,0x000070001bbbd000)]
  0x00007fef6c7ea400 JavaThread "Daemon Thread 7" [_thread_blocked, id=49447, stack(0x000070000a45d000,0x000070000a55d000)]
  0x00007feeff819600 JavaThread "Handler for socket connection from /127.0.0.1:54400 to /127.0.0.1:55545" [_thread_in_native, id=118315, stack(0x000070000a560000,0x000070000a660000)]
  0x00007feeff86f600 JavaThread "Cancel handler" [_thread_blocked, id=79567, stack(0x000070000a663000,0x000070000a763000)]
  0x00007fef7c9c4000 JavaThread "Daemon worker Thread 7" [_thread_blocked, id=174131, stack(0x000070000a766000,0x000070000a866000)]
  0x00007fef6cba1000 JavaThread "Asynchronous log dispatcher for DefaultDaemonConnection: socket connection from /127.0.0.1:54400 to /127.0.0.1:55545" [_thread_blocked, id=170783, stack(0x000070000a869000,0x000070000a969000)]
  0x00007fef6c0e3c00 JavaThread "Stdin handler" [_thread_blocked, id=101715, stack(0x000070000a96c000,0x000070000aa6c000)]
  0x00007fef6c0d0200 JavaThread "Daemon client event forwarder" [_thread_blocked, id=83995, stack(0x000070000aa6f000,0x000070000ab6f000)]
  0x00007fef7d055e00 JavaThread "Cache worker for checksums cache (/Users/juanprogramador/Trabajos/ticketTransfer/v2/apps/mobile/android/.gradle/8.6/checksums)" [_thread_blocked, id=36467, stack(0x000070000b081000,0x000070000b181000)]
  0x00007fef6c80c800 JavaThread "Cache worker for file hash cache (/Users/juanprogramador/Trabajos/ticketTransfer/v2/apps/mobile/android/.gradle/8.6/fileHashes)" [_thread_blocked, id=217747, stack(0x000070000b184000,0x000070000b284000)]
  0x00007fef9d534e00 JavaThread "Cache worker for cache directory md-supplier (/Users/juanprogramador/.gradle/caches/8.6/md-supplier)" [_thread_blocked, id=117835, stack(0x000070000b287000,0x000070000b387000)]
  0x00007fef9e5fae00 JavaThread "Cache worker for cache directory md-rule (/Users/juanprogramador/.gradle/caches/8.6/md-rule)" [_thread_blocked, id=121459, stack(0x000070000b38a000,0x000070000b48a000)]
  0x00007fef7d1c9800 JavaThread "process reaper (pid 78696)" daemon [_thread_in_native, id=120895, stack(0x0000700008dbf000,0x0000700008de3000)]
  0x00007fef9c1dd400 JavaThread "Unconstrained build operations" [_thread_blocked, id=159367, stack(0x000070000bfd5000,0x000070000c0d5000)]
  0x00007fef9c26ca00 JavaThread "Unconstrained build operations Thread 2" [_thread_blocked, id=206651, stack(0x000070000c2de000,0x000070000c3de000)]
  0x00007fef9e1dd200 JavaThread "Cache worker for Build Output Cleanup Cache (/Users/juanprogramador/Trabajos/ticketTransfer/v2/node_modules/.pnpm/@react-native+gradle-plugin@0.73.4/node_modules/@react-native/gradle-plugin/.gradle/buildOutputCleanup)" [_thread_blocked, id=135499, stack(0x000070000c5e7000,0x000070000c6e7000)]
  0x00007fef6cb37e00 JavaThread "Unconstrained build operations Thread 3" [_thread_blocked, id=166755, stack(0x000070000c6ea000,0x000070000c7ea000)]
  0x00007fef6cb17a00 JavaThread "Unconstrained build operations Thread 4" [_thread_blocked, id=169511, stack(0x000070000c7ed000,0x000070000c8ed000)]
  0x00007fef6cb03800 JavaThread "Unconstrained build operations Thread 5" [_thread_blocked, id=159843, stack(0x000070000c8f0000,0x000070000c9f0000)]
  0x00007fef7d29ce00 JavaThread "Unconstrained build operations Thread 6" [_thread_blocked, id=198487, stack(0x000070000c9f3000,0x000070000caf3000)]
  0x00007fef5f025800 JavaThread "Unconstrained build operations Thread 7" [_thread_blocked, id=106555, stack(0x000070000caf6000,0x000070000cbf6000)]
  0x00007fef5f852400 JavaThread "Unconstrained build operations Thread 8" [_thread_blocked, id=110643, stack(0x000070000cbf9000,0x000070000ccf9000)]
  0x00007fef9e565000 JavaThread "Unconstrained build operations Thread 9" [_thread_blocked, id=104531, stack(0x000070000ccfc000,0x000070000cdfc000)]
  0x00007fef9e26e800 JavaThread "Unconstrained build operations Thread 10" [_thread_blocked, id=152151, stack(0x000070000cdff000,0x000070000ceff000)]
  0x00007fef9e3b8c00 JavaThread "Unconstrained build operations Thread 11" [_thread_blocked, id=150859, stack(0x000070000cf02000,0x000070000d002000)]
  0x00007fef9e010c00 JavaThread "Unconstrained build operations Thread 12" [_thread_blocked, id=173667, stack(0x000070000d005000,0x000070000d105000)]
  0x00007fef7c979600 JavaThread "Unconstrained build operations Thread 13" [_thread_blocked, id=38731, stack(0x000070000d108000,0x000070000d208000)]
  0x00007fef3e7b1800 JavaThread "Unconstrained build operations Thread 14" [_thread_blocked, id=93719, stack(0x000070000d20b000,0x000070000d30b000)]
  0x00007fef7cb42a00 JavaThread "Unconstrained build operations Thread 15" [_thread_blocked, id=72483, stack(0x000070000d30e000,0x000070000d40e000)]
  0x00007fef7cf65600 JavaThread "Unconstrained build operations Thread 16" [_thread_blocked, id=93219, stack(0x000070000d411000,0x000070000d511000)]
  0x00007fef7ca45000 JavaThread "Unconstrained build operations Thread 17" [_thread_blocked, id=106095, stack(0x000070000d920000,0x000070000da20000)]
  0x00007fef6cc58200 JavaThread "Cache worker for Build Output Cleanup Cache (/Users/juanprogramador/Trabajos/ticketTransfer/v2/apps/mobile/android/.gradle/buildOutputCleanup)" [_thread_blocked, id=160431, stack(0x000070000da23000,0x000070000db23000)]
  0x00007fef7d26aa00 JavaThread "ForkJoinPool.commonPool-worker-73" daemon [_thread_blocked, id=99403, stack(0x000070000db26000,0x000070000dc26000)]
  0x00007fef7ca09400 JavaThread "ForkJoinPool.commonPool-worker-74" daemon [_thread_blocked, id=69963, stack(0x000070000dc29000,0x000070000dd29000)]
  0x00007fef9e1e8e00 JavaThread "ForkJoinPool.commonPool-worker-75" daemon [_thread_blocked, id=70291, stack(0x000070000dd2c000,0x000070000de2c000)]
  0x00007fef6c80dc00 JavaThread "ForkJoinPool.commonPool-worker-76" daemon [_thread_blocked, id=93059, stack(0x000070000de2f000,0x000070000df2f000)]
  0x00007fef9e158000 JavaThread "ForkJoinPool.commonPool-worker-77" daemon [_thread_blocked, id=117383, stack(0x000070000df32000,0x000070000e032000)]
  0x00007fef5c823400 JavaThread "ForkJoinPool.commonPool-worker-78" daemon [_thread_blocked, id=80923, stack(0x000070000e035000,0x000070000e135000)]
  0x00007fef5c812000 JavaThread "ForkJoinPool.commonPool-worker-79" daemon [_thread_blocked, id=45667, stack(0x000070000e138000,0x000070000e238000)]
  0x00007fef9d2e9a00 JavaThread "ForkJoinPool.commonPool-worker-80" daemon [_thread_blocked, id=139327, stack(0x000070000e23b000,0x000070000e33b000)]
  0x00007fef5c841800 JavaThread "Exec process Thread 28" [_thread_blocked, id=143715, stack(0x000070000e33e000,0x000070000e43e000)]
  0x00007fef5d04f800 JavaThread "ForkJoinPool.commonPool-worker-81" daemon [_thread_blocked, id=172059, stack(0x000070000e441000,0x000070000e541000)]
  0x00007fef9e03ac00 JavaThread "Exec process Thread 29" [_thread_blocked, id=78947, stack(0x000070000e544000,0x000070000e644000)]
  0x00007fef9e015800 JavaThread "Exec process Thread 30" [_thread_blocked, id=208191, stack(0x000070000e647000,0x000070000e747000)]
  0x00007fef9e3eee00 JavaThread "included builds" [_thread_blocked, id=202071, stack(0x000070000e74a000,0x000070000e84a000)]
  0x00007fef6c60de00 JavaThread "Execution worker" [_thread_blocked, id=90187, stack(0x000070000e84d000,0x000070000e94d000)]
  0x00007fef9e3db200 JavaThread "Execution worker Thread 2" [_thread_blocked, id=68411, stack(0x000070000e950000,0x000070000ea50000)]
  0x00007fef9e156a00 JavaThread "Execution worker Thread 3" [_thread_blocked, id=126259, stack(0x000070000ea53000,0x000070000eb53000)]
  0x00007fef9e3ade00 JavaThread "Execution worker Thread 4" [_thread_blocked, id=174363, stack(0x000070000eb56000,0x000070000ec56000)]
  0x00007fef9e256c00 JavaThread "Execution worker Thread 5" [_thread_blocked, id=63139, stack(0x000070000ec59000,0x000070000ed59000)]
  0x00007fef9e309800 JavaThread "Execution worker Thread 6" [_thread_blocked, id=122655, stack(0x000070000ed5c000,0x000070000ee5c000)]
  0x00007fef7c809000 JavaThread "Execution worker Thread 7" [_thread_blocked, id=168779, stack(0x000070000ee5f000,0x000070000ef5f000)]
  0x00007fef6c170000 JavaThread "Execution worker Thread 8" [_thread_blocked, id=205959, stack(0x000070000ef62000,0x000070000f062000)]
  0x00007fef6c469200 JavaThread "Execution worker Thread 9" [_thread_blocked, id=112459, stack(0x000070000f065000,0x000070000f165000)]
  0x00007fef6c0e9800 JavaThread "Execution worker Thread 10" [_thread_blocked, id=121939, stack(0x000070000f168000,0x000070000f268000)]
  0x00007fef6c167c00 JavaThread "Execution worker Thread 11" [_thread_blocked, id=77107, stack(0x000070000f26b000,0x000070000f36b000)]
  0x00007fef6c16d200 JavaThread "Execution worker Thread 12" [_thread_blocked, id=216899, stack(0x000070000f36e000,0x000070000f46e000)]
  0x00007fef6c473800 JavaThread "Execution worker Thread 13" [_thread_blocked, id=213151, stack(0x000070000f471000,0x000070000f571000)]
  0x00007fef6c465600 JavaThread "Execution worker Thread 14" [_thread_blocked, id=141607, stack(0x000070000f574000,0x000070000f674000)]
  0x00007fef6cb9f200 JavaThread "Cache worker for execution history cache (/Users/juanprogramador/Trabajos/ticketTransfer/v2/node_modules/.pnpm/@react-native+gradle-plugin@0.73.4/node_modules/@react-native/gradle-plugin/.gradle/8.6/executionHistory)" [_thread_blocked, id=144411, stack(0x000070000f677000,0x000070000f777000)]
  0x00007fef6c593600 JavaThread "Execution worker Thread 15" [_thread_blocked, id=177471, stack(0x000070000f77a000,0x000070000f87a000)]
  0x00007fef6c63d600 JavaThread "Unconstrained build operations Thread 18" [_thread_blocked, id=94851, stack(0x000070000f87d000,0x000070000f97d000)]
  0x00007fef9e164400 JavaThread "Unconstrained build operations Thread 19" [_thread_blocked, id=125283, stack(0x000070000f980000,0x000070000fa80000)]
  0x00007fef9d585400 JavaThread "Unconstrained build operations Thread 20" [_thread_blocked, id=81951, stack(0x000070000fa83000,0x000070000fb83000)]
  0x00007fef6ce7b600 JavaThread "Unconstrained build operations Thread 21" [_thread_blocked, id=114251, stack(0x000070000fb86000,0x000070000fc86000)]
  0x00007fef6cb32800 JavaThread "Unconstrained build operations Thread 22" [_thread_blocked, id=84767, stack(0x000070000fc89000,0x000070000fd89000)]
  0x00007fef6ce23800 JavaThread "Unconstrained build operations Thread 23" [_thread_blocked, id=202791, stack(0x000070000fd8c000,0x000070000fe8c000)]
  0x00007fef7d064600 JavaThread "Unconstrained build operations Thread 24" [_thread_blocked, id=201003, stack(0x000070000fe8f000,0x000070000ff8f000)]
  0x00007feeff811400 JavaThread "Unconstrained build operations Thread 25" [_thread_blocked, id=209435, stack(0x000070000ff92000,0x0000700010092000)]
  0x00007fef9d525400 JavaThread "Unconstrained build operations Thread 26" [_thread_blocked, id=52031, stack(0x0000700010095000,0x0000700010195000)]
  0x00007fef9e1c0e00 JavaThread "Unconstrained build operations Thread 27" [_thread_blocked, id=170263, stack(0x0000700010198000,0x0000700010298000)]
  0x00007fef9e1c1400 JavaThread "Unconstrained build operations Thread 28" [_thread_blocked, id=54083, stack(0x000070001029b000,0x000070001039b000)]
  0x00007feeff811a00 JavaThread "Unconstrained build operations Thread 29" [_thread_blocked, id=158259, stack(0x000070001039e000,0x000070001049e000)]
  0x00007fef9c477200 JavaThread "Unconstrained build operations Thread 30" [_thread_blocked, id=216179, stack(0x00007000104a1000,0x00007000105a1000)]
  0x00007feeff942e00 JavaThread "Unconstrained build operations Thread 31" [_thread_blocked, id=102475, stack(0x00007000105a4000,0x00007000106a4000)]
  0x00007fef9d2de000 JavaThread "Unconstrained build operations Thread 32" [_thread_blocked, id=130635, stack(0x00007000106a7000,0x00007000107a7000)]
  0x00007fef9c064c00 JavaThread "Unconstrained build operations Thread 33" [_thread_blocked, id=65891, stack(0x00007000107aa000,0x00007000108aa000)]
  0x00007feeff943400 JavaThread "Unconstrained build operations Thread 34" [_thread_blocked, id=116547, stack(0x00007000108ad000,0x00007000109ad000)]
  0x00007fef9c28e200 JavaThread "Unconstrained build operations Thread 35" [_thread_blocked, id=136211, stack(0x00007000109b0000,0x0000700010ab0000)]
  0x00007fef9c351800 JavaThread "Unconstrained build operations Thread 36" [_thread_blocked, id=180579, stack(0x0000700010ab3000,0x0000700010bb3000)]
  0x00007fef9c055400 JavaThread "Unconstrained build operations Thread 37" [_thread_blocked, id=123455, stack(0x0000700010bb6000,0x0000700010cb6000)]
  0x00007fef9c056600 JavaThread "Unconstrained build operations Thread 38" [_thread_blocked, id=99859, stack(0x0000700010cb9000,0x0000700010db9000)]
  0x00007feefd02bc00 JavaThread "Unconstrained build operations Thread 39" [_thread_blocked, id=80167, stack(0x0000700010dbc000,0x0000700010ebc000)]
  0x00007feefc00fa00 JavaThread "Unconstrained build operations Thread 40" [_thread_blocked, id=172339, stack(0x0000700010ebf000,0x0000700010fbf000)]
  0x00007feefc012000 JavaThread "Unconstrained build operations Thread 41" [_thread_blocked, id=53619, stack(0x0000700010fc2000,0x00007000110c2000)]
  0x00007fef6c7e9c00 JavaThread "Unconstrained build operations Thread 42" [_thread_blocked, id=75595, stack(0x00007000110c5000,0x00007000111c5000)]
  0x00007fef6c300000 JavaThread "Unconstrained build operations Thread 43" [_thread_blocked, id=63563, stack(0x00007000111c8000,0x00007000112c8000)]
  0x00007feefc034a00 JavaThread "Unconstrained build operations Thread 44" [_thread_blocked, id=91699, stack(0x00007000112cb000,0x00007000113cb000)]
  0x00007fef6c181e00 JavaThread "Unconstrained build operations Thread 45" [_thread_blocked, id=56667, stack(0x00007000113ce000,0x00007000114ce000)]
  0x00007feefc0cf800 JavaThread "Unconstrained build operations Thread 46" [_thread_blocked, id=167995, stack(0x00007000114d1000,0x00007000115d1000)]
  0x00007fef9d50ce00 JavaThread "Unconstrained build operations Thread 47" [_thread_blocked, id=118835, stack(0x00007000115d4000,0x00007000116d4000)]
  0x00007fef5c819a00 JavaThread "Unconstrained build operations Thread 48" [_thread_blocked, id=83043, stack(0x00007000116d7000,0x00007000117d7000)]
  0x00007fef6cc59600 JavaThread "Unconstrained build operations Thread 49" [_thread_blocked, id=206947, stack(0x00007000117da000,0x00007000118da000)]
  0x00007fef7d05c600 JavaThread "Unconstrained build operations Thread 50" [_thread_blocked, id=90963, stack(0x00007000118dd000,0x00007000119dd000)]
  0x00007fef6c176e00 JavaThread "Unconstrained build operations Thread 51" [_thread_blocked, id=119603, stack(0x00007000119e0000,0x0000700011ae0000)]
  0x00007feefd031000 JavaThread "Unconstrained build operations Thread 52" [_thread_blocked, id=217879, stack(0x0000700011ae3000,0x0000700011be3000)]
  0x00007fef6c712e00 JavaThread "Unconstrained build operations Thread 53" [_thread_blocked, id=175635, stack(0x0000700011eef000,0x0000700011fef000)]
  0x00007fef9e262a00 JavaThread "Unconstrained build operations Thread 54" [_thread_blocked, id=134707, stack(0x0000700011ff2000,0x00007000120f2000)]
  0x00007fef9d67b200 JavaThread "Unconstrained build operations Thread 55" [_thread_blocked, id=127027, stack(0x00007000120f5000,0x00007000121f5000)]
  0x00007fef9d2cc800 JavaThread "Unconstrained build operations Thread 56" [_thread_blocked, id=92027, stack(0x00007000121f8000,0x00007000122f8000)]
  0x00007fef9d50d400 JavaThread "Unconstrained build operations Thread 57" [_thread_blocked, id=204131, stack(0x00007000122fb000,0x00007000123fb000)]
  0x00007fef3e286600 JavaThread "Unconstrained build operations Thread 58" [_thread_blocked, id=51227, stack(0x00007000123fe000,0x00007000124fe000)]
  0x00007fef7cb1be00 JavaThread "Unconstrained build operations Thread 59" [_thread_blocked, id=105863, stack(0x0000700012501000,0x0000700012601000)]
  0x00007fef9d2f4e00 JavaThread "Unconstrained build operations Thread 60" [_thread_blocked, id=86859, stack(0x0000700012604000,0x0000700012704000)]
  0x00007fef6c177400 JavaThread "Unconstrained build operations Thread 61" [_thread_blocked, id=201811, stack(0x0000700012707000,0x0000700012807000)]
  0x00007fef6cb36600 JavaThread "Unconstrained build operations Thread 62" [_thread_blocked, id=143187, stack(0x000070001280a000,0x000070001290a000)]
  0x00007fef9c329a00 JavaThread "Unconstrained build operations Thread 63" [_thread_blocked, id=94283, stack(0x000070001290d000,0x0000700012a0d000)]
  0x00007fef9c319200 JavaThread "Unconstrained build operations Thread 64" [_thread_blocked, id=172879, stack(0x0000700012a10000,0x0000700012b10000)]
  0x00007fef9c285800 JavaThread "Unconstrained build operations Thread 65" [_thread_blocked, id=140083, stack(0x0000700012b13000,0x0000700012c13000)]
  0x00007fef7d572600 JavaThread "Unconstrained build operations Thread 66" [_thread_blocked, id=129123, stack(0x0000700012c16000,0x0000700012d16000)]
  0x00007fef9d594200 JavaThread "Unconstrained build operations Thread 67" [_thread_blocked, id=163859, stack(0x0000700012d19000,0x0000700012e19000)]
  0x00007fef9c064600 JavaThread "Unconstrained build operations Thread 68" [_thread_blocked, id=180147, stack(0x0000700012e1c000,0x0000700012f1c000)]
  0x00007fef6c465c00 JavaThread "Unconstrained build operations Thread 69" [_thread_blocked, id=128563, stack(0x0000700013022000,0x0000700013122000)]
  0x00007fef3e7a5600 JavaThread "Unconstrained build operations Thread 70" [_thread_blocked, id=146467, stack(0x0000700013125000,0x0000700013225000)]
  0x00007fef3e7d7c00 JavaThread "Unconstrained build operations Thread 71" [_thread_blocked, id=110411, stack(0x000070001342e000,0x000070001352e000)]
  0x00007fef7cb4fa00 JavaThread "Unconstrained build operations Thread 72" [_thread_blocked, id=161891, stack(0x0000700013531000,0x0000700013631000)]
  0x00007fef6c16ea00 JavaThread "Unconstrained build operations Thread 73" [_thread_blocked, id=76579, stack(0x0000700013634000,0x0000700013734000)]
  0x00007fef6c57ba00 JavaThread "Unconstrained build operations Thread 74" [_thread_blocked, id=134979, stack(0x0000700013737000,0x0000700013837000)]
  0x00007fef6c16f000 JavaThread "Unconstrained build operations Thread 75" [_thread_blocked, id=128287, stack(0x000070001383a000,0x000070001393a000)]
  0x00007fef6c480a00 JavaThread "Unconstrained build operations Thread 76" [_thread_blocked, id=108075, stack(0x000070001393d000,0x0000700013a3d000)]
  0x00007fef6c481000 JavaThread "Unconstrained build operations Thread 77" [_thread_blocked, id=133475, stack(0x0000700013a40000,0x0000700013b40000)]
  0x00007fef9d594800 JavaThread "Unconstrained build operations Thread 78" [_thread_blocked, id=45107, stack(0x0000700013b43000,0x0000700013c43000)]
  0x00007fef9d308e00 JavaThread "Unconstrained build operations Thread 79" [_thread_blocked, id=210711, stack(0x0000700013c46000,0x0000700013d46000)]
  0x00007fef6c80e200 JavaThread "Unconstrained build operations Thread 80" [_thread_blocked, id=57955, stack(0x0000700013d49000,0x0000700013e49000)]
  0x00007fef3e7f0a00 JavaThread "Unconstrained build operations Thread 81" [_thread_blocked, id=82531, stack(0x0000700013e4c000,0x0000700013f4c000)]
  0x00007feeff80f000 JavaThread "Unconstrained build operations Thread 82" [_thread_blocked, id=101971, stack(0x0000700013f4f000,0x000070001404f000)]
  0x00007feefc010000 JavaThread "Unconstrained build operations Thread 83" [_thread_blocked, id=145451, stack(0x0000700014052000,0x0000700014152000)]
  0x00007fef7d04d800 JavaThread "Unconstrained build operations Thread 84" [_thread_blocked, id=206527, stack(0x0000700014155000,0x0000700014255000)]
  0x00007fef7d57da00 JavaThread "Unconstrained build operations Thread 85" [_thread_blocked, id=106283, stack(0x000070001445e000,0x000070001455e000)]
  0x00007fef7d064000 JavaThread "Unconstrained build operations Thread 86" [_thread_blocked, id=119083, stack(0x0000700014561000,0x0000700014661000)]
  0x00007fef7d050c00 JavaThread "Unconstrained build operations Thread 87" [_thread_blocked, id=56383, stack(0x0000700014664000,0x0000700014764000)]
  0x00007fef7d286c00 JavaThread "Unconstrained build operations Thread 88" [_thread_blocked, id=73523, stack(0x0000700014767000,0x0000700014867000)]
  0x00007fef6ce24c00 JavaThread "Unconstrained build operations Thread 89" [_thread_blocked, id=178803, stack(0x000070001486a000,0x000070001496a000)]
  0x00007fef6cb10400 JavaThread "Unconstrained build operations Thread 90" [_thread_blocked, id=69699, stack(0x000070001496d000,0x0000700014a6d000)]
  0x00007fef6c47a200 JavaThread "Unconstrained build operations Thread 91" [_thread_blocked, id=165411, stack(0x0000700014a70000,0x0000700014b70000)]
  0x00007fef9c317e00 JavaThread "Unconstrained build operations Thread 92" [_thread_blocked, id=132651, stack(0x0000700014b73000,0x0000700014c73000)]
  0x00007fef9c270000 JavaThread "Unconstrained build operations Thread 93" [_thread_blocked, id=141123, stack(0x0000700014c76000,0x0000700014d76000)]
  0x00007fef9c318400 JavaThread "Unconstrained build operations Thread 94" [_thread_blocked, id=143947, stack(0x0000700014d79000,0x0000700014e79000)]
  0x00007fef9c270600 JavaThread "Unconstrained build operations Thread 95" [_thread_blocked, id=166955, stack(0x0000700014e7c000,0x0000700014f7c000)]
  0x00007fef6cb0fe00 JavaThread "ForkJoinPool.commonPool-worker-82" daemon [_thread_blocked, id=179775, stack(0x0000700014f7f000,0x000070001507f000)]
  0x00007feeffa00200 JavaThread "Cache worker for execution history cache (/Users/juanprogramador/Trabajos/ticketTransfer/v2/apps/mobile/android/.gradle/8.6/executionHistory)" [_thread_blocked, id=214407, stack(0x0000700015082000,0x0000700015182000)]
  0x00007feefc035000 JavaThread "Unconstrained build operations Thread 96" [_thread_blocked, id=129311, stack(0x0000700015185000,0x0000700015285000)]
  0x00007fef6c154000 JavaThread "Unconstrained build operations Thread 97" [_thread_blocked, id=133911, stack(0x0000700015288000,0x0000700015388000)]
  0x00007fef6c46e000 JavaThread "Unconstrained build operations Thread 98" [_thread_blocked, id=186647, stack(0x000070001538b000,0x000070001548b000)]
  0x00007fef6c7ed800 JavaThread "Unconstrained build operations Thread 99" [_thread_blocked, id=134499, stack(0x000070001548e000,0x000070001558e000)]
  0x00007fef9c065200 JavaThread "Unconstrained build operations Thread 100" [_thread_blocked, id=205619, stack(0x0000700015591000,0x0000700015691000)]
  0x00007fef9e307800 JavaThread "Unconstrained build operations Thread 101" [_thread_blocked, id=100707, stack(0x0000700015694000,0x0000700015794000)]
  0x00007feefc0cc400 JavaThread "Unconstrained build operations Thread 102" [_thread_blocked, id=178019, stack(0x0000700015797000,0x0000700015897000)]
  0x00007feeff93d800 JavaThread "Unconstrained build operations Thread 103" [_thread_blocked, id=69243, stack(0x000070001589a000,0x000070001599a000)]
  0x00007feeff94a800 JavaThread "Unconstrained build operations Thread 104" [_thread_blocked, id=82763, stack(0x000070001599d000,0x0000700015a9d000)]
  0x00007fef9e307e00 JavaThread "Unconstrained build operations Thread 105" [_thread_blocked, id=144691, stack(0x0000700015aa0000,0x0000700015ba0000)]
  0x00007fef5d021c00 JavaThread "Unconstrained build operations Thread 106" [_thread_blocked, id=114819, stack(0x0000700015ba3000,0x0000700015ca3000)]
  0x00007fef9d5b4200 JavaThread "Unconstrained build operations Thread 107" [_thread_blocked, id=177763, stack(0x0000700015ca6000,0x0000700015da6000)]
  0x00007fef9d5c3000 JavaThread "Unconstrained build operations Thread 108" [_thread_blocked, id=143507, stack(0x0000700015da9000,0x0000700015ea9000)]
  0x00007fef9e1e5a00 JavaThread "Unconstrained build operations Thread 109" [_thread_blocked, id=136627, stack(0x0000700015eac000,0x0000700015fac000)]
  0x00007fef9e1d8200 JavaThread "Unconstrained build operations Thread 110" [_thread_blocked, id=103963, stack(0x0000700015faf000,0x00007000160af000)]
  0x00007fef9c017c00 JavaThread "WorkerExecutor Queue" [_thread_blocked, id=207899, stack(0x00007000160b2000,0x00007000161b2000)]
  0x00007fef9c22c800 JavaThread "WorkerExecutor Queue Thread 2" [_thread_blocked, id=107699, stack(0x00007000161b5000,0x00007000162b5000)]
  0x00007fef9c228a00 JavaThread "WorkerExecutor Queue Thread 3" [_thread_blocked, id=139827, stack(0x00007000162b8000,0x00007000163b8000)]
  0x00007fef5e848c00 JavaThread "WorkerExecutor Queue Thread 4" [_thread_blocked, id=124987, stack(0x00007000163bb000,0x00007000164bb000)]
  0x00007fef3ed0a600 JavaThread "WorkerExecutor Queue Thread 5" [_thread_blocked, id=138519, stack(0x00007000164be000,0x00007000165be000)]
  0x00007fef6cb19800 JavaThread "WorkerExecutor Queue Thread 6" [_thread_blocked, id=103747, stack(0x00007000165c1000,0x00007000166c1000)]
  0x00007feeff941c00 JavaThread "WorkerExecutor Queue Thread 7" [_thread_blocked, id=172627, stack(0x00007000166c4000,0x00007000167c4000)]
  0x00007fef9e3d1400 JavaThread "WorkerExecutor Queue Thread 8" [_thread_blocked, id=115811, stack(0x00007000167c7000,0x00007000168c7000)]
  0x00007fef6cb30200 JavaThread "WorkerExecutor Queue Thread 9" [_thread_blocked, id=132451, stack(0x00007000168ca000,0x00007000169ca000)]
  0x00007feefd19da00 JavaThread "WorkerExecutor Queue Thread 10" [_thread_blocked, id=75095, stack(0x00007000169cd000,0x0000700016acd000)]
=>0x00007fef7cf1c800 JavaThread "WorkerExecutor Queue Thread 11" [_thread_in_Java, id=87883, stack(0x0000700016ad0000,0x0000700016bd0000)]
  0x00007fef3e7bc000 JavaThread "WorkerExecutor Queue Thread 12" [_thread_blocked, id=82203, stack(0x0000700016bd3000,0x0000700016cd3000)]
  0x00007feeffa53200 JavaThread "WorkerExecutor Queue Thread 13" [_thread_blocked, id=152855, stack(0x0000700016cd6000,0x0000700016dd6000)]
  0x00007feeff922600 JavaThread "WorkerExecutor Queue Thread 14" [_thread_blocked, id=164707, stack(0x0000700016dd9000,0x0000700016ed9000)]
  0x00007fef5e84c000 JavaThread "WorkerExecutor Queue Thread 15" [_thread_blocked, id=66147, stack(0x0000700016edc000,0x0000700016fdc000)]
  0x00007fef5f009200 JavaThread "WorkerExecutor Queue Thread 16" [_thread_blocked, id=103523, stack(0x0000700016fdf000,0x00007000170df000)]
  0x00007feeff935400 JavaThread "Unconstrained build operations Thread 111" [_thread_blocked, id=94711, stack(0x00007000170e2000,0x00007000171e2000)]
  0x00007feefd240600 JavaThread "Unconstrained build operations Thread 112" [_thread_blocked, id=217411, stack(0x00007000171e5000,0x00007000172e5000)]
  0x00007fef9c248000 JavaThread "Unconstrained build operations Thread 113" [_thread_blocked, id=185731, stack(0x00007000172e8000,0x00007000173e8000)]
  0x00007fef7cf1ea00 JavaThread "Unconstrained build operations Thread 114" [_thread_blocked, id=208407, stack(0x00007000173eb000,0x00007000174eb000)]
  0x00007fef3e7d5a00 JavaThread "Unconstrained build operations Thread 115" [_thread_blocked, id=55139, stack(0x00007000174ee000,0x00007000175ee000)]
  0x00007fef6ce28800 JavaThread "Unconstrained build operations Thread 116" [_thread_blocked, id=181507, stack(0x00007000175f1000,0x00007000176f1000)]
  0x00007fef9e3d1a00 JavaThread "Unconstrained build operations Thread 117" [_thread_blocked, id=97587, stack(0x00007000176f4000,0x00007000177f4000)]
  0x00007fef7cf51c00 JavaThread "Unconstrained build operations Thread 118" [_thread_blocked, id=37747, stack(0x00007000177f7000,0x00007000178f7000)]
  0x00007feefd24c200 JavaThread "Unconstrained build operations Thread 119" [_thread_blocked, id=139031, stack(0x00007000178fa000,0x00007000179fa000)]
  0x00007fef3e28ce00 JavaThread "Unconstrained build operations Thread 120" [_thread_blocked, id=187435, stack(0x00007000179fd000,0x0000700017afd000)]
  0x00007fef3e28c600 JavaThread "Unconstrained build operations Thread 121" [_thread_blocked, id=113971, stack(0x0000700017b00000,0x0000700017c00000)]
  0x00007fef6c525000 JavaThread "Unconstrained build operations Thread 122" [_thread_blocked, id=68999, stack(0x0000700017c03000,0x0000700017d03000)]
  0x00007fef6c637a00 JavaThread "Unconstrained build operations Thread 123" [_thread_blocked, id=107059, stack(0x0000700017d06000,0x0000700017e06000)]
  0x00007fef9d4ff200 JavaThread "Unconstrained build operations Thread 124" [_thread_blocked, id=161331, stack(0x0000700017e09000,0x0000700017f09000)]
  0x00007fef9d36e000 JavaThread "Unconstrained build operations Thread 125" [_thread_blocked, id=108851, stack(0x0000700017f0c000,0x000070001800c000)]
  0x00007fef7cf52200 JavaThread "Unconstrained build operations Thread 126" [_thread_blocked, id=60747, stack(0x000070001800f000,0x000070001810f000)]
  0x00007feeff935a00 JavaThread "Unconstrained build operations Thread 127" [_thread_blocked, id=210007, stack(0x0000700018112000,0x0000700018212000)]
  0x00007fef6cc67a00 JavaThread "Unconstrained build operations Thread 128" [_thread_blocked, id=200499, stack(0x0000700018215000,0x0000700018315000)]
  0x00007fef6ce78400 JavaThread "Unconstrained build operations Thread 129" [_thread_blocked, id=79191, stack(0x0000700018318000,0x0000700018418000)]
  0x00007fef6cc59000 JavaThread "Unconstrained build operations Thread 130" [_thread_blocked, id=180355, stack(0x000070001841b000,0x000070001851b000)]
  0x00007fef6cc58800 JavaThread "Unconstrained build operations Thread 131" [_thread_blocked, id=169315, stack(0x000070001851e000,0x000070001861e000)]
  0x00007fef6ce77c00 JavaThread "Unconstrained build operations Thread 132" [_thread_blocked, id=164907, stack(0x0000700018621000,0x0000700018721000)]
  0x00007fef6c592200 JavaThread "Unconstrained build operations Thread 133" [_thread_blocked, id=138851, stack(0x0000700018724000,0x0000700018824000)]
  0x00007fef9d2f5400 JavaThread "Unconstrained build operations Thread 134" [_thread_blocked, id=87651, stack(0x0000700018827000,0x0000700018927000)]
  0x00007fef9d01e000 JavaThread "Unconstrained build operations Thread 135" [_thread_blocked, id=152371, stack(0x000070001892a000,0x0000700018a2a000)]
  0x00007feeff994e00 JavaThread "Unconstrained build operations Thread 136" [_thread_blocked, id=167483, stack(0x0000700018a2d000,0x0000700018b2d000)]
  0x00007feeff995400 JavaThread "Unconstrained build operations Thread 137" [_thread_blocked, id=95275, stack(0x0000700018b30000,0x0000700018c30000)]
  0x00007fef9c29bc00 JavaThread "Unconstrained build operations Thread 138" [_thread_blocked, id=212819, stack(0x0000700018c33000,0x0000700018d33000)]
  0x00007feeff994600 JavaThread "pool-25-thread-1" [_thread_blocked, id=200351, stack(0x0000700018d36000,0x0000700018e36000)]
  0x00007fef9d3e0000 JavaThread "stderr" [_thread_in_native, id=101183, stack(0x0000700018e39000,0x0000700018f39000)]
  0x00007fef9c247800 JavaThread "stdout" [_thread_in_native, id=126515, stack(0x0000700018f3c000,0x000070001903c000)]
  0x00007fef7d063a00 JavaThread "Unconstrained build operations Thread 139" [_thread_blocked, id=74611, stack(0x000070001903f000,0x000070001913f000)]
  0x00007fef3e7ffa00 JavaThread "Unconstrained build operations Thread 140" [_thread_blocked, id=211739, stack(0x0000700019142000,0x0000700019242000)]
  0x00007fef9c32ba00 JavaThread "Unconstrained build operations Thread 141" [_thread_blocked, id=215823, stack(0x0000700019245000,0x0000700019345000)]
  0x00007fef9c32c000 JavaThread "Unconstrained build operations Thread 142" [_thread_blocked, id=158771, stack(0x0000700019348000,0x0000700019448000)]
  0x00007fef9e3cfa00 JavaThread "Unconstrained build operations Thread 143" [_thread_blocked, id=131371, stack(0x0000700019e69000,0x0000700019f69000)]
  0x00007feeff80d800 JavaThread "Unconstrained build operations Thread 144" [_thread_blocked, id=211483, stack(0x0000700019f6c000,0x000070001a06c000)]
  0x00007feeff80e800 JavaThread "Unconstrained build operations Thread 145" [_thread_blocked, id=170555, stack(0x000070001a06f000,0x000070001a16f000)]
  0x00007feeff80de00 JavaThread "Unconstrained build operations Thread 146" [_thread_blocked, id=147019, stack(0x000070001a172000,0x000070001a272000)]
  0x00007fef9e3d0000 JavaThread "Unconstrained build operations Thread 147" [_thread_blocked, id=151675, stack(0x000070001a275000,0x000070001a375000)]
  0x00007feefd175400 JavaThread "Unconstrained build operations Thread 148" [_thread_blocked, id=218147, stack(0x000070001a378000,0x000070001a478000)]
  0x00007feeff912800 JavaThread "Unconstrained build operations Thread 149" [_thread_blocked, id=137011, stack(0x000070001a47b000,0x000070001a57b000)]
  0x00007feefd175a00 JavaThread "process reaper" daemon [_thread_blocked, id=93491, stack(0x0000700008de6000,0x0000700008e0a000)]
  0x00007fef9d537e00 JavaThread "ForkJoinPool-5-worker-1" daemon [_thread_blocked, id=152643, stack(0x000070001a681000,0x000070001a781000)]
  0x00007fef9c229000 JavaThread "ForkJoinPool-5-worker-2" daemon [_thread_blocked, id=98611, stack(0x000070001a887000,0x000070001a987000)]
  0x00007fef9c282a00 JavaThread "ForkJoinPool-5-worker-3" daemon [_thread_blocked, id=89419, stack(0x000070001aa8d000,0x000070001ab8d000)]
  0x00007fef9e3d5600 JavaThread "ForkJoinPool-5-worker-4" daemon [_thread_blocked, id=66843, stack(0x000070001ab90000,0x000070001ac90000)]
  0x00007feeff81e800 JavaThread "ForkJoinPool-5-worker-5" daemon [_thread_blocked, id=36739, stack(0x000070001ac93000,0x000070001ad93000)]
  0x00007fef5d042600 JavaThread "ForkJoinPool-5-worker-6" daemon [_thread_blocked, id=91467, stack(0x000070001ad96000,0x000070001ae96000)]
  0x00007fef5f80d200 JavaThread "ForkJoinPool-5-worker-7" daemon [_thread_blocked, id=145691, stack(0x000070001ae99000,0x000070001af99000)]
  0x00007fef6cc67200 JavaThread "ForkJoinPool-5-worker-8" daemon [_thread_blocked, id=210967, stack(0x000070001af9c000,0x000070001b09c000)]
  0x00007fef9e4a8200 JavaThread "ForkJoinPool-5-worker-9" daemon [_thread_blocked, id=56863, stack(0x000070001b1a2000,0x000070001b2a2000)]
  0x00007fef5f82dc00 JavaThread "ForkJoinPool-5-worker-10" daemon [_thread_blocked, id=185919, stack(0x000070001b2a5000,0x000070001b3a5000)]
  0x00007fef3c814200 JavaThread "ForkJoinPool-5-worker-11" daemon [_thread_blocked, id=90483, stack(0x000070001b4ab000,0x000070001b5ab000)]
  0x00007feeff920a00 JavaThread "ForkJoinPool-5-worker-12" daemon [_thread_blocked, id=145251, stack(0x000070001b5ae000,0x000070001b6ae000)]
  0x00007fef5c817c00 JavaThread "ForkJoinPool-5-worker-13" daemon [_thread_blocked, id=140959, stack(0x000070001b6b1000,0x000070001b7b1000)]
  0x00007fef5f033800 JavaThread "ForkJoinPool-5-worker-14" daemon [_thread_blocked, id=99187, stack(0x000070001b7b4000,0x000070001b8b4000)]
  0x00007fef5e826c00 JavaThread "ForkJoinPool-5-worker-15" daemon [_thread_blocked, id=160099, stack(0x000070001b8b7000,0x000070001b9b7000)]
  0x00007fef5f036c00 JavaThread "ForkJoinPool-5-worker-16" daemon [_thread_blocked, id=132923, stack(0x000070001bbc0000,0x000070001bcc0000)]
  0x00007fef7d4a3200 JavaThread "RMI TCP Connection(70)-127.0.0.1" daemon [_thread_in_native, id=207139, stack(0x000070001bdc6000,0x000070001bec6000)]
  0x00007fef6cb2fc00 JavaThread "Build operations" [_thread_blocked, id=186219, stack(0x000070001bec9000,0x000070001bfc9000)]
  0x00007feefd273a00 JavaThread "Build operations Thread 2" [_thread_blocked, id=142635, stack(0x000070001bfcc000,0x000070001c0cc000)]
  0x00007fef6ccd5400 JavaThread "Build operations Thread 3" [_thread_blocked, id=81507, stack(0x000070001c0cf000,0x000070001c1cf000)]
  0x00007fef6c58d800 JavaThread "Build operations Thread 4" [_thread_blocked, id=71491, stack(0x000070001c1d2000,0x000070001c2d2000)]
  0x00007fef6c47ca00 JavaThread "Build operations Thread 5" [_thread_blocked, id=167731, stack(0x000070001c2d5000,0x000070001c3d5000)]
  0x00007fef5d841000 JavaThread "Build operations Thread 6" [_thread_blocked, id=137267, stack(0x000070001c3d8000,0x000070001c4d8000)]
  0x00007fef5f82fc00 JavaThread "Build operations Thread 7" [_thread_blocked, id=80483, stack(0x000070001c4db000,0x000070001c5db000)]
  0x00007fef6cb37600 JavaThread "Build operations Thread 8" [_thread_blocked, id=185139, stack(0x000070001c5de000,0x000070001c6de000)]
  0x00007fef6cc66000 JavaThread "Build operations Thread 9" [_thread_blocked, id=65611, stack(0x000070001c6e1000,0x000070001c7e1000)]
  0x00007fef6cc68000 JavaThread "Build operations Thread 10" [_thread_blocked, id=142227, stack(0x000070001c7e4000,0x000070001c8e4000)]
  0x00007feeff93fe00 JavaThread "Build operations Thread 11" [_thread_blocked, id=187711, stack(0x000070001c8e7000,0x000070001c9e7000)]
  0x00007fef6cc68600 JavaThread "Build operations Thread 12" [_thread_blocked, id=110155, stack(0x000070001cbf0000,0x000070001ccf0000)]
  0x00007fef6cc68c00 JavaThread "Build operations Thread 13" [_thread_blocked, id=141939, stack(0x000070001ccf3000,0x000070001cdf3000)]
  0x00007fef6cb30800 JavaThread "Build operations Thread 14" [_thread_blocked, id=39011, stack(0x000070001cdf6000,0x000070001cef6000)]
  0x00007fef6cce7400 JavaThread "Build operations Thread 15" [_thread_blocked, id=95647, stack(0x000070001cef9000,0x000070001cff9000)]
  0x00007fef7d57d400 JavaThread "WorkerExecutor Queue Thread 18" [_thread_blocked, id=101519, stack(0x000070001a57e000,0x000070001a67e000)]

Other Threads:
  0x00007fef9cc09390 VMThread "VM Thread" [stack: 0x0000700008a0c000,0x0000700008b0c000] [id=19971] _threads_hazard_ptr=0x00007fef6bf349b0
  0x00007fef7bf24530 WatcherThread [stack: 0x0000700009530000,0x0000700009630000] [id=28163]
  0x00007fef7c114ed0 GCTaskThread "GC Thread#0" [stack: 0x00007000084fd000,0x00007000085fd000] [id=12547]
  0x00007fef7c19c590 GCTaskThread "GC Thread#1" [stack: 0x0000700009633000,0x0000700009733000] [id=27907]
  0x00007fef9cb3aa50 GCTaskThread "GC Thread#2" [stack: 0x0000700009736000,0x0000700009836000] [id=33027]
  0x00007fef9ca0af60 GCTaskThread "GC Thread#3" [stack: 0x0000700009839000,0x0000700009939000] [id=43011]
  0x00007fef9ca0bc00 GCTaskThread "GC Thread#4" [stack: 0x000070000993c000,0x0000700009a3c000] [id=33539]
  0x00007fef9c927620 GCTaskThread "GC Thread#5" [stack: 0x0000700009a3f000,0x0000700009b3f000] [id=42499]
  0x00007fef7c030e30 GCTaskThread "GC Thread#6" [stack: 0x0000700009b42000,0x0000700009c42000] [id=34051]
  0x00007fef7c031af0 GCTaskThread "GC Thread#7" [stack: 0x0000700009c45000,0x0000700009d45000] [id=34563]
  0x00007fef9c928290 GCTaskThread "GC Thread#8" [stack: 0x0000700009d48000,0x0000700009e48000] [id=34819]
  0x00007fef7bf45210 GCTaskThread "GC Thread#9" [stack: 0x0000700009e4b000,0x0000700009f4b000] [id=35331]
  0x00007fef7bf45e50 GCTaskThread "GC Thread#10" [stack: 0x0000700009f4e000,0x000070000a04e000] [id=41731]
  0x00007fef9c928f40 GCTaskThread "GC Thread#11" [stack: 0x000070000a051000,0x000070000a151000] [id=41219]
  0x00007fef9cae9020 GCTaskThread "GC Thread#12" [stack: 0x000070000b590000,0x000070000b690000] [id=46595]
  0x00007fef7c115d50 ConcurrentGCThread "G1 Main Marker" [stack: 0x0000700008600000,0x0000700008700000] [id=14083]
  0x00007fef7c116ad0 ConcurrentGCThread "G1 Conc#0" [stack: 0x0000700008703000,0x0000700008803000] [id=13059]
  0x00007fef3c0395b0 ConcurrentGCThread "G1 Conc#1" [stack: 0x000070000b693000,0x000070000b793000] [id=46851]
  0x00007fef3c129b90 ConcurrentGCThread "G1 Conc#2" [stack: 0x000070000b796000,0x000070000b896000] [id=47363]
  0x00007fef7c179140 ConcurrentGCThread "G1 Refine#0" [stack: 0x0000700008806000,0x0000700008906000] [id=16899]
  0x00007fef6bf0c0c0 ConcurrentGCThread "G1 Refine#1" [stack: 0x0000700014258000,0x0000700014358000] [id=105219]
  0x00007fef6bf0c8d0 ConcurrentGCThread "G1 Refine#2" [stack: 0x000070001435b000,0x000070001445b000] [id=113155]
  0x00007fef3dec1650 ConcurrentGCThread "G1 Refine#3" [stack: 0x000070001944b000,0x000070001954b000] [id=157443]
  0x00007feefc806650 ConcurrentGCThread "G1 Refine#4" [stack: 0x000070001954e000,0x000070001964e000] [id=156675]
  0x00007feefc9217d0 ConcurrentGCThread "G1 Refine#5" [stack: 0x0000700019651000,0x0000700019751000] [id=156163]
  0x00007fef5c014130 ConcurrentGCThread "G1 Refine#6" [stack: 0x0000700019754000,0x0000700019854000] [id=147715]
  0x00007fef5c015020 ConcurrentGCThread "G1 Refine#7" [stack: 0x0000700019857000,0x0000700019957000] [id=148227]
  0x00007fef5bf114e0 ConcurrentGCThread "G1 Refine#8" [stack: 0x000070001995a000,0x0000700019a5a000] [id=154883]
  0x00007fef6bf10f60 ConcurrentGCThread "G1 Refine#9" [stack: 0x0000700019a5d000,0x0000700019b5d000] [id=149251]
  0x00007fef6d21cd10 ConcurrentGCThread "G1 Refine#10" [stack: 0x0000700019b60000,0x0000700019c60000] [id=149763]
  0x00007fef5bf11ec0 ConcurrentGCThread "G1 Refine#11" [stack: 0x0000700019c63000,0x0000700019d63000] [id=154115]
  0x00007fef6bf11b50 ConcurrentGCThread "G1 Refine#12" [stack: 0x0000700019d66000,0x0000700019e66000] [id=150275]
  0x00007fef7c004220 ConcurrentGCThread "G1 Service" [stack: 0x0000700008909000,0x0000700008a09000] [id=21251]

Threads with active compile tasks:
C1 CompilerThread0  6887213 86893       1       com.android.tools.r8.graph.H0::a (428 bytes)
C1 CompilerThread1  6887213 86892       1       com.android.tools.r8.internal.Sd::<init> (47 bytes)
C1 CompilerThread2  6887213 86889       1       com.android.tools.r8.internal.Sd::a (6 bytes)
C1 CompilerThread3  6887213 85926       1       com.android.tools.r8.graph.p1::a (28 bytes)
C1 CompilerThread4  6887213 86224       1       com.android.tools.r8.ir.regalloc.b::a (136 bytes)

VM state: synchronizing (normal execution)

VM Mutex/Monitor currently owned by a thread:  ([mutex/lock_event])
[0x00007fef9cb0ab50] Threads_lock - owner thread: 0x00007fef9cc09390

Heap address: 0x0000000780000000, size: 2048 MB, Compressed Oops mode: Zero based, Oop shift amount: 3

CDS archive(s) mapped at: [0x0000000120000000-0x0000000120bf0000-0x0000000120bf0000), size 12517376, SharedBaseAddress: 0x0000000120000000, ArchiveRelocationMode: 1.
Compressed class space mapped at: 0x0000000121000000-0x000000013b000000, reserved size: 436207616
Narrow klass base: 0x0000000120000000, Narrow klass shift: 0, Narrow klass range: 0x100000000

GC Precious Log:
 CPUs: 16 total, 16 available
 Memory: 32768M
 Large Page Support: Disabled
 NUMA Support: Disabled
 Compressed Oops: Enabled (Zero based)
 Heap Region Size: 1M
 Heap Min Capacity: 8M
 Heap Initial Capacity: 512M
 Heap Max Capacity: 2G
 Pre-touch: Disabled
 Parallel Workers: 13
 Concurrent Workers: 3
 Concurrent Refinement Workers: 13
 Periodic GC: Disabled

Heap:
 garbage-first heap   total 1076224K, used 484323K [0x0000000780000000, 0x0000000800000000)
  region size 1024K, 45 young (46080K), 5 survivors (5120K)
 Metaspace       used 155304K, committed 157376K, reserved 622592K
  class space    used 23435K, committed 24384K, reserved 425984K

Heap Regions: E=young(eden), S=young(survivor), O=old, HS=humongous(starts), HC=humongous(continues), CS=collection set, F=free, OA=open archive, CA=closed archive, TAMS=top-at-mark-start (previous, next)
|   0|0x0000000780000000, 0x0000000780100000, 0x0000000780100000|100%|HS|  |TAMS 0x0000000780100000, 0x0000000780000000| Complete 
|   1|0x0000000780100000, 0x0000000780200000, 0x0000000780200000|100%|HC|  |TAMS 0x0000000780200000, 0x0000000780100000| Complete 
|   2|0x0000000780200000, 0x0000000780300000, 0x0000000780300000|100%|HC|  |TAMS 0x0000000780300000, 0x0000000780200000| Complete 
|   3|0x0000000780300000, 0x0000000780400000, 0x0000000780400000|100%|HC|  |TAMS 0x0000000780400000, 0x0000000780300000| Complete 
|   4|0x0000000780400000, 0x0000000780500000, 0x0000000780500000|100%| O|  |TAMS 0x0000000780500000, 0x0000000780400000| Untracked 
|   5|0x0000000780500000, 0x0000000780600000, 0x0000000780600000|100%| O|  |TAMS 0x0000000780600000, 0x0000000780500000| Untracked 
|   6|0x0000000780600000, 0x0000000780700000, 0x0000000780700000|100%| O|  |TAMS 0x0000000780700000, 0x0000000780600000| Untracked 
|   7|0x0000000780700000, 0x0000000780800000, 0x0000000780800000|100%| O|  |TAMS 0x0000000780800000, 0x0000000780700000| Untracked 
|   8|0x0000000780800000, 0x0000000780900000, 0x0000000780900000|100%| O|  |TAMS 0x0000000780900000, 0x0000000780800000| Untracked 
|   9|0x0000000780900000, 0x0000000780a00000, 0x0000000780a00000|100%| O|  |TAMS 0x0000000780a00000, 0x0000000780900000| Untracked 
|  10|0x0000000780a00000, 0x0000000780b00000, 0x0000000780b00000|100%| O|  |TAMS 0x0000000780b00000, 0x0000000780a00000| Untracked 
|  11|0x0000000780b00000, 0x0000000780c00000, 0x0000000780c00000|100%|HS|  |TAMS 0x0000000780c00000, 0x0000000780b00000| Complete 
|  12|0x0000000780c00000, 0x0000000780d00000, 0x0000000780d00000|100%| O|  |TAMS 0x0000000780d00000, 0x0000000780c00000| Untracked 
|  13|0x0000000780d00000, 0x0000000780e00000, 0x0000000780e00000|100%| O|  |TAMS 0x0000000780e00000, 0x0000000780d00000| Untracked 
|  14|0x0000000780e00000, 0x0000000780f00000, 0x0000000780f00000|100%| O|  |TAMS 0x0000000780f00000, 0x0000000780e00000| Untracked 
|  15|0x0000000780f00000, 0x0000000781000000, 0x0000000781000000|100%| O|  |TAMS 0x0000000781000000, 0x0000000780f00000| Untracked 
|  16|0x0000000781000000, 0x0000000781100000, 0x0000000781100000|100%| O|  |TAMS 0x0000000781100000, 0x0000000781000000| Untracked 
|  17|0x0000000781100000, 0x0000000781200000, 0x0000000781200000|100%| O|  |TAMS 0x0000000781200000, 0x0000000781100000| Untracked 
|  18|0x0000000781200000, 0x0000000781300000, 0x0000000781300000|100%| O|  |TAMS 0x0000000781300000, 0x0000000781200000| Untracked 
|  19|0x0000000781300000, 0x0000000781400000, 0x0000000781400000|100%| O|  |TAMS 0x0000000781400000, 0x0000000781300000| Untracked 
|  20|0x0000000781400000, 0x0000000781500000, 0x0000000781500000|100%| O|  |TAMS 0x0000000781500000, 0x0000000781400000| Untracked 
|  21|0x0000000781500000, 0x0000000781600000, 0x0000000781600000|100%| O|  |TAMS 0x0000000781600000, 0x0000000781500000| Untracked 
|  22|0x0000000781600000, 0x0000000781700000, 0x0000000781700000|100%| O|  |TAMS 0x0000000781700000, 0x0000000781600000| Untracked 
|  23|0x0000000781700000, 0x0000000781800000, 0x0000000781800000|100%| O|  |TAMS 0x0000000781800000, 0x0000000781700000| Untracked 
|  24|0x0000000781800000, 0x0000000781900000, 0x0000000781900000|100%| O|  |TAMS 0x0000000781900000, 0x0000000781800000| Untracked 
|  25|0x0000000781900000, 0x0000000781a00000, 0x0000000781a00000|100%| O|  |TAMS 0x0000000781a00000, 0x0000000781900000| Untracked 
|  26|0x0000000781a00000, 0x0000000781b00000, 0x0000000781b00000|100%| O|  |TAMS 0x0000000781b00000, 0x0000000781a00000| Untracked 
|  27|0x0000000781b00000, 0x0000000781c00000, 0x0000000781c00000|100%| O|  |TAMS 0x0000000781c00000, 0x0000000781b00000| Untracked 
|  28|0x0000000781c00000, 0x0000000781d00000, 0x0000000781d00000|100%| O|  |TAMS 0x0000000781d00000, 0x0000000781c00000| Untracked 
|  29|0x0000000781d00000, 0x0000000781e00000, 0x0000000781e00000|100%| O|  |TAMS 0x0000000781e00000, 0x0000000781d00000| Untracked 
|  30|0x0000000781e00000, 0x0000000781f00000, 0x0000000781f00000|100%| O|  |TAMS 0x0000000781f00000, 0x0000000781e00000| Untracked 
|  31|0x0000000781f00000, 0x0000000782000000, 0x0000000782000000|100%|HS|  |TAMS 0x0000000782000000, 0x0000000781f00000| Complete 
|  32|0x0000000782000000, 0x0000000782100000, 0x0000000782100000|100%|HC|  |TAMS 0x0000000782100000, 0x0000000782000000| Complete 
|  33|0x0000000782100000, 0x0000000782200000, 0x0000000782200000|100%| O|  |TAMS 0x0000000782200000, 0x0000000782100000| Untracked 
|  34|0x0000000782200000, 0x0000000782300000, 0x0000000782300000|100%| O|  |TAMS 0x0000000782300000, 0x0000000782200000| Untracked 
|  35|0x0000000782300000, 0x0000000782400000, 0x0000000782400000|100%| O|  |TAMS 0x0000000782400000, 0x0000000782300000| Untracked 
|  36|0x0000000782400000, 0x0000000782500000, 0x0000000782500000|100%| O|  |TAMS 0x0000000782500000, 0x0000000782400000| Untracked 
|  37|0x0000000782500000, 0x0000000782600000, 0x0000000782600000|100%| O|  |TAMS 0x0000000782600000, 0x0000000782500000| Untracked 
|  38|0x0000000782600000, 0x0000000782700000, 0x0000000782700000|100%| O|  |TAMS 0x0000000782700000, 0x0000000782600000| Untracked 
|  39|0x0000000782700000, 0x0000000782800000, 0x0000000782800000|100%| O|  |TAMS 0x0000000782800000, 0x0000000782700000| Untracked 
|  40|0x0000000782800000, 0x0000000782900000, 0x0000000782900000|100%| O|  |TAMS 0x0000000782900000, 0x0000000782800000| Untracked 
|  41|0x0000000782900000, 0x0000000782a00000, 0x0000000782a00000|100%|HS|  |TAMS 0x0000000782a00000, 0x0000000782900000| Complete 
|  42|0x0000000782a00000, 0x0000000782b00000, 0x0000000782b00000|100%|HC|  |TAMS 0x0000000782b00000, 0x0000000782a00000| Complete 
|  43|0x0000000782b00000, 0x0000000782c00000, 0x0000000782c00000|100%|HS|  |TAMS 0x0000000782c00000, 0x0000000782b00000| Complete 
|  44|0x0000000782c00000, 0x0000000782d00000, 0x0000000782d00000|100%|HC|  |TAMS 0x0000000782d00000, 0x0000000782c00000| Complete 
|  45|0x0000000782d00000, 0x0000000782e00000, 0x0000000782e00000|100%|HS|  |TAMS 0x0000000782e00000, 0x0000000782d00000| Complete 
|  46|0x0000000782e00000, 0x0000000782f00000, 0x0000000782f00000|100%|HC|  |TAMS 0x0000000782f00000, 0x0000000782e00000| Complete 
|  47|0x0000000782f00000, 0x0000000783000000, 0x0000000783000000|100%|HC|  |TAMS 0x0000000783000000, 0x0000000782f00000| Complete 
|  48|0x0000000783000000, 0x0000000783100000, 0x0000000783100000|100%|HC|  |TAMS 0x0000000783100000, 0x0000000783000000| Complete 
|  49|0x0000000783100000, 0x0000000783200000, 0x0000000783200000|100%| O|  |TAMS 0x0000000783200000, 0x0000000783100000| Untracked 
|  50|0x0000000783200000, 0x0000000783300000, 0x0000000783300000|100%|HS|  |TAMS 0x0000000783300000, 0x0000000783200000| Complete 
|  51|0x0000000783300000, 0x0000000783400000, 0x0000000783400000|100%|HC|  |TAMS 0x0000000783400000, 0x0000000783300000| Complete 
|  52|0x0000000783400000, 0x0000000783500000, 0x0000000783500000|100%|HC|  |TAMS 0x0000000783500000, 0x0000000783400000| Complete 
|  53|0x0000000783500000, 0x0000000783600000, 0x0000000783600000|100%|HC|  |TAMS 0x0000000783600000, 0x0000000783500000| Complete 
|  54|0x0000000783600000, 0x0000000783700000, 0x0000000783700000|100%| O|  |TAMS 0x0000000783700000, 0x0000000783600000| Untracked 
|  55|0x0000000783700000, 0x0000000783800000, 0x0000000783800000|100%| O|  |TAMS 0x0000000783800000, 0x0000000783700000| Untracked 
|  56|0x0000000783800000, 0x0000000783900000, 0x0000000783900000|100%| O|  |TAMS 0x0000000783900000, 0x0000000783800000| Untracked 
|  57|0x0000000783900000, 0x0000000783a00000, 0x0000000783a00000|100%|HS|  |TAMS 0x0000000783a00000, 0x0000000783900000| Complete 
|  58|0x0000000783a00000, 0x0000000783b00000, 0x0000000783b00000|100%|HS|  |TAMS 0x0000000783b00000, 0x0000000783a00000| Complete 
|  59|0x0000000783b00000, 0x0000000783c00000, 0x0000000783c00000|100%|HS|  |TAMS 0x0000000783c00000, 0x0000000783b00000| Complete 
|  60|0x0000000783c00000, 0x0000000783d00000, 0x0000000783d00000|100%| O|  |TAMS 0x0000000783d00000, 0x0000000783c00000| Untracked 
|  61|0x0000000783d00000, 0x0000000783e00000, 0x0000000783e00000|100%|HS|  |TAMS 0x0000000783e00000, 0x0000000783d00000| Complete 
|  62|0x0000000783e00000, 0x0000000783f00000, 0x0000000783f00000|100%| O|  |TAMS 0x0000000783f00000, 0x0000000783e00000| Untracked 
|  63|0x0000000783f00000, 0x0000000784000000, 0x0000000784000000|100%| O|  |TAMS 0x0000000784000000, 0x0000000783f00000| Untracked 
|  64|0x0000000784000000, 0x0000000784100000, 0x0000000784100000|100%| O|  |TAMS 0x0000000784100000, 0x0000000784000000| Untracked 
|  65|0x0000000784100000, 0x0000000784200000, 0x0000000784200000|100%| O|  |TAMS 0x0000000784200000, 0x0000000784100000| Untracked 
|  66|0x0000000784200000, 0x0000000784300000, 0x0000000784300000|100%| O|  |TAMS 0x0000000784300000, 0x0000000784200000| Untracked 
|  67|0x0000000784300000, 0x0000000784400000, 0x0000000784400000|100%| O|  |TAMS 0x0000000784400000, 0x0000000784300000| Untracked 
|  68|0x0000000784400000, 0x0000000784500000, 0x0000000784500000|100%| O|  |TAMS 0x0000000784500000, 0x0000000784400000| Untracked 
|  69|0x0000000784500000, 0x0000000784600000, 0x0000000784600000|100%| O|  |TAMS 0x0000000784600000, 0x0000000784500000| Untracked 
|  70|0x0000000784600000, 0x0000000784700000, 0x0000000784700000|100%| O|  |TAMS 0x0000000784700000, 0x0000000784600000| Untracked 
|  71|0x0000000784700000, 0x0000000784800000, 0x0000000784800000|100%| O|  |TAMS 0x0000000784800000, 0x0000000784700000| Untracked 
|  72|0x0000000784800000, 0x0000000784900000, 0x0000000784900000|100%| O|  |TAMS 0x0000000784900000, 0x0000000784800000| Untracked 
|  73|0x0000000784900000, 0x0000000784a00000, 0x0000000784a00000|100%|HS|  |TAMS 0x0000000784900000, 0x0000000784900000| Complete 
|  74|0x0000000784a00000, 0x0000000784b00000, 0x0000000784b00000|100%| O|  |TAMS 0x0000000784b00000, 0x0000000784a00000| Untracked 
|  75|0x0000000784b00000, 0x0000000784c00000, 0x0000000784c00000|100%|HS|  |TAMS 0x0000000784c00000, 0x0000000784b00000| Complete 
|  76|0x0000000784c00000, 0x0000000784d00000, 0x0000000784d00000|100%| O|  |TAMS 0x0000000784d00000, 0x0000000784c00000| Untracked 
|  77|0x0000000784d00000, 0x0000000784e00000, 0x0000000784e00000|100%|HS|  |TAMS 0x0000000784e00000, 0x0000000784d00000| Complete 
|  78|0x0000000784e00000, 0x0000000784f00000, 0x0000000784f00000|100%| O|  |TAMS 0x0000000784f00000, 0x0000000784e00000| Untracked 
|  79|0x0000000784f00000, 0x0000000785000000, 0x0000000785000000|100%| O|  |TAMS 0x0000000785000000, 0x0000000784f00000| Untracked 
|  80|0x0000000785000000, 0x0000000785100000, 0x0000000785100000|100%| O|  |TAMS 0x0000000785100000, 0x0000000785000000| Untracked 
|  81|0x0000000785100000, 0x0000000785200000, 0x0000000785200000|100%| O|  |TAMS 0x0000000785200000, 0x0000000785100000| Untracked 
|  82|0x0000000785200000, 0x0000000785300000, 0x0000000785300000|100%| O|  |TAMS 0x0000000785300000, 0x0000000785200000| Untracked 
|  83|0x0000000785300000, 0x0000000785400000, 0x0000000785400000|100%|HS|  |TAMS 0x0000000785400000, 0x0000000785300000| Complete 
|  84|0x0000000785400000, 0x0000000785500000, 0x0000000785500000|100%|HS|  |TAMS 0x0000000785500000, 0x0000000785400000| Complete 
|  85|0x0000000785500000, 0x0000000785600000, 0x0000000785600000|100%| O|  |TAMS 0x0000000785600000, 0x0000000785500000| Untracked 
|  86|0x0000000785600000, 0x0000000785700000, 0x0000000785700000|100%|HS|  |TAMS 0x0000000785700000, 0x0000000785600000| Complete 
|  87|0x0000000785700000, 0x0000000785800000, 0x0000000785800000|100%|HS|  |TAMS 0x0000000785700000, 0x0000000785700000| Complete 
|  88|0x0000000785800000, 0x0000000785900000, 0x0000000785900000|100%| O|  |TAMS 0x0000000785900000, 0x0000000785800000| Untracked 
|  89|0x0000000785900000, 0x0000000785a00000, 0x0000000785a00000|100%| O|  |TAMS 0x0000000785a00000, 0x0000000785900000| Untracked 
|  90|0x0000000785a00000, 0x0000000785b00000, 0x0000000785b00000|100%|HS|  |TAMS 0x0000000785b00000, 0x0000000785a00000| Complete 
|  91|0x0000000785b00000, 0x0000000785c00000, 0x0000000785c00000|100%|HC|  |TAMS 0x0000000785c00000, 0x0000000785b00000| Complete 
|  92|0x0000000785c00000, 0x0000000785d00000, 0x0000000785d00000|100%|HS|  |TAMS 0x0000000785d00000, 0x0000000785c00000| Complete 
|  93|0x0000000785d00000, 0x0000000785e00000, 0x0000000785e00000|100%| O|  |TAMS 0x0000000785e00000, 0x0000000785d00000| Untracked 
|  94|0x0000000785e00000, 0x0000000785f00000, 0x0000000785f00000|100%| O|  |TAMS 0x0000000785f00000, 0x0000000785e00000| Untracked 
|  95|0x0000000785f00000, 0x0000000786000000, 0x0000000786000000|100%| O|  |TAMS 0x0000000786000000, 0x0000000785f00000| Untracked 
|  96|0x0000000786000000, 0x0000000786100000, 0x0000000786100000|100%|HS|  |TAMS 0x0000000786000000, 0x0000000786000000| Complete 
|  97|0x0000000786100000, 0x0000000786200000, 0x0000000786200000|100%| O|  |TAMS 0x0000000786200000, 0x0000000786100000| Untracked 
|  98|0x0000000786200000, 0x0000000786300000, 0x0000000786300000|100%|HS|  |TAMS 0x0000000786300000, 0x0000000786200000| Complete 
|  99|0x0000000786300000, 0x0000000786400000, 0x0000000786400000|100%| O|  |TAMS 0x0000000786400000, 0x0000000786300000| Untracked 
| 100|0x0000000786400000, 0x0000000786500000, 0x0000000786500000|100%|HS|  |TAMS 0x0000000786400000, 0x0000000786400000| Complete 
| 101|0x0000000786500000, 0x0000000786600000, 0x0000000786600000|100%| O|  |TAMS 0x0000000786600000, 0x0000000786500000| Untracked 
| 102|0x0000000786600000, 0x0000000786700000, 0x0000000786700000|100%| O|  |TAMS 0x0000000786700000, 0x0000000786600000| Untracked 
| 103|0x0000000786700000, 0x0000000786800000, 0x0000000786800000|100%|HS|  |TAMS 0x0000000786800000, 0x0000000786700000| Complete 
| 104|0x0000000786800000, 0x0000000786900000, 0x0000000786900000|100%|HS|  |TAMS 0x0000000786900000, 0x0000000786800000| Complete 
| 105|0x0000000786900000, 0x0000000786a00000, 0x0000000786a00000|100%| O|  |TAMS 0x0000000786a00000, 0x0000000786900000| Untracked 
| 106|0x0000000786a00000, 0x0000000786b00000, 0x0000000786b00000|100%| O|  |TAMS 0x0000000786b00000, 0x0000000786a00000| Untracked 
| 107|0x0000000786b00000, 0x0000000786c00000, 0x0000000786c00000|100%| O|  |TAMS 0x0000000786c00000, 0x0000000786b00000| Untracked 
| 108|0x0000000786c00000, 0x0000000786d00000, 0x0000000786d00000|100%| O|  |TAMS 0x0000000786d00000, 0x0000000786c00000| Untracked 
| 109|0x0000000786d00000, 0x0000000786e00000, 0x0000000786e00000|100%| O|  |TAMS 0x0000000786e00000, 0x0000000786d00000| Untracked 
| 110|0x0000000786e00000, 0x0000000786f00000, 0x0000000786f00000|100%|HS|  |TAMS 0x0000000786f00000, 0x0000000786e00000| Complete 
| 111|0x0000000786f00000, 0x0000000787000000, 0x0000000787000000|100%| O|  |TAMS 0x0000000787000000, 0x0000000786f00000| Untracked 
| 112|0x0000000787000000, 0x0000000787100000, 0x0000000787100000|100%|HS|  |TAMS 0x0000000787100000, 0x0000000787000000| Complete 
| 113|0x0000000787100000, 0x0000000787200000, 0x0000000787200000|100%|HS|  |TAMS 0x0000000787200000, 0x0000000787100000| Complete 
| 114|0x0000000787200000, 0x0000000787300000, 0x0000000787300000|100%|HS|  |TAMS 0x0000000787300000, 0x0000000787200000| Complete 
| 115|0x0000000787300000, 0x0000000787400000, 0x0000000787400000|100%| O|  |TAMS 0x0000000787400000, 0x0000000787300000| Untracked 
| 116|0x0000000787400000, 0x0000000787500000, 0x0000000787500000|100%| O|  |TAMS 0x0000000787400000, 0x0000000787400000| Untracked 
| 117|0x0000000787500000, 0x0000000787600000, 0x0000000787600000|100%| O|  |TAMS 0x0000000787600000, 0x0000000787500000| Untracked 
| 118|0x0000000787600000, 0x0000000787700000, 0x0000000787700000|100%| O|  |TAMS 0x0000000787700000, 0x0000000787600000| Untracked 
| 119|0x0000000787700000, 0x0000000787800000, 0x0000000787800000|100%| O|  |TAMS 0x0000000787800000, 0x0000000787700000| Untracked 
| 120|0x0000000787800000, 0x0000000787900000, 0x0000000787900000|100%| O|  |TAMS 0x0000000787900000, 0x0000000787800000| Untracked 
| 121|0x0000000787900000, 0x0000000787a00000, 0x0000000787a00000|100%| O|  |TAMS 0x0000000787a00000, 0x0000000787900000| Untracked 
| 122|0x0000000787a00000, 0x0000000787b00000, 0x0000000787b00000|100%|HS|  |TAMS 0x0000000787b00000, 0x0000000787a00000| Complete 
| 123|0x0000000787b00000, 0x0000000787c00000, 0x0000000787c00000|100%| O|  |TAMS 0x0000000787c00000, 0x0000000787b00000| Untracked 
| 124|0x0000000787c00000, 0x0000000787d00000, 0x0000000787d00000|100%| O|  |TAMS 0x0000000787d00000, 0x0000000787c00000| Untracked 
| 125|0x0000000787d00000, 0x0000000787e00000, 0x0000000787e00000|100%| O|  |TAMS 0x0000000787e00000, 0x0000000787d00000| Untracked 
| 126|0x0000000787e00000, 0x0000000787f00000, 0x0000000787f00000|100%|HS|  |TAMS 0x0000000787f00000, 0x0000000787e00000| Complete 
| 127|0x0000000787f00000, 0x0000000788000000, 0x0000000788000000|100%| O|  |TAMS 0x0000000788000000, 0x0000000787f00000| Untracked 
| 128|0x0000000788000000, 0x0000000788100000, 0x0000000788100000|100%|HS|  |TAMS 0x0000000788000000, 0x0000000788000000| Complete 
| 129|0x0000000788100000, 0x0000000788200000, 0x0000000788200000|100%| O|  |TAMS 0x0000000788200000, 0x0000000788100000| Untracked 
| 130|0x0000000788200000, 0x0000000788300000, 0x0000000788300000|100%| O|  |TAMS 0x0000000788300000, 0x0000000788200000| Untracked 
| 131|0x0000000788300000, 0x0000000788400000, 0x0000000788400000|100%|HS|  |TAMS 0x0000000788400000, 0x0000000788300000| Complete 
| 132|0x0000000788400000, 0x0000000788500000, 0x0000000788500000|100%| O|  |TAMS 0x0000000788500000, 0x0000000788400000| Untracked 
| 133|0x0000000788500000, 0x0000000788600000, 0x0000000788600000|100%| O|  |TAMS 0x0000000788600000, 0x0000000788500000| Untracked 
| 134|0x0000000788600000, 0x0000000788700000, 0x0000000788700000|100%| O|  |TAMS 0x0000000788700000, 0x0000000788600000| Untracked 
| 135|0x0000000788700000, 0x0000000788800000, 0x0000000788800000|100%| O|  |TAMS 0x0000000788800000, 0x0000000788700000| Untracked 
| 136|0x0000000788800000, 0x0000000788900000, 0x0000000788900000|100%| O|  |TAMS 0x0000000788900000, 0x0000000788800000| Untracked 
| 137|0x0000000788900000, 0x0000000788a00000, 0x0000000788a00000|100%| O|  |TAMS 0x0000000788a00000, 0x0000000788900000| Untracked 
| 138|0x0000000788a00000, 0x0000000788b00000, 0x0000000788b00000|100%| O|  |TAMS 0x0000000788b00000, 0x0000000788a00000| Untracked 
| 139|0x0000000788b00000, 0x0000000788c00000, 0x0000000788c00000|100%| O|  |TAMS 0x0000000788c00000, 0x0000000788b00000| Untracked 
| 140|0x0000000788c00000, 0x0000000788d00000, 0x0000000788d00000|100%| O|  |TAMS 0x0000000788d00000, 0x0000000788c00000| Untracked 
| 141|0x0000000788d00000, 0x0000000788e00000, 0x0000000788e00000|100%| O|  |TAMS 0x0000000788e00000, 0x0000000788d00000| Untracked 
| 142|0x0000000788e00000, 0x0000000788f00000, 0x0000000788f00000|100%| O|  |TAMS 0x0000000788f00000, 0x0000000788e00000| Untracked 
| 143|0x0000000788f00000, 0x0000000789000000, 0x0000000789000000|100%| O|  |TAMS 0x0000000789000000, 0x0000000788f00000| Untracked 
| 144|0x0000000789000000, 0x0000000789100000, 0x0000000789100000|100%|HS|  |TAMS 0x0000000789100000, 0x0000000789000000| Complete 
| 145|0x0000000789100000, 0x0000000789200000, 0x0000000789200000|100%|HC|  |TAMS 0x0000000789200000, 0x0000000789100000| Complete 
| 146|0x0000000789200000, 0x0000000789300000, 0x0000000789300000|100%|HC|  |TAMS 0x0000000789300000, 0x0000000789200000| Complete 
| 147|0x0000000789300000, 0x0000000789400000, 0x0000000789400000|100%| O|  |TAMS 0x0000000789400000, 0x0000000789300000| Untracked 
| 148|0x0000000789400000, 0x0000000789500000, 0x0000000789500000|100%| O|  |TAMS 0x0000000789500000, 0x0000000789400000| Untracked 
| 149|0x0000000789500000, 0x0000000789600000, 0x0000000789600000|100%| O|  |TAMS 0x0000000789600000, 0x0000000789500000| Untracked 
| 150|0x0000000789600000, 0x0000000789700000, 0x0000000789700000|100%|HS|  |TAMS 0x0000000789700000, 0x0000000789600000| Complete 
| 151|0x0000000789700000, 0x0000000789800000, 0x0000000789800000|100%| O|  |TAMS 0x0000000789800000, 0x0000000789700000| Untracked 
| 152|0x0000000789800000, 0x0000000789900000, 0x0000000789900000|100%| O|  |TAMS 0x0000000789900000, 0x0000000789800000| Untracked 
| 153|0x0000000789900000, 0x0000000789a00000, 0x0000000789a00000|100%| O|  |TAMS 0x0000000789a00000, 0x0000000789900000| Untracked 
| 154|0x0000000789a00000, 0x0000000789b00000, 0x0000000789b00000|100%| O|  |TAMS 0x0000000789b00000, 0x0000000789a00000| Untracked 
| 155|0x0000000789b00000, 0x0000000789c00000, 0x0000000789c00000|100%|HS|  |TAMS 0x0000000789c00000, 0x0000000789b00000| Complete 
| 156|0x0000000789c00000, 0x0000000789d00000, 0x0000000789d00000|100%| O|  |TAMS 0x0000000789d00000, 0x0000000789c00000| Untracked 
| 157|0x0000000789d00000, 0x0000000789e00000, 0x0000000789e00000|100%|HS|  |TAMS 0x0000000789e00000, 0x0000000789d00000| Complete 
| 158|0x0000000789e00000, 0x0000000789f00000, 0x0000000789f00000|100%|HC|  |TAMS 0x0000000789f00000, 0x0000000789e00000| Complete 
| 159|0x0000000789f00000, 0x000000078a000000, 0x000000078a000000|100%| O|  |TAMS 0x0000000789f00000, 0x0000000789f00000| Untracked 
| 160|0x000000078a000000, 0x000000078a100000, 0x000000078a100000|100%| O|  |TAMS 0x000000078a000000, 0x000000078a000000| Untracked 
| 161|0x000000078a100000, 0x000000078a200000, 0x000000078a200000|100%| O|  |TAMS 0x000000078a200000, 0x000000078a100000| Untracked 
| 162|0x000000078a200000, 0x000000078a300000, 0x000000078a300000|100%| O|  |TAMS 0x000000078a300000, 0x000000078a200000| Untracked 
| 163|0x000000078a300000, 0x000000078a400000, 0x000000078a400000|100%| O|  |TAMS 0x000000078a400000, 0x000000078a300000| Untracked 
| 164|0x000000078a400000, 0x000000078a500000, 0x000000078a500000|100%| O|  |TAMS 0x000000078a500000, 0x000000078a400000| Untracked 
| 165|0x000000078a500000, 0x000000078a600000, 0x000000078a600000|100%|HS|  |TAMS 0x000000078a600000, 0x000000078a500000| Complete 
| 166|0x000000078a600000, 0x000000078a700000, 0x000000078a700000|100%|HS|  |TAMS 0x000000078a700000, 0x000000078a600000| Complete 
| 167|0x000000078a700000, 0x000000078a800000, 0x000000078a800000|100%|HC|  |TAMS 0x000000078a800000, 0x000000078a700000| Complete 
| 168|0x000000078a800000, 0x000000078a900000, 0x000000078a900000|100%| O|  |TAMS 0x000000078a900000, 0x000000078a800000| Untracked 
| 169|0x000000078a900000, 0x000000078aa00000, 0x000000078aa00000|100%| O|  |TAMS 0x000000078aa00000, 0x000000078a900000| Untracked 
| 170|0x000000078aa00000, 0x000000078ab00000, 0x000000078ab00000|100%| O|  |TAMS 0x000000078ab00000, 0x000000078aa00000| Untracked 
| 171|0x000000078ab00000, 0x000000078ac00000, 0x000000078ac00000|100%| O|  |TAMS 0x000000078ac00000, 0x000000078ab00000| Untracked 
| 172|0x000000078ac00000, 0x000000078ad00000, 0x000000078ad00000|100%| O|  |TAMS 0x000000078ad00000, 0x000000078ac00000| Untracked 
| 173|0x000000078ad00000, 0x000000078ae00000, 0x000000078ae00000|100%| O|  |TAMS 0x000000078ae00000, 0x000000078ad00000| Untracked 
| 174|0x000000078ae00000, 0x000000078af00000, 0x000000078af00000|100%| O|  |TAMS 0x000000078af00000, 0x000000078ae00000| Untracked 
| 175|0x000000078af00000, 0x000000078b000000, 0x000000078b000000|100%| O|  |TAMS 0x000000078b000000, 0x000000078af00000| Untracked 
| 176|0x000000078b000000, 0x000000078b000000, 0x000000078b100000|  0%| F|  |TAMS 0x000000078b000000, 0x000000078b000000| Untracked 
| 177|0x000000078b100000, 0x000000078b200000, 0x000000078b200000|100%| O|  |TAMS 0x000000078b200000, 0x000000078b100000| Untracked 
| 178|0x000000078b200000, 0x000000078b300000, 0x000000078b300000|100%| O|  |TAMS 0x000000078b300000, 0x000000078b200000| Untracked 
| 179|0x000000078b300000, 0x000000078b400000, 0x000000078b400000|100%| O|  |TAMS 0x000000078b400000, 0x000000078b300000| Untracked 
| 180|0x000000078b400000, 0x000000078b500000, 0x000000078b500000|100%| O|  |TAMS 0x000000078b500000, 0x000000078b400000| Untracked 
| 181|0x000000078b500000, 0x000000078b500000, 0x000000078b600000|  0%| F|  |TAMS 0x000000078b500000, 0x000000078b500000| Untracked 
| 182|0x000000078b600000, 0x000000078b700000, 0x000000078b700000|100%| O|  |TAMS 0x000000078b700000, 0x000000078b600000| Untracked 
| 183|0x000000078b700000, 0x000000078b800000, 0x000000078b800000|100%|HS|  |TAMS 0x000000078b800000, 0x000000078b700000| Complete 
| 184|0x000000078b800000, 0x000000078b900000, 0x000000078b900000|100%|HC|  |TAMS 0x000000078b900000, 0x000000078b800000| Complete 
| 185|0x000000078b900000, 0x000000078ba00000, 0x000000078ba00000|100%| O|  |TAMS 0x000000078ba00000, 0x000000078b900000| Untracked 
| 186|0x000000078ba00000, 0x000000078ba00000, 0x000000078bb00000|  0%| F|  |TAMS 0x000000078ba00000, 0x000000078ba00000| Untracked 
| 187|0x000000078bb00000, 0x000000078bc00000, 0x000000078bc00000|100%| O|  |TAMS 0x000000078bc00000, 0x000000078bb00000| Untracked 
| 188|0x000000078bc00000, 0x000000078bc00000, 0x000000078bd00000|  0%| F|  |TAMS 0x000000078bc00000, 0x000000078bc00000| Untracked 
| 189|0x000000078bd00000, 0x000000078bd00000, 0x000000078be00000|  0%| F|  |TAMS 0x000000078bd00000, 0x000000078bd00000| Untracked 
| 190|0x000000078be00000, 0x000000078bf00000, 0x000000078bf00000|100%| O|  |TAMS 0x000000078bf00000, 0x000000078be00000| Untracked 
| 191|0x000000078bf00000, 0x000000078c000000, 0x000000078c000000|100%| O|  |TAMS 0x000000078c000000, 0x000000078bf00000| Untracked 
| 192|0x000000078c000000, 0x000000078c100000, 0x000000078c100000|100%|HS|  |TAMS 0x000000078c100000, 0x000000078c000000| Complete 
| 193|0x000000078c100000, 0x000000078c200000, 0x000000078c200000|100%|HC|  |TAMS 0x000000078c200000, 0x000000078c100000| Complete 
| 194|0x000000078c200000, 0x000000078c300000, 0x000000078c300000|100%| O|  |TAMS 0x000000078c300000, 0x000000078c200000| Untracked 
| 195|0x000000078c300000, 0x000000078c400000, 0x000000078c400000|100%| O|  |TAMS 0x000000078c400000, 0x000000078c300000| Untracked 
| 196|0x000000078c400000, 0x000000078c500000, 0x000000078c500000|100%| O|  |TAMS 0x000000078c500000, 0x000000078c400000| Untracked 
| 197|0x000000078c500000, 0x000000078c600000, 0x000000078c600000|100%| O|  |TAMS 0x000000078c600000, 0x000000078c500000| Untracked 
| 198|0x000000078c600000, 0x000000078c600000, 0x000000078c700000|  0%| F|  |TAMS 0x000000078c600000, 0x000000078c600000| Untracked 
| 199|0x000000078c700000, 0x000000078c800000, 0x000000078c800000|100%| O|  |TAMS 0x000000078c800000, 0x000000078c700000| Untracked 
| 200|0x000000078c800000, 0x000000078c900000, 0x000000078c900000|100%| O|  |TAMS 0x000000078c900000, 0x000000078c800000| Untracked 
| 201|0x000000078c900000, 0x000000078ca00000, 0x000000078ca00000|100%| O|  |TAMS 0x000000078ca00000, 0x000000078c900000| Untracked 
| 202|0x000000078ca00000, 0x000000078cb00000, 0x000000078cb00000|100%| O|  |TAMS 0x000000078cb00000, 0x000000078ca00000| Untracked 
| 203|0x000000078cb00000, 0x000000078cc00000, 0x000000078cc00000|100%| O|  |TAMS 0x000000078cc00000, 0x000000078cb00000| Untracked 
| 204|0x000000078cc00000, 0x000000078cd00000, 0x000000078cd00000|100%| O|  |TAMS 0x000000078cd00000, 0x000000078cc00000| Untracked 
| 205|0x000000078cd00000, 0x000000078ce00000, 0x000000078ce00000|100%| O|  |TAMS 0x000000078ce00000, 0x000000078cd00000| Untracked 
| 206|0x000000078ce00000, 0x000000078cf00000, 0x000000078cf00000|100%| O|  |TAMS 0x000000078cf00000, 0x000000078ce00000| Untracked 
| 207|0x000000078cf00000, 0x000000078d000000, 0x000000078d000000|100%| O|  |TAMS 0x000000078d000000, 0x000000078cf00000| Untracked 
| 208|0x000000078d000000, 0x000000078d100000, 0x000000078d100000|100%| O|  |TAMS 0x000000078d100000, 0x000000078d000000| Untracked 
| 209|0x000000078d100000, 0x000000078d200000, 0x000000078d200000|100%| O|  |TAMS 0x000000078d200000, 0x000000078d100000| Untracked 
| 210|0x000000078d200000, 0x000000078d300000, 0x000000078d300000|100%| O|  |TAMS 0x000000078d300000, 0x000000078d200000| Untracked 
| 211|0x000000078d300000, 0x000000078d400000, 0x000000078d400000|100%| O|  |TAMS 0x000000078d400000, 0x000000078d300000| Untracked 
| 212|0x000000078d400000, 0x000000078d500000, 0x000000078d500000|100%| O|  |TAMS 0x000000078d500000, 0x000000078d400000| Untracked 
| 213|0x000000078d500000, 0x000000078d600000, 0x000000078d600000|100%| O|  |TAMS 0x000000078d600000, 0x000000078d500000| Untracked 
| 214|0x000000078d600000, 0x000000078d700000, 0x000000078d700000|100%| O|  |TAMS 0x000000078d700000, 0x000000078d600000| Untracked 
| 215|0x000000078d700000, 0x000000078d800000, 0x000000078d800000|100%| O|  |TAMS 0x000000078d800000, 0x000000078d700000| Untracked 
| 216|0x000000078d800000, 0x000000078d900000, 0x000000078d900000|100%| O|  |TAMS 0x000000078d900000, 0x000000078d800000| Untracked 
| 217|0x000000078d900000, 0x000000078da00000, 0x000000078da00000|100%| O|  |TAMS 0x000000078da00000, 0x000000078d900000| Untracked 
| 218|0x000000078da00000, 0x000000078db00000, 0x000000078db00000|100%| O|  |TAMS 0x000000078db00000, 0x000000078da00000| Untracked 
| 219|0x000000078db00000, 0x000000078dc00000, 0x000000078dc00000|100%| O|  |TAMS 0x000000078dc00000, 0x000000078db00000| Untracked 
| 220|0x000000078dc00000, 0x000000078dd00000, 0x000000078dd00000|100%| O|  |TAMS 0x000000078dd00000, 0x000000078dc00000| Untracked 
| 221|0x000000078dd00000, 0x000000078de00000, 0x000000078de00000|100%| O|  |TAMS 0x000000078de00000, 0x000000078dd00000| Untracked 
| 222|0x000000078de00000, 0x000000078df00000, 0x000000078df00000|100%| O|  |TAMS 0x000000078df00000, 0x000000078de00000| Untracked 
| 223|0x000000078df00000, 0x000000078e000000, 0x000000078e000000|100%| O|  |TAMS 0x000000078e000000, 0x000000078df00000| Untracked 
| 224|0x000000078e000000, 0x000000078e100000, 0x000000078e100000|100%| O|  |TAMS 0x000000078e100000, 0x000000078e000000| Untracked 
| 225|0x000000078e100000, 0x000000078e200000, 0x000000078e200000|100%| O|  |TAMS 0x000000078e200000, 0x000000078e100000| Untracked 
| 226|0x000000078e200000, 0x000000078e300000, 0x000000078e300000|100%| O|  |TAMS 0x000000078e300000, 0x000000078e200000| Untracked 
| 227|0x000000078e300000, 0x000000078e400000, 0x000000078e400000|100%| O|  |TAMS 0x000000078e400000, 0x000000078e300000| Untracked 
| 228|0x000000078e400000, 0x000000078e500000, 0x000000078e500000|100%| O|  |TAMS 0x000000078e500000, 0x000000078e400000| Untracked 
| 229|0x000000078e500000, 0x000000078e600000, 0x000000078e600000|100%| O|  |TAMS 0x000000078e600000, 0x000000078e500000| Untracked 
| 230|0x000000078e600000, 0x000000078e700000, 0x000000078e700000|100%| O|  |TAMS 0x000000078e700000, 0x000000078e600000| Untracked 
| 231|0x000000078e700000, 0x000000078e800000, 0x000000078e800000|100%| O|  |TAMS 0x000000078e800000, 0x000000078e700000| Untracked 
| 232|0x000000078e800000, 0x000000078e900000, 0x000000078e900000|100%| O|  |TAMS 0x000000078e900000, 0x000000078e800000| Untracked 
| 233|0x000000078e900000, 0x000000078ea00000, 0x000000078ea00000|100%| O|  |TAMS 0x000000078ea00000, 0x000000078e900000| Untracked 
| 234|0x000000078ea00000, 0x000000078eb00000, 0x000000078eb00000|100%| O|  |TAMS 0x000000078eb00000, 0x000000078ea00000| Untracked 
| 235|0x000000078eb00000, 0x000000078ec00000, 0x000000078ec00000|100%| O|  |TAMS 0x000000078ec00000, 0x000000078eb00000| Untracked 
| 236|0x000000078ec00000, 0x000000078ed00000, 0x000000078ed00000|100%| O|  |TAMS 0x000000078ed00000, 0x000000078ec00000| Untracked 
| 237|0x000000078ed00000, 0x000000078ee00000, 0x000000078ee00000|100%| O|  |TAMS 0x000000078ee00000, 0x000000078ed00000| Untracked 
| 238|0x000000078ee00000, 0x000000078ef00000, 0x000000078ef00000|100%| O|  |TAMS 0x000000078ef00000, 0x000000078ee00000| Untracked 
| 239|0x000000078ef00000, 0x000000078f000000, 0x000000078f000000|100%| O|  |TAMS 0x000000078f000000, 0x000000078ef00000| Untracked 
| 240|0x000000078f000000, 0x000000078f100000, 0x000000078f100000|100%| O|  |TAMS 0x000000078f100000, 0x000000078f000000| Untracked 
| 241|0x000000078f100000, 0x000000078f200000, 0x000000078f200000|100%| O|  |TAMS 0x000000078f200000, 0x000000078f100000| Untracked 
| 242|0x000000078f200000, 0x000000078f300000, 0x000000078f300000|100%| O|  |TAMS 0x000000078f300000, 0x000000078f200000| Untracked 
| 243|0x000000078f300000, 0x000000078f400000, 0x000000078f400000|100%| O|  |TAMS 0x000000078f400000, 0x000000078f300000| Untracked 
| 244|0x000000078f400000, 0x000000078f500000, 0x000000078f500000|100%| O|  |TAMS 0x000000078f500000, 0x000000078f400000| Untracked 
| 245|0x000000078f500000, 0x000000078f600000, 0x000000078f600000|100%| O|  |TAMS 0x000000078f600000, 0x000000078f500000| Untracked 
| 246|0x000000078f600000, 0x000000078f700000, 0x000000078f700000|100%| O|  |TAMS 0x000000078f700000, 0x000000078f600000| Untracked 
| 247|0x000000078f700000, 0x000000078f800000, 0x000000078f800000|100%| O|  |TAMS 0x000000078f800000, 0x000000078f700000| Untracked 
| 248|0x000000078f800000, 0x000000078f900000, 0x000000078f900000|100%| O|  |TAMS 0x000000078f900000, 0x000000078f800000| Untracked 
| 249|0x000000078f900000, 0x000000078fa00000, 0x000000078fa00000|100%| O|  |TAMS 0x000000078fa00000, 0x000000078f900000| Untracked 
| 250|0x000000078fa00000, 0x000000078fb00000, 0x000000078fb00000|100%| O|  |TAMS 0x000000078fb00000, 0x000000078fa00000| Untracked 
| 251|0x000000078fb00000, 0x000000078fc00000, 0x000000078fc00000|100%| O|  |TAMS 0x000000078fc00000, 0x000000078fb00000| Untracked 
| 252|0x000000078fc00000, 0x000000078fd00000, 0x000000078fd00000|100%|HS|  |TAMS 0x000000078fd00000, 0x000000078fc00000| Complete 
| 253|0x000000078fd00000, 0x000000078fe00000, 0x000000078fe00000|100%|HC|  |TAMS 0x000000078fe00000, 0x000000078fd00000| Complete 
| 254|0x000000078fe00000, 0x000000078ff00000, 0x000000078ff00000|100%| O|  |TAMS 0x000000078ff00000, 0x000000078fe00000| Untracked 
| 255|0x000000078ff00000, 0x0000000790000000, 0x0000000790000000|100%| O|  |TAMS 0x0000000790000000, 0x000000078ff00000| Untracked 
| 256|0x0000000790000000, 0x0000000790100000, 0x0000000790100000|100%| O|  |TAMS 0x0000000790100000, 0x0000000790000000| Untracked 
| 257|0x0000000790100000, 0x0000000790200000, 0x0000000790200000|100%|HS|  |TAMS 0x0000000790200000, 0x0000000790100000| Complete 
| 258|0x0000000790200000, 0x0000000790300000, 0x0000000790300000|100%|HC|  |TAMS 0x0000000790300000, 0x0000000790200000| Complete 
| 259|0x0000000790300000, 0x0000000790400000, 0x0000000790400000|100%|HS|  |TAMS 0x0000000790300000, 0x0000000790300000| Complete 
| 260|0x0000000790400000, 0x0000000790500000, 0x0000000790500000|100%|HS|  |TAMS 0x0000000790400000, 0x0000000790400000| Complete 
| 261|0x0000000790500000, 0x0000000790600000, 0x0000000790600000|100%|HS|  |TAMS 0x0000000790600000, 0x0000000790500000| Complete 
| 262|0x0000000790600000, 0x0000000790700000, 0x0000000790700000|100%|HC|  |TAMS 0x0000000790700000, 0x0000000790600000| Complete 
| 263|0x0000000790700000, 0x0000000790800000, 0x0000000790800000|100%| O|  |TAMS 0x0000000790800000, 0x0000000790700000| Untracked 
| 264|0x0000000790800000, 0x0000000790900000, 0x0000000790900000|100%| O|  |TAMS 0x0000000790900000, 0x0000000790800000| Untracked 
| 265|0x0000000790900000, 0x0000000790a00000, 0x0000000790a00000|100%| O|  |TAMS 0x0000000790a00000, 0x0000000790900000| Untracked 
| 266|0x0000000790a00000, 0x0000000790b00000, 0x0000000790b00000|100%| O|  |TAMS 0x0000000790b00000, 0x0000000790a00000| Untracked 
| 267|0x0000000790b00000, 0x0000000790c00000, 0x0000000790c00000|100%| O|  |TAMS 0x0000000790c00000, 0x0000000790b00000| Untracked 
| 268|0x0000000790c00000, 0x0000000790d00000, 0x0000000790d00000|100%| O|  |TAMS 0x0000000790d00000, 0x0000000790c00000| Untracked 
| 269|0x0000000790d00000, 0x0000000790e00000, 0x0000000790e00000|100%| O|  |TAMS 0x0000000790e00000, 0x0000000790d00000| Untracked 
| 270|0x0000000790e00000, 0x0000000790f00000, 0x0000000790f00000|100%| O|  |TAMS 0x0000000790f00000, 0x0000000790e00000| Untracked 
| 271|0x0000000790f00000, 0x0000000791000000, 0x0000000791000000|100%| O|  |TAMS 0x0000000791000000, 0x0000000790f00000| Untracked 
| 272|0x0000000791000000, 0x0000000791100000, 0x0000000791100000|100%| O|  |TAMS 0x0000000791100000, 0x0000000791000000| Untracked 
| 273|0x0000000791100000, 0x0000000791100000, 0x0000000791200000|  0%| F|  |TAMS 0x0000000791100000, 0x0000000791100000| Untracked 
| 274|0x0000000791200000, 0x0000000791300000, 0x0000000791300000|100%|HS|  |TAMS 0x0000000791200000, 0x0000000791200000| Complete 
| 275|0x0000000791300000, 0x0000000791400000, 0x0000000791400000|100%|HC|  |TAMS 0x0000000791300000, 0x0000000791300000| Complete 
| 276|0x0000000791400000, 0x0000000791500000, 0x0000000791500000|100%| O|  |TAMS 0x0000000791400000, 0x0000000791400000| Untracked 
| 277|0x0000000791500000, 0x0000000791600000, 0x0000000791600000|100%| O|  |TAMS 0x0000000791500000, 0x0000000791500000| Untracked 
| 278|0x0000000791600000, 0x0000000791700000, 0x0000000791700000|100%| O|  |TAMS 0x0000000791700000, 0x0000000791600000| Untracked 
| 279|0x0000000791700000, 0x0000000791800000, 0x0000000791800000|100%| O|  |TAMS 0x0000000791800000, 0x0000000791700000| Untracked 
| 280|0x0000000791800000, 0x0000000791900000, 0x0000000791900000|100%| O|  |TAMS 0x0000000791900000, 0x0000000791800000| Untracked 
| 281|0x0000000791900000, 0x0000000791a00000, 0x0000000791a00000|100%| O|  |TAMS 0x0000000791a00000, 0x0000000791900000| Untracked 
| 282|0x0000000791a00000, 0x0000000791b00000, 0x0000000791b00000|100%| O|  |TAMS 0x0000000791b00000, 0x0000000791a00000| Untracked 
| 283|0x0000000791b00000, 0x0000000791c00000, 0x0000000791c00000|100%| O|  |TAMS 0x0000000791c00000, 0x0000000791b00000| Untracked 
| 284|0x0000000791c00000, 0x0000000791d00000, 0x0000000791d00000|100%| O|  |TAMS 0x0000000791d00000, 0x0000000791c00000| Untracked 
| 285|0x0000000791d00000, 0x0000000791e00000, 0x0000000791e00000|100%| O|  |TAMS 0x0000000791e00000, 0x0000000791d00000| Untracked 
| 286|0x0000000791e00000, 0x0000000791f00000, 0x0000000791f00000|100%| O|  |TAMS 0x0000000791f00000, 0x0000000791e00000| Untracked 
| 287|0x0000000791f00000, 0x0000000792000000, 0x0000000792000000|100%| O|  |TAMS 0x0000000792000000, 0x0000000791f00000| Untracked 
| 288|0x0000000792000000, 0x0000000792100000, 0x0000000792100000|100%| O|  |TAMS 0x0000000792100000, 0x0000000792000000| Untracked 
| 289|0x0000000792100000, 0x0000000792200000, 0x0000000792200000|100%| O|  |TAMS 0x0000000792200000, 0x0000000792100000| Untracked 
| 290|0x0000000792200000, 0x0000000792300000, 0x0000000792300000|100%| O|  |TAMS 0x0000000792300000, 0x0000000792200000| Untracked 
| 291|0x0000000792300000, 0x0000000792400000, 0x0000000792400000|100%|HS|  |TAMS 0x0000000792300000, 0x0000000792300000| Complete 
| 292|0x0000000792400000, 0x0000000792500000, 0x0000000792500000|100%| O|  |TAMS 0x0000000792500000, 0x0000000792400000| Untracked 
| 293|0x0000000792500000, 0x0000000792600000, 0x0000000792600000|100%| O|  |TAMS 0x0000000792600000, 0x0000000792500000| Untracked 
| 294|0x0000000792600000, 0x0000000792700000, 0x0000000792700000|100%| O|  |TAMS 0x0000000792700000, 0x0000000792600000| Untracked 
| 295|0x0000000792700000, 0x0000000792800000, 0x0000000792800000|100%| O|  |TAMS 0x0000000792800000, 0x0000000792700000| Untracked 
| 296|0x0000000792800000, 0x0000000792900000, 0x0000000792900000|100%| O|  |TAMS 0x0000000792900000, 0x0000000792800000| Untracked 
| 297|0x0000000792900000, 0x0000000792a00000, 0x0000000792a00000|100%| O|  |TAMS 0x0000000792a00000, 0x0000000792900000| Untracked 
| 298|0x0000000792a00000, 0x0000000792b00000, 0x0000000792b00000|100%| O|  |TAMS 0x0000000792b00000, 0x0000000792a00000| Untracked 
| 299|0x0000000792b00000, 0x0000000792c00000, 0x0000000792c00000|100%| O|  |TAMS 0x0000000792c00000, 0x0000000792b00000| Untracked 
| 300|0x0000000792c00000, 0x0000000792d00000, 0x0000000792d00000|100%| O|  |TAMS 0x0000000792c00000, 0x0000000792c00000| Untracked 
| 301|0x0000000792d00000, 0x0000000792e00000, 0x0000000792e00000|100%| O|  |TAMS 0x0000000792e00000, 0x0000000792d00000| Untracked 
| 302|0x0000000792e00000, 0x0000000792f00000, 0x0000000792f00000|100%| O|  |TAMS 0x0000000792f00000, 0x0000000792e00000| Untracked 
| 303|0x0000000792f00000, 0x0000000792f00000, 0x0000000793000000|  0%| F|  |TAMS 0x0000000792f00000, 0x0000000792f00000| Untracked 
| 304|0x0000000793000000, 0x0000000793100000, 0x0000000793100000|100%| O|  |TAMS 0x0000000793100000, 0x0000000793000000| Untracked 
| 305|0x0000000793100000, 0x0000000793200000, 0x0000000793200000|100%| O|  |TAMS 0x0000000793200000, 0x0000000793100000| Untracked 
| 306|0x0000000793200000, 0x0000000793300000, 0x0000000793300000|100%| O|  |TAMS 0x0000000793300000, 0x0000000793200000| Untracked 
| 307|0x0000000793300000, 0x0000000793400000, 0x0000000793400000|100%| O|  |TAMS 0x0000000793400000, 0x0000000793300000| Untracked 
| 308|0x0000000793400000, 0x0000000793500000, 0x0000000793500000|100%| O|  |TAMS 0x0000000793500000, 0x0000000793400000| Untracked 
| 309|0x0000000793500000, 0x0000000793600000, 0x0000000793600000|100%| O|  |TAMS 0x0000000793600000, 0x0000000793500000| Untracked 
| 310|0x0000000793600000, 0x0000000793700000, 0x0000000793700000|100%| O|  |TAMS 0x0000000793700000, 0x0000000793600000| Untracked 
| 311|0x0000000793700000, 0x0000000793800000, 0x0000000793800000|100%| O|  |TAMS 0x0000000793800000, 0x0000000793700000| Untracked 
| 312|0x0000000793800000, 0x0000000793900000, 0x0000000793900000|100%| O|  |TAMS 0x0000000793900000, 0x0000000793800000| Untracked 
| 313|0x0000000793900000, 0x0000000793a00000, 0x0000000793a00000|100%| O|  |TAMS 0x0000000793a00000, 0x0000000793900000| Untracked 
| 314|0x0000000793a00000, 0x0000000793b00000, 0x0000000793b00000|100%| O|  |TAMS 0x0000000793b00000, 0x0000000793a00000| Untracked 
| 315|0x0000000793b00000, 0x0000000793c00000, 0x0000000793c00000|100%| O|  |TAMS 0x0000000793c00000, 0x0000000793b00000| Untracked 
| 316|0x0000000793c00000, 0x0000000793d00000, 0x0000000793d00000|100%| O|  |TAMS 0x0000000793d00000, 0x0000000793c00000| Untracked 
| 317|0x0000000793d00000, 0x0000000793e00000, 0x0000000793e00000|100%| O|  |TAMS 0x0000000793e00000, 0x0000000793d00000| Untracked 
| 318|0x0000000793e00000, 0x0000000793f00000, 0x0000000793f00000|100%| O|  |TAMS 0x0000000793f00000, 0x0000000793e00000| Untracked 
| 319|0x0000000793f00000, 0x0000000793f00000, 0x0000000794000000|  0%| F|  |TAMS 0x0000000793f00000, 0x0000000793f00000| Untracked 
| 320|0x0000000794000000, 0x0000000794100000, 0x0000000794100000|100%| O|  |TAMS 0x0000000794100000, 0x0000000794000000| Untracked 
| 321|0x0000000794100000, 0x0000000794200000, 0x0000000794200000|100%| O|  |TAMS 0x0000000794100000, 0x0000000794100000| Untracked 
| 322|0x0000000794200000, 0x0000000794300000, 0x0000000794300000|100%| O|  |TAMS 0x0000000794300000, 0x0000000794200000| Untracked 
| 323|0x0000000794300000, 0x0000000794400000, 0x0000000794400000|100%| O|  |TAMS 0x0000000794400000, 0x0000000794300000| Untracked 
| 324|0x0000000794400000, 0x0000000794500000, 0x0000000794500000|100%| O|  |TAMS 0x0000000794500000, 0x0000000794400000| Untracked 
| 325|0x0000000794500000, 0x0000000794600000, 0x0000000794600000|100%| O|  |TAMS 0x0000000794600000, 0x0000000794500000| Untracked 
| 326|0x0000000794600000, 0x0000000794700000, 0x0000000794700000|100%| O|  |TAMS 0x0000000794700000, 0x0000000794600000| Untracked 
| 327|0x0000000794700000, 0x0000000794800000, 0x0000000794800000|100%| O|  |TAMS 0x0000000794800000, 0x0000000794700000| Untracked 
| 328|0x0000000794800000, 0x0000000794900000, 0x0000000794900000|100%| O|  |TAMS 0x0000000794900000, 0x0000000794800000| Untracked 
| 329|0x0000000794900000, 0x0000000794a00000, 0x0000000794a00000|100%| O|  |TAMS 0x0000000794a00000, 0x0000000794900000| Untracked 
| 330|0x0000000794a00000, 0x0000000794b00000, 0x0000000794b00000|100%| O|  |TAMS 0x0000000794b00000, 0x0000000794a00000| Untracked 
| 331|0x0000000794b00000, 0x0000000794c00000, 0x0000000794c00000|100%| O|  |TAMS 0x0000000794c00000, 0x0000000794b00000| Untracked 
| 332|0x0000000794c00000, 0x0000000794d00000, 0x0000000794d00000|100%| O|  |TAMS 0x0000000794d00000, 0x0000000794c00000| Untracked 
| 333|0x0000000794d00000, 0x0000000794e00000, 0x0000000794e00000|100%| O|  |TAMS 0x0000000794e00000, 0x0000000794d00000| Untracked 
| 334|0x0000000794e00000, 0x0000000794f00000, 0x0000000794f00000|100%| O|  |TAMS 0x0000000794f00000, 0x0000000794e00000| Untracked 
| 335|0x0000000794f00000, 0x0000000795000000, 0x0000000795000000|100%| O|  |TAMS 0x0000000795000000, 0x0000000794f00000| Untracked 
| 336|0x0000000795000000, 0x0000000795100000, 0x0000000795100000|100%| O|  |TAMS 0x0000000795100000, 0x0000000795000000| Untracked 
| 337|0x0000000795100000, 0x0000000795200000, 0x0000000795200000|100%| O|  |TAMS 0x0000000795100000, 0x0000000795100000| Untracked 
| 338|0x0000000795200000, 0x0000000795300000, 0x0000000795300000|100%| O|  |TAMS 0x0000000795300000, 0x0000000795200000| Untracked 
| 339|0x0000000795300000, 0x0000000795400000, 0x0000000795400000|100%| O|  |TAMS 0x0000000795400000, 0x0000000795300000| Untracked 
| 340|0x0000000795400000, 0x0000000795500000, 0x0000000795500000|100%| O|  |TAMS 0x0000000795500000, 0x0000000795400000| Untracked 
| 341|0x0000000795500000, 0x0000000795500000, 0x0000000795600000|  0%| F|  |TAMS 0x0000000795500000, 0x0000000795500000| Untracked 
| 342|0x0000000795600000, 0x0000000795700000, 0x0000000795700000|100%| O|  |TAMS 0x0000000795700000, 0x0000000795600000| Untracked 
| 343|0x0000000795700000, 0x0000000795800000, 0x0000000795800000|100%| O|  |TAMS 0x0000000795800000, 0x0000000795700000| Untracked 
| 344|0x0000000795800000, 0x0000000795900000, 0x0000000795900000|100%| O|  |TAMS 0x0000000795800000, 0x0000000795800000| Untracked 
| 345|0x0000000795900000, 0x0000000795a00000, 0x0000000795a00000|100%| O|  |TAMS 0x0000000795a00000, 0x0000000795900000| Untracked 
| 346|0x0000000795a00000, 0x0000000795b00000, 0x0000000795b00000|100%| O|  |TAMS 0x0000000795b00000, 0x0000000795a00000| Untracked 
| 347|0x0000000795b00000, 0x0000000795c00000, 0x0000000795c00000|100%| O|  |TAMS 0x0000000795c00000, 0x0000000795b00000| Untracked 
| 348|0x0000000795c00000, 0x0000000795d00000, 0x0000000795d00000|100%| O|  |TAMS 0x0000000795d00000, 0x0000000795c00000| Untracked 
| 349|0x0000000795d00000, 0x0000000795e00000, 0x0000000795e00000|100%| O|  |TAMS 0x0000000795e00000, 0x0000000795d00000| Untracked 
| 350|0x0000000795e00000, 0x0000000795f00000, 0x0000000795f00000|100%| O|  |TAMS 0x0000000795f00000, 0x0000000795e00000| Untracked 
| 351|0x0000000795f00000, 0x0000000796000000, 0x0000000796000000|100%| O|  |TAMS 0x0000000796000000, 0x0000000795f00000| Untracked 
| 352|0x0000000796000000, 0x0000000796100000, 0x0000000796100000|100%| O|  |TAMS 0x0000000796100000, 0x0000000796000000| Untracked 
| 353|0x0000000796100000, 0x0000000796200000, 0x0000000796200000|100%| O|  |TAMS 0x0000000796200000, 0x0000000796100000| Untracked 
| 354|0x0000000796200000, 0x0000000796300000, 0x0000000796300000|100%| O|  |TAMS 0x0000000796300000, 0x0000000796200000| Untracked 
| 355|0x0000000796300000, 0x0000000796400000, 0x0000000796400000|100%| O|  |TAMS 0x0000000796400000, 0x0000000796300000| Untracked 
| 356|0x0000000796400000, 0x0000000796500000, 0x0000000796500000|100%| O|  |TAMS 0x0000000796500000, 0x0000000796400000| Untracked 
| 357|0x0000000796500000, 0x0000000796600000, 0x0000000796600000|100%| O|  |TAMS 0x0000000796600000, 0x0000000796500000| Untracked 
| 358|0x0000000796600000, 0x0000000796700000, 0x0000000796700000|100%| O|  |TAMS 0x0000000796700000, 0x0000000796600000| Untracked 
| 359|0x0000000796700000, 0x0000000796800000, 0x0000000796800000|100%| O|  |TAMS 0x0000000796800000, 0x0000000796700000| Untracked 
| 360|0x0000000796800000, 0x0000000796900000, 0x0000000796900000|100%| O|  |TAMS 0x0000000796900000, 0x0000000796800000| Untracked 
| 361|0x0000000796900000, 0x0000000796900000, 0x0000000796a00000|  0%| F|  |TAMS 0x0000000796900000, 0x0000000796900000| Untracked 
| 362|0x0000000796a00000, 0x0000000796b00000, 0x0000000796b00000|100%| O|  |TAMS 0x0000000796b00000, 0x0000000796a00000| Untracked 
| 363|0x0000000796b00000, 0x0000000796c00000, 0x0000000796c00000|100%| O|  |TAMS 0x0000000796c00000, 0x0000000796b00000| Untracked 
| 364|0x0000000796c00000, 0x0000000796d00000, 0x0000000796d00000|100%| O|  |TAMS 0x0000000796c00000, 0x0000000796c00000| Untracked 
| 365|0x0000000796d00000, 0x0000000796e00000, 0x0000000796e00000|100%| O|  |TAMS 0x0000000796e00000, 0x0000000796d00000| Untracked 
| 366|0x0000000796e00000, 0x0000000796f00000, 0x0000000796f00000|100%| O|  |TAMS 0x0000000796f00000, 0x0000000796e00000| Untracked 
| 367|0x0000000796f00000, 0x0000000797000000, 0x0000000797000000|100%| O|  |TAMS 0x0000000797000000, 0x0000000796f00000| Untracked 
| 368|0x0000000797000000, 0x0000000797100000, 0x0000000797100000|100%| O|  |TAMS 0x0000000797100000, 0x0000000797000000| Untracked 
| 369|0x0000000797100000, 0x0000000797100000, 0x0000000797200000|  0%| F|  |TAMS 0x0000000797100000, 0x0000000797100000| Untracked 
| 370|0x0000000797200000, 0x0000000797300000, 0x0000000797300000|100%| O|  |TAMS 0x0000000797200000, 0x0000000797200000| Untracked 
| 371|0x0000000797300000, 0x0000000797400000, 0x0000000797400000|100%| O|  |TAMS 0x0000000797300000, 0x0000000797300000| Untracked 
| 372|0x0000000797400000, 0x0000000797500000, 0x0000000797500000|100%| O|  |TAMS 0x0000000797500000, 0x0000000797400000| Untracked 
| 373|0x0000000797500000, 0x0000000797600000, 0x0000000797600000|100%| O|  |TAMS 0x0000000797600000, 0x0000000797500000| Untracked 
| 374|0x0000000797600000, 0x0000000797700000, 0x0000000797700000|100%| O|  |TAMS 0x0000000797700000, 0x0000000797600000| Untracked 
| 375|0x0000000797700000, 0x0000000797700000, 0x0000000797800000|  0%| F|  |TAMS 0x0000000797700000, 0x0000000797700000| Untracked 
| 376|0x0000000797800000, 0x0000000797800000, 0x0000000797900000|  0%| F|  |TAMS 0x0000000797800000, 0x0000000797800000| Untracked 
| 377|0x0000000797900000, 0x0000000797a00000, 0x0000000797a00000|100%| O|  |TAMS 0x0000000797900000, 0x0000000797900000| Untracked 
| 378|0x0000000797a00000, 0x0000000797b00000, 0x0000000797b00000|100%| O|  |TAMS 0x0000000797b00000, 0x0000000797a00000| Untracked 
| 379|0x0000000797b00000, 0x0000000797c00000, 0x0000000797c00000|100%| O|  |TAMS 0x0000000797c00000, 0x0000000797b00000| Untracked 
| 380|0x0000000797c00000, 0x0000000797c00000, 0x0000000797d00000|  0%| F|  |TAMS 0x0000000797c00000, 0x0000000797c00000| Untracked 
| 381|0x0000000797d00000, 0x0000000797d00000, 0x0000000797e00000|  0%| F|  |TAMS 0x0000000797d00000, 0x0000000797d00000| Untracked 
| 382|0x0000000797e00000, 0x0000000797f00000, 0x0000000797f00000|100%| O|  |TAMS 0x0000000797f00000, 0x0000000797e00000| Untracked 
| 383|0x0000000797f00000, 0x0000000798000000, 0x0000000798000000|100%| O|  |TAMS 0x0000000798000000, 0x0000000797f00000| Untracked 
| 384|0x0000000798000000, 0x0000000798100000, 0x0000000798100000|100%| O|  |TAMS 0x0000000798100000, 0x0000000798000000| Untracked 
| 385|0x0000000798100000, 0x0000000798200000, 0x0000000798200000|100%| O|  |TAMS 0x0000000798200000, 0x0000000798100000| Untracked 
| 386|0x0000000798200000, 0x0000000798300000, 0x0000000798300000|100%| O|  |TAMS 0x0000000798300000, 0x0000000798200000| Untracked 
| 387|0x0000000798300000, 0x0000000798300000, 0x0000000798400000|  0%| F|  |TAMS 0x0000000798300000, 0x0000000798300000| Untracked 
| 388|0x0000000798400000, 0x0000000798400000, 0x0000000798500000|  0%| F|  |TAMS 0x0000000798400000, 0x0000000798400000| Untracked 
| 389|0x0000000798500000, 0x0000000798500000, 0x0000000798600000|  0%| F|  |TAMS 0x0000000798500000, 0x0000000798500000| Untracked 
| 390|0x0000000798600000, 0x0000000798700000, 0x0000000798700000|100%| O|  |TAMS 0x0000000798600000, 0x0000000798600000| Untracked 
| 391|0x0000000798700000, 0x0000000798800000, 0x0000000798800000|100%| O|  |TAMS 0x0000000798700000, 0x0000000798700000| Untracked 
| 392|0x0000000798800000, 0x0000000798900000, 0x0000000798900000|100%|HS|  |TAMS 0x0000000798800000, 0x0000000798800000| Complete 
| 393|0x0000000798900000, 0x0000000798a00000, 0x0000000798a00000|100%|HC|  |TAMS 0x0000000798900000, 0x0000000798900000| Complete 
| 394|0x0000000798a00000, 0x0000000798b00000, 0x0000000798b00000|100%| O|  |TAMS 0x0000000798a00000, 0x0000000798a00000| Untracked 
| 395|0x0000000798b00000, 0x0000000798c00000, 0x0000000798c00000|100%| O|  |TAMS 0x0000000798c00000, 0x0000000798b00000| Untracked 
| 396|0x0000000798c00000, 0x0000000798d00000, 0x0000000798d00000|100%| O|  |TAMS 0x0000000798d00000, 0x0000000798c00000| Untracked 
| 397|0x0000000798d00000, 0x0000000798e00000, 0x0000000798e00000|100%| O|  |TAMS 0x0000000798e00000, 0x0000000798d00000| Untracked 
| 398|0x0000000798e00000, 0x0000000798f00000, 0x0000000798f00000|100%| O|  |TAMS 0x0000000798f00000, 0x0000000798e00000| Untracked 
| 399|0x0000000798f00000, 0x0000000799000000, 0x0000000799000000|100%| O|  |TAMS 0x0000000799000000, 0x0000000798f00000| Untracked 
| 400|0x0000000799000000, 0x0000000799100000, 0x0000000799100000|100%| O|  |TAMS 0x0000000799100000, 0x0000000799000000| Untracked 
| 401|0x0000000799100000, 0x0000000799200000, 0x0000000799200000|100%| O|  |TAMS 0x0000000799200000, 0x0000000799100000| Untracked 
| 402|0x0000000799200000, 0x0000000799300000, 0x0000000799300000|100%| O|  |TAMS 0x0000000799300000, 0x0000000799200000| Untracked 
| 403|0x0000000799300000, 0x0000000799400000, 0x0000000799400000|100%| O|  |TAMS 0x0000000799400000, 0x0000000799300000| Untracked 
| 404|0x0000000799400000, 0x0000000799500000, 0x0000000799500000|100%| O|  |TAMS 0x0000000799500000, 0x0000000799400000| Untracked 
| 405|0x0000000799500000, 0x0000000799600000, 0x0000000799600000|100%| O|  |TAMS 0x0000000799600000, 0x0000000799500000| Untracked 
| 406|0x0000000799600000, 0x0000000799700000, 0x0000000799700000|100%| O|  |TAMS 0x0000000799700000, 0x0000000799600000| Untracked 
| 407|0x0000000799700000, 0x0000000799800000, 0x0000000799800000|100%| O|  |TAMS 0x0000000799800000, 0x0000000799700000| Untracked 
| 408|0x0000000799800000, 0x0000000799900000, 0x0000000799900000|100%| O|  |TAMS 0x0000000799900000, 0x0000000799800000| Untracked 
| 409|0x0000000799900000, 0x0000000799a00000, 0x0000000799a00000|100%|HS|  |TAMS 0x0000000799900000, 0x0000000799900000| Complete 
| 410|0x0000000799a00000, 0x0000000799b00000, 0x0000000799b00000|100%|HC|  |TAMS 0x0000000799a00000, 0x0000000799a00000| Complete 
| 411|0x0000000799b00000, 0x0000000799c00000, 0x0000000799c00000|100%|HC|  |TAMS 0x0000000799b00000, 0x0000000799b00000| Complete 
| 412|0x0000000799c00000, 0x0000000799d00000, 0x0000000799d00000|100%|HC|  |TAMS 0x0000000799c00000, 0x0000000799c00000| Complete 
| 413|0x0000000799d00000, 0x0000000799e00000, 0x0000000799e00000|100%|HC|  |TAMS 0x0000000799d00000, 0x0000000799d00000| Complete 
| 414|0x0000000799e00000, 0x0000000799f00000, 0x0000000799f00000|100%|HC|  |TAMS 0x0000000799e00000, 0x0000000799e00000| Complete 
| 415|0x0000000799f00000, 0x000000079a000000, 0x000000079a000000|100%| O|  |TAMS 0x0000000799f00000, 0x0000000799f00000| Untracked 
| 416|0x000000079a000000, 0x000000079a100000, 0x000000079a100000|100%| O|  |TAMS 0x000000079a000000, 0x000000079a000000| Untracked 
| 417|0x000000079a100000, 0x000000079a200000, 0x000000079a200000|100%| O|  |TAMS 0x000000079a100000, 0x000000079a100000| Untracked 
| 418|0x000000079a200000, 0x000000079a300000, 0x000000079a300000|100%| O|  |TAMS 0x000000079a200000, 0x000000079a200000| Untracked 
| 419|0x000000079a300000, 0x000000079a400000, 0x000000079a400000|100%| O|  |TAMS 0x000000079a300000, 0x000000079a300000| Untracked 
| 420|0x000000079a400000, 0x000000079a500000, 0x000000079a500000|100%| O|  |TAMS 0x000000079a400000, 0x000000079a400000| Untracked 
| 421|0x000000079a500000, 0x000000079a600000, 0x000000079a600000|100%| O|  |TAMS 0x000000079a500000, 0x000000079a500000| Untracked 
| 422|0x000000079a600000, 0x000000079a700000, 0x000000079a700000|100%| O|  |TAMS 0x000000079a600000, 0x000000079a600000| Untracked 
| 423|0x000000079a700000, 0x000000079a800000, 0x000000079a800000|100%| O|  |TAMS 0x000000079a700000, 0x000000079a700000| Untracked 
| 424|0x000000079a800000, 0x000000079a900000, 0x000000079a900000|100%| O|  |TAMS 0x000000079a800000, 0x000000079a800000| Untracked 
| 425|0x000000079a900000, 0x000000079aa00000, 0x000000079aa00000|100%| O|  |TAMS 0x000000079a900000, 0x000000079a900000| Untracked 
| 426|0x000000079aa00000, 0x000000079ab00000, 0x000000079ab00000|100%| O|  |TAMS 0x000000079aa00000, 0x000000079aa00000| Untracked 
| 427|0x000000079ab00000, 0x000000079ac00000, 0x000000079ac00000|100%| O|  |TAMS 0x000000079ab00000, 0x000000079ab00000| Untracked 
| 428|0x000000079ac00000, 0x000000079ad00000, 0x000000079ad00000|100%| O|  |TAMS 0x000000079ac00000, 0x000000079ac00000| Untracked 
| 429|0x000000079ad00000, 0x000000079ae00000, 0x000000079ae00000|100%| O|  |TAMS 0x000000079ad00000, 0x000000079ad00000| Untracked 
| 430|0x000000079ae00000, 0x000000079af00000, 0x000000079af00000|100%| O|  |TAMS 0x000000079ae00000, 0x000000079ae00000| Untracked 
| 431|0x000000079af00000, 0x000000079b000000, 0x000000079b000000|100%| O|  |TAMS 0x000000079af00000, 0x000000079af00000| Untracked 
| 432|0x000000079b000000, 0x000000079b100000, 0x000000079b100000|100%| O|  |TAMS 0x000000079b000000, 0x000000079b000000| Untracked 
| 433|0x000000079b100000, 0x000000079b200000, 0x000000079b200000|100%| O|  |TAMS 0x000000079b100000, 0x000000079b100000| Untracked 
| 434|0x000000079b200000, 0x000000079b300000, 0x000000079b300000|100%| O|  |TAMS 0x000000079b200000, 0x000000079b200000| Untracked 
| 435|0x000000079b300000, 0x000000079b400000, 0x000000079b400000|100%| O|  |TAMS 0x000000079b300000, 0x000000079b300000| Untracked 
| 436|0x000000079b400000, 0x000000079b500000, 0x000000079b500000|100%| O|  |TAMS 0x000000079b400000, 0x000000079b400000| Untracked 
| 437|0x000000079b500000, 0x000000079b600000, 0x000000079b600000|100%| O|  |TAMS 0x000000079b500000, 0x000000079b500000| Untracked 
| 438|0x000000079b600000, 0x000000079b700000, 0x000000079b700000|100%| O|  |TAMS 0x000000079b600000, 0x000000079b600000| Untracked 
| 439|0x000000079b700000, 0x000000079b800000, 0x000000079b800000|100%| O|  |TAMS 0x000000079b700000, 0x000000079b700000| Untracked 
| 440|0x000000079b800000, 0x000000079b900000, 0x000000079b900000|100%| O|  |TAMS 0x000000079b800000, 0x000000079b800000| Untracked 
| 441|0x000000079b900000, 0x000000079ba00000, 0x000000079ba00000|100%| O|  |TAMS 0x000000079b900000, 0x000000079b900000| Untracked 
| 442|0x000000079ba00000, 0x000000079bb00000, 0x000000079bb00000|100%| O|  |TAMS 0x000000079ba00000, 0x000000079ba00000| Untracked 
| 443|0x000000079bb00000, 0x000000079bc00000, 0x000000079bc00000|100%| O|  |TAMS 0x000000079bb00000, 0x000000079bb00000| Untracked 
| 444|0x000000079bc00000, 0x000000079bc0ee00, 0x000000079bd00000|  5%| O|  |TAMS 0x000000079bc00000, 0x000000079bc00000| Untracked 
| 445|0x000000079bd00000, 0x000000079bd00000, 0x000000079be00000|  0%| F|  |TAMS 0x000000079bd00000, 0x000000079bd00000| Untracked 
| 446|0x000000079be00000, 0x000000079be00000, 0x000000079bf00000|  0%| F|  |TAMS 0x000000079be00000, 0x000000079be00000| Untracked 
| 447|0x000000079bf00000, 0x000000079bf00000, 0x000000079c000000|  0%| F|  |TAMS 0x000000079bf00000, 0x000000079bf00000| Untracked 
| 448|0x000000079c000000, 0x000000079c000000, 0x000000079c100000|  0%| F|  |TAMS 0x000000079c000000, 0x000000079c000000| Untracked 
| 449|0x000000079c100000, 0x000000079c100000, 0x000000079c200000|  0%| F|  |TAMS 0x000000079c100000, 0x000000079c100000| Untracked 
| 450|0x000000079c200000, 0x000000079c200000, 0x000000079c300000|  0%| F|  |TAMS 0x000000079c200000, 0x000000079c200000| Untracked 
| 451|0x000000079c300000, 0x000000079c300000, 0x000000079c400000|  0%| F|  |TAMS 0x000000079c300000, 0x000000079c300000| Untracked 
| 452|0x000000079c400000, 0x000000079c500000, 0x000000079c500000|100%| O|  |TAMS 0x000000079c500000, 0x000000079c400000| Untracked 
| 453|0x000000079c500000, 0x000000079c500000, 0x000000079c600000|  0%| F|  |TAMS 0x000000079c500000, 0x000000079c500000| Untracked 
| 454|0x000000079c600000, 0x000000079c600000, 0x000000079c700000|  0%| F|  |TAMS 0x000000079c600000, 0x000000079c600000| Untracked 
| 455|0x000000079c700000, 0x000000079c700000, 0x000000079c800000|  0%| F|  |TAMS 0x000000079c700000, 0x000000079c700000| Untracked 
| 456|0x000000079c800000, 0x000000079c800000, 0x000000079c900000|  0%| F|  |TAMS 0x000000079c800000, 0x000000079c800000| Untracked 
| 457|0x000000079c900000, 0x000000079c900000, 0x000000079ca00000|  0%| F|  |TAMS 0x000000079c900000, 0x000000079c900000| Untracked 
| 458|0x000000079ca00000, 0x000000079ca00000, 0x000000079cb00000|  0%| F|  |TAMS 0x000000079ca00000, 0x000000079ca00000| Untracked 
| 459|0x000000079cb00000, 0x000000079cb00000, 0x000000079cc00000|  0%| F|  |TAMS 0x000000079cb00000, 0x000000079cb00000| Untracked 
| 460|0x000000079cc00000, 0x000000079cc00000, 0x000000079cd00000|  0%| F|  |TAMS 0x000000079cc00000, 0x000000079cc00000| Untracked 
| 461|0x000000079cd00000, 0x000000079cd00000, 0x000000079ce00000|  0%| F|  |TAMS 0x000000079cd00000, 0x000000079cd00000| Untracked 
| 462|0x000000079ce00000, 0x000000079ce00000, 0x000000079cf00000|  0%| F|  |TAMS 0x000000079ce00000, 0x000000079ce00000| Untracked 
| 463|0x000000079cf00000, 0x000000079cf00000, 0x000000079d000000|  0%| F|  |TAMS 0x000000079cf00000, 0x000000079cf00000| Untracked 
| 464|0x000000079d000000, 0x000000079d000000, 0x000000079d100000|  0%| F|  |TAMS 0x000000079d000000, 0x000000079d000000| Untracked 
| 465|0x000000079d100000, 0x000000079d100000, 0x000000079d200000|  0%| F|  |TAMS 0x000000079d100000, 0x000000079d100000| Untracked 
| 466|0x000000079d200000, 0x000000079d200000, 0x000000079d300000|  0%| F|  |TAMS 0x000000079d200000, 0x000000079d200000| Untracked 
| 467|0x000000079d300000, 0x000000079d300000, 0x000000079d400000|  0%| F|  |TAMS 0x000000079d300000, 0x000000079d300000| Untracked 
| 468|0x000000079d400000, 0x000000079d400000, 0x000000079d500000|  0%| F|  |TAMS 0x000000079d400000, 0x000000079d400000| Untracked 
| 469|0x000000079d500000, 0x000000079d600000, 0x000000079d600000|100%| O|  |TAMS 0x000000079d600000, 0x000000079d500000| Untracked 
| 470|0x000000079d600000, 0x000000079d600000, 0x000000079d700000|  0%| F|  |TAMS 0x000000079d600000, 0x000000079d600000| Untracked 
| 471|0x000000079d700000, 0x000000079d700000, 0x000000079d800000|  0%| F|  |TAMS 0x000000079d700000, 0x000000079d700000| Untracked 
| 472|0x000000079d800000, 0x000000079d900000, 0x000000079d900000|100%| O|  |TAMS 0x000000079d900000, 0x000000079d800000| Untracked 
| 473|0x000000079d900000, 0x000000079d900000, 0x000000079da00000|  0%| F|  |TAMS 0x000000079d900000, 0x000000079d900000| Untracked 
| 474|0x000000079da00000, 0x000000079da00000, 0x000000079db00000|  0%| F|  |TAMS 0x000000079da00000, 0x000000079da00000| Untracked 
| 475|0x000000079db00000, 0x000000079db00000, 0x000000079dc00000|  0%| F|  |TAMS 0x000000079db00000, 0x000000079db00000| Untracked 
| 476|0x000000079dc00000, 0x000000079dc00000, 0x000000079dd00000|  0%| F|  |TAMS 0x000000079dc00000, 0x000000079dc00000| Untracked 
| 477|0x000000079dd00000, 0x000000079dd00000, 0x000000079de00000|  0%| F|  |TAMS 0x000000079dd00000, 0x000000079dd00000| Untracked 
| 478|0x000000079de00000, 0x000000079de00000, 0x000000079df00000|  0%| F|  |TAMS 0x000000079de00000, 0x000000079de00000| Untracked 
| 479|0x000000079df00000, 0x000000079df00000, 0x000000079e000000|  0%| F|  |TAMS 0x000000079df00000, 0x000000079df00000| Untracked 
| 480|0x000000079e000000, 0x000000079e000000, 0x000000079e100000|  0%| F|  |TAMS 0x000000079e000000, 0x000000079e000000| Untracked 
| 481|0x000000079e100000, 0x000000079e100000, 0x000000079e200000|  0%| F|  |TAMS 0x000000079e100000, 0x000000079e100000| Untracked 
| 482|0x000000079e200000, 0x000000079e200000, 0x000000079e300000|  0%| F|  |TAMS 0x000000079e200000, 0x000000079e200000| Untracked 
| 483|0x000000079e300000, 0x000000079e300000, 0x000000079e400000|  0%| F|  |TAMS 0x000000079e300000, 0x000000079e300000| Untracked 
| 484|0x000000079e400000, 0x000000079e400000, 0x000000079e500000|  0%| F|  |TAMS 0x000000079e400000, 0x000000079e400000| Untracked 
| 485|0x000000079e500000, 0x000000079e500000, 0x000000079e600000|  0%| F|  |TAMS 0x000000079e500000, 0x000000079e500000| Untracked 
| 486|0x000000079e600000, 0x000000079e600000, 0x000000079e700000|  0%| F|  |TAMS 0x000000079e600000, 0x000000079e600000| Untracked 
| 487|0x000000079e700000, 0x000000079e700000, 0x000000079e800000|  0%| F|  |TAMS 0x000000079e700000, 0x000000079e700000| Untracked 
| 488|0x000000079e800000, 0x000000079e800000, 0x000000079e900000|  0%| F|  |TAMS 0x000000079e800000, 0x000000079e800000| Untracked 
| 489|0x000000079e900000, 0x000000079e900000, 0x000000079ea00000|  0%| F|  |TAMS 0x000000079e900000, 0x000000079e900000| Untracked 
| 490|0x000000079ea00000, 0x000000079ea00000, 0x000000079eb00000|  0%| F|  |TAMS 0x000000079ea00000, 0x000000079ea00000| Untracked 
| 491|0x000000079eb00000, 0x000000079eb00000, 0x000000079ec00000|  0%| F|  |TAMS 0x000000079eb00000, 0x000000079eb00000| Untracked 
| 492|0x000000079ec00000, 0x000000079ec00000, 0x000000079ed00000|  0%| F|  |TAMS 0x000000079ec00000, 0x000000079ec00000| Untracked 
| 493|0x000000079ed00000, 0x000000079ed00000, 0x000000079ee00000|  0%| F|  |TAMS 0x000000079ed00000, 0x000000079ed00000| Untracked 
| 494|0x000000079ee00000, 0x000000079ee00000, 0x000000079ef00000|  0%| F|  |TAMS 0x000000079ee00000, 0x000000079ee00000| Untracked 
| 495|0x000000079ef00000, 0x000000079ef00000, 0x000000079f000000|  0%| F|  |TAMS 0x000000079ef00000, 0x000000079ef00000| Untracked 
| 496|0x000000079f000000, 0x000000079f000000, 0x000000079f100000|  0%| F|  |TAMS 0x000000079f000000, 0x000000079f000000| Untracked 
| 497|0x000000079f100000, 0x000000079f100000, 0x000000079f200000|  0%| F|  |TAMS 0x000000079f100000, 0x000000079f100000| Untracked 
| 498|0x000000079f200000, 0x000000079f200000, 0x000000079f300000|  0%| F|  |TAMS 0x000000079f200000, 0x000000079f200000| Untracked 
| 499|0x000000079f300000, 0x000000079f300000, 0x000000079f400000|  0%| F|  |TAMS 0x000000079f300000, 0x000000079f300000| Untracked 
| 500|0x000000079f400000, 0x000000079f400000, 0x000000079f500000|  0%| F|  |TAMS 0x000000079f400000, 0x000000079f400000| Untracked 
| 501|0x000000079f500000, 0x000000079f500000, 0x000000079f600000|  0%| F|  |TAMS 0x000000079f500000, 0x000000079f500000| Untracked 
| 502|0x000000079f600000, 0x000000079f600000, 0x000000079f700000|  0%| F|  |TAMS 0x000000079f600000, 0x000000079f600000| Untracked 
| 503|0x000000079f700000, 0x000000079f700000, 0x000000079f800000|  0%| F|  |TAMS 0x000000079f700000, 0x000000079f700000| Untracked 
| 504|0x000000079f800000, 0x000000079f800000, 0x000000079f900000|  0%| F|  |TAMS 0x000000079f800000, 0x000000079f800000| Untracked 
| 505|0x000000079f900000, 0x000000079f900000, 0x000000079fa00000|  0%| F|  |TAMS 0x000000079f900000, 0x000000079f900000| Untracked 
| 506|0x000000079fa00000, 0x000000079fa00000, 0x000000079fb00000|  0%| F|  |TAMS 0x000000079fa00000, 0x000000079fa00000| Untracked 
| 507|0x000000079fb00000, 0x000000079fb00000, 0x000000079fc00000|  0%| F|  |TAMS 0x000000079fb00000, 0x000000079fb00000| Untracked 
| 508|0x000000079fc00000, 0x000000079fc00000, 0x000000079fd00000|  0%| F|  |TAMS 0x000000079fc00000, 0x000000079fc00000| Untracked 
| 509|0x000000079fd00000, 0x000000079fd00000, 0x000000079fe00000|  0%| F|  |TAMS 0x000000079fd00000, 0x000000079fd00000| Untracked 
| 510|0x000000079fe00000, 0x000000079fe00000, 0x000000079ff00000|  0%| F|  |TAMS 0x000000079fe00000, 0x000000079fe00000| Untracked 
| 511|0x000000079ff00000, 0x000000079ff00000, 0x00000007a0000000|  0%| F|  |TAMS 0x000000079ff00000, 0x000000079ff00000| Untracked 
| 512|0x00000007a0000000, 0x00000007a0000000, 0x00000007a0100000|  0%| F|  |TAMS 0x00000007a0000000, 0x00000007a0000000| Untracked 
| 513|0x00000007a0100000, 0x00000007a0100000, 0x00000007a0200000|  0%| F|  |TAMS 0x00000007a0100000, 0x00000007a0100000| Untracked 
| 514|0x00000007a0200000, 0x00000007a0200000, 0x00000007a0300000|  0%| F|  |TAMS 0x00000007a0200000, 0x00000007a0200000| Untracked 
| 515|0x00000007a0300000, 0x00000007a0300000, 0x00000007a0400000|  0%| F|  |TAMS 0x00000007a0300000, 0x00000007a0300000| Untracked 
| 516|0x00000007a0400000, 0x00000007a0400000, 0x00000007a0500000|  0%| F|  |TAMS 0x00000007a0400000, 0x00000007a0400000| Untracked 
| 517|0x00000007a0500000, 0x00000007a0500000, 0x00000007a0600000|  0%| F|  |TAMS 0x00000007a0500000, 0x00000007a0500000| Untracked 
| 518|0x00000007a0600000, 0x00000007a0600000, 0x00000007a0700000|  0%| F|  |TAMS 0x00000007a0600000, 0x00000007a0600000| Untracked 
| 519|0x00000007a0700000, 0x00000007a0700000, 0x00000007a0800000|  0%| F|  |TAMS 0x00000007a0700000, 0x00000007a0700000| Untracked 
| 520|0x00000007a0800000, 0x00000007a0800000, 0x00000007a0900000|  0%| F|  |TAMS 0x00000007a0800000, 0x00000007a0800000| Untracked 
| 521|0x00000007a0900000, 0x00000007a0900000, 0x00000007a0a00000|  0%| F|  |TAMS 0x00000007a0900000, 0x00000007a0900000| Untracked 
| 522|0x00000007a0a00000, 0x00000007a0a00000, 0x00000007a0b00000|  0%| F|  |TAMS 0x00000007a0a00000, 0x00000007a0a00000| Untracked 
| 523|0x00000007a0b00000, 0x00000007a0b00000, 0x00000007a0c00000|  0%| F|  |TAMS 0x00000007a0b00000, 0x00000007a0b00000| Untracked 
| 524|0x00000007a0c00000, 0x00000007a0c00000, 0x00000007a0d00000|  0%| F|  |TAMS 0x00000007a0c00000, 0x00000007a0c00000| Untracked 
| 525|0x00000007a0d00000, 0x00000007a0d00000, 0x00000007a0e00000|  0%| F|  |TAMS 0x00000007a0d00000, 0x00000007a0d00000| Untracked 
| 526|0x00000007a0e00000, 0x00000007a0e00000, 0x00000007a0f00000|  0%| F|  |TAMS 0x00000007a0e00000, 0x00000007a0e00000| Untracked 
| 527|0x00000007a0f00000, 0x00000007a0f00000, 0x00000007a1000000|  0%| F|  |TAMS 0x00000007a0f00000, 0x00000007a0f00000| Untracked 
| 528|0x00000007a1000000, 0x00000007a1000000, 0x00000007a1100000|  0%| F|  |TAMS 0x00000007a1000000, 0x00000007a1000000| Untracked 
| 529|0x00000007a1100000, 0x00000007a1100000, 0x00000007a1200000|  0%| F|  |TAMS 0x00000007a1100000, 0x00000007a1100000| Untracked 
| 530|0x00000007a1200000, 0x00000007a1200000, 0x00000007a1300000|  0%| F|  |TAMS 0x00000007a1200000, 0x00000007a1200000| Untracked 
| 531|0x00000007a1300000, 0x00000007a1300000, 0x00000007a1400000|  0%| F|  |TAMS 0x00000007a1300000, 0x00000007a1300000| Untracked 
| 532|0x00000007a1400000, 0x00000007a1400000, 0x00000007a1500000|  0%| F|  |TAMS 0x00000007a1400000, 0x00000007a1400000| Untracked 
| 533|0x00000007a1500000, 0x00000007a1500000, 0x00000007a1600000|  0%| F|  |TAMS 0x00000007a1500000, 0x00000007a1500000| Untracked 
| 534|0x00000007a1600000, 0x00000007a1600000, 0x00000007a1700000|  0%| F|  |TAMS 0x00000007a1600000, 0x00000007a1600000| Untracked 
| 535|0x00000007a1700000, 0x00000007a1700000, 0x00000007a1800000|  0%| F|  |TAMS 0x00000007a1700000, 0x00000007a1700000| Untracked 
| 536|0x00000007a1800000, 0x00000007a1800000, 0x00000007a1900000|  0%| F|  |TAMS 0x00000007a1800000, 0x00000007a1800000| Untracked 
| 537|0x00000007a1900000, 0x00000007a1900000, 0x00000007a1a00000|  0%| F|  |TAMS 0x00000007a1900000, 0x00000007a1900000| Untracked 
| 538|0x00000007a1a00000, 0x00000007a1a00000, 0x00000007a1b00000|  0%| F|  |TAMS 0x00000007a1a00000, 0x00000007a1a00000| Untracked 
| 539|0x00000007a1b00000, 0x00000007a1b00000, 0x00000007a1c00000|  0%| F|  |TAMS 0x00000007a1b00000, 0x00000007a1b00000| Untracked 
| 540|0x00000007a1c00000, 0x00000007a1c00000, 0x00000007a1d00000|  0%| F|  |TAMS 0x00000007a1c00000, 0x00000007a1c00000| Untracked 
| 541|0x00000007a1d00000, 0x00000007a1d00000, 0x00000007a1e00000|  0%| F|  |TAMS 0x00000007a1d00000, 0x00000007a1d00000| Untracked 
| 542|0x00000007a1e00000, 0x00000007a1e00000, 0x00000007a1f00000|  0%| F|  |TAMS 0x00000007a1e00000, 0x00000007a1e00000| Untracked 
| 543|0x00000007a1f00000, 0x00000007a1f00000, 0x00000007a2000000|  0%| F|  |TAMS 0x00000007a1f00000, 0x00000007a1f00000| Untracked 
| 544|0x00000007a2000000, 0x00000007a2000000, 0x00000007a2100000|  0%| F|  |TAMS 0x00000007a2000000, 0x00000007a2000000| Untracked 
| 545|0x00000007a2100000, 0x00000007a2100000, 0x00000007a2200000|  0%| F|  |TAMS 0x00000007a2100000, 0x00000007a2100000| Untracked 
| 546|0x00000007a2200000, 0x00000007a2200000, 0x00000007a2300000|  0%| F|  |TAMS 0x00000007a2200000, 0x00000007a2200000| Untracked 
| 547|0x00000007a2300000, 0x00000007a2300000, 0x00000007a2400000|  0%| F|  |TAMS 0x00000007a2300000, 0x00000007a2300000| Untracked 
| 548|0x00000007a2400000, 0x00000007a2400000, 0x00000007a2500000|  0%| F|  |TAMS 0x00000007a2400000, 0x00000007a2400000| Untracked 
| 549|0x00000007a2500000, 0x00000007a2500000, 0x00000007a2600000|  0%| F|  |TAMS 0x00000007a2500000, 0x00000007a2500000| Untracked 
| 550|0x00000007a2600000, 0x00000007a2600000, 0x00000007a2700000|  0%| F|  |TAMS 0x00000007a2600000, 0x00000007a2600000| Untracked 
| 551|0x00000007a2700000, 0x00000007a2700000, 0x00000007a2800000|  0%| F|  |TAMS 0x00000007a2700000, 0x00000007a2700000| Untracked 
| 552|0x00000007a2800000, 0x00000007a2800000, 0x00000007a2900000|  0%| F|  |TAMS 0x00000007a2800000, 0x00000007a2800000| Untracked 
| 553|0x00000007a2900000, 0x00000007a2900000, 0x00000007a2a00000|  0%| F|  |TAMS 0x00000007a2900000, 0x00000007a2900000| Untracked 
| 554|0x00000007a2a00000, 0x00000007a2a00000, 0x00000007a2b00000|  0%| F|  |TAMS 0x00000007a2a00000, 0x00000007a2a00000| Untracked 
| 555|0x00000007a2b00000, 0x00000007a2b00000, 0x00000007a2c00000|  0%| F|  |TAMS 0x00000007a2b00000, 0x00000007a2b00000| Untracked 
| 556|0x00000007a2c00000, 0x00000007a2c00000, 0x00000007a2d00000|  0%| F|  |TAMS 0x00000007a2c00000, 0x00000007a2c00000| Untracked 
| 557|0x00000007a2d00000, 0x00000007a2d00000, 0x00000007a2e00000|  0%| F|  |TAMS 0x00000007a2d00000, 0x00000007a2d00000| Untracked 
| 558|0x00000007a2e00000, 0x00000007a2e00000, 0x00000007a2f00000|  0%| F|  |TAMS 0x00000007a2e00000, 0x00000007a2e00000| Untracked 
| 559|0x00000007a2f00000, 0x00000007a2f00000, 0x00000007a3000000|  0%| F|  |TAMS 0x00000007a2f00000, 0x00000007a2f00000| Untracked 
| 560|0x00000007a3000000, 0x00000007a3000000, 0x00000007a3100000|  0%| F|  |TAMS 0x00000007a3000000, 0x00000007a3000000| Untracked 
| 561|0x00000007a3100000, 0x00000007a3100000, 0x00000007a3200000|  0%| F|  |TAMS 0x00000007a3100000, 0x00000007a3100000| Untracked 
| 562|0x00000007a3200000, 0x00000007a3200000, 0x00000007a3300000|  0%| F|  |TAMS 0x00000007a3200000, 0x00000007a3200000| Untracked 
| 563|0x00000007a3300000, 0x00000007a3300000, 0x00000007a3400000|  0%| F|  |TAMS 0x00000007a3300000, 0x00000007a3300000| Untracked 
| 564|0x00000007a3400000, 0x00000007a3400000, 0x00000007a3500000|  0%| F|  |TAMS 0x00000007a3400000, 0x00000007a3400000| Untracked 
| 565|0x00000007a3500000, 0x00000007a3500000, 0x00000007a3600000|  0%| F|  |TAMS 0x00000007a3500000, 0x00000007a3500000| Untracked 
| 566|0x00000007a3600000, 0x00000007a3600000, 0x00000007a3700000|  0%| F|  |TAMS 0x00000007a3600000, 0x00000007a3600000| Untracked 
| 567|0x00000007a3700000, 0x00000007a3700000, 0x00000007a3800000|  0%| F|  |TAMS 0x00000007a3700000, 0x00000007a3700000| Untracked 
| 568|0x00000007a3800000, 0x00000007a3800000, 0x00000007a3900000|  0%| F|  |TAMS 0x00000007a3800000, 0x00000007a3800000| Untracked 
| 569|0x00000007a3900000, 0x00000007a3900000, 0x00000007a3a00000|  0%| F|  |TAMS 0x00000007a3900000, 0x00000007a3900000| Untracked 
| 570|0x00000007a3a00000, 0x00000007a3a00000, 0x00000007a3b00000|  0%| F|  |TAMS 0x00000007a3a00000, 0x00000007a3a00000| Untracked 
| 571|0x00000007a3b00000, 0x00000007a3b00000, 0x00000007a3c00000|  0%| F|  |TAMS 0x00000007a3b00000, 0x00000007a3b00000| Untracked 
| 572|0x00000007a3c00000, 0x00000007a3c00000, 0x00000007a3d00000|  0%| F|  |TAMS 0x00000007a3c00000, 0x00000007a3c00000| Untracked 
| 573|0x00000007a3d00000, 0x00000007a3d00000, 0x00000007a3e00000|  0%| F|  |TAMS 0x00000007a3d00000, 0x00000007a3d00000| Untracked 
| 574|0x00000007a3e00000, 0x00000007a3e00000, 0x00000007a3f00000|  0%| F|  |TAMS 0x00000007a3e00000, 0x00000007a3e00000| Untracked 
| 575|0x00000007a3f00000, 0x00000007a3f00000, 0x00000007a4000000|  0%| F|  |TAMS 0x00000007a3f00000, 0x00000007a3f00000| Untracked 
| 576|0x00000007a4000000, 0x00000007a4000000, 0x00000007a4100000|  0%| F|  |TAMS 0x00000007a4000000, 0x00000007a4000000| Untracked 
| 577|0x00000007a4100000, 0x00000007a4100000, 0x00000007a4200000|  0%| F|  |TAMS 0x00000007a4100000, 0x00000007a4100000| Untracked 
| 578|0x00000007a4200000, 0x00000007a4200000, 0x00000007a4300000|  0%| F|  |TAMS 0x00000007a4200000, 0x00000007a4200000| Untracked 
| 579|0x00000007a4300000, 0x00000007a4300000, 0x00000007a4400000|  0%| F|  |TAMS 0x00000007a4300000, 0x00000007a4300000| Untracked 
| 580|0x00000007a4400000, 0x00000007a4400000, 0x00000007a4500000|  0%| F|  |TAMS 0x00000007a4400000, 0x00000007a4400000| Untracked 
| 581|0x00000007a4500000, 0x00000007a4500000, 0x00000007a4600000|  0%| F|  |TAMS 0x00000007a4500000, 0x00000007a4500000| Untracked 
| 582|0x00000007a4600000, 0x00000007a4600000, 0x00000007a4700000|  0%| F|  |TAMS 0x00000007a4600000, 0x00000007a4600000| Untracked 
| 583|0x00000007a4700000, 0x00000007a4700000, 0x00000007a4800000|  0%| F|  |TAMS 0x00000007a4700000, 0x00000007a4700000| Untracked 
| 584|0x00000007a4800000, 0x00000007a4800000, 0x00000007a4900000|  0%| F|  |TAMS 0x00000007a4800000, 0x00000007a4800000| Untracked 
| 585|0x00000007a4900000, 0x00000007a4900000, 0x00000007a4a00000|  0%| F|  |TAMS 0x00000007a4900000, 0x00000007a4900000| Untracked 
| 586|0x00000007a4a00000, 0x00000007a4a00000, 0x00000007a4b00000|  0%| F|  |TAMS 0x00000007a4a00000, 0x00000007a4a00000| Untracked 
| 587|0x00000007a4b00000, 0x00000007a4b00000, 0x00000007a4c00000|  0%| F|  |TAMS 0x00000007a4b00000, 0x00000007a4b00000| Untracked 
| 588|0x00000007a4c00000, 0x00000007a4c00000, 0x00000007a4d00000|  0%| F|  |TAMS 0x00000007a4c00000, 0x00000007a4c00000| Untracked 
| 589|0x00000007a4d00000, 0x00000007a4d00000, 0x00000007a4e00000|  0%| F|  |TAMS 0x00000007a4d00000, 0x00000007a4d00000| Untracked 
| 590|0x00000007a4e00000, 0x00000007a4e00000, 0x00000007a4f00000|  0%| F|  |TAMS 0x00000007a4e00000, 0x00000007a4e00000| Untracked 
| 591|0x00000007a4f00000, 0x00000007a4f00000, 0x00000007a5000000|  0%| F|  |TAMS 0x00000007a4f00000, 0x00000007a4f00000| Untracked 
| 592|0x00000007a5000000, 0x00000007a5000000, 0x00000007a5100000|  0%| F|  |TAMS 0x00000007a5000000, 0x00000007a5000000| Untracked 
| 593|0x00000007a5100000, 0x00000007a5100000, 0x00000007a5200000|  0%| F|  |TAMS 0x00000007a5100000, 0x00000007a5100000| Untracked 
| 594|0x00000007a5200000, 0x00000007a5200000, 0x00000007a5300000|  0%| F|  |TAMS 0x00000007a5200000, 0x00000007a5200000| Untracked 
| 595|0x00000007a5300000, 0x00000007a5300000, 0x00000007a5400000|  0%| F|  |TAMS 0x00000007a5300000, 0x00000007a5300000| Untracked 
| 596|0x00000007a5400000, 0x00000007a5400000, 0x00000007a5500000|  0%| F|  |TAMS 0x00000007a5400000, 0x00000007a5400000| Untracked 
| 597|0x00000007a5500000, 0x00000007a5500000, 0x00000007a5600000|  0%| F|  |TAMS 0x00000007a5500000, 0x00000007a5500000| Untracked 
| 598|0x00000007a5600000, 0x00000007a5600000, 0x00000007a5700000|  0%| F|  |TAMS 0x00000007a5600000, 0x00000007a5600000| Untracked 
| 599|0x00000007a5700000, 0x00000007a5700000, 0x00000007a5800000|  0%| F|  |TAMS 0x00000007a5700000, 0x00000007a5700000| Untracked 
| 600|0x00000007a5800000, 0x00000007a5800000, 0x00000007a5900000|  0%| F|  |TAMS 0x00000007a5800000, 0x00000007a5800000| Untracked 
| 601|0x00000007a5900000, 0x00000007a5900000, 0x00000007a5a00000|  0%| F|  |TAMS 0x00000007a5900000, 0x00000007a5900000| Untracked 
| 602|0x00000007a5a00000, 0x00000007a5a00000, 0x00000007a5b00000|  0%| F|  |TAMS 0x00000007a5a00000, 0x00000007a5a00000| Untracked 
| 603|0x00000007a5b00000, 0x00000007a5b00000, 0x00000007a5c00000|  0%| F|  |TAMS 0x00000007a5b00000, 0x00000007a5b00000| Untracked 
| 604|0x00000007a5c00000, 0x00000007a5c00000, 0x00000007a5d00000|  0%| F|  |TAMS 0x00000007a5c00000, 0x00000007a5c00000| Untracked 
| 605|0x00000007a5d00000, 0x00000007a5d00000, 0x00000007a5e00000|  0%| F|  |TAMS 0x00000007a5d00000, 0x00000007a5d00000| Untracked 
| 606|0x00000007a5e00000, 0x00000007a5e00000, 0x00000007a5f00000|  0%| F|  |TAMS 0x00000007a5e00000, 0x00000007a5e00000| Untracked 
| 607|0x00000007a5f00000, 0x00000007a5f00000, 0x00000007a6000000|  0%| F|  |TAMS 0x00000007a5f00000, 0x00000007a5f00000| Untracked 
| 608|0x00000007a6000000, 0x00000007a6000000, 0x00000007a6100000|  0%| F|  |TAMS 0x00000007a6000000, 0x00000007a6000000| Untracked 
| 609|0x00000007a6100000, 0x00000007a6100000, 0x00000007a6200000|  0%| F|  |TAMS 0x00000007a6100000, 0x00000007a6100000| Untracked 
| 610|0x00000007a6200000, 0x00000007a6200000, 0x00000007a6300000|  0%| F|  |TAMS 0x00000007a6200000, 0x00000007a6200000| Untracked 
| 611|0x00000007a6300000, 0x00000007a6300000, 0x00000007a6400000|  0%| F|  |TAMS 0x00000007a6300000, 0x00000007a6300000| Untracked 
| 612|0x00000007a6400000, 0x00000007a6400000, 0x00000007a6500000|  0%| F|  |TAMS 0x00000007a6400000, 0x00000007a6400000| Untracked 
| 613|0x00000007a6500000, 0x00000007a6500000, 0x00000007a6600000|  0%| F|  |TAMS 0x00000007a6500000, 0x00000007a6500000| Untracked 
| 614|0x00000007a6600000, 0x00000007a6600000, 0x00000007a6700000|  0%| F|  |TAMS 0x00000007a6600000, 0x00000007a6600000| Untracked 
| 615|0x00000007a6700000, 0x00000007a6700000, 0x00000007a6800000|  0%| F|  |TAMS 0x00000007a6700000, 0x00000007a6700000| Untracked 
| 616|0x00000007a6800000, 0x00000007a6800000, 0x00000007a6900000|  0%| F|  |TAMS 0x00000007a6800000, 0x00000007a6800000| Untracked 
| 617|0x00000007a6900000, 0x00000007a6900000, 0x00000007a6a00000|  0%| F|  |TAMS 0x00000007a6900000, 0x00000007a6900000| Untracked 
| 618|0x00000007a6a00000, 0x00000007a6a00000, 0x00000007a6b00000|  0%| F|  |TAMS 0x00000007a6a00000, 0x00000007a6a00000| Untracked 
| 619|0x00000007a6b00000, 0x00000007a6b00000, 0x00000007a6c00000|  0%| F|  |TAMS 0x00000007a6b00000, 0x00000007a6b00000| Untracked 
| 620|0x00000007a6c00000, 0x00000007a6c00000, 0x00000007a6d00000|  0%| F|  |TAMS 0x00000007a6c00000, 0x00000007a6c00000| Untracked 
| 621|0x00000007a6d00000, 0x00000007a6d00000, 0x00000007a6e00000|  0%| F|  |TAMS 0x00000007a6d00000, 0x00000007a6d00000| Untracked 
| 622|0x00000007a6e00000, 0x00000007a6e00000, 0x00000007a6f00000|  0%| F|  |TAMS 0x00000007a6e00000, 0x00000007a6e00000| Untracked 
| 623|0x00000007a6f00000, 0x00000007a6f00000, 0x00000007a7000000|  0%| F|  |TAMS 0x00000007a6f00000, 0x00000007a6f00000| Untracked 
| 624|0x00000007a7000000, 0x00000007a7000000, 0x00000007a7100000|  0%| F|  |TAMS 0x00000007a7000000, 0x00000007a7000000| Untracked 
| 625|0x00000007a7100000, 0x00000007a7100000, 0x00000007a7200000|  0%| F|  |TAMS 0x00000007a7100000, 0x00000007a7100000| Untracked 
| 626|0x00000007a7200000, 0x00000007a7200000, 0x00000007a7300000|  0%| F|  |TAMS 0x00000007a7200000, 0x00000007a7200000| Untracked 
| 627|0x00000007a7300000, 0x00000007a7300000, 0x00000007a7400000|  0%| F|  |TAMS 0x00000007a7300000, 0x00000007a7300000| Untracked 
| 628|0x00000007a7400000, 0x00000007a7400000, 0x00000007a7500000|  0%| F|  |TAMS 0x00000007a7400000, 0x00000007a7400000| Untracked 
| 629|0x00000007a7500000, 0x00000007a7500000, 0x00000007a7600000|  0%| F|  |TAMS 0x00000007a7500000, 0x00000007a7500000| Untracked 
| 630|0x00000007a7600000, 0x00000007a7600000, 0x00000007a7700000|  0%| F|  |TAMS 0x00000007a7600000, 0x00000007a7600000| Untracked 
| 631|0x00000007a7700000, 0x00000007a7700000, 0x00000007a7800000|  0%| F|  |TAMS 0x00000007a7700000, 0x00000007a7700000| Untracked 
| 632|0x00000007a7800000, 0x00000007a7800000, 0x00000007a7900000|  0%| F|  |TAMS 0x00000007a7800000, 0x00000007a7800000| Untracked 
| 633|0x00000007a7900000, 0x00000007a7900000, 0x00000007a7a00000|  0%| F|  |TAMS 0x00000007a7900000, 0x00000007a7900000| Untracked 
| 634|0x00000007a7a00000, 0x00000007a7a00000, 0x00000007a7b00000|  0%| F|  |TAMS 0x00000007a7a00000, 0x00000007a7a00000| Untracked 
| 635|0x00000007a7b00000, 0x00000007a7b00000, 0x00000007a7c00000|  0%| F|  |TAMS 0x00000007a7b00000, 0x00000007a7b00000| Untracked 
| 636|0x00000007a7c00000, 0x00000007a7c00000, 0x00000007a7d00000|  0%| F|  |TAMS 0x00000007a7c00000, 0x00000007a7c00000| Untracked 
| 637|0x00000007a7d00000, 0x00000007a7d00000, 0x00000007a7e00000|  0%| F|  |TAMS 0x00000007a7d00000, 0x00000007a7d00000| Untracked 
| 638|0x00000007a7e00000, 0x00000007a7e00000, 0x00000007a7f00000|  0%| F|  |TAMS 0x00000007a7e00000, 0x00000007a7e00000| Untracked 
| 639|0x00000007a7f00000, 0x00000007a7f00000, 0x00000007a8000000|  0%| F|  |TAMS 0x00000007a7f00000, 0x00000007a7f00000| Untracked 
| 640|0x00000007a8000000, 0x00000007a8000000, 0x00000007a8100000|  0%| F|  |TAMS 0x00000007a8000000, 0x00000007a8000000| Untracked 
| 641|0x00000007a8100000, 0x00000007a8100000, 0x00000007a8200000|  0%| F|  |TAMS 0x00000007a8100000, 0x00000007a8100000| Untracked 
| 642|0x00000007a8200000, 0x00000007a8200000, 0x00000007a8300000|  0%| F|  |TAMS 0x00000007a8200000, 0x00000007a8200000| Untracked 
| 643|0x00000007a8300000, 0x00000007a8300000, 0x00000007a8400000|  0%| F|  |TAMS 0x00000007a8300000, 0x00000007a8300000| Untracked 
| 644|0x00000007a8400000, 0x00000007a8400000, 0x00000007a8500000|  0%| F|  |TAMS 0x00000007a8400000, 0x00000007a8400000| Untracked 
| 645|0x00000007a8500000, 0x00000007a8500000, 0x00000007a8600000|  0%| F|  |TAMS 0x00000007a8500000, 0x00000007a8500000| Untracked 
| 646|0x00000007a8600000, 0x00000007a8600000, 0x00000007a8700000|  0%| F|  |TAMS 0x00000007a8600000, 0x00000007a8600000| Untracked 
| 647|0x00000007a8700000, 0x00000007a8700000, 0x00000007a8800000|  0%| F|  |TAMS 0x00000007a8700000, 0x00000007a8700000| Untracked 
| 648|0x00000007a8800000, 0x00000007a8800000, 0x00000007a8900000|  0%| F|  |TAMS 0x00000007a8800000, 0x00000007a8800000| Untracked 
| 649|0x00000007a8900000, 0x00000007a8900000, 0x00000007a8a00000|  0%| F|  |TAMS 0x00000007a8900000, 0x00000007a8900000| Untracked 
| 650|0x00000007a8a00000, 0x00000007a8a00000, 0x00000007a8b00000|  0%| F|  |TAMS 0x00000007a8a00000, 0x00000007a8a00000| Untracked 
| 651|0x00000007a8b00000, 0x00000007a8b00000, 0x00000007a8c00000|  0%| F|  |TAMS 0x00000007a8b00000, 0x00000007a8b00000| Untracked 
| 652|0x00000007a8c00000, 0x00000007a8c00000, 0x00000007a8d00000|  0%| F|  |TAMS 0x00000007a8c00000, 0x00000007a8c00000| Untracked 
| 653|0x00000007a8d00000, 0x00000007a8d00000, 0x00000007a8e00000|  0%| F|  |TAMS 0x00000007a8d00000, 0x00000007a8d00000| Untracked 
| 654|0x00000007a8e00000, 0x00000007a8e00000, 0x00000007a8f00000|  0%| F|  |TAMS 0x00000007a8e00000, 0x00000007a8e00000| Untracked 
| 655|0x00000007a8f00000, 0x00000007a8f00000, 0x00000007a9000000|  0%| F|  |TAMS 0x00000007a8f00000, 0x00000007a8f00000| Untracked 
| 656|0x00000007a9000000, 0x00000007a9000000, 0x00000007a9100000|  0%| F|  |TAMS 0x00000007a9000000, 0x00000007a9000000| Untracked 
| 657|0x00000007a9100000, 0x00000007a9100000, 0x00000007a9200000|  0%| F|  |TAMS 0x00000007a9100000, 0x00000007a9100000| Untracked 
| 658|0x00000007a9200000, 0x00000007a9200000, 0x00000007a9300000|  0%| F|  |TAMS 0x00000007a9200000, 0x00000007a9200000| Untracked 
| 659|0x00000007a9300000, 0x00000007a9300000, 0x00000007a9400000|  0%| F|  |TAMS 0x00000007a9300000, 0x00000007a9300000| Untracked 
| 660|0x00000007a9400000, 0x00000007a9400000, 0x00000007a9500000|  0%| F|  |TAMS 0x00000007a9400000, 0x00000007a9400000| Untracked 
| 661|0x00000007a9500000, 0x00000007a9500000, 0x00000007a9600000|  0%| F|  |TAMS 0x00000007a9500000, 0x00000007a9500000| Untracked 
| 662|0x00000007a9600000, 0x00000007a9600000, 0x00000007a9700000|  0%| F|  |TAMS 0x00000007a9600000, 0x00000007a9600000| Untracked 
| 663|0x00000007a9700000, 0x00000007a9700000, 0x00000007a9800000|  0%| F|  |TAMS 0x00000007a9700000, 0x00000007a9700000| Untracked 
| 664|0x00000007a9800000, 0x00000007a9800000, 0x00000007a9900000|  0%| F|  |TAMS 0x00000007a9800000, 0x00000007a9800000| Untracked 
| 665|0x00000007a9900000, 0x00000007a9900000, 0x00000007a9a00000|  0%| F|  |TAMS 0x00000007a9900000, 0x00000007a9900000| Untracked 
| 666|0x00000007a9a00000, 0x00000007a9a00000, 0x00000007a9b00000|  0%| F|  |TAMS 0x00000007a9a00000, 0x00000007a9a00000| Untracked 
| 667|0x00000007a9b00000, 0x00000007a9b00000, 0x00000007a9c00000|  0%| F|  |TAMS 0x00000007a9b00000, 0x00000007a9b00000| Untracked 
| 668|0x00000007a9c00000, 0x00000007a9c00000, 0x00000007a9d00000|  0%| F|  |TAMS 0x00000007a9c00000, 0x00000007a9c00000| Untracked 
| 669|0x00000007a9d00000, 0x00000007a9d00000, 0x00000007a9e00000|  0%| F|  |TAMS 0x00000007a9d00000, 0x00000007a9d00000| Untracked 
| 670|0x00000007a9e00000, 0x00000007a9e00000, 0x00000007a9f00000|  0%| F|  |TAMS 0x00000007a9e00000, 0x00000007a9e00000| Untracked 
| 671|0x00000007a9f00000, 0x00000007a9f00000, 0x00000007aa000000|  0%| F|  |TAMS 0x00000007a9f00000, 0x00000007a9f00000| Untracked 
| 672|0x00000007aa000000, 0x00000007aa000000, 0x00000007aa100000|  0%| F|  |TAMS 0x00000007aa000000, 0x00000007aa000000| Untracked 
| 673|0x00000007aa100000, 0x00000007aa100000, 0x00000007aa200000|  0%| F|  |TAMS 0x00000007aa100000, 0x00000007aa100000| Untracked 
| 674|0x00000007aa200000, 0x00000007aa200000, 0x00000007aa300000|  0%| F|  |TAMS 0x00000007aa200000, 0x00000007aa200000| Untracked 
| 675|0x00000007aa300000, 0x00000007aa300000, 0x00000007aa400000|  0%| F|  |TAMS 0x00000007aa300000, 0x00000007aa300000| Untracked 
| 676|0x00000007aa400000, 0x00000007aa400000, 0x00000007aa500000|  0%| F|  |TAMS 0x00000007aa400000, 0x00000007aa400000| Untracked 
| 677|0x00000007aa500000, 0x00000007aa500000, 0x00000007aa600000|  0%| F|  |TAMS 0x00000007aa500000, 0x00000007aa500000| Untracked 
| 678|0x00000007aa600000, 0x00000007aa600000, 0x00000007aa700000|  0%| F|  |TAMS 0x00000007aa600000, 0x00000007aa600000| Untracked 
| 679|0x00000007aa700000, 0x00000007aa700000, 0x00000007aa800000|  0%| F|  |TAMS 0x00000007aa700000, 0x00000007aa700000| Untracked 
| 680|0x00000007aa800000, 0x00000007aa800000, 0x00000007aa900000|  0%| F|  |TAMS 0x00000007aa800000, 0x00000007aa800000| Untracked 
| 681|0x00000007aa900000, 0x00000007aa900000, 0x00000007aaa00000|  0%| F|  |TAMS 0x00000007aa900000, 0x00000007aa900000| Untracked 
| 682|0x00000007aaa00000, 0x00000007aaa00000, 0x00000007aab00000|  0%| F|  |TAMS 0x00000007aaa00000, 0x00000007aaa00000| Untracked 
| 683|0x00000007aab00000, 0x00000007aab00000, 0x00000007aac00000|  0%| F|  |TAMS 0x00000007aab00000, 0x00000007aab00000| Untracked 
| 684|0x00000007aac00000, 0x00000007aac00000, 0x00000007aad00000|  0%| F|  |TAMS 0x00000007aac00000, 0x00000007aac00000| Untracked 
| 685|0x00000007aad00000, 0x00000007aad00000, 0x00000007aae00000|  0%| F|  |TAMS 0x00000007aad00000, 0x00000007aad00000| Untracked 
| 686|0x00000007aae00000, 0x00000007aae00000, 0x00000007aaf00000|  0%| F|  |TAMS 0x00000007aae00000, 0x00000007aae00000| Untracked 
| 687|0x00000007aaf00000, 0x00000007aaf00000, 0x00000007ab000000|  0%| F|  |TAMS 0x00000007aaf00000, 0x00000007aaf00000| Untracked 
| 688|0x00000007ab000000, 0x00000007ab000000, 0x00000007ab100000|  0%| F|  |TAMS 0x00000007ab000000, 0x00000007ab000000| Untracked 
| 689|0x00000007ab100000, 0x00000007ab100000, 0x00000007ab200000|  0%| F|  |TAMS 0x00000007ab100000, 0x00000007ab100000| Untracked 
| 690|0x00000007ab200000, 0x00000007ab200000, 0x00000007ab300000|  0%| F|  |TAMS 0x00000007ab200000, 0x00000007ab200000| Untracked 
| 691|0x00000007ab300000, 0x00000007ab300000, 0x00000007ab400000|  0%| F|  |TAMS 0x00000007ab300000, 0x00000007ab300000| Untracked 
| 692|0x00000007ab400000, 0x00000007ab400000, 0x00000007ab500000|  0%| F|  |TAMS 0x00000007ab400000, 0x00000007ab400000| Untracked 
| 693|0x00000007ab500000, 0x00000007ab500000, 0x00000007ab600000|  0%| F|  |TAMS 0x00000007ab500000, 0x00000007ab500000| Untracked 
| 694|0x00000007ab600000, 0x00000007ab600000, 0x00000007ab700000|  0%| F|  |TAMS 0x00000007ab600000, 0x00000007ab600000| Untracked 
| 695|0x00000007ab700000, 0x00000007ab700000, 0x00000007ab800000|  0%| F|  |TAMS 0x00000007ab700000, 0x00000007ab700000| Untracked 
| 696|0x00000007ab800000, 0x00000007ab800000, 0x00000007ab900000|  0%| F|  |TAMS 0x00000007ab800000, 0x00000007ab800000| Untracked 
| 697|0x00000007ab900000, 0x00000007ab900000, 0x00000007aba00000|  0%| F|  |TAMS 0x00000007ab900000, 0x00000007ab900000| Untracked 
| 698|0x00000007aba00000, 0x00000007aba00000, 0x00000007abb00000|  0%| F|  |TAMS 0x00000007aba00000, 0x00000007aba00000| Untracked 
| 699|0x00000007abb00000, 0x00000007abb00000, 0x00000007abc00000|  0%| F|  |TAMS 0x00000007abb00000, 0x00000007abb00000| Untracked 
| 700|0x00000007abc00000, 0x00000007abc00000, 0x00000007abd00000|  0%| F|  |TAMS 0x00000007abc00000, 0x00000007abc00000| Untracked 
| 701|0x00000007abd00000, 0x00000007abd00000, 0x00000007abe00000|  0%| F|  |TAMS 0x00000007abd00000, 0x00000007abd00000| Untracked 
| 702|0x00000007abe00000, 0x00000007abe00000, 0x00000007abf00000|  0%| F|  |TAMS 0x00000007abe00000, 0x00000007abe00000| Untracked 
| 703|0x00000007abf00000, 0x00000007abf00000, 0x00000007ac000000|  0%| F|  |TAMS 0x00000007abf00000, 0x00000007abf00000| Untracked 
| 704|0x00000007ac000000, 0x00000007ac000000, 0x00000007ac100000|  0%| F|  |TAMS 0x00000007ac000000, 0x00000007ac000000| Untracked 
| 705|0x00000007ac100000, 0x00000007ac100000, 0x00000007ac200000|  0%| F|  |TAMS 0x00000007ac100000, 0x00000007ac100000| Untracked 
| 706|0x00000007ac200000, 0x00000007ac200000, 0x00000007ac300000|  0%| F|  |TAMS 0x00000007ac200000, 0x00000007ac200000| Untracked 
| 707|0x00000007ac300000, 0x00000007ac300000, 0x00000007ac400000|  0%| F|  |TAMS 0x00000007ac300000, 0x00000007ac300000| Untracked 
| 708|0x00000007ac400000, 0x00000007ac400000, 0x00000007ac500000|  0%| F|  |TAMS 0x00000007ac400000, 0x00000007ac400000| Untracked 
| 709|0x00000007ac500000, 0x00000007ac500000, 0x00000007ac600000|  0%| F|  |TAMS 0x00000007ac500000, 0x00000007ac500000| Untracked 
| 710|0x00000007ac600000, 0x00000007ac600000, 0x00000007ac700000|  0%| F|  |TAMS 0x00000007ac600000, 0x00000007ac600000| Untracked 
| 711|0x00000007ac700000, 0x00000007ac700000, 0x00000007ac800000|  0%| F|  |TAMS 0x00000007ac700000, 0x00000007ac700000| Untracked 
| 712|0x00000007ac800000, 0x00000007ac800000, 0x00000007ac900000|  0%| F|  |TAMS 0x00000007ac800000, 0x00000007ac800000| Untracked 
| 713|0x00000007ac900000, 0x00000007ac900000, 0x00000007aca00000|  0%| F|  |TAMS 0x00000007ac900000, 0x00000007ac900000| Untracked 
| 714|0x00000007aca00000, 0x00000007aca00000, 0x00000007acb00000|  0%| F|  |TAMS 0x00000007aca00000, 0x00000007aca00000| Untracked 
| 715|0x00000007acb00000, 0x00000007acb00000, 0x00000007acc00000|  0%| F|  |TAMS 0x00000007acb00000, 0x00000007acb00000| Untracked 
| 716|0x00000007acc00000, 0x00000007acc00000, 0x00000007acd00000|  0%| F|  |TAMS 0x00000007acc00000, 0x00000007acc00000| Untracked 
| 717|0x00000007acd00000, 0x00000007acd00000, 0x00000007ace00000|  0%| F|  |TAMS 0x00000007acd00000, 0x00000007acd00000| Untracked 
| 718|0x00000007ace00000, 0x00000007ace00000, 0x00000007acf00000|  0%| F|  |TAMS 0x00000007ace00000, 0x00000007ace00000| Untracked 
| 719|0x00000007acf00000, 0x00000007acf00000, 0x00000007ad000000|  0%| F|  |TAMS 0x00000007acf00000, 0x00000007acf00000| Untracked 
| 720|0x00000007ad000000, 0x00000007ad000000, 0x00000007ad100000|  0%| F|  |TAMS 0x00000007ad000000, 0x00000007ad000000| Untracked 
| 721|0x00000007ad100000, 0x00000007ad100000, 0x00000007ad200000|  0%| F|  |TAMS 0x00000007ad100000, 0x00000007ad100000| Untracked 
| 722|0x00000007ad200000, 0x00000007ad200000, 0x00000007ad300000|  0%| F|  |TAMS 0x00000007ad200000, 0x00000007ad200000| Untracked 
| 723|0x00000007ad300000, 0x00000007ad300000, 0x00000007ad400000|  0%| F|  |TAMS 0x00000007ad300000, 0x00000007ad300000| Untracked 
| 724|0x00000007ad400000, 0x00000007ad400000, 0x00000007ad500000|  0%| F|  |TAMS 0x00000007ad400000, 0x00000007ad400000| Untracked 
| 725|0x00000007ad500000, 0x00000007ad500000, 0x00000007ad600000|  0%| F|  |TAMS 0x00000007ad500000, 0x00000007ad500000| Untracked 
| 726|0x00000007ad600000, 0x00000007ad600000, 0x00000007ad700000|  0%| F|  |TAMS 0x00000007ad600000, 0x00000007ad600000| Untracked 
| 727|0x00000007ad700000, 0x00000007ad700000, 0x00000007ad800000|  0%| F|  |TAMS 0x00000007ad700000, 0x00000007ad700000| Untracked 
| 728|0x00000007ad800000, 0x00000007ad800000, 0x00000007ad900000|  0%| F|  |TAMS 0x00000007ad800000, 0x00000007ad800000| Untracked 
| 729|0x00000007ad900000, 0x00000007ad900000, 0x00000007ada00000|  0%| F|  |TAMS 0x00000007ad900000, 0x00000007ad900000| Untracked 
| 730|0x00000007ada00000, 0x00000007ada00000, 0x00000007adb00000|  0%| F|  |TAMS 0x00000007ada00000, 0x00000007ada00000| Untracked 
| 731|0x00000007adb00000, 0x00000007adb00000, 0x00000007adc00000|  0%| F|  |TAMS 0x00000007adb00000, 0x00000007adb00000| Untracked 
| 732|0x00000007adc00000, 0x00000007adc00000, 0x00000007add00000|  0%| F|  |TAMS 0x00000007adc00000, 0x00000007adc00000| Untracked 
| 733|0x00000007add00000, 0x00000007add00000, 0x00000007ade00000|  0%| F|  |TAMS 0x00000007add00000, 0x00000007add00000| Untracked 
| 734|0x00000007ade00000, 0x00000007ade00000, 0x00000007adf00000|  0%| F|  |TAMS 0x00000007ade00000, 0x00000007ade00000| Untracked 
| 735|0x00000007adf00000, 0x00000007adf00000, 0x00000007ae000000|  0%| F|  |TAMS 0x00000007adf00000, 0x00000007adf00000| Untracked 
| 736|0x00000007ae000000, 0x00000007ae000000, 0x00000007ae100000|  0%| F|  |TAMS 0x00000007ae000000, 0x00000007ae000000| Untracked 
| 737|0x00000007ae100000, 0x00000007ae100000, 0x00000007ae200000|  0%| F|  |TAMS 0x00000007ae100000, 0x00000007ae100000| Untracked 
| 738|0x00000007ae200000, 0x00000007ae200000, 0x00000007ae300000|  0%| F|  |TAMS 0x00000007ae200000, 0x00000007ae200000| Untracked 
| 739|0x00000007ae300000, 0x00000007ae300000, 0x00000007ae400000|  0%| F|  |TAMS 0x00000007ae300000, 0x00000007ae300000| Untracked 
| 740|0x00000007ae400000, 0x00000007ae400000, 0x00000007ae500000|  0%| F|  |TAMS 0x00000007ae400000, 0x00000007ae400000| Untracked 
| 741|0x00000007ae500000, 0x00000007ae500000, 0x00000007ae600000|  0%| F|  |TAMS 0x00000007ae500000, 0x00000007ae500000| Untracked 
| 742|0x00000007ae600000, 0x00000007ae600000, 0x00000007ae700000|  0%| F|  |TAMS 0x00000007ae600000, 0x00000007ae600000| Untracked 
| 743|0x00000007ae700000, 0x00000007ae700000, 0x00000007ae800000|  0%| F|  |TAMS 0x00000007ae700000, 0x00000007ae700000| Untracked 
| 744|0x00000007ae800000, 0x00000007ae800000, 0x00000007ae900000|  0%| F|  |TAMS 0x00000007ae800000, 0x00000007ae800000| Untracked 
| 745|0x00000007ae900000, 0x00000007ae900000, 0x00000007aea00000|  0%| F|  |TAMS 0x00000007ae900000, 0x00000007ae900000| Untracked 
| 746|0x00000007aea00000, 0x00000007aea00000, 0x00000007aeb00000|  0%| F|  |TAMS 0x00000007aea00000, 0x00000007aea00000| Untracked 
| 747|0x00000007aeb00000, 0x00000007aeb00000, 0x00000007aec00000|  0%| F|  |TAMS 0x00000007aeb00000, 0x00000007aeb00000| Untracked 
| 748|0x00000007aec00000, 0x00000007aec00000, 0x00000007aed00000|  0%| F|  |TAMS 0x00000007aec00000, 0x00000007aec00000| Untracked 
| 749|0x00000007aed00000, 0x00000007aed00000, 0x00000007aee00000|  0%| F|  |TAMS 0x00000007aed00000, 0x00000007aed00000| Untracked 
| 750|0x00000007aee00000, 0x00000007aee00000, 0x00000007aef00000|  0%| F|  |TAMS 0x00000007aee00000, 0x00000007aee00000| Untracked 
| 751|0x00000007aef00000, 0x00000007aef00000, 0x00000007af000000|  0%| F|  |TAMS 0x00000007aef00000, 0x00000007aef00000| Untracked 
| 752|0x00000007af000000, 0x00000007af000000, 0x00000007af100000|  0%| F|  |TAMS 0x00000007af000000, 0x00000007af000000| Untracked 
| 753|0x00000007af100000, 0x00000007af100000, 0x00000007af200000|  0%| F|  |TAMS 0x00000007af100000, 0x00000007af100000| Untracked 
| 754|0x00000007af200000, 0x00000007af200000, 0x00000007af300000|  0%| F|  |TAMS 0x00000007af200000, 0x00000007af200000| Untracked 
| 755|0x00000007af300000, 0x00000007af300000, 0x00000007af400000|  0%| F|  |TAMS 0x00000007af300000, 0x00000007af300000| Untracked 
| 756|0x00000007af400000, 0x00000007af400000, 0x00000007af500000|  0%| F|  |TAMS 0x00000007af400000, 0x00000007af400000| Untracked 
| 757|0x00000007af500000, 0x00000007af500000, 0x00000007af600000|  0%| F|  |TAMS 0x00000007af500000, 0x00000007af500000| Untracked 
| 758|0x00000007af600000, 0x00000007af600000, 0x00000007af700000|  0%| F|  |TAMS 0x00000007af600000, 0x00000007af600000| Untracked 
| 759|0x00000007af700000, 0x00000007af700000, 0x00000007af800000|  0%| F|  |TAMS 0x00000007af700000, 0x00000007af700000| Untracked 
| 760|0x00000007af800000, 0x00000007af800000, 0x00000007af900000|  0%| F|  |TAMS 0x00000007af800000, 0x00000007af800000| Untracked 
| 761|0x00000007af900000, 0x00000007af900000, 0x00000007afa00000|  0%| F|  |TAMS 0x00000007af900000, 0x00000007af900000| Untracked 
| 762|0x00000007afa00000, 0x00000007afa00000, 0x00000007afb00000|  0%| F|  |TAMS 0x00000007afa00000, 0x00000007afa00000| Untracked 
| 763|0x00000007afb00000, 0x00000007afb00000, 0x00000007afc00000|  0%| F|  |TAMS 0x00000007afb00000, 0x00000007afb00000| Untracked 
| 764|0x00000007afc00000, 0x00000007afc00000, 0x00000007afd00000|  0%| F|  |TAMS 0x00000007afc00000, 0x00000007afc00000| Untracked 
| 765|0x00000007afd00000, 0x00000007afd00000, 0x00000007afe00000|  0%| F|  |TAMS 0x00000007afd00000, 0x00000007afd00000| Untracked 
| 766|0x00000007afe00000, 0x00000007afe00000, 0x00000007aff00000|  0%| F|  |TAMS 0x00000007afe00000, 0x00000007afe00000| Untracked 
| 767|0x00000007aff00000, 0x00000007aff00000, 0x00000007b0000000|  0%| F|  |TAMS 0x00000007aff00000, 0x00000007aff00000| Untracked 
| 768|0x00000007b0000000, 0x00000007b0000000, 0x00000007b0100000|  0%| F|  |TAMS 0x00000007b0000000, 0x00000007b0000000| Untracked 
| 769|0x00000007b0100000, 0x00000007b0100000, 0x00000007b0200000|  0%| F|  |TAMS 0x00000007b0100000, 0x00000007b0100000| Untracked 
| 770|0x00000007b0200000, 0x00000007b0200000, 0x00000007b0300000|  0%| F|  |TAMS 0x00000007b0200000, 0x00000007b0200000| Untracked 
| 771|0x00000007b0300000, 0x00000007b0300000, 0x00000007b0400000|  0%| F|  |TAMS 0x00000007b0300000, 0x00000007b0300000| Untracked 
| 772|0x00000007b0400000, 0x00000007b0400000, 0x00000007b0500000|  0%| F|  |TAMS 0x00000007b0400000, 0x00000007b0400000| Untracked 
| 773|0x00000007b0500000, 0x00000007b0500000, 0x00000007b0600000|  0%| F|  |TAMS 0x00000007b0500000, 0x00000007b0500000| Untracked 
| 774|0x00000007b0600000, 0x00000007b0600000, 0x00000007b0700000|  0%| F|  |TAMS 0x00000007b0600000, 0x00000007b0600000| Untracked 
| 775|0x00000007b0700000, 0x00000007b0700000, 0x00000007b0800000|  0%| F|  |TAMS 0x00000007b0700000, 0x00000007b0700000| Untracked 
| 776|0x00000007b0800000, 0x00000007b0800000, 0x00000007b0900000|  0%| F|  |TAMS 0x00000007b0800000, 0x00000007b0800000| Untracked 
| 777|0x00000007b0900000, 0x00000007b0900000, 0x00000007b0a00000|  0%| F|  |TAMS 0x00000007b0900000, 0x00000007b0900000| Untracked 
| 778|0x00000007b0a00000, 0x00000007b0a00000, 0x00000007b0b00000|  0%| F|  |TAMS 0x00000007b0a00000, 0x00000007b0a00000| Untracked 
| 779|0x00000007b0b00000, 0x00000007b0b00000, 0x00000007b0c00000|  0%| F|  |TAMS 0x00000007b0b00000, 0x00000007b0b00000| Untracked 
| 780|0x00000007b0c00000, 0x00000007b0c00000, 0x00000007b0d00000|  0%| F|  |TAMS 0x00000007b0c00000, 0x00000007b0c00000| Untracked 
| 781|0x00000007b0d00000, 0x00000007b0d00000, 0x00000007b0e00000|  0%| F|  |TAMS 0x00000007b0d00000, 0x00000007b0d00000| Untracked 
| 782|0x00000007b0e00000, 0x00000007b0e00000, 0x00000007b0f00000|  0%| F|  |TAMS 0x00000007b0e00000, 0x00000007b0e00000| Untracked 
| 783|0x00000007b0f00000, 0x00000007b0f00000, 0x00000007b1000000|  0%| F|  |TAMS 0x00000007b0f00000, 0x00000007b0f00000| Untracked 
| 784|0x00000007b1000000, 0x00000007b1000000, 0x00000007b1100000|  0%| F|  |TAMS 0x00000007b1000000, 0x00000007b1000000| Untracked 
| 785|0x00000007b1100000, 0x00000007b1100000, 0x00000007b1200000|  0%| F|  |TAMS 0x00000007b1100000, 0x00000007b1100000| Untracked 
| 786|0x00000007b1200000, 0x00000007b1200000, 0x00000007b1300000|  0%| F|  |TAMS 0x00000007b1200000, 0x00000007b1200000| Untracked 
| 787|0x00000007b1300000, 0x00000007b1300000, 0x00000007b1400000|  0%| F|  |TAMS 0x00000007b1300000, 0x00000007b1300000| Untracked 
| 788|0x00000007b1400000, 0x00000007b1400000, 0x00000007b1500000|  0%| F|  |TAMS 0x00000007b1400000, 0x00000007b1400000| Untracked 
| 789|0x00000007b1500000, 0x00000007b1500000, 0x00000007b1600000|  0%| F|  |TAMS 0x00000007b1500000, 0x00000007b1500000| Untracked 
| 790|0x00000007b1600000, 0x00000007b1600000, 0x00000007b1700000|  0%| F|  |TAMS 0x00000007b1600000, 0x00000007b1600000| Untracked 
| 791|0x00000007b1700000, 0x00000007b1700000, 0x00000007b1800000|  0%| F|  |TAMS 0x00000007b1700000, 0x00000007b1700000| Untracked 
| 792|0x00000007b1800000, 0x00000007b1800000, 0x00000007b1900000|  0%| F|  |TAMS 0x00000007b1800000, 0x00000007b1800000| Untracked 
| 793|0x00000007b1900000, 0x00000007b1900000, 0x00000007b1a00000|  0%| F|  |TAMS 0x00000007b1900000, 0x00000007b1900000| Untracked 
| 794|0x00000007b1a00000, 0x00000007b1a00000, 0x00000007b1b00000|  0%| F|  |TAMS 0x00000007b1a00000, 0x00000007b1a00000| Untracked 
| 795|0x00000007b1b00000, 0x00000007b1b00000, 0x00000007b1c00000|  0%| F|  |TAMS 0x00000007b1b00000, 0x00000007b1b00000| Untracked 
| 796|0x00000007b1c00000, 0x00000007b1c00000, 0x00000007b1d00000|  0%| F|  |TAMS 0x00000007b1c00000, 0x00000007b1c00000| Untracked 
| 797|0x00000007b1d00000, 0x00000007b1d00000, 0x00000007b1e00000|  0%| F|  |TAMS 0x00000007b1d00000, 0x00000007b1d00000| Untracked 
| 798|0x00000007b1e00000, 0x00000007b1e00000, 0x00000007b1f00000|  0%| F|  |TAMS 0x00000007b1e00000, 0x00000007b1e00000| Untracked 
| 799|0x00000007b1f00000, 0x00000007b1f00000, 0x00000007b2000000|  0%| F|  |TAMS 0x00000007b1f00000, 0x00000007b1f00000| Untracked 
| 800|0x00000007b2000000, 0x00000007b2000000, 0x00000007b2100000|  0%| F|  |TAMS 0x00000007b2000000, 0x00000007b2000000| Untracked 
| 801|0x00000007b2100000, 0x00000007b2100000, 0x00000007b2200000|  0%| F|  |TAMS 0x00000007b2100000, 0x00000007b2100000| Untracked 
| 802|0x00000007b2200000, 0x00000007b2200000, 0x00000007b2300000|  0%| F|  |TAMS 0x00000007b2200000, 0x00000007b2200000| Untracked 
| 803|0x00000007b2300000, 0x00000007b2300000, 0x00000007b2400000|  0%| F|  |TAMS 0x00000007b2300000, 0x00000007b2300000| Untracked 
| 804|0x00000007b2400000, 0x00000007b2400000, 0x00000007b2500000|  0%| F|  |TAMS 0x00000007b2400000, 0x00000007b2400000| Untracked 
| 805|0x00000007b2500000, 0x00000007b2500000, 0x00000007b2600000|  0%| F|  |TAMS 0x00000007b2500000, 0x00000007b2500000| Untracked 
| 806|0x00000007b2600000, 0x00000007b2600000, 0x00000007b2700000|  0%| F|  |TAMS 0x00000007b2600000, 0x00000007b2600000| Untracked 
| 807|0x00000007b2700000, 0x00000007b2700000, 0x00000007b2800000|  0%| F|  |TAMS 0x00000007b2700000, 0x00000007b2700000| Untracked 
| 808|0x00000007b2800000, 0x00000007b2800000, 0x00000007b2900000|  0%| F|  |TAMS 0x00000007b2800000, 0x00000007b2800000| Untracked 
| 809|0x00000007b2900000, 0x00000007b2900000, 0x00000007b2a00000|  0%| F|  |TAMS 0x00000007b2900000, 0x00000007b2900000| Untracked 
| 810|0x00000007b2a00000, 0x00000007b2a00000, 0x00000007b2b00000|  0%| F|  |TAMS 0x00000007b2a00000, 0x00000007b2a00000| Untracked 
| 811|0x00000007b2b00000, 0x00000007b2b00000, 0x00000007b2c00000|  0%| F|  |TAMS 0x00000007b2b00000, 0x00000007b2b00000| Untracked 
| 812|0x00000007b2c00000, 0x00000007b2c00000, 0x00000007b2d00000|  0%| F|  |TAMS 0x00000007b2c00000, 0x00000007b2c00000| Untracked 
| 813|0x00000007b2d00000, 0x00000007b2d00000, 0x00000007b2e00000|  0%| F|  |TAMS 0x00000007b2d00000, 0x00000007b2d00000| Untracked 
| 814|0x00000007b2e00000, 0x00000007b2e00000, 0x00000007b2f00000|  0%| F|  |TAMS 0x00000007b2e00000, 0x00000007b2e00000| Untracked 
| 815|0x00000007b2f00000, 0x00000007b2f00000, 0x00000007b3000000|  0%| F|  |TAMS 0x00000007b2f00000, 0x00000007b2f00000| Untracked 
| 816|0x00000007b3000000, 0x00000007b3000000, 0x00000007b3100000|  0%| F|  |TAMS 0x00000007b3000000, 0x00000007b3000000| Untracked 
| 817|0x00000007b3100000, 0x00000007b3100000, 0x00000007b3200000|  0%| F|  |TAMS 0x00000007b3100000, 0x00000007b3100000| Untracked 
| 818|0x00000007b3200000, 0x00000007b3200000, 0x00000007b3300000|  0%| F|  |TAMS 0x00000007b3200000, 0x00000007b3200000| Untracked 
| 819|0x00000007b3300000, 0x00000007b3300000, 0x00000007b3400000|  0%| F|  |TAMS 0x00000007b3300000, 0x00000007b3300000| Untracked 
| 820|0x00000007b3400000, 0x00000007b3400000, 0x00000007b3500000|  0%| F|  |TAMS 0x00000007b3400000, 0x00000007b3400000| Untracked 
| 821|0x00000007b3500000, 0x00000007b3500000, 0x00000007b3600000|  0%| F|  |TAMS 0x00000007b3500000, 0x00000007b3500000| Untracked 
| 822|0x00000007b3600000, 0x00000007b3600000, 0x00000007b3700000|  0%| F|  |TAMS 0x00000007b3600000, 0x00000007b3600000| Untracked 
| 823|0x00000007b3700000, 0x00000007b3700000, 0x00000007b3800000|  0%| F|  |TAMS 0x00000007b3700000, 0x00000007b3700000| Untracked 
| 824|0x00000007b3800000, 0x00000007b3800000, 0x00000007b3900000|  0%| F|  |TAMS 0x00000007b3800000, 0x00000007b3800000| Untracked 
| 825|0x00000007b3900000, 0x00000007b3900000, 0x00000007b3a00000|  0%| F|  |TAMS 0x00000007b3900000, 0x00000007b3900000| Untracked 
| 826|0x00000007b3a00000, 0x00000007b3a00000, 0x00000007b3b00000|  0%| F|  |TAMS 0x00000007b3a00000, 0x00000007b3a00000| Untracked 
| 827|0x00000007b3b00000, 0x00000007b3b00000, 0x00000007b3c00000|  0%| F|  |TAMS 0x00000007b3b00000, 0x00000007b3b00000| Untracked 
| 828|0x00000007b3c00000, 0x00000007b3c00000, 0x00000007b3d00000|  0%| F|  |TAMS 0x00000007b3c00000, 0x00000007b3c00000| Untracked 
| 829|0x00000007b3d00000, 0x00000007b3d00000, 0x00000007b3e00000|  0%| F|  |TAMS 0x00000007b3d00000, 0x00000007b3d00000| Untracked 
| 830|0x00000007b3e00000, 0x00000007b3e00000, 0x00000007b3f00000|  0%| F|  |TAMS 0x00000007b3e00000, 0x00000007b3e00000| Untracked 
| 831|0x00000007b3f00000, 0x00000007b3f00000, 0x00000007b4000000|  0%| F|  |TAMS 0x00000007b3f00000, 0x00000007b3f00000| Untracked 
| 832|0x00000007b4000000, 0x00000007b4000000, 0x00000007b4100000|  0%| F|  |TAMS 0x00000007b4000000, 0x00000007b4000000| Untracked 
| 833|0x00000007b4100000, 0x00000007b4100000, 0x00000007b4200000|  0%| F|  |TAMS 0x00000007b4100000, 0x00000007b4100000| Untracked 
| 834|0x00000007b4200000, 0x00000007b4200000, 0x00000007b4300000|  0%| F|  |TAMS 0x00000007b4200000, 0x00000007b4200000| Untracked 
| 835|0x00000007b4300000, 0x00000007b4300000, 0x00000007b4400000|  0%| F|  |TAMS 0x00000007b4300000, 0x00000007b4300000| Untracked 
| 836|0x00000007b4400000, 0x00000007b4400000, 0x00000007b4500000|  0%| F|  |TAMS 0x00000007b4400000, 0x00000007b4400000| Untracked 
| 837|0x00000007b4500000, 0x00000007b4500000, 0x00000007b4600000|  0%| F|  |TAMS 0x00000007b4500000, 0x00000007b4500000| Untracked 
| 838|0x00000007b4600000, 0x00000007b4600000, 0x00000007b4700000|  0%| F|  |TAMS 0x00000007b4600000, 0x00000007b4600000| Untracked 
| 839|0x00000007b4700000, 0x00000007b4700000, 0x00000007b4800000|  0%| F|  |TAMS 0x00000007b4700000, 0x00000007b4700000| Untracked 
| 840|0x00000007b4800000, 0x00000007b4800000, 0x00000007b4900000|  0%| F|  |TAMS 0x00000007b4800000, 0x00000007b4800000| Untracked 
| 841|0x00000007b4900000, 0x00000007b4900000, 0x00000007b4a00000|  0%| F|  |TAMS 0x00000007b4900000, 0x00000007b4900000| Untracked 
| 842|0x00000007b4a00000, 0x00000007b4a00000, 0x00000007b4b00000|  0%| F|  |TAMS 0x00000007b4a00000, 0x00000007b4a00000| Untracked 
| 843|0x00000007b4b00000, 0x00000007b4b00000, 0x00000007b4c00000|  0%| F|  |TAMS 0x00000007b4b00000, 0x00000007b4b00000| Untracked 
| 844|0x00000007b4c00000, 0x00000007b4c00000, 0x00000007b4d00000|  0%| F|  |TAMS 0x00000007b4c00000, 0x00000007b4c00000| Untracked 
| 845|0x00000007b4d00000, 0x00000007b4d00000, 0x00000007b4e00000|  0%| F|  |TAMS 0x00000007b4d00000, 0x00000007b4d00000| Untracked 
| 846|0x00000007b4e00000, 0x00000007b4e00000, 0x00000007b4f00000|  0%| F|  |TAMS 0x00000007b4e00000, 0x00000007b4e00000| Untracked 
| 847|0x00000007b4f00000, 0x00000007b4f00000, 0x00000007b5000000|  0%| F|  |TAMS 0x00000007b4f00000, 0x00000007b4f00000| Untracked 
| 848|0x00000007b5000000, 0x00000007b5000000, 0x00000007b5100000|  0%| F|  |TAMS 0x00000007b5000000, 0x00000007b5000000| Untracked 
| 849|0x00000007b5100000, 0x00000007b5100000, 0x00000007b5200000|  0%| F|  |TAMS 0x00000007b5100000, 0x00000007b5100000| Untracked 
| 850|0x00000007b5200000, 0x00000007b5200000, 0x00000007b5300000|  0%| F|  |TAMS 0x00000007b5200000, 0x00000007b5200000| Untracked 
| 851|0x00000007b5300000, 0x00000007b5300000, 0x00000007b5400000|  0%| F|  |TAMS 0x00000007b5300000, 0x00000007b5300000| Untracked 
| 852|0x00000007b5400000, 0x00000007b5400000, 0x00000007b5500000|  0%| F|  |TAMS 0x00000007b5400000, 0x00000007b5400000| Untracked 
| 853|0x00000007b5500000, 0x00000007b5500000, 0x00000007b5600000|  0%| F|  |TAMS 0x00000007b5500000, 0x00000007b5500000| Untracked 
| 854|0x00000007b5600000, 0x00000007b5600000, 0x00000007b5700000|  0%| F|  |TAMS 0x00000007b5600000, 0x00000007b5600000| Untracked 
| 855|0x00000007b5700000, 0x00000007b5700000, 0x00000007b5800000|  0%| F|  |TAMS 0x00000007b5700000, 0x00000007b5700000| Untracked 
| 856|0x00000007b5800000, 0x00000007b5800000, 0x00000007b5900000|  0%| F|  |TAMS 0x00000007b5800000, 0x00000007b5800000| Untracked 
| 857|0x00000007b5900000, 0x00000007b5900000, 0x00000007b5a00000|  0%| F|  |TAMS 0x00000007b5900000, 0x00000007b5900000| Untracked 
| 858|0x00000007b5a00000, 0x00000007b5a00000, 0x00000007b5b00000|  0%| F|  |TAMS 0x00000007b5a00000, 0x00000007b5a00000| Untracked 
| 859|0x00000007b5b00000, 0x00000007b5b00000, 0x00000007b5c00000|  0%| F|  |TAMS 0x00000007b5b00000, 0x00000007b5b00000| Untracked 
| 860|0x00000007b5c00000, 0x00000007b5c00000, 0x00000007b5d00000|  0%| F|  |TAMS 0x00000007b5c00000, 0x00000007b5c00000| Untracked 
| 861|0x00000007b5d00000, 0x00000007b5d00000, 0x00000007b5e00000|  0%| F|  |TAMS 0x00000007b5d00000, 0x00000007b5d00000| Untracked 
| 862|0x00000007b5e00000, 0x00000007b5e00000, 0x00000007b5f00000|  0%| F|  |TAMS 0x00000007b5e00000, 0x00000007b5e00000| Untracked 
| 863|0x00000007b5f00000, 0x00000007b5f00000, 0x00000007b6000000|  0%| F|  |TAMS 0x00000007b5f00000, 0x00000007b5f00000| Untracked 
| 864|0x00000007b6000000, 0x00000007b6000000, 0x00000007b6100000|  0%| F|  |TAMS 0x00000007b6000000, 0x00000007b6000000| Untracked 
| 865|0x00000007b6100000, 0x00000007b6100000, 0x00000007b6200000|  0%| F|  |TAMS 0x00000007b6100000, 0x00000007b6100000| Untracked 
| 866|0x00000007b6200000, 0x00000007b6200000, 0x00000007b6300000|  0%| F|  |TAMS 0x00000007b6200000, 0x00000007b6200000| Untracked 
| 867|0x00000007b6300000, 0x00000007b6300000, 0x00000007b6400000|  0%| F|  |TAMS 0x00000007b6300000, 0x00000007b6300000| Untracked 
| 868|0x00000007b6400000, 0x00000007b6400000, 0x00000007b6500000|  0%| F|  |TAMS 0x00000007b6400000, 0x00000007b6400000| Untracked 
| 869|0x00000007b6500000, 0x00000007b6500000, 0x00000007b6600000|  0%| F|  |TAMS 0x00000007b6500000, 0x00000007b6500000| Untracked 
| 870|0x00000007b6600000, 0x00000007b6600000, 0x00000007b6700000|  0%| F|  |TAMS 0x00000007b6600000, 0x00000007b6600000| Untracked 
| 871|0x00000007b6700000, 0x00000007b6700000, 0x00000007b6800000|  0%| F|  |TAMS 0x00000007b6700000, 0x00000007b6700000| Untracked 
| 872|0x00000007b6800000, 0x00000007b6800000, 0x00000007b6900000|  0%| F|  |TAMS 0x00000007b6800000, 0x00000007b6800000| Untracked 
| 873|0x00000007b6900000, 0x00000007b6900000, 0x00000007b6a00000|  0%| F|  |TAMS 0x00000007b6900000, 0x00000007b6900000| Untracked 
| 874|0x00000007b6a00000, 0x00000007b6a00000, 0x00000007b6b00000|  0%| F|  |TAMS 0x00000007b6a00000, 0x00000007b6a00000| Untracked 
| 875|0x00000007b6b00000, 0x00000007b6b00000, 0x00000007b6c00000|  0%| F|  |TAMS 0x00000007b6b00000, 0x00000007b6b00000| Untracked 
| 876|0x00000007b6c00000, 0x00000007b6c00000, 0x00000007b6d00000|  0%| F|  |TAMS 0x00000007b6c00000, 0x00000007b6c00000| Untracked 
| 877|0x00000007b6d00000, 0x00000007b6d00000, 0x00000007b6e00000|  0%| F|  |TAMS 0x00000007b6d00000, 0x00000007b6d00000| Untracked 
| 878|0x00000007b6e00000, 0x00000007b6e00000, 0x00000007b6f00000|  0%| F|  |TAMS 0x00000007b6e00000, 0x00000007b6e00000| Untracked 
| 879|0x00000007b6f00000, 0x00000007b6f00000, 0x00000007b7000000|  0%| F|  |TAMS 0x00000007b6f00000, 0x00000007b6f00000| Untracked 
| 880|0x00000007b7000000, 0x00000007b7000000, 0x00000007b7100000|  0%| F|  |TAMS 0x00000007b7000000, 0x00000007b7000000| Untracked 
| 881|0x00000007b7100000, 0x00000007b7100000, 0x00000007b7200000|  0%| F|  |TAMS 0x00000007b7100000, 0x00000007b7100000| Untracked 
| 882|0x00000007b7200000, 0x00000007b7200000, 0x00000007b7300000|  0%| F|  |TAMS 0x00000007b7200000, 0x00000007b7200000| Untracked 
| 883|0x00000007b7300000, 0x00000007b7300000, 0x00000007b7400000|  0%| F|  |TAMS 0x00000007b7300000, 0x00000007b7300000| Untracked 
| 884|0x00000007b7400000, 0x00000007b7400000, 0x00000007b7500000|  0%| F|  |TAMS 0x00000007b7400000, 0x00000007b7400000| Untracked 
| 885|0x00000007b7500000, 0x00000007b7500000, 0x00000007b7600000|  0%| F|  |TAMS 0x00000007b7500000, 0x00000007b7500000| Untracked 
| 886|0x00000007b7600000, 0x00000007b7600000, 0x00000007b7700000|  0%| F|  |TAMS 0x00000007b7600000, 0x00000007b7600000| Untracked 
| 887|0x00000007b7700000, 0x00000007b7700000, 0x00000007b7800000|  0%| F|  |TAMS 0x00000007b7700000, 0x00000007b7700000| Untracked 
| 888|0x00000007b7800000, 0x00000007b7800000, 0x00000007b7900000|  0%| F|  |TAMS 0x00000007b7800000, 0x00000007b7800000| Untracked 
| 889|0x00000007b7900000, 0x00000007b7900000, 0x00000007b7a00000|  0%| F|  |TAMS 0x00000007b7900000, 0x00000007b7900000| Untracked 
| 890|0x00000007b7a00000, 0x00000007b7a00000, 0x00000007b7b00000|  0%| F|  |TAMS 0x00000007b7a00000, 0x00000007b7a00000| Untracked 
| 891|0x00000007b7b00000, 0x00000007b7b00000, 0x00000007b7c00000|  0%| F|  |TAMS 0x00000007b7b00000, 0x00000007b7b00000| Untracked 
| 892|0x00000007b7c00000, 0x00000007b7c00000, 0x00000007b7d00000|  0%| F|  |TAMS 0x00000007b7c00000, 0x00000007b7c00000| Untracked 
| 893|0x00000007b7d00000, 0x00000007b7d00000, 0x00000007b7e00000|  0%| F|  |TAMS 0x00000007b7d00000, 0x00000007b7d00000| Untracked 
| 894|0x00000007b7e00000, 0x00000007b7e00000, 0x00000007b7f00000|  0%| F|  |TAMS 0x00000007b7e00000, 0x00000007b7e00000| Untracked 
| 895|0x00000007b7f00000, 0x00000007b7f00000, 0x00000007b8000000|  0%| F|  |TAMS 0x00000007b7f00000, 0x00000007b7f00000| Untracked 
| 896|0x00000007b8000000, 0x00000007b8000000, 0x00000007b8100000|  0%| F|  |TAMS 0x00000007b8000000, 0x00000007b8000000| Untracked 
| 897|0x00000007b8100000, 0x00000007b8100000, 0x00000007b8200000|  0%| F|  |TAMS 0x00000007b8100000, 0x00000007b8100000| Untracked 
| 898|0x00000007b8200000, 0x00000007b8200000, 0x00000007b8300000|  0%| F|  |TAMS 0x00000007b8200000, 0x00000007b8200000| Untracked 
| 899|0x00000007b8300000, 0x00000007b8300000, 0x00000007b8400000|  0%| F|  |TAMS 0x00000007b8300000, 0x00000007b8300000| Untracked 
| 900|0x00000007b8400000, 0x00000007b8400000, 0x00000007b8500000|  0%| F|  |TAMS 0x00000007b8400000, 0x00000007b8400000| Untracked 
| 901|0x00000007b8500000, 0x00000007b8500000, 0x00000007b8600000|  0%| F|  |TAMS 0x00000007b8500000, 0x00000007b8500000| Untracked 
| 902|0x00000007b8600000, 0x00000007b8600000, 0x00000007b8700000|  0%| F|  |TAMS 0x00000007b8600000, 0x00000007b8600000| Untracked 
| 903|0x00000007b8700000, 0x00000007b8700000, 0x00000007b8800000|  0%| F|  |TAMS 0x00000007b8700000, 0x00000007b8700000| Untracked 
| 904|0x00000007b8800000, 0x00000007b8800000, 0x00000007b8900000|  0%| F|  |TAMS 0x00000007b8800000, 0x00000007b8800000| Untracked 
| 905|0x00000007b8900000, 0x00000007b8900000, 0x00000007b8a00000|  0%| F|  |TAMS 0x00000007b8900000, 0x00000007b8900000| Untracked 
| 906|0x00000007b8a00000, 0x00000007b8a00000, 0x00000007b8b00000|  0%| F|  |TAMS 0x00000007b8a00000, 0x00000007b8a00000| Untracked 
| 907|0x00000007b8b00000, 0x00000007b8b00000, 0x00000007b8c00000|  0%| F|  |TAMS 0x00000007b8b00000, 0x00000007b8b00000| Untracked 
| 908|0x00000007b8c00000, 0x00000007b8c00000, 0x00000007b8d00000|  0%| F|  |TAMS 0x00000007b8c00000, 0x00000007b8c00000| Untracked 
| 909|0x00000007b8d00000, 0x00000007b8d00000, 0x00000007b8e00000|  0%| F|  |TAMS 0x00000007b8d00000, 0x00000007b8d00000| Untracked 
| 910|0x00000007b8e00000, 0x00000007b8e00000, 0x00000007b8f00000|  0%| F|  |TAMS 0x00000007b8e00000, 0x00000007b8e00000| Untracked 
| 911|0x00000007b8f00000, 0x00000007b8f00000, 0x00000007b9000000|  0%| F|  |TAMS 0x00000007b8f00000, 0x00000007b8f00000| Untracked 
| 912|0x00000007b9000000, 0x00000007b9000000, 0x00000007b9100000|  0%| F|  |TAMS 0x00000007b9000000, 0x00000007b9000000| Untracked 
| 913|0x00000007b9100000, 0x00000007b9100000, 0x00000007b9200000|  0%| F|  |TAMS 0x00000007b9100000, 0x00000007b9100000| Untracked 
| 914|0x00000007b9200000, 0x00000007b9200000, 0x00000007b9300000|  0%| F|  |TAMS 0x00000007b9200000, 0x00000007b9200000| Untracked 
| 915|0x00000007b9300000, 0x00000007b9300000, 0x00000007b9400000|  0%| F|  |TAMS 0x00000007b9300000, 0x00000007b9300000| Untracked 
| 916|0x00000007b9400000, 0x00000007b9400000, 0x00000007b9500000|  0%| F|  |TAMS 0x00000007b9400000, 0x00000007b9400000| Untracked 
| 917|0x00000007b9500000, 0x00000007b9500000, 0x00000007b9600000|  0%| F|  |TAMS 0x00000007b9500000, 0x00000007b9500000| Untracked 
| 918|0x00000007b9600000, 0x00000007b9600000, 0x00000007b9700000|  0%| F|  |TAMS 0x00000007b9600000, 0x00000007b9600000| Untracked 
| 919|0x00000007b9700000, 0x00000007b9700000, 0x00000007b9800000|  0%| F|  |TAMS 0x00000007b9700000, 0x00000007b9700000| Untracked 
| 920|0x00000007b9800000, 0x00000007b9800000, 0x00000007b9900000|  0%| F|  |TAMS 0x00000007b9800000, 0x00000007b9800000| Untracked 
| 921|0x00000007b9900000, 0x00000007b9900000, 0x00000007b9a00000|  0%| F|  |TAMS 0x00000007b9900000, 0x00000007b9900000| Untracked 
| 922|0x00000007b9a00000, 0x00000007b9a00000, 0x00000007b9b00000|  0%| F|  |TAMS 0x00000007b9a00000, 0x00000007b9a00000| Untracked 
| 923|0x00000007b9b00000, 0x00000007b9b00000, 0x00000007b9c00000|  0%| F|  |TAMS 0x00000007b9b00000, 0x00000007b9b00000| Untracked 
| 924|0x00000007b9c00000, 0x00000007b9c00000, 0x00000007b9d00000|  0%| F|  |TAMS 0x00000007b9c00000, 0x00000007b9c00000| Untracked 
| 925|0x00000007b9d00000, 0x00000007b9d00000, 0x00000007b9e00000|  0%| F|  |TAMS 0x00000007b9d00000, 0x00000007b9d00000| Untracked 
| 926|0x00000007b9e00000, 0x00000007b9e00000, 0x00000007b9f00000|  0%| F|  |TAMS 0x00000007b9e00000, 0x00000007b9e00000| Untracked 
| 927|0x00000007b9f00000, 0x00000007b9f00000, 0x00000007ba000000|  0%| F|  |TAMS 0x00000007b9f00000, 0x00000007b9f00000| Untracked 
| 928|0x00000007ba000000, 0x00000007ba000000, 0x00000007ba100000|  0%| F|  |TAMS 0x00000007ba000000, 0x00000007ba000000| Untracked 
| 929|0x00000007ba100000, 0x00000007ba100000, 0x00000007ba200000|  0%| F|  |TAMS 0x00000007ba100000, 0x00000007ba100000| Untracked 
| 930|0x00000007ba200000, 0x00000007ba200000, 0x00000007ba300000|  0%| F|  |TAMS 0x00000007ba200000, 0x00000007ba200000| Untracked 
| 931|0x00000007ba300000, 0x00000007ba300000, 0x00000007ba400000|  0%| F|  |TAMS 0x00000007ba300000, 0x00000007ba300000| Untracked 
| 932|0x00000007ba400000, 0x00000007ba400000, 0x00000007ba500000|  0%| F|  |TAMS 0x00000007ba400000, 0x00000007ba400000| Untracked 
| 933|0x00000007ba500000, 0x00000007ba500000, 0x00000007ba600000|  0%| F|  |TAMS 0x00000007ba500000, 0x00000007ba500000| Untracked 
| 934|0x00000007ba600000, 0x00000007ba600000, 0x00000007ba700000|  0%| F|  |TAMS 0x00000007ba600000, 0x00000007ba600000| Untracked 
| 935|0x00000007ba700000, 0x00000007ba700000, 0x00000007ba800000|  0%| F|  |TAMS 0x00000007ba700000, 0x00000007ba700000| Untracked 
| 936|0x00000007ba800000, 0x00000007ba800000, 0x00000007ba900000|  0%| F|  |TAMS 0x00000007ba800000, 0x00000007ba800000| Untracked 
| 937|0x00000007ba900000, 0x00000007ba900000, 0x00000007baa00000|  0%| F|  |TAMS 0x00000007ba900000, 0x00000007ba900000| Untracked 
| 938|0x00000007baa00000, 0x00000007baa00000, 0x00000007bab00000|  0%| F|  |TAMS 0x00000007baa00000, 0x00000007baa00000| Untracked 
| 939|0x00000007bab00000, 0x00000007bab00000, 0x00000007bac00000|  0%| F|  |TAMS 0x00000007bab00000, 0x00000007bab00000| Untracked 
| 940|0x00000007bac00000, 0x00000007bac00000, 0x00000007bad00000|  0%| F|  |TAMS 0x00000007bac00000, 0x00000007bac00000| Untracked 
| 941|0x00000007bad00000, 0x00000007bad00000, 0x00000007bae00000|  0%| F|  |TAMS 0x00000007bad00000, 0x00000007bad00000| Untracked 
| 942|0x00000007bae00000, 0x00000007bae00000, 0x00000007baf00000|  0%| F|  |TAMS 0x00000007bae00000, 0x00000007bae00000| Untracked 
| 943|0x00000007baf00000, 0x00000007baf00000, 0x00000007bb000000|  0%| F|  |TAMS 0x00000007baf00000, 0x00000007baf00000| Untracked 
| 944|0x00000007bb000000, 0x00000007bb000000, 0x00000007bb100000|  0%| F|  |TAMS 0x00000007bb000000, 0x00000007bb000000| Untracked 
| 945|0x00000007bb100000, 0x00000007bb100000, 0x00000007bb200000|  0%| F|  |TAMS 0x00000007bb100000, 0x00000007bb100000| Untracked 
| 946|0x00000007bb200000, 0x00000007bb200000, 0x00000007bb300000|  0%| F|  |TAMS 0x00000007bb200000, 0x00000007bb200000| Untracked 
| 947|0x00000007bb300000, 0x00000007bb300000, 0x00000007bb400000|  0%| F|  |TAMS 0x00000007bb300000, 0x00000007bb300000| Untracked 
| 948|0x00000007bb400000, 0x00000007bb400000, 0x00000007bb500000|  0%| F|  |TAMS 0x00000007bb400000, 0x00000007bb400000| Untracked 
| 949|0x00000007bb500000, 0x00000007bb500000, 0x00000007bb600000|  0%| F|  |TAMS 0x00000007bb500000, 0x00000007bb500000| Untracked 
| 950|0x00000007bb600000, 0x00000007bb600000, 0x00000007bb700000|  0%| F|  |TAMS 0x00000007bb600000, 0x00000007bb600000| Untracked 
| 951|0x00000007bb700000, 0x00000007bb700000, 0x00000007bb800000|  0%| F|  |TAMS 0x00000007bb700000, 0x00000007bb700000| Untracked 
| 952|0x00000007bb800000, 0x00000007bb800000, 0x00000007bb900000|  0%| F|  |TAMS 0x00000007bb800000, 0x00000007bb800000| Untracked 
| 953|0x00000007bb900000, 0x00000007bb900000, 0x00000007bba00000|  0%| F|  |TAMS 0x00000007bb900000, 0x00000007bb900000| Untracked 
| 954|0x00000007bba00000, 0x00000007bba00000, 0x00000007bbb00000|  0%| F|  |TAMS 0x00000007bba00000, 0x00000007bba00000| Untracked 
| 955|0x00000007bbb00000, 0x00000007bbb00000, 0x00000007bbc00000|  0%| F|  |TAMS 0x00000007bbb00000, 0x00000007bbb00000| Untracked 
| 956|0x00000007bbc00000, 0x00000007bbc00000, 0x00000007bbd00000|  0%| F|  |TAMS 0x00000007bbc00000, 0x00000007bbc00000| Untracked 
| 957|0x00000007bbd00000, 0x00000007bbd00000, 0x00000007bbe00000|  0%| F|  |TAMS 0x00000007bbd00000, 0x00000007bbd00000| Untracked 
| 958|0x00000007bbe00000, 0x00000007bbe00000, 0x00000007bbf00000|  0%| F|  |TAMS 0x00000007bbe00000, 0x00000007bbe00000| Untracked 
| 959|0x00000007bbf00000, 0x00000007bbf00000, 0x00000007bc000000|  0%| F|  |TAMS 0x00000007bbf00000, 0x00000007bbf00000| Untracked 
| 960|0x00000007bc000000, 0x00000007bc000000, 0x00000007bc100000|  0%| F|  |TAMS 0x00000007bc000000, 0x00000007bc000000| Untracked 
| 961|0x00000007bc100000, 0x00000007bc100000, 0x00000007bc200000|  0%| F|  |TAMS 0x00000007bc100000, 0x00000007bc100000| Untracked 
| 962|0x00000007bc200000, 0x00000007bc200000, 0x00000007bc300000|  0%| F|  |TAMS 0x00000007bc200000, 0x00000007bc200000| Untracked 
| 963|0x00000007bc300000, 0x00000007bc300000, 0x00000007bc400000|  0%| F|  |TAMS 0x00000007bc300000, 0x00000007bc300000| Untracked 
| 964|0x00000007bc400000, 0x00000007bc400000, 0x00000007bc500000|  0%| F|  |TAMS 0x00000007bc400000, 0x00000007bc400000| Untracked 
| 965|0x00000007bc500000, 0x00000007bc500000, 0x00000007bc600000|  0%| F|  |TAMS 0x00000007bc500000, 0x00000007bc500000| Untracked 
| 966|0x00000007bc600000, 0x00000007bc600000, 0x00000007bc700000|  0%| F|  |TAMS 0x00000007bc600000, 0x00000007bc600000| Untracked 
| 967|0x00000007bc700000, 0x00000007bc700000, 0x00000007bc800000|  0%| F|  |TAMS 0x00000007bc700000, 0x00000007bc700000| Untracked 
| 968|0x00000007bc800000, 0x00000007bc800000, 0x00000007bc900000|  0%| F|  |TAMS 0x00000007bc800000, 0x00000007bc800000| Untracked 
| 969|0x00000007bc900000, 0x00000007bc900000, 0x00000007bca00000|  0%| F|  |TAMS 0x00000007bc900000, 0x00000007bc900000| Untracked 
| 970|0x00000007bca00000, 0x00000007bca00000, 0x00000007bcb00000|  0%| F|  |TAMS 0x00000007bca00000, 0x00000007bca00000| Untracked 
| 971|0x00000007bcb00000, 0x00000007bcb00000, 0x00000007bcc00000|  0%| F|  |TAMS 0x00000007bcb00000, 0x00000007bcb00000| Untracked 
| 972|0x00000007bcc00000, 0x00000007bcc00000, 0x00000007bcd00000|  0%| F|  |TAMS 0x00000007bcc00000, 0x00000007bcc00000| Untracked 
| 973|0x00000007bcd00000, 0x00000007bcd00000, 0x00000007bce00000|  0%| F|  |TAMS 0x00000007bcd00000, 0x00000007bcd00000| Untracked 
| 974|0x00000007bce00000, 0x00000007bce00000, 0x00000007bcf00000|  0%| F|  |TAMS 0x00000007bce00000, 0x00000007bce00000| Untracked 
| 975|0x00000007bcf00000, 0x00000007bcf00000, 0x00000007bd000000|  0%| F|  |TAMS 0x00000007bcf00000, 0x00000007bcf00000| Untracked 
| 976|0x00000007bd000000, 0x00000007bd000000, 0x00000007bd100000|  0%| F|  |TAMS 0x00000007bd000000, 0x00000007bd000000| Untracked 
| 977|0x00000007bd100000, 0x00000007bd100000, 0x00000007bd200000|  0%| F|  |TAMS 0x00000007bd100000, 0x00000007bd100000| Untracked 
| 978|0x00000007bd200000, 0x00000007bd200000, 0x00000007bd300000|  0%| F|  |TAMS 0x00000007bd200000, 0x00000007bd200000| Untracked 
| 979|0x00000007bd300000, 0x00000007bd300000, 0x00000007bd400000|  0%| F|  |TAMS 0x00000007bd300000, 0x00000007bd300000| Untracked 
| 980|0x00000007bd400000, 0x00000007bd400000, 0x00000007bd500000|  0%| F|  |TAMS 0x00000007bd400000, 0x00000007bd400000| Untracked 
| 981|0x00000007bd500000, 0x00000007bd500000, 0x00000007bd600000|  0%| F|  |TAMS 0x00000007bd500000, 0x00000007bd500000| Untracked 
| 982|0x00000007bd600000, 0x00000007bd600000, 0x00000007bd700000|  0%| F|  |TAMS 0x00000007bd600000, 0x00000007bd600000| Untracked 
| 983|0x00000007bd700000, 0x00000007bd700000, 0x00000007bd800000|  0%| F|  |TAMS 0x00000007bd700000, 0x00000007bd700000| Untracked 
| 984|0x00000007bd800000, 0x00000007bd800000, 0x00000007bd900000|  0%| F|  |TAMS 0x00000007bd800000, 0x00000007bd800000| Untracked 
| 985|0x00000007bd900000, 0x00000007bd900000, 0x00000007bda00000|  0%| F|  |TAMS 0x00000007bd900000, 0x00000007bd900000| Untracked 
| 986|0x00000007bda00000, 0x00000007bda00000, 0x00000007bdb00000|  0%| F|  |TAMS 0x00000007bda00000, 0x00000007bda00000| Untracked 
| 987|0x00000007bdb00000, 0x00000007bdb00000, 0x00000007bdc00000|  0%| F|  |TAMS 0x00000007bdb00000, 0x00000007bdb00000| Untracked 
| 988|0x00000007bdc00000, 0x00000007bdc00000, 0x00000007bdd00000|  0%| F|  |TAMS 0x00000007bdc00000, 0x00000007bdc00000| Untracked 
| 989|0x00000007bdd00000, 0x00000007bdd00000, 0x00000007bde00000|  0%| F|  |TAMS 0x00000007bdd00000, 0x00000007bdd00000| Untracked 
| 990|0x00000007bde00000, 0x00000007bde00000, 0x00000007bdf00000|  0%| F|  |TAMS 0x00000007bde00000, 0x00000007bde00000| Untracked 
| 991|0x00000007bdf00000, 0x00000007bdf00000, 0x00000007be000000|  0%| F|  |TAMS 0x00000007bdf00000, 0x00000007bdf00000| Untracked 
| 992|0x00000007be000000, 0x00000007be000000, 0x00000007be100000|  0%| F|  |TAMS 0x00000007be000000, 0x00000007be000000| Untracked 
| 993|0x00000007be100000, 0x00000007be100000, 0x00000007be200000|  0%| F|  |TAMS 0x00000007be100000, 0x00000007be100000| Untracked 
| 994|0x00000007be200000, 0x00000007be200000, 0x00000007be300000|  0%| F|  |TAMS 0x00000007be200000, 0x00000007be200000| Untracked 
| 995|0x00000007be300000, 0x00000007be300000, 0x00000007be400000|  0%| F|  |TAMS 0x00000007be300000, 0x00000007be300000| Untracked 
| 996|0x00000007be400000, 0x00000007be400000, 0x00000007be500000|  0%| F|  |TAMS 0x00000007be400000, 0x00000007be400000| Untracked 
| 997|0x00000007be500000, 0x00000007be500000, 0x00000007be600000|  0%| F|  |TAMS 0x00000007be500000, 0x00000007be500000| Untracked 
| 998|0x00000007be600000, 0x00000007be600000, 0x00000007be700000|  0%| F|  |TAMS 0x00000007be600000, 0x00000007be600000| Untracked 
| 999|0x00000007be700000, 0x00000007be700000, 0x00000007be800000|  0%| F|  |TAMS 0x00000007be700000, 0x00000007be700000| Untracked 
|1000|0x00000007be800000, 0x00000007be800000, 0x00000007be900000|  0%| F|  |TAMS 0x00000007be800000, 0x00000007be800000| Untracked 
|1001|0x00000007be900000, 0x00000007be900000, 0x00000007bea00000|  0%| F|  |TAMS 0x00000007be900000, 0x00000007be900000| Untracked 
|1002|0x00000007bea00000, 0x00000007bea00000, 0x00000007beb00000|  0%| F|  |TAMS 0x00000007bea00000, 0x00000007bea00000| Untracked 
|1003|0x00000007beb00000, 0x00000007beb00000, 0x00000007bec00000|  0%| F|  |TAMS 0x00000007beb00000, 0x00000007beb00000| Untracked 
|1004|0x00000007bec00000, 0x00000007becb9c98, 0x00000007bed00000| 72%| E|  |TAMS 0x00000007bec00000, 0x00000007bec00000| Complete 
|1005|0x00000007bed00000, 0x00000007bee00000, 0x00000007bee00000|100%| E|CS|TAMS 0x00000007bed00000, 0x00000007bed00000| Complete 
|1006|0x00000007bee00000, 0x00000007bef00000, 0x00000007bef00000|100%| E|CS|TAMS 0x00000007bee00000, 0x00000007bee00000| Complete 
|1007|0x00000007bef00000, 0x00000007bf000000, 0x00000007bf000000|100%| E|CS|TAMS 0x00000007bef00000, 0x00000007bef00000| Complete 
|1008|0x00000007bf000000, 0x00000007bf100000, 0x00000007bf100000|100%| E|CS|TAMS 0x00000007bf000000, 0x00000007bf000000| Complete 
|1009|0x00000007bf100000, 0x00000007bf200000, 0x00000007bf200000|100%| E|CS|TAMS 0x00000007bf100000, 0x00000007bf100000| Complete 
|1010|0x00000007bf200000, 0x00000007bf300000, 0x00000007bf300000|100%| E|CS|TAMS 0x00000007bf200000, 0x00000007bf200000| Complete 
|1011|0x00000007bf300000, 0x00000007bf400000, 0x00000007bf400000|100%| E|CS|TAMS 0x00000007bf300000, 0x00000007bf300000| Complete 
|1012|0x00000007bf400000, 0x00000007bf500000, 0x00000007bf500000|100%| E|CS|TAMS 0x00000007bf400000, 0x00000007bf400000| Complete 
|1013|0x00000007bf500000, 0x00000007bf600000, 0x00000007bf600000|100%| E|CS|TAMS 0x00000007bf500000, 0x00000007bf500000| Complete 
|1014|0x00000007bf600000, 0x00000007bf700000, 0x00000007bf700000|100%| E|CS|TAMS 0x00000007bf600000, 0x00000007bf600000| Complete 
|1015|0x00000007bf700000, 0x00000007bf800000, 0x00000007bf800000|100%| E|CS|TAMS 0x00000007bf700000, 0x00000007bf700000| Complete 
|1016|0x00000007bf800000, 0x00000007bf900000, 0x00000007bf900000|100%| E|CS|TAMS 0x00000007bf800000, 0x00000007bf800000| Complete 
|1017|0x00000007bf900000, 0x00000007bfa00000, 0x00000007bfa00000|100%| E|CS|TAMS 0x00000007bf900000, 0x00000007bf900000| Complete 
|1018|0x00000007bfa00000, 0x00000007bfb00000, 0x00000007bfb00000|100%| E|CS|TAMS 0x00000007bfa00000, 0x00000007bfa00000| Complete 
|1019|0x00000007bfb00000, 0x00000007bfc00000, 0x00000007bfc00000|100%| E|CS|TAMS 0x00000007bfb00000, 0x00000007bfb00000| Complete 
|1020|0x00000007bfc00000, 0x00000007bfd00000, 0x00000007bfd00000|100%| E|CS|TAMS 0x00000007bfc00000, 0x00000007bfc00000| Complete 
|1021|0x00000007bfd00000, 0x00000007bfe00000, 0x00000007bfe00000|100%| E|CS|TAMS 0x00000007bfd00000, 0x00000007bfd00000| Complete 
|1022|0x00000007bfe00000, 0x00000007bff00000, 0x00000007bff00000|100%| E|CS|TAMS 0x00000007bfe00000, 0x00000007bfe00000| Complete 
|1023|0x00000007bff00000, 0x00000007c0000000, 0x00000007c0000000|100%| E|CS|TAMS 0x00000007bff00000, 0x00000007bff00000| Complete 
|1024|0x00000007c0000000, 0x00000007c0100000, 0x00000007c0100000|100%| E|CS|TAMS 0x00000007c0000000, 0x00000007c0000000| Complete 
|1025|0x00000007c0100000, 0x00000007c0200000, 0x00000007c0200000|100%| E|CS|TAMS 0x00000007c0100000, 0x00000007c0100000| Complete 
|1026|0x00000007c0200000, 0x00000007c0300000, 0x00000007c0300000|100%| E|CS|TAMS 0x00000007c0200000, 0x00000007c0200000| Complete 
|1027|0x00000007c0300000, 0x00000007c0400000, 0x00000007c0400000|100%| E|CS|TAMS 0x00000007c0300000, 0x00000007c0300000| Complete 
|1028|0x00000007c0400000, 0x00000007c0500000, 0x00000007c0500000|100%| E|CS|TAMS 0x00000007c0400000, 0x00000007c0400000| Complete 
|1029|0x00000007c0500000, 0x00000007c0600000, 0x00000007c0600000|100%| E|CS|TAMS 0x00000007c0500000, 0x00000007c0500000| Complete 
|1030|0x00000007c0600000, 0x00000007c0700000, 0x00000007c0700000|100%| E|CS|TAMS 0x00000007c0600000, 0x00000007c0600000| Complete 
|1031|0x00000007c0700000, 0x00000007c0800000, 0x00000007c0800000|100%| S|CS|TAMS 0x00000007c0700000, 0x00000007c0700000| Complete 
|1032|0x00000007c0800000, 0x00000007c0900000, 0x00000007c0900000|100%| S|CS|TAMS 0x00000007c0800000, 0x00000007c0800000| Complete 
|1033|0x00000007c0900000, 0x00000007c0a00000, 0x00000007c0a00000|100%| S|CS|TAMS 0x00000007c0900000, 0x00000007c0900000| Complete 
|1034|0x00000007c0a00000, 0x00000007c0b00000, 0x00000007c0b00000|100%| S|CS|TAMS 0x00000007c0a00000, 0x00000007c0a00000| Complete 
|1035|0x00000007c0b00000, 0x00000007c0c00000, 0x00000007c0c00000|100%| S|CS|TAMS 0x00000007c0b00000, 0x00000007c0b00000| Complete 
|1036|0x00000007c0c00000, 0x00000007c0d00000, 0x00000007c0d00000|100%| E|CS|TAMS 0x00000007c0c00000, 0x00000007c0c00000| Complete 
|1037|0x00000007c0d00000, 0x00000007c0e00000, 0x00000007c0e00000|100%| E|CS|TAMS 0x00000007c0d00000, 0x00000007c0d00000| Complete 
|1248|0x00000007ce000000, 0x00000007ce100000, 0x00000007ce100000|100%| E|CS|TAMS 0x00000007ce000000, 0x00000007ce000000| Complete 
|1249|0x00000007ce100000, 0x00000007ce200000, 0x00000007ce200000|100%| E|CS|TAMS 0x00000007ce100000, 0x00000007ce100000| Complete 
|1250|0x00000007ce200000, 0x00000007ce300000, 0x00000007ce300000|100%| E|CS|TAMS 0x00000007ce200000, 0x00000007ce200000| Complete 
|1251|0x00000007ce300000, 0x00000007ce400000, 0x00000007ce400000|100%| E|CS|TAMS 0x00000007ce300000, 0x00000007ce300000| Complete 
|1252|0x00000007ce400000, 0x00000007ce500000, 0x00000007ce500000|100%| E|CS|TAMS 0x00000007ce400000, 0x00000007ce400000| Complete 
|1253|0x00000007ce500000, 0x00000007ce600000, 0x00000007ce600000|100%| E|CS|TAMS 0x00000007ce500000, 0x00000007ce500000| Complete 
|1254|0x00000007ce600000, 0x00000007ce700000, 0x00000007ce700000|100%| E|CS|TAMS 0x00000007ce600000, 0x00000007ce600000| Complete 
|1255|0x00000007ce700000, 0x00000007ce800000, 0x00000007ce800000|100%| E|CS|TAMS 0x00000007ce700000, 0x00000007ce700000| Complete 
|1256|0x00000007ce800000, 0x00000007ce900000, 0x00000007ce900000|100%| E|CS|TAMS 0x00000007ce800000, 0x00000007ce800000| Complete 
|2044|0x00000007ffc00000, 0x00000007ffd00000, 0x00000007ffd00000|100%| E|CS|TAMS 0x00000007ffc00000, 0x00000007ffc00000| Complete 
|2045|0x00000007ffd00000, 0x00000007ffe00000, 0x00000007ffe00000|100%| E|CS|TAMS 0x00000007ffd00000, 0x00000007ffd00000| Complete 
|2046|0x00000007ffe00000, 0x00000007ffe76000, 0x00000007fff00000| 46%|OA|  |TAMS 0x00000007ffe76000, 0x00000007ffe00000| Untracked 
|2047|0x00000007fff00000, 0x00000007fff74000, 0x0000000800000000| 45%|CA|  |TAMS 0x00000007fff74000, 0x00000007fff00000| Untracked 

Card table byte_map: [0x000000010d000000,0x000000010d400000] _byte_map_base: 0x0000000109400000

Marking Bits (Prev, Next): (CMBitMap*) 0x00007fef7c826850, (CMBitMap*) 0x00007fef7c826810
 Prev Bits: [0x000000011be4b000, 0x000000011de4b000)
 Next Bits: [0x0000000119e4b000, 0x000000011be4b000)

Polling page: 0x00000001043bb000

Metaspace:

Usage:
  Non-class:    128.78 MB used.
      Class:     22.89 MB used.
       Both:    151.66 MB used.

Virtual space:
  Non-class space:      192.00 MB reserved,     129.88 MB ( 68%) committed,  3 nodes.
      Class space:      416.00 MB reserved,      23.81 MB (  6%) committed,  1 nodes.
             Both:      608.00 MB reserved,     153.69 MB ( 25%) committed. 

Chunk freelists:
   Non-Class:  14.16 MB
       Class:  8.34 MB
        Both:  22.49 MB

MaxMetaspaceSize: 512.00 MB
CompressedClassSpaceSize: 416.00 MB
Initial GC threshold: 21.00 MB
Current GC threshold: 255.94 MB
CDS: on
MetaspaceReclaimPolicy: balanced
 - commit_granule_bytes: 65536.
 - commit_granule_words: 8192.
 - virtual_space_node_default_size: 8388608.
 - enlarge_chunks_in_place: 1.
 - new_chunks_are_fully_committed: 0.
 - uncommit_free_chunks: 1.
 - use_allocation_guard: 0.
 - handle_deallocations: 1.


Internal statistics:

num_allocs_failed_limit: 12.
num_arena_births: 5836.
num_arena_deaths: 2970.
num_vsnodes_births: 4.
num_vsnodes_deaths: 0.
num_space_committed: 2469.
num_space_uncommitted: 11.
num_chunks_returned_to_freelist: 4484.
num_chunks_taken_from_freelist: 14354.
num_chunk_merges: 1199.
num_chunk_splits: 7659.
num_chunks_enlarged: 4247.
num_inconsistent_stats: 0.

CodeCache: size=49152Kb used=45704Kb max_used=47362Kb free=3447Kb
 bounds [0x0000000116e4b000, 0x0000000119e4b000, 0x0000000119e4b000]
 total_blobs=22235 nmethods=21120 adapters=1036
 compilation: enabled
              stopped_count=3, restarted_count=3
 full_count=3

Compilation events (20 events):
Event: 6887.050 Thread 0x00007fef6c18ba00 nmethod 86823 0x000000011951b390 code [0x000000011951b520, 0x000000011951b5f0]
Event: 6887.050 Thread 0x00007fef6c18ba00 86842       1       com.android.tools.r8.ir.optimize.w0::a (1030 bytes)
Event: 6887.050 Thread 0x00007fef9d5c9400 nmethod 86834 0x000000011925b010 code [0x000000011925b200, 0x000000011925b640]
Event: 6887.050 Thread 0x00007fef9d5c9400 86837       1       com.android.tools.r8.graph.T1::a (253 bytes)
Event: 6887.050 Thread 0x00007fef9e3b9200 nmethod 86352 0x000000011925a990 code [0x000000011925ab80, 0x000000011925ae20]
Event: 6887.050 Thread 0x00007fef9e3b9200 86841       1       com.android.tools.r8.internal.ll::l (8 bytes)
Event: 6887.051 Thread 0x00007fef9e3b9200 nmethod 86841 0x000000011951ad90 code [0x000000011951af20, 0x000000011951b010]
Event: 6887.051 Thread 0x00007fef9d5c9400 nmethod 86837 0x0000000119259c90 code [0x0000000119259ee0, 0x000000011925a600]
Event: 6887.051 Thread 0x00007fef9d5c9400 86844       1       com.android.tools.r8.graph.q2::d (30 bytes)
Event: 6887.051 Thread 0x00007fef9e3b9200 86833       1       com.android.tools.r8.internal.Ic::a (31 bytes)
Event: 6887.051 Thread 0x00007fef9d5c9400 nmethod 86844 0x0000000119259790 code [0x0000000119259940, 0x0000000119259b30]
Event: 6887.052 Thread 0x00007fef9d5c9400 86847       1       com.android.tools.r8.internal.x4::a (187 bytes)
Event: 6887.052 Thread 0x00007fef7c96ee00 86813       1       com.android.tools.r8.internal.k7$$Lambda$3628/0x000000012246b0f8::apply (12 bytes)
Event: 6887.052 Thread 0x00007fef7c96ee00 nmethod 86813 0x0000000119259390 code [0x0000000119259520, 0x0000000119259690]
Event: 6887.052 Thread 0x00007fef7c96ee00 86830       1       com.android.tools.r8.internal.J::add (9 bytes)
Event: 6887.052 Thread 0x00007fef9e3b9200 nmethod 86833 0x0000000119567010 code [0x0000000119567220, 0x0000000119567720]
Event: 6887.053 Thread 0x00007fef9e3b9200 86831       1       com.android.tools.r8.internal.J::a (9 bytes)
Event: 6887.067 Thread 0x00007fef9e3b9200 nmethod 86831 0x0000000119258e90 code [0x0000000119259040, 0x0000000119259160]
Event: 6887.067 Thread 0x00007fef9e3b9200 86772       1       com.android.tools.r8.dex.code.G0::<init> (73 bytes)
Event: 6887.067 Thread 0x00007fef9e3b9200 nmethod 86772 0x0000000119566d10 code [0x0000000119566ea0, 0x0000000119566f90]

GC Heap History (20 events):
Event: 6881.643 GC heap before
{Heap before GC invocations=169 (full 0):
 garbage-first heap   total 1076224K, used 463784K [0x0000000780000000, 0x0000000800000000)
  region size 1024K, 52 young (53248K), 26 survivors (26624K)
 Metaspace       used 155531K, committed 157376K, reserved 622592K
  class space    used 23511K, committed 24384K, reserved 425984K
}
Event: 6881.663 GC heap after
{Heap after GC invocations=170 (full 0):
 garbage-first heap   total 1076224K, used 413913K [0x0000000780000000, 0x0000000800000000)
  region size 1024K, 7 young (7168K), 7 survivors (7168K)
 Metaspace       used 155531K, committed 157376K, reserved 622592K
  class space    used 23511K, committed 24384K, reserved 425984K
}
Event: 6882.573 GC heap before
{Heap before GC invocations=170 (full 0):
 garbage-first heap   total 1076224K, used 540889K [0x0000000780000000, 0x0000000800000000)
  region size 1024K, 132 young (135168K), 7 survivors (7168K)
 Metaspace       used 155538K, committed 157376K, reserved 622592K
  class space    used 23513K, committed 24384K, reserved 425984K
}
Event: 6882.582 GC heap after
{Heap after GC invocations=171 (full 0):
 garbage-first heap   total 1076224K, used 430486K [0x0000000780000000, 0x0000000800000000)
  region size 1024K, 23 young (23552K), 23 survivors (23552K)
 Metaspace       used 155538K, committed 157376K, reserved 622592K
  class space    used 23513K, committed 24384K, reserved 425984K
}
Event: 6884.509 GC heap before
{Heap before GC invocations=172 (full 0):
 garbage-first heap   total 1076224K, used 749974K [0x0000000780000000, 0x0000000800000000)
  region size 1024K, 401 young (410624K), 23 survivors (23552K)
 Metaspace       used 154842K, committed 157376K, reserved 622592K
  class space    used 23375K, committed 24384K, reserved 425984K
}
Event: 6884.518 GC heap after
{Heap after GC invocations=173 (full 0):
 garbage-first heap   total 1076224K, used 339880K [0x0000000780000000, 0x0000000800000000)
  region size 1024K, 29 young (29696K), 29 survivors (29696K)
 Metaspace       used 154842K, committed 157376K, reserved 622592K
  class space    used 23375K, committed 24384K, reserved 425984K
}
Event: 6884.570 GC heap before
{Heap before GC invocations=173 (full 0):
 garbage-first heap   total 1076224K, used 386984K [0x0000000780000000, 0x0000000800000000)
  region size 1024K, 52 young (53248K), 29 survivors (29696K)
 Metaspace       used 154843K, committed 157376K, reserved 622592K
  class space    used 23376K, committed 24384K, reserved 425984K
}
Event: 6884.585 GC heap after
{Heap after GC invocations=174 (full 0):
 garbage-first heap   total 1076224K, used 285476K [0x0000000780000000, 0x0000000800000000)
  region size 1024K, 7 young (7168K), 7 survivors (7168K)
 Metaspace       used 154843K, committed 157376K, reserved 622592K
  class space    used 23376K, committed 24384K, reserved 425984K
}
Event: 6884.585 GC heap before
{Heap before GC invocations=174 (full 0):
 garbage-first heap   total 1076224K, used 286500K [0x0000000780000000, 0x0000000800000000)
  region size 1024K, 9 young (9216K), 7 survivors (7168K)
 Metaspace       used 154843K, committed 157376K, reserved 622592K
  class space    used 23376K, committed 24384K, reserved 425984K
}
Event: 6884.588 GC heap after
{Heap after GC invocations=175 (full 0):
 garbage-first heap   total 1076224K, used 283835K [0x0000000780000000, 0x0000000800000000)
  region size 1024K, 6 young (6144K), 6 survivors (6144K)
 Metaspace       used 154843K, committed 157376K, reserved 622592K
  class space    used 23376K, committed 24384K, reserved 425984K
}
Event: 6886.243 GC heap before
{Heap before GC invocations=176 (full 0):
 garbage-first heap   total 1076224K, used 866491K [0x0000000780000000, 0x0000000800000000)
  region size 1024K, 535 young (547840K), 6 survivors (6144K)
 Metaspace       used 155016K, committed 157376K, reserved 622592K
  class space    used 23407K, committed 24384K, reserved 425984K
}
Event: 6886.284 GC heap after
{Heap after GC invocations=177 (full 0):
 garbage-first heap   total 1076224K, used 408616K [0x0000000780000000, 0x0000000800000000)
  region size 1024K, 67 young (68608K), 67 survivors (68608K)
 Metaspace       used 155016K, committed 157376K, reserved 622592K
  class space    used 23407K, committed 24384K, reserved 425984K
}
Event: 6886.293 GC heap before
{Heap before GC invocations=177 (full 0):
 garbage-first heap   total 1076224K, used 410664K [0x0000000780000000, 0x0000000800000000)
  region size 1024K, 69 young (70656K), 67 survivors (68608K)
 Metaspace       used 155016K, committed 157376K, reserved 622592K
  class space    used 23407K, committed 24384K, reserved 425984K
}
Event: 6886.325 GC heap after
{Heap after GC invocations=178 (full 0):
 garbage-first heap   total 1076224K, used 401832K [0x0000000780000000, 0x0000000800000000)
  region size 1024K, 2 young (2048K), 2 survivors (2048K)
 Metaspace       used 155016K, committed 157376K, reserved 622592K
  class space    used 23407K, committed 24384K, reserved 425984K
}
Event: 6886.438 GC heap before
{Heap before GC invocations=178 (full 0):
 garbage-first heap   total 1076224K, used 410024K [0x0000000780000000, 0x0000000800000000)
  region size 1024K, 11 young (11264K), 2 survivors (2048K)
 Metaspace       used 155020K, committed 157376K, reserved 622592K
  class space    used 23407K, committed 24384K, reserved 425984K
}
Event: 6886.440 GC heap after
{Heap after GC invocations=179 (full 0):
 garbage-first heap   total 1076224K, used 403186K [0x0000000780000000, 0x0000000800000000)
  region size 1024K, 3 young (3072K), 3 survivors (3072K)
 Metaspace       used 155020K, committed 157376K, reserved 622592K
  class space    used 23407K, committed 24384K, reserved 425984K
}
Event: 6887.026 GC heap before
{Heap before GC invocations=180 (full 0):
 garbage-first heap   total 1076224K, used 806642K [0x0000000780000000, 0x0000000800000000)
  region size 1024K, 377 young (386048K), 3 survivors (3072K)
 Metaspace       used 155304K, committed 157376K, reserved 622592K
  class space    used 23435K, committed 24384K, reserved 425984K
}
Event: 6887.042 GC heap after
{Heap after GC invocations=181 (full 0):
 garbage-first heap   total 1076224K, used 452357K [0x0000000780000000, 0x0000000800000000)
  region size 1024K, 39 young (39936K), 39 survivors (39936K)
 Metaspace       used 155304K, committed 157376K, reserved 622592K
  class space    used 23435K, committed 24384K, reserved 425984K
}
Event: 6887.053 GC heap before
{Heap before GC invocations=181 (full 0):
 garbage-first heap   total 1076224K, used 464645K [0x0000000780000000, 0x0000000800000000)
  region size 1024K, 52 young (53248K), 39 survivors (39936K)
 Metaspace       used 155304K, committed 157376K, reserved 622592K
  class space    used 23435K, committed 24384K, reserved 425984K
}
Event: 6887.066 GC heap after
{Heap after GC invocations=182 (full 0):
 garbage-first heap   total 1076224K, used 444387K [0x0000000780000000, 0x0000000800000000)
  region size 1024K, 5 young (5120K), 5 survivors (5120K)
 Metaspace       used 155304K, committed 157376K, reserved 622592K
  class space    used 23435K, committed 24384K, reserved 425984K
}

Dll operation events (15 events):
Event: 0.007 Loaded shared library /Library/Java/JavaVirtualMachines/zulu-17.jdk/Contents/Home/lib/libjava.dylib
Event: 0.061 Loaded shared library /Library/Java/JavaVirtualMachines/zulu-17.jdk/Contents/Home/lib/libzip.dylib
Event: 0.062 Loaded shared library /Library/Java/JavaVirtualMachines/zulu-17.jdk/Contents/Home/lib/libinstrument.dylib
Event: 0.065 Loaded shared library /Library/Java/JavaVirtualMachines/zulu-17.jdk/Contents/Home/lib/libnio.dylib
Event: 0.069 Loaded shared library /Library/Java/JavaVirtualMachines/zulu-17.jdk/Contents/Home/lib/libzip.dylib
Event: 0.148 Loaded shared library /Library/Java/JavaVirtualMachines/zulu-17.jdk/Contents/Home/lib/libjimage.dylib
Event: 0.180 Loaded shared library /Library/Java/JavaVirtualMachines/zulu-17.jdk/Contents/Home/lib/libverify.dylib
Event: 0.259 Loaded shared library /Library/Java/JavaVirtualMachines/zulu-17.jdk/Contents/Home/lib/libnet.dylib
Event: 0.268 Loaded shared library /Users/juanprogramador/.gradle/native/c067742578af261105cb4f569cf0c3c89f3d7b1fecec35dd04571415982c5e48/osx-amd64/libnative-platform.dylib
Event: 0.273 Loaded shared library /Users/juanprogramador/.gradle/native/38dada09dfb8b06ba9b0570ebf7e218e3eb74d4ef43ca46872605cf95ebc2f47/osx-amd64/libnative-platform-file-events.dylib
Event: 0.682 Loaded shared library /Library/Java/JavaVirtualMachines/zulu-17.jdk/Contents/Home/lib/libmanagement.dylib
Event: 0.683 Loaded shared library /Library/Java/JavaVirtualMachines/zulu-17.jdk/Contents/Home/lib/libmanagement_ext.dylib
Event: 0.773 Loaded shared library /Library/Java/JavaVirtualMachines/zulu-17.jdk/Contents/Home/lib/libextnet.dylib
Event: 48.861 Loaded shared library /private/var/folders/y5/8bd85fdx22161gc_fz2h96d80000gn/T/native-platform7232899166853068070dir/libnative-platform.dylib
Event: 49.412 Loaded shared library /Library/Java/JavaVirtualMachines/zulu-17.jdk/Contents/Home/lib/librmi.dylib

Deoptimization events (20 events):
Event: 6887.000 Thread 0x00007fef9c228a00 DEOPT PACKING pc=0x0000000116f77885 sp=0x00007000163b4170
Event: 6887.000 Thread 0x00007fef9c228a00 DEOPT UNPACKING pc=0x0000000116ea1e2f sp=0x00007000163b3648 mode 3
Event: 6887.001 Thread 0x00007feefd19da00 DEOPT PACKING pc=0x00000001171646a3 sp=0x0000700016ac9350
Event: 6887.001 Thread 0x00007feefd19da00 DEOPT UNPACKING pc=0x0000000116ea1e2f sp=0x0000700016ac8820 mode 3
Event: 6887.002 Thread 0x00007fef9c228a00 DEOPT PACKING pc=0x0000000118f5938e sp=0x00007000163b42c0
Event: 6887.002 Thread 0x00007fef9c228a00 DEOPT UNPACKING pc=0x0000000116ea1e2f sp=0x00007000163b37a0 mode 3
Event: 6887.004 Thread 0x00007fef9e3d5600 DEOPT PACKING pc=0x0000000118b2fb66 sp=0x000070001ac8e740
Event: 6887.004 Thread 0x00007fef9e3d5600 DEOPT UNPACKING pc=0x0000000116ea1e2f sp=0x000070001ac8dc68 mode 3
Event: 6887.005 Thread 0x00007fef7cf1c800 DEOPT PACKING pc=0x0000000119b34dc4 sp=0x0000700016bcdaf0
Event: 6887.005 Thread 0x00007fef7cf1c800 DEOPT UNPACKING pc=0x0000000116ea1e2f sp=0x0000700016bccfd8 mode 3
Event: 6887.005 Thread 0x00007fef9e3d1400 DEOPT PACKING pc=0x0000000119b34dc4 sp=0x00007000168c38b0
Event: 6887.005 Thread 0x00007fef9e3d1400 DEOPT UNPACKING pc=0x0000000116ea1e2f sp=0x00007000168c2d98 mode 3
Event: 6887.022 Thread 0x00007fef9d537e00 DEOPT PACKING pc=0x0000000118302d0e sp=0x000070001a77f6d0
Event: 6887.022 Thread 0x00007fef9d537e00 DEOPT UNPACKING pc=0x0000000116ea1e2f sp=0x000070001a77eb90 mode 3
Event: 6887.024 Thread 0x00007fef9c017c00 DEOPT PACKING pc=0x000000011959d6eb sp=0x00007000161ae2d0
Event: 6887.024 Thread 0x00007fef9c017c00 DEOPT UNPACKING pc=0x0000000116ea1e2f sp=0x00007000161ad790 mode 3
Event: 6887.047 Thread 0x00007fef9e3d5600 DEOPT PACKING pc=0x0000000119bf5ca6 sp=0x000070001ac8e4d0
Event: 6887.047 Thread 0x00007fef9e3d5600 DEOPT UNPACKING pc=0x0000000116ea1e2f sp=0x000070001ac8daa0 mode 3
Event: 6887.048 Thread 0x00007fef9c228a00 DEOPT PACKING pc=0x00000001193dac5d sp=0x00007000163b4a50
Event: 6887.048 Thread 0x00007fef9c228a00 DEOPT UNPACKING pc=0x0000000116ea1e2f sp=0x00007000163b3f18 mode 3

Classes loaded (20 events):
Event: 79.414 Loading class java/lang/StackStreamFactory$1
Event: 79.414 Loading class java/lang/StackStreamFactory$1 done
Event: 79.414 Loading class java/lang/StackStreamFactory$StackFrameTraverser$StackFrameBuffer
Event: 79.414 Loading class java/lang/StackStreamFactory$FrameBuffer
Event: 79.414 Loading class java/lang/StackStreamFactory$FrameBuffer done
Event: 79.414 Loading class java/lang/StackStreamFactory$StackFrameTraverser$StackFrameBuffer done
Event: 79.415 Loading class java/util/logging/LogRecord
Event: 79.415 Loading class java/util/logging/LogRecord done
Event: 2063.627 Loading class jdk/internal/math/FormattedFloatingDecimal$Form
Event: 2063.627 Loading class jdk/internal/math/FormattedFloatingDecimal$Form done
Event: 2063.627 Loading class jdk/internal/math/FormattedFloatingDecimal
Event: 2063.627 Loading class jdk/internal/math/FormattedFloatingDecimal done
Event: 2063.627 Loading class jdk/internal/math/FormattedFloatingDecimal$1
Event: 2063.627 Loading class jdk/internal/math/FormattedFloatingDecimal$1 done
Event: 2063.627 Loading class jdk/internal/math/FormattedFloatingDecimal$2
Event: 2063.627 Loading class jdk/internal/math/FormattedFloatingDecimal$2 done
Event: 2080.085 Loading class java/rmi/server/Unreferenced
Event: 2080.086 Loading class java/rmi/server/Unreferenced done
Event: 5686.712 Loading class sun/rmi/transport/ObjectTable$1
Event: 5686.713 Loading class sun/rmi/transport/ObjectTable$1 done

Classes unloaded (20 events):
Event: 6882.684 Thread 0x00007fef9cc09390 Unloading class 0x0000000121508430 'build_92w8bxja5v07jbb3nkw48mt6j$_run_closure1$_closure5'
Event: 6882.684 Thread 0x00007fef9cc09390 Unloading class 0x0000000121508000 'build_92w8bxja5v07jbb3nkw48mt6j$_run_closure1$_closure4'
Event: 6882.684 Thread 0x00007fef9cc09390 Unloading class 0x0000000121f19000 'build_92w8bxja5v07jbb3nkw48mt6j$_run_closure1'
Event: 6882.684 Thread 0x00007fef9cc09390 Unloading class 0x0000000121d20800 'build_92w8bxja5v07jbb3nkw48mt6j'
Event: 6882.684 Thread 0x00007fef9cc09390 Unloading class 0x0000000122054400 'jdk/internal/reflect/GeneratedConstructorAccessor388'
Event: 6882.684 Thread 0x00007fef9cc09390 Unloading class 0x0000000122054000 'jdk/internal/reflect/GeneratedConstructorAccessor387'
Event: 6882.684 Thread 0x00007fef9cc09390 Unloading class 0x0000000122053c00 'jdk/internal/reflect/GeneratedConstructorAccessor386'
Event: 6882.684 Thread 0x00007fef9cc09390 Unloading class 0x0000000122053800 'jdk/internal/reflect/GeneratedConstructorAccessor385'
Event: 6882.684 Thread 0x00007fef9cc09390 Unloading class 0x0000000122053400 'jdk/internal/reflect/GeneratedConstructorAccessor384'
Event: 6882.684 Thread 0x00007fef9cc09390 Unloading class 0x0000000122053000 'jdk/internal/reflect/GeneratedConstructorAccessor383'
Event: 6882.684 Thread 0x00007fef9cc09390 Unloading class 0x000000012204a400 'jdk/internal/reflect/GeneratedConstructorAccessor382'
Event: 6882.684 Thread 0x00007fef9cc09390 Unloading class 0x000000012249d400 'jdk/internal/reflect/GeneratedSerializationConstructorAccessor304'
Event: 6882.684 Thread 0x00007fef9cc09390 Unloading class 0x00000001226c9000 'jdk/internal/reflect/GeneratedSerializationConstructorAccessor303'
Event: 6882.684 Thread 0x00007fef9cc09390 Unloading class 0x0000000121d4ac00 'jdk/internal/reflect/GeneratedSerializationConstructorAccessor300'
Event: 6882.684 Thread 0x00007fef9cc09390 Unloading class 0x0000000122241800 'jdk/internal/reflect/GeneratedSerializationConstructorAccessor294'
Event: 6882.684 Thread 0x00007fef9cc09390 Unloading class 0x00000001221b6400 'jdk/internal/reflect/GeneratedSerializationConstructorAccessor69'
Event: 6882.684 Thread 0x00007fef9cc09390 Unloading class 0x0000000122169400 'jdk/internal/reflect/GeneratedSerializationConstructorAccessor63'
Event: 6882.684 Thread 0x00007fef9cc09390 Unloading class 0x0000000122168800 'jdk/internal/reflect/GeneratedSerializationConstructorAccessor62'
Event: 6882.684 Thread 0x00007fef9cc09390 Unloading class 0x0000000122168000 'jdk/internal/reflect/GeneratedSerializationConstructorAccessor60'
Event: 6882.684 Thread 0x00007fef9cc09390 Unloading class 0x0000000122046400 'jdk/internal/reflect/GeneratedSerializationConstructorAccessor40'

Classes redefined (0 events):
No events

Internal exceptions (20 events):
Event: 6885.707 Thread 0x00007fef5f009200 Exception <a 'java/lang/NoSuchMethodError'{0x00000007a60c5b90}: static Lorg/jetbrains/kotlin/daemon/common/LoopbackNetworkInterface$ClientLoopbackSocketFactory;.<clinit>()V> (0x00000007a60c5b90) 
thrown [src/hotspot/share/prims/jni.cpp, line 1112]
Event: 6885.708 Thread 0x00007fef5f009200 Exception <a 'java/lang/NoSuchMethodError'{0x00000007a60cd850}: static [Ljava/rmi/server/ObjID;.<clinit>()V> (0x00000007a60cd850) 
thrown [src/hotspot/share/prims/jni.cpp, line 1112]
Event: 6885.709 Thread 0x00007fef5f009200 Exception <a 'java/lang/NoSuchMethodError'{0x00000007a5f9d668}: static [B.<clinit>()V> (0x00000007a5f9d668) 
thrown [src/hotspot/share/prims/jni.cpp, line 1112]
Event: 6885.710 Thread 0x00007feefc0cda00 Exception <a 'java/lang/InterruptedException'{0x00000007a5faba30}> (0x00000007a5faba30) 
thrown [src/hotspot/share/runtime/objectMonitor.cpp, line 1658]
Event: 6885.711 Thread 0x00007fef5f009200 Exception <a 'java/lang/NoSuchMethodError'{0x00000007a5fab080}: static Lorg/jetbrains/kotlin/daemon/common/CompileService$CallResult;.<clinit>()V> (0x00000007a5fab080) 
thrown [src/hotspot/share/prims/jni.cpp, line 1112]
Event: 6885.712 Thread 0x00007fef5f009200 Exception <a 'java/lang/NoSuchMethodError'{0x00000007a5ffe1d0}: static Lorg/jetbrains/kotlin/daemon/common/CompileService$CallResult$Good;.<clinit>()V> (0x00000007a5ffe1d0) 
thrown [src/hotspot/share/prims/jni.cpp, line 1112]
Event: 6885.712 Thread 0x00007fef5f009200 Exception <a 'java/lang/NoSuchMethodError'{0x00000007a5e8b280}: static Lorg/jetbrains/kotlin/daemon/common/DaemonJVMOptions;.<clinit>()V> (0x00000007a5e8b280) 
thrown [src/hotspot/share/prims/jni.cpp, line 1112]
Event: 6885.713 Thread 0x00007fef5f009200 Exception <a 'java/lang/NoSuchMethodError'{0x00000007a5e9e6f0}: static Lorg/jetbrains/kotlin/daemon/common/CompileService$CallResult$Ok;.<clinit>()V> (0x00000007a5e9e6f0) 
thrown [src/hotspot/share/prims/jni.cpp, line 1112]
Event: 6885.715 Thread 0x00007fef5f009200 Exception <a 'java/lang/NoSuchMethodError'{0x00000007a5df4ea8}: static [Ljava/lang/Integer;.<clinit>()V> (0x00000007a5df4ea8) 
thrown [src/hotspot/share/prims/jni.cpp, line 1112]
Event: 6886.688 Thread 0x00007fef6c593600 Exception <a 'sun/nio/fs/UnixException'{0x00000007bc0fed10}> (0x00000007bc0fed10) 
thrown [src/hotspot/share/prims/jni.cpp, line 516]
Event: 6886.689 Thread 0x00007fef6c593600 Exception <a 'sun/nio/fs/UnixException'{0x00000007bc0fff28}> (0x00000007bc0fff28) 
thrown [src/hotspot/share/prims/jni.cpp, line 516]
Event: 6886.689 Thread 0x00007fef6c593600 Exception <a 'sun/nio/fs/UnixException'{0x00000007bbff1230}> (0x00000007bbff1230) 
thrown [src/hotspot/share/prims/jni.cpp, line 516]
Event: 6886.787 Thread 0x00007fef6c593600 Exception <a 'java/lang/NoSuchMethodError'{0x00000007b912d900}: static Lcom/android/build/gradle/internal/tasks/DexArchiveBuilderTaskDelegate$ClasspathServiceKey;.<clinit>()V> (0x00000007b912d900) 
thrown [src/hotspot/share/prims/jni.cpp, line 1112]
Event: 6886.807 Thread 0x00007fef5e84c000 Exception <a 'sun/nio/fs/UnixException'{0x00000007b7e00c98}> (0x00000007b7e00c98) 
thrown [src/hotspot/share/prims/jni.cpp, line 516]
Event: 6886.807 Thread 0x00007fef5e84c000 Exception <a 'sun/nio/fs/UnixException'{0x00000007b7e016b8}> (0x00000007b7e016b8) 
thrown [src/hotspot/share/prims/jni.cpp, line 516]
Event: 6886.837 Thread 0x00007feeff922600 Exception <a 'sun/nio/fs/UnixException'{0x00000007b8485358}> (0x00000007b8485358) 
thrown [src/hotspot/share/prims/jni.cpp, line 516]
Event: 6886.880 Thread 0x00007fef6cb30200 Exception <a 'sun/nio/fs/UnixException'{0x00000007b3d86078}> (0x00000007b3d86078) 
thrown [src/hotspot/share/prims/jni.cpp, line 516]
Event: 6886.886 Thread 0x00007fef6cb30200 Exception <a 'sun/nio/fs/UnixException'{0x00000007b37a5850}> (0x00000007b37a5850) 
thrown [src/hotspot/share/prims/jni.cpp, line 516]
Event: 6886.886 Thread 0x00007fef6cb30200 Exception <a 'sun/nio/fs/UnixException'{0x00000007b37a6280}> (0x00000007b37a6280) 
thrown [src/hotspot/share/prims/jni.cpp, line 516]
Event: 6886.888 Thread 0x00007fef6cb30200 Exception <a 'sun/nio/fs/UnixException'{0x00000007b37ae910}> (0x00000007b37ae910) 
thrown [src/hotspot/share/prims/jni.cpp, line 516]

VM Operations (20 events):
Event: 6886.980 Executing VM operation: ICBufferFull
Event: 6886.980 Executing VM operation: ICBufferFull done
Event: 6886.980 Executing VM operation: ICBufferFull
Event: 6886.980 Executing VM operation: ICBufferFull done
Event: 6886.980 Executing VM operation: ICBufferFull
Event: 6886.980 Executing VM operation: ICBufferFull done
Event: 6886.980 Executing VM operation: ICBufferFull
Event: 6886.980 Executing VM operation: ICBufferFull done
Event: 6886.980 Executing VM operation: ICBufferFull
Event: 6886.980 Executing VM operation: ICBufferFull done
Event: 6886.980 Executing VM operation: ICBufferFull
Event: 6886.981 Executing VM operation: ICBufferFull done
Event: 6887.018 Executing VM operation: ICBufferFull
Event: 6887.019 Executing VM operation: ICBufferFull done
Event: 6887.026 Executing VM operation: G1CollectForAllocation
Event: 6887.042 Executing VM operation: G1CollectForAllocation done
Event: 6887.052 Executing VM operation: G1CollectForAllocation
Event: 6887.052 Executing VM operation: G1CollectForAllocation done
Event: 6887.052 Executing VM operation: G1CollectForAllocation
Event: 6887.066 Executing VM operation: G1CollectForAllocation done

Memory protections (20 events):
Event: 6885.708 Protecting memory [0x000070001bcc3000,0x000070001bcc7000] with protection modes 0
Event: 6885.722 Protecting memory [0x000070001bdc6000,0x000070001bdca000] with protection modes 0
Event: 6886.464 Protecting memory [0x000070001bec9000,0x000070001becd000] with protection modes 0
Event: 6886.464 Protecting memory [0x000070001bfcc000,0x000070001bfd0000] with protection modes 0
Event: 6886.464 Protecting memory [0x000070001c0cf000,0x000070001c0d3000] with protection modes 0
Event: 6886.464 Protecting memory [0x000070001c1d2000,0x000070001c1d6000] with protection modes 0
Event: 6886.464 Protecting memory [0x000070001c2d5000,0x000070001c2d9000] with protection modes 0
Event: 6886.465 Protecting memory [0x000070001c3d8000,0x000070001c3dc000] with protection modes 0
Event: 6886.465 Protecting memory [0x000070001c4db000,0x000070001c4df000] with protection modes 0
Event: 6886.465 Protecting memory [0x000070001c5de000,0x000070001c5e2000] with protection modes 0
Event: 6886.465 Protecting memory [0x000070001c6e1000,0x000070001c6e5000] with protection modes 0
Event: 6886.465 Protecting memory [0x000070001c7e4000,0x000070001c7e8000] with protection modes 0
Event: 6886.465 Protecting memory [0x000070001c8e7000,0x000070001c8eb000] with protection modes 0
Event: 6886.465 Protecting memory [0x000070001cbf0000,0x000070001cbf4000] with protection modes 0
Event: 6886.465 Protecting memory [0x000070001ccf3000,0x000070001ccf7000] with protection modes 0
Event: 6886.466 Protecting memory [0x000070001cdf6000,0x000070001cdfa000] with protection modes 0
Event: 6886.466 Protecting memory [0x000070001cef9000,0x000070001cefd000] with protection modes 0
Event: 6886.493 Protecting memory [0x000070001a57e000,0x000070001a582000] with protection modes 3
Event: 6886.632 Protecting memory [0x000070001bcc3000,0x000070001bcc7000] with protection modes 3
Event: 6886.872 Protecting memory [0x000070001a57e000,0x000070001a582000] with protection modes 0

Nmethod flushes (20 events):
Event: 6885.496 Thread 0x00007fef9c018800 flushing  nmethod 0x00000001195d4410
Event: 6885.496 Thread 0x00007fef9c018800 flushing  nmethod 0x00000001195da390
Event: 6885.496 Thread 0x00007fef9c018800 flushing  nmethod 0x00000001195dc190
Event: 6885.496 Thread 0x00007fef9c018800 flushing  nmethod 0x00000001195def90
Event: 6885.496 Thread 0x00007fef9c018800 flushing  nmethod 0x00000001195df910
Event: 6885.496 Thread 0x00007fef9c018800 flushing  nmethod 0x00000001195e0590
Event: 6885.496 Thread 0x00007fef9c018800 flushing  nmethod 0x00000001195e4e90
Event: 6885.496 Thread 0x00007fef9c018800 flushing  nmethod 0x00000001195e7c10
Event: 6885.496 Thread 0x00007fef9c018800 flushing  nmethod 0x00000001195ea290
Event: 6885.497 Thread 0x00007fef9c018800 flushing  nmethod 0x000000011969e290
Event: 6885.497 Thread 0x00007fef9c018800 flushing  nmethod 0x00000001196ce290
Event: 6885.497 Thread 0x00007fef9c018800 flushing  nmethod 0x00000001196ce590
Event: 6885.497 Thread 0x00007fef9c018800 flushing  nmethod 0x00000001196ce890
Event: 6885.499 Thread 0x00007fef9c018800 flushing  nmethod 0x0000000119bdef90
Event: 6886.941 Thread 0x00007fef9c018800 flushing  nmethod 0x00000001185d7190
Event: 6886.941 Thread 0x00007fef9c018800 flushing  nmethod 0x00000001185fd910
Event: 6886.954 Thread 0x00007fef9c018800 flushing  nmethod 0x0000000118f59510
Event: 6886.961 Thread 0x00007fef9c018800 flushing  nmethod 0x0000000119335990
Event: 6886.972 Thread 0x00007fef9c018800 flushing  nmethod 0x0000000119b6f910
Event: 6886.985 Thread 0x00007fef9c018800 flushing  nmethod 0x0000000117181810

Events (20 events):
Event: 6885.708 Thread 0x00007fef5f009200 Thread added: 0x00007feefc0cda00
Event: 6885.722 Thread 0x00007fef7d29d400 Thread added: 0x00007fef7d4a3200
Event: 6886.464 Thread 0x00007fef6c593600 Thread added: 0x00007fef6cb2fc00
Event: 6886.464 Thread 0x00007fef6c593600 Thread added: 0x00007feefd273a00
Event: 6886.464 Thread 0x00007fef6c593600 Thread added: 0x00007fef6ccd5400
Event: 6886.464 Thread 0x00007fef6c593600 Thread added: 0x00007fef6c58d800
Event: 6886.464 Thread 0x00007fef6c593600 Thread added: 0x00007fef6c47ca00
Event: 6886.465 Thread 0x00007fef6c593600 Thread added: 0x00007fef5d841000
Event: 6886.465 Thread 0x00007fef6c593600 Thread added: 0x00007fef5f82fc00
Event: 6886.465 Thread 0x00007fef6c593600 Thread added: 0x00007fef6cb37600
Event: 6886.465 Thread 0x00007fef6c593600 Thread added: 0x00007fef6cc66000
Event: 6886.465 Thread 0x00007fef6c593600 Thread added: 0x00007fef6cc68000
Event: 6886.465 Thread 0x00007fef6c593600 Thread added: 0x00007feeff93fe00
Event: 6886.465 Thread 0x00007fef6c593600 Thread added: 0x00007fef6cc68600
Event: 6886.465 Thread 0x00007fef6c593600 Thread added: 0x00007fef6cc68c00
Event: 6886.466 Thread 0x00007fef6c593600 Thread added: 0x00007fef6cb30800
Event: 6886.466 Thread 0x00007fef6c593600 Thread added: 0x00007fef6cce7400
Event: 6886.493 Thread 0x00007fef9c092e00 Thread exited: 0x00007fef9c092e00
Event: 6886.632 Thread 0x00007feefc0cda00 Thread exited: 0x00007feefc0cda00
Event: 6886.872 Thread 0x00007fef6c593600 Thread added: 0x00007fef7d57d400


Dynamic libraries:
0x00000001043c4000 	/Library/Java/JavaVirtualMachines/zulu-17.jdk/Contents/Home/lib/libjli.dylib
0x00007ff81a74d000 	/usr/lib/libz.1.dylib
0x00007ff81a839000 	/usr/lib/libSystem.B.dylib
0x00007ff81a833000 	/usr/lib/system/libcache.dylib
0x00007ff81a7eb000 	/usr/lib/system/libcommonCrypto.dylib
0x00007ff81a815000 	/usr/lib/system/libcompiler_rt.dylib
0x00007ff81a809000 	/usr/lib/system/libcopyfile.dylib
0x00007ff80aaa8000 	/usr/lib/system/libcorecrypto.dylib
0x00007ff80abb4000 	/usr/lib/system/libdispatch.dylib
0x00007ff80a963000 	/usr/lib/system/libdyld.dylib
0x00007ff81a829000 	/usr/lib/system/libkeymgr.dylib
0x00007ff81a7d0000 	/usr/lib/system/libmacho.dylib
0x00007ff8199b8000 	/usr/lib/system/libquarantine.dylib
0x00007ff81a826000 	/usr/lib/system/libremovefile.dylib
0x00007ff811044000 	/usr/lib/system/libsystem_asl.dylib
0x00007ff80aa31000 	/usr/lib/system/libsystem_blocks.dylib
0x00007ff80abff000 	/usr/lib/system/libsystem_c.dylib
0x00007ff81a81d000 	/usr/lib/system/libsystem_collections.dylib
0x00007ff81834e000 	/usr/lib/system/libsystem_configuration.dylib
0x00007ff816ee1000 	/usr/lib/system/libsystem_containermanager.dylib
0x00007ff81a2b6000 	/usr/lib/system/libsystem_coreservices.dylib
0x00007ff80e781000 	/usr/lib/system/libsystem_darwin.dylib
0x00007ffe093b0000 	/usr/lib/system/libsystem_darwindirectory.dylib
0x00007ff81a82a000 	/usr/lib/system/libsystem_dnssd.dylib
0x00007ffe093b5000 	/usr/lib/system/libsystem_eligibility.dylib
0x00007ff80abfc000 	/usr/lib/system/libsystem_featureflags.dylib
0x00007ff80ad81000 	/usr/lib/system/libsystem_info.dylib
0x00007ff81a761000 	/usr/lib/system/libsystem_m.dylib
0x00007ff80ab67000 	/usr/lib/system/libsystem_malloc.dylib
0x00007ff810fae000 	/usr/lib/system/libsystem_networkextension.dylib
0x00007ff80ebc8000 	/usr/lib/system/libsystem_notify.dylib
0x00007ff818352000 	/usr/lib/system/libsystem_sandbox.dylib
0x00007ffe093bd000 	/usr/lib/system/libsystem_sanitizers.dylib
0x00007ff81a822000 	/usr/lib/system/libsystem_secinit.dylib
0x00007ff80ad2c000 	/usr/lib/system/libsystem_kernel.dylib
0x00007ff80ad77000 	/usr/lib/system/libsystem_platform.dylib
0x00007ff80ad6a000 	/usr/lib/system/libsystem_pthread.dylib
0x00007ff812e11000 	/usr/lib/system/libsystem_symptoms.dylib
0x00007ff80aa88000 	/usr/lib/system/libsystem_trace.dylib
0x00007ffe093c6000 	/usr/lib/system/libsystem_trial.dylib
0x00007ff81a7f8000 	/usr/lib/system/libunwind.dylib
0x00007ff80aa35000 	/usr/lib/system/libxpc.dylib
0x00007ff80a91d000 	/usr/lib/libobjc.A.dylib
0x00007ff80adb0000 	/System/Library/Frameworks/CoreFoundation.framework/Versions/A/CoreFoundation
0x00007ff81e4aa000 	/usr/lib/swift/libswiftCore.dylib
0x00007ff80ad14000 	/usr/lib/libc++abi.dylib
0x00007ffd27a16000 	/usr/lib/libRosetta.dylib
0x00007ff80ac89000 	/usr/lib/libc++.1.dylib
0x00007ff80c03f000 	/System/Library/Frameworks/Foundation.framework/Versions/C/Foundation
0x00007ff827f1a000 	/usr/lib/swift/libswiftObjectiveC.dylib
0x00007ffe08c5c000 	/usr/lib/libswiftPrespecialized.dylib
0x00007ff80bcca000 	/System/Library/Frameworks/SystemConfiguration.framework/Versions/A/SystemConfiguration
0x00007ff8152ad000 	/System/Library/PrivateFrameworks/CoreAutoLayout.framework/Versions/A/CoreAutoLayout
0x00007ff81a83b000 	/usr/lib/libfakelink.dylib
0x00007ff81aa35000 	/usr/lib/libcompression.dylib
0x00007ff810c19000 	/System/Library/Frameworks/CFNetwork.framework/Versions/A/CFNetwork
0x00007ff81445c000 	/System/Library/Frameworks/DiskArbitration.framework/Versions/A/DiskArbitration
0x00007ff81a88c000 	/usr/lib/libarchive.2.dylib
0x00007ff81436e000 	/usr/lib/libDiagnosticMessagesClient.dylib
0x00007ff80e4d5000 	/usr/lib/libicucore.A.dylib
0x00007ff8152f7000 	/usr/lib/libxml2.2.dylib
0x00007ff823197000 	/System/Library/Frameworks/CoreServices.framework/Versions/A/CoreServices
0x00007ff81835f000 	/usr/lib/liblangid.dylib
0x00007ff80eafc000 	/System/Library/Frameworks/IOKit.framework/Versions/A/IOKit
0x00007ff820c69000 	/System/Library/Frameworks/Combine.framework/Versions/A/Combine
0x00007ffb27636000 	/System/Library/PrivateFrameworks/CollectionsInternal.framework/Versions/A/CollectionsInternal
0x00007ffd0c090000 	/System/Library/PrivateFrameworks/ReflectionInternal.framework/Versions/A/ReflectionInternal
0x00007ffd0cdd1000 	/System/Library/PrivateFrameworks/RuntimeInternal.framework/Versions/A/RuntimeInternal
0x00007ff81a83e000 	/System/Library/PrivateFrameworks/SoftLinking.framework/Versions/A/SoftLinking
0x00007ff915852000 	/usr/lib/swift/libswiftCoreFoundation.dylib
0x00007ff912a2f000 	/usr/lib/swift/libswiftDarwin.dylib
0x00007ff825161000 	/usr/lib/swift/libswiftDispatch.dylib
0x00007ff9158a0000 	/usr/lib/swift/libswiftIOKit.dylib
0x00007ffe09045000 	/usr/lib/swift/libswiftSystem.dylib
0x00007ff915862000 	/usr/lib/swift/libswiftXPC.dylib
0x00007ffe09073000 	/usr/lib/swift/libswift_Builtin_float.dylib
0x00007ffe09076000 	/usr/lib/swift/libswift_Concurrency.dylib
0x00007ffe090e3000 	/usr/lib/swift/libswift_DarwinFoundation1.dylib
0x00007ffe091ca000 	/usr/lib/swift/libswift_StringProcessing.dylib
0x00007ff827f1e000 	/usr/lib/swift/libswiftos.dylib
0x00007ff80ea7b000 	/System/Library/PrivateFrameworks/CoreServicesInternal.framework/Versions/A/CoreServicesInternal
0x00007ff81a801000 	/usr/lib/liboah.dylib
0x00007ff80e0d7000 	/System/Library/Frameworks/Security.framework/Versions/A/Security
0x00007ff827458000 	/System/Library/PrivateFrameworks/DiskImages.framework/Versions/A/DiskImages
0x00007ff9124f3000 	/System/Library/Frameworks/NetFS.framework/Versions/A/NetFS
0x00007ff815275000 	/System/Library/Frameworks/CoreServices.framework/Versions/A/Frameworks/FSEvents.framework/Versions/A/FSEvents
0x00007ff80e78c000 	/System/Library/Frameworks/CoreServices.framework/Versions/A/Frameworks/CarbonCore.framework/Versions/A/CarbonCore
0x00007ff8143d2000 	/System/Library/Frameworks/CoreServices.framework/Versions/A/Frameworks/Metadata.framework/Versions/A/Metadata
0x00007ff81a2bd000 	/System/Library/Frameworks/CoreServices.framework/Versions/A/Frameworks/OSServices.framework/Versions/A/OSServices
0x00007ff81a967000 	/System/Library/Frameworks/CoreServices.framework/Versions/A/Frameworks/SearchKit.framework/Versions/A/SearchKit
0x00007ff812d8f000 	/System/Library/Frameworks/CoreServices.framework/Versions/A/Frameworks/AE.framework/Versions/A/AE
0x00007ff80b26c000 	/System/Library/Frameworks/CoreServices.framework/Versions/A/Frameworks/LaunchServices.framework/Versions/A/LaunchServices
0x00007ff81bf7e000 	/System/Library/Frameworks/CoreServices.framework/Versions/A/Frameworks/DictionaryServices.framework/Versions/A/DictionaryServices
0x00007ff815283000 	/System/Library/Frameworks/CoreServices.framework/Versions/A/Frameworks/SharedFileList.framework/Versions/A/SharedFileList
0x00007ff81a9e9000 	/usr/lib/libapple_nghttp2.dylib
0x00007ff8129a0000 	/usr/lib/libsqlite3.dylib
0x00007ff827691000 	/System/Library/PrivateFrameworks/AppSupport.framework/Versions/A/AppSupport
0x00007ff814340000 	/System/Library/PrivateFrameworks/CoreAnalytics.framework/Versions/A/CoreAnalytics
0x00007ff8115be000 	/System/Library/Frameworks/CoreGraphics.framework/Versions/A/CoreGraphics
0x00007ff81f10c000 	/System/Library/Frameworks/GSS.framework/Versions/A/GSS
0x00007ff81d59e000 	/System/Library/PrivateFrameworks/InternationalSupport.framework/Versions/A/InternationalSupport
0x00007ff812d27000 	/System/Library/PrivateFrameworks/RunningBoardServices.framework/Versions/A/RunningBoardServices
0x00007ff827ea7000 	/System/Library/PrivateFrameworks/StreamingZip.framework/Versions/A/StreamingZip
0x00007ff810fc8000 	/usr/lib/libenergytrace.dylib
0x00007ff812e19000 	/System/Library/Frameworks/Network.framework/Versions/A/Network
0x00007ff8199dd000 	/usr/lib/libbsm.0.dylib
0x00007ff81a7d4000 	/usr/lib/system/libkxld.dylib
0x00007ffb2344f000 	/System/Library/PrivateFrameworks/AppleKeyStore.framework/Versions/A/AppleKeyStore
0x00007ffd2776e000 	/usr/lib/libCoreEntitlements.dylib
0x00007ffc22973000 	/System/Library/PrivateFrameworks/MessageSecurity.framework/Versions/A/MessageSecurity
0x00007ff812984000 	/System/Library/PrivateFrameworks/ProtocolBuffer.framework/Versions/A/ProtocolBuffer
0x00007ff824217000 	/System/Library/PrivateFrameworks/SymptomDiagnosticReporter.framework/Versions/A/SymptomDiagnosticReporter
0x00007ff81c2bd000 	/System/Library/PrivateFrameworks/CrashReporterSupport.framework/Versions/A/CrashReporterSupport
0x00007ff810fc9000 	/usr/lib/libMobileGestalt.dylib
0x00007ff81a29c000 	/System/Library/PrivateFrameworks/AppleFSCompression.framework/Versions/A/AppleFSCompression
0x00007ff8199c5000 	/usr/lib/libcoretls.dylib
0x00007ff81bfed000 	/usr/lib/libcoretls_cfhelpers.dylib
0x00007ff81aa2f000 	/usr/lib/libpam.2.dylib
0x00007ff81c066000 	/usr/lib/libxar.1.dylib
0x00007ff81bfef000 	/System/Library/PrivateFrameworks/APFS.framework/Versions/A/APFS
0x00007ffd166b9000 	/System/Library/PrivateFrameworks/SwiftASN1Internal.framework/Versions/A/SwiftASN1Internal
0x00007ff81c074000 	/usr/lib/libutil.dylib
0x00007ff81835a000 	/System/Library/PrivateFrameworks/AppleSystemInfo.framework/Versions/A/AppleSystemInfo
0x00007ff8196c6000 	/System/Library/PrivateFrameworks/IOMobileFramebuffer.framework/Versions/A/IOMobileFramebuffer
0x00007ff816f18000 	/System/Library/Frameworks/IOSurface.framework/Versions/A/IOSurface
0x00007ff91571e000 	/System/Library/PrivateFrameworks/LoggingSupport.framework/Versions/A/LoggingSupport
0x00007ff81f164000 	/System/Library/PrivateFrameworks/MobileAsset.framework/Versions/A/MobileAsset
0x00007ff824226000 	/System/Library/PrivateFrameworks/PowerLog.framework/Versions/A/PowerLog
0x00007ffb1d10f000 	/System/Library/Frameworks/SwiftData.framework/Versions/A/SwiftData
0x00007ff810613000 	/System/Library/Frameworks/UniformTypeIdentifiers.framework/Versions/A/UniformTypeIdentifiers
0x00007ff81548d000 	/System/Library/PrivateFrameworks/UserManagement.framework/Versions/A/UserManagement
0x00007ff810b3c000 	/usr/lib/libboringssl.dylib
0x00007ff812e00000 	/usr/lib/libdns_services.dylib
0x00007ff91479b000 	/usr/lib/libquic.dylib
0x00007ff81e434000 	/usr/lib/libusrtcp.dylib
0x00007ffb24183000 	/System/Library/PrivateFrameworks/AtomicsInternal.framework/Versions/A/AtomicsInternal
0x00007ffa1b1d8000 	/System/Library/PrivateFrameworks/InternalSwiftProtobuf.framework/Versions/A/InternalSwiftProtobuf
0x00007ffe08eb0000 	/usr/lib/swift/libswiftDistributed.dylib
0x00007ffe08ed6000 	/usr/lib/swift/libswiftObservation.dylib
0x00007ffe0903d000 	/usr/lib/swift/libswiftSynchronization.dylib
0x00007ff818359000 	/System/Library/PrivateFrameworks/AggregateDictionary.framework/Versions/A/AggregateDictionary
0x00007ffb247fb000 	/System/Library/PrivateFrameworks/BiomeLibrary.framework/Versions/A/BiomeLibrary
0x00007ff9246a6000 	/System/Library/PrivateFrameworks/BiomeStreams.framework/Versions/A/BiomeStreams
0x00007ff9205db000 	/System/Library/PrivateFrameworks/BiomeFoundation.framework/Versions/A/BiomeFoundation
0x00007ffa0ab8e000 	/System/Library/PrivateFrameworks/BiomePubSub.framework/Versions/A/BiomePubSub
0x00007ff8124fa000 	/System/Library/Frameworks/CoreData.framework/Versions/A/CoreData
0x00007ff828fa4000 	/System/Library/PrivateFrameworks/ProactiveSupport.framework/Versions/A/ProactiveSupport
0x00007ff81bfcd000 	/usr/lib/liblzma.5.dylib
0x00007ff82340a000 	/System/Library/Frameworks/Accelerate.framework/Versions/A/Accelerate
0x00007ff8198cc000 	/System/Library/PrivateFrameworks/MobileKeyBag.framework/Versions/A/MobileKeyBag
0x00007ff82799e000 	/System/Library/PrivateFrameworks/InternationalTextSearch.framework/Versions/A/InternationalTextSearch
0x00007ff91cdfe000 	/System/Library/PrivateFrameworks/SoftwareUpdateCoreSupport.framework/Versions/A/SoftwareUpdateCoreSupport
0x00007ff925026000 	/System/Library/PrivateFrameworks/SoftwareUpdateCoreConnect.framework/Versions/A/SoftwareUpdateCoreConnect
0x00007ff827541000 	/System/Library/PrivateFrameworks/RemoteServiceDiscovery.framework/Versions/A/RemoteServiceDiscovery
0x00007ff91c9e1000 	/System/Library/PrivateFrameworks/MSUDataAccessor.framework/Versions/A/MSUDataAccessor
0x00007ff917a18000 	/usr/lib/libbootpolicy.dylib
0x00007ff827558000 	/System/Library/PrivateFrameworks/RemoteXPC.framework/Versions/A/RemoteXPC
0x00007ff924556000 	/usr/lib/libFDR.dylib
0x00007ffa0a7e9000 	/usr/lib/libamsupport.dylib
0x00007ffb22cee000 	/System/Library/PrivateFrameworks/AppleDeviceQuerySupport.framework/Versions/A/AppleDeviceQuerySupport
0x00007ffa0d85a000 	/usr/lib/libpartition2_dynamic.dylib
0x00007ff81a9c7000 	/System/Library/PrivateFrameworks/AppleSauce.framework/Versions/A/AppleSauce
0x00007ffd275ee000 	/usr/lib/libAppleArchive.dylib
0x00007ff81a2a7000 	/usr/lib/libbz2.1.0.dylib
0x00007ff814464000 	/System/Library/Frameworks/Accelerate.framework/Versions/A/Frameworks/vImage.framework/Versions/A/vImage
0x00007ff82316d000 	/System/Library/Frameworks/Accelerate.framework/Versions/A/Frameworks/vecLib.framework/Versions/A/vecLib
0x00007ff81c0a9000 	/System/Library/Frameworks/Accelerate.framework/Versions/A/Frameworks/vecLib.framework/Versions/A/libvMisc.dylib
0x00007ff80b77f000 	/System/Library/Frameworks/Accelerate.framework/Versions/A/Frameworks/vecLib.framework/Versions/A/libBLAS.dylib
0x00007ff82799d000 	/System/Library/Frameworks/ApplicationServices.framework/Versions/A/ApplicationServices
0x00007ff8153d8000 	/System/Library/Frameworks/CoreVideo.framework/Versions/A/CoreVideo
0x00007ff811eda000 	/System/Library/Frameworks/ColorSync.framework/Versions/A/ColorSync
0x00007ff80d6e9000 	/System/Library/Frameworks/CoreText.framework/Versions/A/CoreText
0x00007ff8179f9000 	/System/Library/Frameworks/ImageIO.framework/Versions/A/ImageIO
0x00007ff81ed1e000 	/System/Library/Frameworks/ApplicationServices.framework/Versions/A/Frameworks/ATS.framework/Versions/A/ATS
0x00007ff812085000 	/System/Library/Frameworks/ApplicationServices.framework/Versions/A/Frameworks/HIServices.framework/Versions/A/HIServices
0x00007ff81d46d000 	/System/Library/Frameworks/ApplicationServices.framework/Versions/A/Frameworks/PrintCore.framework/Versions/A/PrintCore
0x00007ff81f0d6000 	/System/Library/Frameworks/ApplicationServices.framework/Versions/A/Frameworks/QD.framework/Versions/A/QD
0x00007ff81f0d2000 	/System/Library/Frameworks/ApplicationServices.framework/Versions/A/Frameworks/ColorSyncLegacy.framework/Versions/A/ColorSyncLegacy
0x00007ff81ecf4000 	/System/Library/Frameworks/ApplicationServices.framework/Versions/A/Frameworks/SpeechSynthesis.framework/Versions/A/SpeechSynthesis
0x00007ff81107e000 	/System/Library/PrivateFrameworks/SkyLight.framework/Versions/A/SkyLight
0x00007ff8173fd000 	/System/Library/PrivateFrameworks/FontServices.framework/libFontParser.dylib
0x00007ff812c35000 	/System/Library/PrivateFrameworks/BaseBoard.framework/Versions/A/BaseBoard
0x00007ff8254a9000 	/System/Library/PrivateFrameworks/BoardServices.framework/Versions/A/BoardServices
0x00007ff827278000 	/System/Library/PrivateFrameworks/BackBoardServices.framework/Versions/A/BackBoardServices
0x00007ffb24720000 	/System/Library/PrivateFrameworks/BackBoardHIDEventFoundation.framework/Versions/A/BackBoardHIDEventFoundation
0x00007ff80d1e6000 	/System/Library/Frameworks/CoreDisplay.framework/Versions/A/CoreDisplay
0x00007ff81cc80000 	/System/Library/Frameworks/VideoToolbox.framework/Versions/A/VideoToolbox
0x00007ff81aa2d000 	/System/Library/Frameworks/MetalPerformanceShaders.framework/Versions/A/MetalPerformanceShaders
0x00007ffd0b2ff000 	/System/Library/PrivateFrameworks/ProDisplayLibrary.framework/Versions/A/ProDisplayLibrary
0x00007ff908b1b000 	/System/Library/PrivateFrameworks/IOSurfaceAccelerator.framework/Versions/A/IOSurfaceAccelerator
0x00007ff816f3c000 	/System/Library/Frameworks/Metal.framework/Versions/A/Metal
0x00007ff816f33000 	/System/Library/PrivateFrameworks/IOAccelerator.framework/Versions/A/IOAccelerator
0x00007ff817258000 	/System/Library/Frameworks/CoreMedia.framework/Versions/A/CoreMedia
0x00007ff81105c000 	/System/Library/PrivateFrameworks/TCC.framework/Versions/A/TCC
0x00007ff81cc3a000 	/System/Library/PrivateFrameworks/WatchdogClient.framework/Versions/A/WatchdogClient
0x00007ff814b3f000 	/System/Library/Frameworks/QuartzCore.framework/Versions/A/QuartzCore
0x00007ff81cc3c000 	/System/Library/PrivateFrameworks/MultitouchSupport.framework/Versions/A/MultitouchSupport
0x00007ffa12cc3000 	/usr/lib/swift/libswiftOSLog.dylib
0x00007ff91947a000 	/usr/lib/swift/libswiftsimd.dylib
0x00007ffa0abef000 	/System/Library/PrivateFrameworks/BiomeStorage.framework/Versions/A/BiomeStorage
0x00007ffc1d968000 	/System/Library/PrivateFrameworks/IntelligencePlatformLibrary.framework/Versions/A/IntelligencePlatformLibrary
0x00007ffd0a75f000 	/System/Library/PrivateFrameworks/PoirotSchematizer.framework/Versions/A/PoirotSchematizer
0x00007ffb2514e000 	/System/Library/PrivateFrameworks/BiomeSync.framework/Versions/A/BiomeSync
0x00007ffb247e2000 	/System/Library/PrivateFrameworks/BiomeDSL.framework/Versions/A/BiomeDSL
0x00007ffa22866000 	/System/Library/PrivateFrameworks/FeatureFlags.framework/Versions/A/FeatureFlags
0x00007ffd0a7cd000 	/System/Library/PrivateFrameworks/PoirotUDFs.framework/Versions/A/PoirotUDFs
0x00007ffd0a734000 	/System/Library/PrivateFrameworks/PoirotSQLite.framework/Versions/A/PoirotSQLite
0x00007ff8259e0000 	/System/Library/PrivateFrameworks/CoreTime.framework/Versions/A/CoreTime
0x00007ff81a874000 	/usr/lib/libiconv.2.dylib
0x00007ff81a7cf000 	/usr/lib/libcharset.1.dylib
0x00007ffe0911e000 	/usr/lib/swift/libswift_RegexParser.dylib
0x00007ffb26551000 	/System/Library/PrivateFrameworks/CascadeSets.framework/Versions/A/CascadeSets
0x00007ff81f2d4000 	/System/Library/PrivateFrameworks/CorePhoneNumbers.framework/Versions/A/CorePhoneNumbers
0x00007ff81cb01000 	/System/Library/PrivateFrameworks/AppleJPEG.framework/Versions/A/AppleJPEG
0x00007ff81c51e000 	/usr/lib/libexpat.1.dylib
0x00007ff81d332000 	/System/Library/Frameworks/ImageIO.framework/Versions/A/Resources/libPng.dylib
0x00007ff81d361000 	/System/Library/Frameworks/ImageIO.framework/Versions/A/Resources/libTIFF.dylib
0x00007ff81d456000 	/System/Library/Frameworks/ImageIO.framework/Versions/A/Resources/libGIF.dylib
0x00007ff81cb4d000 	/System/Library/Frameworks/ImageIO.framework/Versions/A/Resources/libJP2.dylib
0x00007ff81c21e000 	/usr/lib/libate.dylib
0x00007ff81d3f5000 	/System/Library/Frameworks/ImageIO.framework/Versions/A/Resources/libJPEG.dylib
0x00007ff81d3ec000 	/System/Library/Frameworks/ImageIO.framework/Versions/A/Resources/libRadiance.dylib
0x00007ffc15042000 	/System/Library/PrivateFrameworks/GPUCompiler.framework/Versions/32023/Libraries/libllvm-flatbuffers.dylib
0x00007ffc0f7a9000 	/System/Library/PrivateFrameworks/FramePacing.framework/Versions/A/FramePacing
0x00007ffb138f4000 	/System/Library/Frameworks/OpenGL.framework/Versions/A/Libraries/libCoreFSCache.dylib
0x00007ffc10718000 	/System/Library/PrivateFrameworks/GPUCompiler.framework/Versions/32023/Libraries/libGPUCompilerUtils.dylib
0x00007ff825575000 	/System/Library/PrivateFrameworks/GraphicsServices.framework/Versions/A/GraphicsServices
0x00007ff92374b000 	/usr/lib/swift/libswiftMetal.dylib
0x00007ffa08d65000 	/usr/lib/swift/libswiftQuartzCore.dylib
0x00007ffa0d655000 	/usr/lib/swift/libswiftUniformTypeIdentifiers.dylib
0x00007ff817d39000 	/System/Library/Frameworks/CoreImage.framework/Versions/A/CoreImage
0x00007ffa169f0000 	/System/Library/PrivateFrameworks/Symbolication.framework/Versions/A/Symbolication
0x00007ffd0a35a000 	/System/Library/PrivateFrameworks/PhotosensitivityProcessing.framework/Versions/A/PhotosensitivityProcessing
0x00007ffb13900000 	/System/Library/Frameworks/OpenGL.framework/Versions/A/OpenGL
0x00007ffb14ee9000 	/System/Library/Frameworks/OpenCL.framework/Versions/A/OpenCL
0x00007ff81c749000 	/System/Library/PrivateFrameworks/GraphVisualizer.framework/Versions/A/GraphVisualizer
0x00007ffb13952000 	/System/Library/Frameworks/OpenGL.framework/Versions/A/Libraries/libGLU.dylib
0x00007ffb13913000 	/System/Library/Frameworks/OpenGL.framework/Versions/A/Libraries/libGFXShared.dylib
0x00007ffb13b12000 	/System/Library/Frameworks/OpenGL.framework/Versions/A/Libraries/libGL.dylib
0x00007ffb1391c000 	/System/Library/Frameworks/OpenGL.framework/Versions/A/Libraries/libGLImage.dylib
0x00007ffb13910000 	/System/Library/Frameworks/OpenGL.framework/Versions/A/Libraries/libCVMSPluginSupport.dylib
0x00007ffb138fb000 	/System/Library/Frameworks/OpenGL.framework/Versions/A/Libraries/libCoreVMClient.dylib
0x00007ffc0f6b4000 	/System/Library/PrivateFrameworks/FontServices.framework/Versions/A/FontServices
0x00007ff81c75c000 	/System/Library/PrivateFrameworks/OTSVG.framework/Versions/A/OTSVG
0x00007ff814f2e000 	/System/Library/Frameworks/ApplicationServices.framework/Versions/A/Frameworks/ATS.framework/Versions/A/Resources/libFontRegistry.dylib
0x00007ffd28109000 	/usr/lib/libhvf.dylib
0x00007ffc27587000 	/System/Library/PrivateFrameworks/ParsingInternal.framework/Versions/A/ParsingInternal
0x00007ffc0f6b8000 	/System/Library/PrivateFrameworks/FontServices.framework/libXTFontStaticRegistryData.dylib
0x00007ff818292000 	/System/Library/Frameworks/MetalPerformanceShaders.framework/Versions/A/Frameworks/MPSCore.framework/Versions/A/MPSCore
0x00007ff81a1f7000 	/System/Library/Frameworks/MetalPerformanceShaders.framework/Versions/A/Frameworks/MPSImage.framework/Versions/A/MPSImage
0x00007ff819a61000 	/System/Library/Frameworks/MetalPerformanceShaders.framework/Versions/A/Frameworks/MPSNeuralNetwork.framework/Versions/A/MPSNeuralNetwork
0x00007ff819fbf000 	/System/Library/Frameworks/MetalPerformanceShaders.framework/Versions/A/Frameworks/MPSMatrix.framework/Versions/A/MPSMatrix
0x00007ff819d75000 	/System/Library/Frameworks/MetalPerformanceShaders.framework/Versions/A/Frameworks/MPSRayIntersector.framework/Versions/A/MPSRayIntersector
0x00007ff819ffe000 	/System/Library/Frameworks/MetalPerformanceShaders.framework/Versions/A/Frameworks/MPSNDArray.framework/Versions/A/MPSNDArray
0x00007ffb1a11a000 	/System/Library/Frameworks/MetalPerformanceShaders.framework/Versions/A/Frameworks/MPSFunctions.framework/Versions/A/MPSFunctions
0x00007ffb1a0fa000 	/System/Library/Frameworks/MetalPerformanceShaders.framework/Versions/A/Frameworks/MPSBenchmarkLoop.framework/Versions/A/MPSBenchmarkLoop
0x00007ff80b58d000 	/System/Library/PrivateFrameworks/MetalTools.framework/Versions/A/MetalTools
0x00007ff91ac61000 	/System/Library/PrivateFrameworks/IOAccelMemoryInfo.framework/Versions/A/IOAccelMemoryInfo
0x00007ffa09170000 	/System/Library/PrivateFrameworks/kperf.framework/Versions/A/kperf
0x00007ff915834000 	/System/Library/PrivateFrameworks/GPURawCounter.framework/Versions/A/GPURawCounter
0x00007ff8258c2000 	/System/Library/PrivateFrameworks/CoreSymbolication.framework/Versions/A/CoreSymbolication
0x00007ff9157b1000 	/System/Library/PrivateFrameworks/MallocStackLogging.framework/Versions/A/MallocStackLogging
0x00007ff8258a3000 	/System/Library/PrivateFrameworks/DebugSymbols.framework/Versions/A/DebugSymbols
0x00007ff9275e9000 	/System/Library/PrivateFrameworks/OSAnalytics.framework/Versions/A/OSAnalytics
0x00007ffc0d925000 	/System/Library/PrivateFrameworks/DeviceRecovery.framework/Versions/A/DeviceRecovery
0x00007ffb1819e000 	/System/Library/Frameworks/ExtensionFoundation.framework/Versions/A/ExtensionFoundation
0x00007ff81c7a2000 	/System/Library/PrivateFrameworks/AppServerSupport.framework/Versions/A/AppServerSupport
0x00007ff81c5a2000 	/System/Library/PrivateFrameworks/IconServices.framework/Versions/A/IconServices
0x00007ff81c40e000 	/System/Library/PrivateFrameworks/PlugInKit.framework/Versions/A/PlugInKit
0x00007ff8198e2000 	/System/Library/PrivateFrameworks/AssertionServices.framework/Versions/A/AssertionServices
0x00007ffa0d664000 	/usr/lib/swift/libswiftAccelerate.dylib
0x00007ff81c543000 	/System/Library/PrivateFrameworks/IconFoundation.framework/Versions/A/IconFoundation
0x00007ffc1adfb000 	/System/Library/PrivateFrameworks/IconRendering.framework/Versions/A/IconRendering
0x00007ff814f7b000 	/System/Library/PrivateFrameworks/CoreUI.framework/Versions/A/CoreUI
0x00007ffd0cf52000 	/System/Library/PrivateFrameworks/SFSymbols.framework/Versions/A/SFSymbols
0x00007ffb1807f000 	/System/Library/Frameworks/DeveloperToolsSupport.framework/Versions/A/DeveloperToolsSupport
0x00007ff90d017000 	/System/Library/PrivateFrameworks/RenderBox.framework/Versions/A/RenderBox
0x00007ff8179be000 	/System/Library/PrivateFrameworks/CoreSVG.framework/Versions/A/CoreSVG
0x00007ff81d4e0000 	/System/Library/PrivateFrameworks/TextureIO.framework/Versions/A/TextureIO
0x00007ff91589f000 	/usr/lib/swift/libswiftCoreImage.dylib
0x00007ff81d427000 	/System/Library/Frameworks/ApplicationServices.framework/Versions/A/Frameworks/ATSUI.framework/Versions/A/ATSUI
0x00007ff81ea98000 	/System/Library/Frameworks/AudioToolbox.framework/Versions/A/AudioToolbox
0x00007ff80d314000 	/System/Library/PrivateFrameworks/AudioToolboxCore.framework/Versions/A/AudioToolboxCore
0x00007ff81ec62000 	/System/Library/PrivateFrameworks/AudioSession.framework/Versions/A/AudioSession
0x00007ff82a3ed000 	/System/Library/Frameworks/CoreMIDI.framework/Versions/A/CoreMIDI
0x00007ff81ecdc000 	/usr/lib/libAudioStatistics.dylib
0x00007ff817233000 	/System/Library/PrivateFrameworks/caulk.framework/Versions/A/caulk
0x00007ff80d92d000 	/System/Library/Frameworks/CoreAudio.framework/Versions/A/CoreAudio
0x00007ff81d310000 	/usr/lib/libAudioToolboxUtility.dylib
0x00007ff915838000 	/usr/lib/swift/libswiftCoreAudio.dylib
0x00007ff91c272000 	/usr/lib/swift/libswiftCoreMIDI.dylib
0x00007ff81f0e0000 	/System/Library/PrivateFrameworks/perfdata.framework/Versions/A/perfdata
0x00007ff91488c000 	/System/Library/PrivateFrameworks/SystemPolicy.framework/Versions/A/SystemPolicy
0x00007ff81ef83000 	/usr/lib/libSMC.dylib
0x00007ff81f0ee000 	/usr/lib/libperfcheck.dylib
0x00007ffb24239000 	/System/Library/PrivateFrameworks/AudioAnalytics.framework/Versions/A/AudioAnalytics
0x00007ffe090e7000 	/usr/lib/swift/libswift_DarwinFoundation2.dylib
0x00007ffe090e8000 	/usr/lib/swift/libswift_DarwinFoundation3.dylib
0x00007ffa1aef8000 	/System/Library/Frameworks/OSLog.framework/Versions/A/OSLog
0x00007ff9157e1000 	/usr/lib/libmis.dylib
0x00007ff81c665000 	/System/Library/PrivateFrameworks/MediaExperience.framework/Versions/A/MediaExperience
0x00007ff81ea48000 	/System/Library/PrivateFrameworks/AudioSession.framework/libSessionUtility.dylib
0x00007ff81d45c000 	/System/Library/PrivateFrameworks/CMCaptureCore.framework/Versions/A/CMCaptureCore
0x00007ff81c7b0000 	/usr/lib/libspindump.dylib
0x00007ff824100000 	/System/Library/Frameworks/CoreBluetooth.framework/Versions/A/CoreBluetooth
0x00007ff819755000 	/System/Library/PrivateFrameworks/CoreUtils.framework/Versions/A/CoreUtils
0x00007ff90dd2d000 	/System/Library/PrivateFrameworks/HID.framework/Versions/A/HID
0x00007ffc0cede000 	/System/Library/PrivateFrameworks/CoreUtilsExtras.framework/Versions/A/CoreUtilsExtras
0x00007ffc1ad58000 	/System/Library/PrivateFrameworks/IO80211.framework/Versions/A/IO80211
0x00007ff8209db000 	/System/Library/Frameworks/IOBluetooth.framework/Versions/A/IOBluetooth
0x00007ff923758000 	/usr/lib/swift/libswiftCompression.dylib
0x00007ffb23e9c000 	/System/Library/PrivateFrameworks/ArgumentParserInternal.framework/Versions/A/ArgumentParserInternal
0x00007ff81c2b4000 	/usr/lib/libIOReport.dylib
0x00007ff8198ef000 	/System/Library/Frameworks/SecurityFoundation.framework/Versions/A/SecurityFoundation
0x00007ff80b9e8000 	/System/Library/PrivateFrameworks/Lexicon.framework/Versions/A/Lexicon
0x00007ff8253c9000 	/System/Library/PrivateFrameworks/FrontBoardServices.framework/Versions/A/FrontBoardServices
0x00007ff819a48000 	/usr/lib/libgermantok.dylib
0x00007ff818471000 	/System/Library/PrivateFrameworks/LinguisticData.framework/Versions/A/LinguisticData
0x00007ff824309000 	/System/Library/PrivateFrameworks/MediaKit.framework/Versions/A/MediaKit
0x00007ff824263000 	/System/Library/Frameworks/DiscRecording.framework/Versions/A/DiscRecording
0x00007ff81c53a000 	/usr/lib/libheimdal-asn1.dylib
0x00007ff827e82000 	/System/Library/Frameworks/AudioUnit.framework/Versions/A/AudioUnit
0x00007ff81524d000 	/System/Library/Frameworks/OpenDirectory.framework/Versions/A/OpenDirectory
0x00007ff815259000 	/System/Library/Frameworks/OpenDirectory.framework/Versions/A/Frameworks/CFOpenDirectory.framework/Versions/A/CFOpenDirectory
0x00007ffb16970000 	/System/Library/Frameworks/AVFAudio.framework/Versions/A/AVFAudio
0x00007ff90ec74000 	/usr/lib/libAccessibility.dylib
0x00007ffc1e47c000 	/System/Library/PrivateFrameworks/IsolatedCoreAudioClient.framework/Versions/A/IsolatedCoreAudioClient
0x00007ffa114cc000 	/usr/lib/swift/libswiftCoreMedia.dylib
0x00007ffd19a93000 	/System/Library/PrivateFrameworks/Tightbeam.framework/Versions/A/Tightbeam
0x00007ffc08f6e000 	/System/Library/PrivateFrameworks/CoreAudioOrchestration.framework/Versions/A/CoreAudioOrchestration
0x00007ffa0dd13000 	/System/Library/PrivateFrameworks/AFKUser.framework/Versions/A/AFKUser
0x00007ff823457000 	/System/Library/Frameworks/MediaAccessibility.framework/Versions/A/MediaAccessibility
0x00007ffd1d913000 	/System/Library/PrivateFrameworks/VideoToolboxParavirtualizationSupport.framework/Versions/A/VideoToolboxParavirtualizationSupport
0x00007ff81c4d0000 	/System/Library/PrivateFrameworks/AppleVA.framework/Versions/A/AppleVA
0x00007ff81d3e5000 	/System/Library/PrivateFrameworks/GPUWrangler.framework/Versions/A/GPUWrangler
0x00007ff81d3c9000 	/System/Library/PrivateFrameworks/IOPresentment.framework/Versions/A/IOPresentment
0x00007ff81d3ef000 	/System/Library/PrivateFrameworks/DSExternalDisplay.framework/Versions/A/DSExternalDisplay
0x00007ffb23cfe000 	/System/Library/PrivateFrameworks/AppleMobileFileIntegrity.framework/Versions/A/AppleMobileFileIntegrity
0x00007ffd27a92000 	/usr/lib/libTLE.dylib
0x00007ffb0ba3b000 	/System/Library/PrivateFrameworks/ConfigProfileHelper.framework/Versions/A/ConfigProfileHelper
0x00007ffa2096e000 	/usr/lib/libedit.3.dylib
0x00007ffc1f6f0000 	/System/Library/PrivateFrameworks/MIL.framework/Versions/A/MIL
0x00007ff91ac26000 	/usr/lib/libncurses.5.4.dylib
0x00007ff819691000 	/System/Library/PrivateFrameworks/CoreEmoji.framework/Versions/A/CoreEmoji
0x00007ff80bd50000 	/usr/lib/libCRFSuite.dylib
0x00007ff818361000 	/System/Library/PrivateFrameworks/CoreNLP.framework/Versions/A/CoreNLP
0x00007ff8199ed000 	/usr/lib/libmecab.dylib
0x00007ff81a9bf000 	/usr/lib/libThaiTokenizer.dylib
0x00007ff81d8a7000 	/System/Library/PrivateFrameworks/DataDetectorsCore.framework/Versions/A/DataDetectorsCore
0x00007ffb1806d000 	/System/Library/Frameworks/DataDetection.framework/Versions/A/DataDetection
0x00007ff9196a4000 	/System/Library/PrivateFrameworks/TextInput.framework/Versions/A/TextInput
0x00007ffa1b396000 	/System/Library/PrivateFrameworks/HIDDisplay.framework/Versions/A/HIDDisplay
0x00007ff81f064000 	/usr/lib/libcups.2.dylib
0x00007ff81f0fd000 	/System/Library/Frameworks/Kerberos.framework/Versions/A/Kerberos
0x00007ff81ed61000 	/usr/lib/libresolv.9.dylib
0x00007ff81c7b7000 	/System/Library/PrivateFrameworks/Heimdal.framework/Versions/A/Heimdal
0x00007ff827e81000 	/System/Library/Frameworks/Kerberos.framework/Versions/A/Libraries/libHeimdalProxy.dylib
0x00007ff81f155000 	/System/Library/PrivateFrameworks/CommonAuth.framework/Versions/A/CommonAuth
0x00007ff90eb90000 	/System/Library/PrivateFrameworks/AXCoreUtilities.framework/Versions/A/AXCoreUtilities
0x00007ff91e4f8000 	/System/Library/PrivateFrameworks/AttributeGraph.framework/Versions/A/AttributeGraph
0x00007ffd2750b000 	/usr/lib/libAXSafeCategoryBundle.dylib
0x00007ff8194c2000 	/System/Library/Frameworks/Accelerate.framework/Versions/A/Frameworks/vecLib.framework/Versions/A/libvDSP.dylib
0x00007ff81ab1c000 	/System/Library/Frameworks/Accelerate.framework/Versions/A/Frameworks/vecLib.framework/Versions/A/libLAPACK.dylib
0x00007ff819a4b000 	/System/Library/Frameworks/Accelerate.framework/Versions/A/Frameworks/vecLib.framework/Versions/A/libLinearAlgebra.dylib
0x00007ff81aa03000 	/System/Library/Frameworks/Accelerate.framework/Versions/A/Frameworks/vecLib.framework/Versions/A/libSparseBLAS.dylib
0x00007ff81ab16000 	/System/Library/Frameworks/Accelerate.framework/Versions/A/Frameworks/vecLib.framework/Versions/A/libQuadrature.dylib
0x00007ff818478000 	/System/Library/Frameworks/Accelerate.framework/Versions/A/Frameworks/vecLib.framework/Versions/A/libBNNS.dylib
0x00007ff80baf3000 	/System/Library/Frameworks/Accelerate.framework/Versions/A/Frameworks/vecLib.framework/Versions/A/libSparse.dylib
0x00007ffb17c09000 	/System/Library/Frameworks/CoreTransferable.framework/Versions/A/CoreTransferable
0x00007ff81f0c7000 	/System/Library/PrivateFrameworks/NetAuth.framework/Versions/A/NetAuth
0x00007ff81544d000 	/System/Library/PrivateFrameworks/login.framework/Versions/A/Frameworks/loginsupport.framework/Versions/A/loginsupport
0x00007ff81042d000 	/System/Library/PrivateFrameworks/UIFoundation.framework/Versions/A/UIFoundation
0x00007ff8199bb000 	/usr/lib/libCheckFix.dylib
0x00007ff814370000 	/System/Library/PrivateFrameworks/MetadataUtilities.framework/Versions/A/MetadataUtilities
0x00007ffc1b70a000 	/System/Library/PrivateFrameworks/InstalledContentLibrary.framework/Versions/A/InstalledContentLibrary
0x00007ff80eabd000 	/System/Library/PrivateFrameworks/CoreServicesStore.framework/Versions/A/CoreServicesStore
0x00007ff8152aa000 	/usr/lib/libapp_launch_measurement.dylib
0x00007ffa0926e000 	/System/Library/PrivateFrameworks/MobileSystemServices.framework/Versions/A/MobileSystemServices
0x00007ff81c078000 	/usr/lib/libxslt.1.dylib
0x00007ff81997e000 	/System/Library/PrivateFrameworks/BackgroundTaskManagement.framework/Versions/A/BackgroundTaskManagement
0x00007ff827607000 	/usr/lib/libcurl.4.dylib
0x00007ffd27e2a000 	/usr/lib/libcrypto.46.dylib
0x00007ffe08be9000 	/usr/lib/libssl.48.dylib
0x00007ff8272e8000 	/System/Library/Frameworks/LDAP.framework/Versions/A/LDAP
0x00007ff827323000 	/System/Library/PrivateFrameworks/TrustEvaluationAgent.framework/Versions/A/TrustEvaluationAgent
0x00007ff81ed7e000 	/usr/lib/libsasl2.2.dylib
0x00007ff82a600000 	/System/Library/Frameworks/Cocoa.framework/Versions/A/Cocoa
0x00007ff80ec34000 	/System/Library/Frameworks/AppKit.framework/Versions/C/AppKit
0x00007ffb2760f000 	/System/Library/PrivateFrameworks/CollectionViewCore.framework/Versions/A/CollectionViewCore
0x00007ff8179b9000 	/System/Library/PrivateFrameworks/XCTTargetBootstrap.framework/Versions/A/XCTTargetBootstrap
0x00007ff81d8f0000 	/System/Library/PrivateFrameworks/UserActivity.framework/Versions/A/UserActivity
0x00007ffc0f7b6000 	/System/Library/PrivateFrameworks/FrontBoard.framework/Versions/A/FrontBoard
0x00007ffd1b7a0000 	/System/Library/PrivateFrameworks/UIIntelligenceSupport.framework/Versions/A/UIIntelligenceSupport
0x00007ffb1d260000 	/System/Library/Frameworks/SwiftUICore.framework/Versions/A/SwiftUICore
0x00007ffd215fc000 	/System/Library/PrivateFrameworks/WritingTools.framework/Versions/A/WritingTools
0x00007ffd20593000 	/System/Library/PrivateFrameworks/WindowManagement.framework/Versions/A/WindowManagement
0x00007ffc0f50e000 	/System/Library/PrivateFrameworks/FocusEngine.framework/Versions/A/FocusEngine
0x00007ffc0d514000 	/System/Library/PrivateFrameworks/DesignLibrary.framework/Versions/A/DesignLibrary
0x00007ff8179a6000 	/System/Library/PrivateFrameworks/DFRFoundation.framework/Versions/A/DFRFoundation
0x00007ffd1c252000 	/System/Library/PrivateFrameworks/UpdateCycle.framework/Versions/A/UpdateCycle
0x00007ff8176c8000 	/System/Library/Frameworks/Carbon.framework/Versions/A/Frameworks/HIToolbox.framework/Versions/A/HIToolbox
0x00007ff822d7f000 	/System/Library/Frameworks/Carbon.framework/Versions/A/Frameworks/SpeechRecognition.framework/Versions/A/SpeechRecognition
0x00007ff815242000 	/System/Library/PrivateFrameworks/PerformanceAnalysis.framework/Versions/A/PerformanceAnalysis
0x00007ff82310e000 	/System/Library/Frameworks/Accessibility.framework/Versions/A/Accessibility
0x00007ffb1e152000 	/System/Library/Frameworks/Symbols.framework/Versions/A/Symbols
0x00007ffc18241000 	/System/Library/PrivateFrameworks/Gestures.framework/Versions/A/Gestures
0x00007ff912a2e000 	/usr/lib/swift/libswiftCoreGraphics.dylib
0x00007ff823b1d000 	/usr/lib/swift/libswiftFoundation.dylib
0x00007ffb0b411000 	/usr/lib/swift/libswiftSwiftOnoneSupport.dylib
0x00007ffe09253000 	/usr/lib/swift/libswiftsys_time.dylib
0x00007ffa17114000 	/System/Library/PrivateFrameworks/CoreMaterial.framework/Versions/A/CoreMaterial
0x00007ffe08f92000 	/usr/lib/swift/libswiftSpatial.dylib
0x00007ffd27a91000 	/usr/lib/libSpatial.dylib
0x00007ffd27422000 	/System/Library/SubFrameworks/UIUtilities.framework/Versions/A/UIUtilities
0x000000010e11e000 	/Library/Java/JavaVirtualMachines/zulu-17.jdk/Contents/Home/lib/server/libjvm.dylib
0x0000000104464000 	/Library/Java/JavaVirtualMachines/zulu-17.jdk/Contents/Home/lib/libjimage.dylib
0x0000000104487000 	/Library/Java/JavaVirtualMachines/zulu-17.jdk/Contents/Home/lib/libinstrument.dylib
0x00000001044c9000 	/Library/Java/JavaVirtualMachines/zulu-17.jdk/Contents/Home/lib/libjava.dylib
0x000000010461e000 	/Library/Java/JavaVirtualMachines/zulu-17.jdk/Contents/Home/lib/libzip.dylib
0x000000010464d000 	/Library/Java/JavaVirtualMachines/zulu-17.jdk/Contents/Home/lib/libnio.dylib
0x0000000104687000 	/Library/Java/JavaVirtualMachines/zulu-17.jdk/Contents/Home/lib/libnet.dylib
0x0000000104632000 	/Library/Java/JavaVirtualMachines/zulu-17.jdk/Contents/Home/lib/libverify.dylib
0x00000001044af000 	/Users/juanprogramador/.gradle/native/c067742578af261105cb4f569cf0c3c89f3d7b1fecec35dd04571415982c5e48/osx-amd64/libnative-platform.dylib
0x0000000104715000 	/Users/juanprogramador/.gradle/native/38dada09dfb8b06ba9b0570ebf7e218e3eb74d4ef43ca46872605cf95ebc2f47/osx-amd64/libnative-platform-file-events.dylib
0x0000000104669000 	/Library/Java/JavaVirtualMachines/zulu-17.jdk/Contents/Home/lib/libmanagement.dylib
0x00000001046a7000 	/Library/Java/JavaVirtualMachines/zulu-17.jdk/Contents/Home/lib/libmanagement_ext.dylib
0x00000001046b7000 	/Library/Java/JavaVirtualMachines/zulu-17.jdk/Contents/Home/lib/libextnet.dylib
0x0000000104478000 	/private/var/folders/y5/8bd85fdx22161gc_fz2h96d80000gn/T/native-platform7232899166853068070dir/libnative-platform.dylib
0x00007ff9156ce000 	/usr/lib/libstdc++.6.dylib
0x00000001046c7000 	/Library/Java/JavaVirtualMachines/zulu-17.jdk/Contents/Home/lib/librmi.dylib


VM Arguments:
jvm_args: -XX:MaxMetaspaceSize=512m -XX:TieredStopAtLevel=1 --add-opens=java.base/java.util=ALL-UNNAMED --add-opens=java.base/java.lang=ALL-UNNAMED --add-opens=java.base/java.lang.invoke=ALL-UNNAMED --add-opens=java.prefs/java.util.prefs=ALL-UNNAMED --add-opens=java.base/java.nio.charset=ALL-UNNAMED --add-opens=java.base/java.net=ALL-UNNAMED --add-opens=java.base/java.util.concurrent.atomic=ALL-UNNAMED -Xmx2048m -Dfile.encoding=UTF-8 -Duser.country=AR -Duser.language=es -Duser.variant -javaagent:/Users/juanprogramador/.gradle/wrapper/dists/gradle-8.6-bin/afr5mpiioh2wthjmwnkmdsd5w/gradle-8.6/lib/agents/gradle-instrumentation-agent-8.6.jar 
java_command: org.gradle.launcher.daemon.bootstrap.GradleDaemon 8.6
java_class_path (initial): /Users/juanprogramador/.gradle/wrapper/dists/gradle-8.6-bin/afr5mpiioh2wthjmwnkmdsd5w/gradle-8.6/lib/gradle-launcher-8.6.jar
Launcher Type: SUN_STANDARD

[Global flags]
     intx CICompilerCount                          = 12                                        {product} {ergonomic}
   size_t CompressedClassSpaceSize                 = 436207616                                 {product} {ergonomic}
     uint ConcGCThreads                            = 3                                         {product} {ergonomic}
     uint G1ConcRefinementThreads                  = 13                                        {product} {ergonomic}
   size_t G1HeapRegionSize                         = 1048576                                   {product} {ergonomic}
    uintx GCDrainStackTargetSize                   = 64                                        {product} {ergonomic}
   size_t InitialHeapSize                          = 536870912                                 {product} {ergonomic}
   size_t MarkStackSize                            = 4194304                                   {product} {ergonomic}
   size_t MaxHeapSize                              = 2147483648                                {product} {command line}
   size_t MaxMetaspaceSize                         = 536870912                                 {product} {command line}
   size_t MaxNewSize                               = 1287651328                                {product} {ergonomic}
   size_t MinHeapDeltaBytes                        = 1048576                                   {product} {ergonomic}
   size_t MinHeapSize                              = 8388608                                   {product} {ergonomic}
    uintx NonProfiledCodeHeapSize                  = 0                                      {pd product} {ergonomic}
     bool ProfileInterpreter                       = false                                  {pd product} {command line}
    uintx ProfiledCodeHeapSize                     = 0                                      {pd product} {ergonomic}
   size_t SoftMaxHeapSize                          = 2147483648                             {manageable} {ergonomic}
     intx TieredStopAtLevel                        = 1                                         {product} {command line}
     bool UseCompressedClassPointers               = true                           {product lp64_product} {ergonomic}
     bool UseCompressedOops                        = true                           {product lp64_product} {ergonomic}
     bool UseG1GC                                  = true                                      {product} {ergonomic}
     bool UseNUMA                                  = false                                     {product} {ergonomic}
     bool UseNUMAInterleaving                      = false                                     {product} {ergonomic}

Logging:
Log output configuration:
 #0: stdout all=warning uptime,level,tags
 #1: stderr all=off uptime,level,tags

Environment Variables:
PATH=/Users/juanprogramador/Trabajos/ticketTransfer/v2/apps/mobile/node_modules/.bin:/Users/juanprogramador/.cache/node/corepack/v1/pnpm/9.0.0/dist/node-gyp-bin:/Users/juanprogramador/Trabajos/ticketTransfer/v2/node_modules/.bin:/Users/juanprogramador/.antigravity/antigravity/bin:/opt/homebrew/opt/ruby/bin:/opt/homebrew/opt/ruby/bin:/opt/homebrew/opt/ruby/bin:/opt/homebrew/opt/openjdk/bin:/opt/homebrew/lib/ruby/gems/3.3.0/bin:/opt/homebrew/opt/ruby/bin:/Users/juanprogramador/Develop/flutter/bin:/Users/juanprogramador/.rbenv/shims:/usr/local/bin:/usr/local/sbin:/System/Cryptexes/App/usr/bin:/usr/bin:/bin:/usr/sbin:/sbin:/var/run/com.apple.security.cryptexd/codex.system/bootstrap/usr/local/bin:/var/run/com.apple.security.cryptexd/codex.system/bootstrap/usr/bin:/var/run/com.apple.security.cryptexd/codex.system/bootstrap/usr/appleinternal/bin:/opt/pmk/env/global/bin:/Library/Apple/usr/bin:/Users/juanprogramador/Library/Android/sdk/emulator:/Users/juanprogramador/Library/Android/sdk/platform-tools:/Users/juanprogramador/Library/Android/sdk/tools:/Users/juanprogramador/Library/Android/sdk/tools/bin
SHELL=/bin/zsh
LANG=en_US.UTF-8
LC_ALL=en_US.UTF-8
TERM=xterm-256color
TMPDIR=/var/folders/y5/8bd85fdx22161gc_fz2h96d80000gn/T/

Active Locale:
LC_ALL=en_US.UTF-8
LC_COLLATE=en_US.UTF-8
LC_CTYPE=en_US.UTF-8
LC_MESSAGES=en_US.UTF-8
LC_MONETARY=en_US.UTF-8
LC_NUMERIC=en_US.UTF-8
LC_TIME=en_US.UTF-8

Signal Handlers:
   SIGSEGV: crash_handler in libjvm.dylib, mask=11100110000111110111111111111111, flags=SA_RESTART|SA_SIGINFO, unblocked
    SIGBUS: crash_handler in libjvm.dylib, mask=11100110000111110111111111111111, flags=SA_RESTART|SA_SIGINFO, unblocked
    SIGFPE: crash_handler in libjvm.dylib, mask=11100110000111110111111111111111, flags=SA_RESTART|SA_SIGINFO, unblocked
   SIGPIPE: javaSignalHandler in libjvm.dylib, mask=11100110000111110111111111111111, flags=SA_RESTART|SA_SIGINFO, blocked
   SIGXFSZ: javaSignalHandler in libjvm.dylib, mask=11100110000111110111111111111111, flags=SA_RESTART|SA_SIGINFO, blocked
    SIGILL: crash_handler in libjvm.dylib, mask=11100110000111110111111111111111, flags=SA_RESTART|SA_SIGINFO, unblocked
   SIGUSR2: SR_handler in libjvm.dylib, mask=00100000000000000000000000000000, flags=SA_RESTART|SA_SIGINFO, blocked
    SIGHUP: UserHandler in libjvm.dylib, mask=11100110000111110111111111111111, flags=SA_RESTART|SA_SIGINFO, blocked
    SIGINT: UserHandler in libjvm.dylib, mask=11100110000111110111111111111111, flags=SA_RESTART|SA_SIGINFO, blocked
   SIGTERM: UserHandler in libjvm.dylib, mask=11100110000111110111111111111111, flags=SA_RESTART|SA_SIGINFO, blocked
   SIGQUIT: UserHandler in libjvm.dylib, mask=11100110000111110111111111111111, flags=SA_RESTART|SA_SIGINFO, blocked
   SIGTRAP: crash_handler in libjvm.dylib, mask=11100110000111110111111111111111, flags=SA_RESTART|SA_SIGINFO, unblocked


Periodic native trim disabled


---------------  S Y S T E M  ---------------

OS:
uname: Darwin 25.1.0 Darwin Kernel Version 25.1.0: Mon Oct 20 19:26:51 PDT 2025; root:xnu-12377.41.6~2/RELEASE_X86_64 x86_64
OS uptime: 0 days 12:12 hours
rlimit (soft/hard): STACK 8192k/65532k , CORE 0k/infinity , NPROC 5568/8352 , NOFILE 1048576/infinity , AS infinity/infinity , CPU infinity/infinity , DATA infinity/infinity , FSIZE infinity/infinity , MEMLOCK infinity/infinity , RSS infinity/infinity
load average: 2.90 2.75 2.90

CPU: total 16 (initial active 16) (8 cores per cpu, 2 threads per core) family 6 model 158 stepping 13 microcode 0x104, cx8, cmov, fxsr, ht, mmx, 3dnowpref, sse, sse2, sse3, ssse3, sse4.1, sse4.2, popcnt, lzcnt, tsc, tscinvbit, avx, avx2, aes, erms, clmul, bmi1, bmi2, adx, fma, vzeroupper, clflush, clflushopt
machdep.cpu.brand_string:Intel(R) Core(TM) i9-9980HK CPU @ 2.40GHz
hw.cpufrequency:2400000000
hw.cpufrequency_min:2400000000
hw.cpufrequency_max:2400000000
hw.cachelinesize:64
hw.l1icachesize:32768
hw.l1dcachesize:32768
hw.l2cachesize:262144
hw.l3cachesize:16777216

Memory: 4k page, physical 33554432k(44852k free), swap 1048576k(1048576k free)

vm_info: OpenJDK 64-Bit Server VM (17.0.17+10-LTS) for bsd-amd64 JRE (17.0.17+10-LTS) (Zulu17.62+17-CA), built on Oct  4 2025 07:48:03 by "tester" with clang Apple LLVM 12.0.5 (clang-1205.0.22.11)

END.
