#
# A fatal error has been detected by the Java Runtime Environment:
#
#  SIGSEGV (0xb) at pc=0x0000000115a6c38b, pid=73556, tid=76035
#
# JRE version: OpenJDK Runtime Environment Zulu17.62+17-CA (17.0.17+10) (build 17.0.17+10-LTS)
# Java VM: OpenJDK 64-Bit Server VM Zulu17.62+17-CA (17.0.17+10-LTS, mixed mode, sharing, tiered, compressed oops, compressed class ptrs, g1 gc, bsd-amd64)
# Problematic frame:
# V  [libjvm.dylib+0x94e38b]  SharedRuntime::generate_class_cast_message(Klass*, Klass*, Symbol*)+0x6b
#
# No core dump will be written. Core dumps have been disabled. To enable core dumping, try "ulimit -c unlimited" before starting Java again
#
# If you would like to submit a bug report, please visit:
#   http://www.azul.com/support/
#

---------------  S U M M A R Y ------------

Command Line: -XX:MaxMetaspaceSize=512m -XX:+HeapDumpOnOutOfMemoryError --add-opens=java.base/java.util=ALL-UNNAMED --add-opens=java.base/java.lang=ALL-UNNAMED --add-opens=java.base/java.lang.invoke=ALL-UNNAMED --add-opens=java.prefs/java.util.prefs=ALL-UNNAMED --add-opens=java.base/java.nio.charset=ALL-UNNAMED --add-opens=java.base/java.net=ALL-UNNAMED --add-opens=java.base/java.util.concurrent.atomic=ALL-UNNAMED -Xmx4096m -Dfile.encoding=UTF-8 -Duser.country=AR -Duser.language=es -Duser.variant -javaagent:/Users/juanprogramador/.gradle/wrapper/dists/gradle-8.6-bin/afr5mpiioh2wthjmwnkmdsd5w/gradle-8.6/lib/agents/gradle-instrumentation-agent-8.6.jar org.gradle.launcher.daemon.bootstrap.GradleDaemon 8.6

Host: "MacBookPro16,1" x86_64 2400 MHz, 16 cores, 32G, Darwin 25.1.0, macOS 26.1 (25B78)
Time: Sat Feb 28 01:04:58 2026 -03 elapsed time: 43.295925 seconds (0d 0h 0m 43s)

---------------  T H R E A D  ---------------

Current thread (0x00007fcd2c5e7c00):  JavaThread "Execution worker Thread 12" [_thread_in_vm, id=76035, stack(0x0000700012559000,0x0000700012659000)]

Stack: [0x0000700012559000,0x0000700012659000],  sp=0x0000700012651930,  free space=994k
Native frames: (J=compiled Java code, j=interpreted, Vv=VM code, C=native code)
V  [libjvm.dylib+0x94e38b]  SharedRuntime::generate_class_cast_message(Klass*, Klass*, Symbol*)+0x6b
V  [libjvm.dylib+0x94e2f4]  SharedRuntime::generate_class_cast_message(JavaThread*, Klass*)+0x274
V  [libjvm.dylib+0x5166b3]  InterpreterRuntime::throw_ClassCastException(JavaThread*, oopDesc*)+0x63
j  com.sun.tools.javac.file.JavacFileManager.indexPathsAndContainersByRelativeDirectory(Ljavax/tools/JavaFileManager$Location;)Ljava/util/Map;+157 jdk.compiler@17.0.17
j  com.sun.tools.javac.file.JavacFileManager$$Lambda$2606+0x000000013b25eba0.apply(Ljava/lang/Object;)Ljava/lang/Object;+8 jdk.compiler@17.0.17
J 5787 c2 java.util.HashMap.computeIfAbsent(Ljava/lang/Object;Ljava/util/function/Function;)Ljava/lang/Object; java.base@17.0.17 (330 bytes) @ 0x0000000128f1d880 [0x0000000128f1d720+0x0000000000000160]
j  com.sun.tools.javac.file.JavacFileManager.pathsAndContainers(Ljavax/tools/JavaFileManager$Location;Lcom/sun/tools/javac/file/RelativePath$RelativeDirectory;)Ljava/util/List;+11 jdk.compiler@17.0.17
j  com.sun.tools.javac.file.JavacFileManager.list(Ljavax/tools/JavaFileManager$Location;Ljava/lang/String;Ljava/util/Set;Z)Ljava/lang/Iterable;+34 jdk.compiler@17.0.17
j  javax.tools.ForwardingJavaFileManager.list(Ljavax/tools/JavaFileManager$Location;Ljava/lang/String;Ljava/util/Set;Z)Ljava/lang/Iterable;+9 java.compiler@17.0.17
j  org.gradle.api.internal.tasks.compile.reflect.GradleStandardJavaFileManager.list(Ljavax/tools/JavaFileManager$Location;Ljava/lang/String;Ljava/util/Set;Z)Ljava/lang/Iterable;+33
j  com.sun.tools.javac.api.ClientCodeWrapper$WrappedJavaFileManager.list(Ljavax/tools/JavaFileManager$Location;Ljava/lang/String;Ljava/util/Set;Z)Ljava/lang/Iterable;+13 jdk.compiler@17.0.17
j  com.sun.tools.javac.code.ClassFinder.list(Ljavax/tools/JavaFileManager$Location;Lcom/sun/tools/javac/code/Symbol$PackageSymbol;Ljava/lang/String;Ljava/util/Set;)Ljava/lang/Iterable;+13 jdk.compiler@17.0.17
j  com.sun.tools.javac.code.ClassFinder.scanUserPaths(Lcom/sun/tools/javac/code/Symbol$PackageSymbol;Z)V+488 jdk.compiler@17.0.17
j  com.sun.tools.javac.code.ClassFinder.fillIn(Lcom/sun/tools/javac/code/Symbol$PackageSymbol;)V+123 jdk.compiler@17.0.17
J 23428 c1 com.sun.tools.javac.code.ClassFinder.complete(Lcom/sun/tools/javac/code/Symbol;)V jdk.compiler@17.0.17 (166 bytes) @ 0x00000001238faa54 [0x00000001238fa100+0x0000000000000954]
J 23391 c1 com.sun.tools.javac.code.ClassFinder$$Lambda$2530+0x000000013b1cb3f0.complete(Lcom/sun/tools/javac/code/Symbol;)V jdk.compiler@17.0.17 (9 bytes) @ 0x00000001238e22bc [0x00000001238e2240+0x000000000000007c]
J 23482 c1 com.sun.tools.javac.code.Symbol$PackageSymbol.members()Lcom/sun/tools/javac/code/Scope$WriteableScope; jdk.compiler@17.0.17 (9 bytes) @ 0x00000001239346c4 [0x0000000123934460+0x0000000000000264]
j  com.sun.tools.javac.code.Symtab.listPackageModules(Lcom/sun/tools/javac/util/Name;)Lcom/sun/tools/javac/util/List;+78 jdk.compiler@17.0.17
j  com.sun.tools.javac.comp.Enter.visitTopLevel(Lcom/sun/tools/javac/tree/JCTree$JCCompilationUnit;)V+266 jdk.compiler@17.0.17
j  com.sun.tools.javac.tree.JCTree$JCCompilationUnit.accept(Lcom/sun/tools/javac/tree/JCTree$Visitor;)V+2 jdk.compiler@17.0.17
j  com.sun.tools.javac.comp.Enter.classEnter(Lcom/sun/tools/javac/tree/JCTree;Lcom/sun/tools/javac/comp/Env;)Lcom/sun/tools/javac/code/Type;+19 jdk.compiler@17.0.17
j  com.sun.tools.javac.comp.Enter.classEnter(Lcom/sun/tools/javac/util/List;Lcom/sun/tools/javac/comp/Env;)Lcom/sun/tools/javac/util/List;+29 jdk.compiler@17.0.17
j  com.sun.tools.javac.comp.Enter.complete(Lcom/sun/tools/javac/util/List;Lcom/sun/tools/javac/code/Symbol$ClassSymbol;)V+36 jdk.compiler@17.0.17
j  com.sun.tools.javac.comp.Enter.main(Lcom/sun/tools/javac/util/List;)V+3 jdk.compiler@17.0.17
j  com.sun.tools.javac.main.JavaCompiler.enterTrees(Lcom/sun/tools/javac/util/List;)Lcom/sun/tools/javac/util/List;+64 jdk.compiler@17.0.17
j  com.sun.tools.javac.main.JavaCompiler.compile(Ljava/util/Collection;Ljava/util/Collection;Ljava/lang/Iterable;Ljava/util/Collection;)V+304 jdk.compiler@17.0.17
j  com.sun.tools.javac.api.JavacTaskImpl.lambda$doCall$0()Lcom/sun/tools/javac/main/Main$Result;+45 jdk.compiler@17.0.17
j  com.sun.tools.javac.api.JavacTaskImpl$$Lambda$2568+0x000000013b2459f8.call()Ljava/lang/Object;+4 jdk.compiler@17.0.17
j  com.sun.tools.javac.api.JavacTaskImpl.invocationHelper(Ljava/util/concurrent/Callable;)Lcom/sun/tools/javac/util/Pair;+20 jdk.compiler@17.0.17
j  com.sun.tools.javac.api.JavacTaskImpl.doCall()Lcom/sun/tools/javac/main/Main$Result;+7 jdk.compiler@17.0.17
j  com.sun.tools.javac.api.JavacTaskImpl.call()Ljava/lang/Boolean;+1 jdk.compiler@17.0.17
j  org.gradle.internal.compiler.java.IncrementalCompileTask.call()Ljava/lang/Boolean;+59
j  org.gradle.api.internal.tasks.compile.AnnotationProcessingCompileTask.call()Ljava/lang/Boolean;+30
j  org.gradle.api.internal.tasks.compile.ResourceCleaningCompilationTask.call()Ljava/lang/Boolean;+4
j  org.gradle.api.internal.tasks.compile.JdkJavaCompiler.execute(Lorg/gradle/api/internal/tasks/compile/JavaCompileSpec;)Lorg/gradle/api/tasks/WorkResult;+30
j  org.gradle.api.internal.tasks.compile.JdkJavaCompiler.execute(Lorg/gradle/language/base/internal/compile/CompileSpec;)Lorg/gradle/api/tasks/WorkResult;+5
j  org.gradle.api.internal.tasks.compile.NormalizingJavaCompiler.delegateAndHandleErrors(Lorg/gradle/api/internal/tasks/compile/JavaCompileSpec;)Lorg/gradle/api/tasks/WorkResult;+5
j  org.gradle.api.internal.tasks.compile.NormalizingJavaCompiler.execute(Lorg/gradle/api/internal/tasks/compile/JavaCompileSpec;)Lorg/gradle/api/tasks/WorkResult;+22
j  org.gradle.api.internal.tasks.compile.NormalizingJavaCompiler.execute(Lorg/gradle/language/base/internal/compile/CompileSpec;)Lorg/gradle/api/tasks/WorkResult;+5
j  org.gradle.api.internal.tasks.compile.AnnotationProcessorDiscoveringCompiler.execute(Lorg/gradle/api/internal/tasks/compile/JavaCompileSpec;)Lorg/gradle/api/tasks/WorkResult;+18
j  org.gradle.api.internal.tasks.compile.AnnotationProcessorDiscoveringCompiler.execute(Lorg/gradle/language/base/internal/compile/CompileSpec;)Lorg/gradle/api/tasks/WorkResult;+5
j  org.gradle.api.internal.tasks.compile.ModuleApplicationNameWritingCompiler.execute(Lorg/gradle/api/internal/tasks/compile/JavaCompileSpec;)Lorg/gradle/api/tasks/WorkResult;+5
j  org.gradle.api.internal.tasks.compile.ModuleApplicationNameWritingCompiler.execute(Lorg/gradle/language/base/internal/compile/CompileSpec;)Lorg/gradle/api/tasks/WorkResult;+5
j  org.gradle.jvm.toolchain.internal.DefaultToolchainJavaCompiler.execute(Lorg/gradle/language/base/internal/compile/CompileSpec;)Lorg/gradle/api/tasks/WorkResult;+33
j  org.gradle.api.tasks.compile.JavaCompile.lambda$createToolchainCompiler$3(Lorg/gradle/language/base/internal/compile/CompileSpec;)Lorg/gradle/api/tasks/WorkResult;+15
j  org.gradle.api.tasks.compile.JavaCompile$$Lambda$2491+0x000000013b0cb008.execute(Lorg/gradle/language/base/internal/compile/CompileSpec;)Lorg/gradle/api/tasks/WorkResult;+5
j  org.gradle.api.internal.tasks.compile.CleaningJavaCompiler.execute(Lorg/gradle/api/internal/tasks/compile/JavaCompileSpec;)Lorg/gradle/api/tasks/WorkResult;+72
j  org.gradle.api.internal.tasks.compile.incremental.IncrementalCompilerFactory.lambda$createRebuildAllCompiler$0(Lorg/gradle/api/file/FileTree;Lorg/gradle/api/internal/tasks/compile/CleaningJavaCompiler;Lorg/gradle/api/internal/tasks/compile/JavaCompileSpec;)Lorg/gradle/api/tasks/WorkResult;+9
j  org.gradle.api.internal.tasks.compile.incremental.IncrementalCompilerFactory$$Lambda$2494+0x000000013b18c458.execute(Lorg/gradle/language/base/internal/compile/CompileSpec;)Lorg/gradle/api/tasks/WorkResult;+12
j  org.gradle.api.internal.tasks.compile.incremental.SelectiveCompiler.execute(Lorg/gradle/api/internal/tasks/compile/JavaCompileSpec;)Lorg/gradle/api/tasks/WorkResult;+27
j  org.gradle.api.internal.tasks.compile.incremental.SelectiveCompiler.execute(Lorg/gradle/language/base/internal/compile/CompileSpec;)Lorg/gradle/api/tasks/WorkResult;+5
j  org.gradle.api.internal.tasks.compile.incremental.IncrementalResultStoringCompiler.execute(Lorg/gradle/api/internal/tasks/compile/JavaCompileSpec;)Lorg/gradle/api/tasks/WorkResult;+5
j  org.gradle.api.internal.tasks.compile.incremental.IncrementalResultStoringCompiler.execute(Lorg/gradle/language/base/internal/compile/CompileSpec;)Lorg/gradle/api/tasks/WorkResult;+5
j  org.gradle.api.internal.tasks.compile.CompileJavaBuildOperationReportingCompiler$1.call(Lorg/gradle/internal/operations/BuildOperationContext;)Lorg/gradle/api/tasks/WorkResult;+11
j  org.gradle.api.internal.tasks.compile.CompileJavaBuildOperationReportingCompiler$1.call(Lorg/gradle/internal/operations/BuildOperationContext;)Ljava/lang/Object;+2
J 20500 c2 org.gradle.internal.operations.DefaultBuildOperationRunner$CallableBuildOperationWorker.execute(Lorg/gradle/internal/operations/BuildOperation;Lorg/gradle/internal/operations/BuildOperationContext;)V (10 bytes) @ 0x00000001299e3d10 [0x00000001299e3ca0+0x0000000000000070]
J 14259 c2 org.gradle.internal.operations.DefaultBuildOperationRunner$2.execute(Lorg/gradle/internal/operations/BuildOperationDescriptor;Lorg/gradle/internal/operations/BuildOperationState;Lorg/gradle/internal/operations/BuildOperationState;Lorg/gradle/internal/operations/DefaultBuildOperationRunner$ReadableBuildOperationContext;Lorg/gradle/internal/operations/DefaultBuildOperationRunner$BuildOperationExecutionListener;)Lorg/gradle/internal/operations/BuildOperation; (110 bytes) @ 0x0000000128e8ddd8 [0x0000000128e8c8e0+0x00000000000014f8]
J 21278 c2 org.gradle.internal.operations.DefaultBuildOperationRunner.execute(Lorg/gradle/internal/operations/BuildOperation;Lorg/gradle/internal/operations/BuildOperationWorker;Lorg/gradle/internal/operations/BuildOperationState;)V (23 bytes) @ 0x0000000129a55ff8 [0x0000000129a55740+0x00000000000008b8]
J 21275 c2 org.gradle.internal.operations.DefaultBuildOperationRunner.call(Lorg/gradle/internal/operations/CallableBuildOperation;)Ljava/lang/Object; (24 bytes) @ 0x0000000129a864a4 [0x0000000129a863c0+0x00000000000000e4]
J 10909 c1 org.gradle.internal.operations.DefaultBuildOperationExecutor.call(Lorg/gradle/internal/operations/CallableBuildOperation;)Ljava/lang/Object; (11 bytes) @ 0x0000000122379f4c [0x0000000122379e40+0x000000000000010c]
j  org.gradle.api.internal.tasks.compile.CompileJavaBuildOperationReportingCompiler.execute(Lorg/gradle/api/internal/tasks/compile/JavaCompileSpec;)Lorg/gradle/api/tasks/WorkResult;+13
j  org.gradle.api.tasks.compile.JavaCompile.performCompilation(Lorg/gradle/api/internal/tasks/compile/JavaCompileSpec;Lorg/gradle/language/base/internal/compile/Compiler;)V+24
j  org.gradle.api.tasks.compile.JavaCompile.performIncrementalCompilation(Lorg/gradle/work/InputChanges;Lorg/gradle/api/internal/tasks/compile/DefaultJavaCompileSpec;)V+87
j  org.gradle.api.tasks.compile.JavaCompile.compile(Lorg/gradle/work/InputChanges;)V+26
v  ~StubRoutines::call_stub
V  [libjvm.dylib+0x51f5b9]  JavaCalls::call_helper(JavaValue*, methodHandle const&, JavaCallArguments*, JavaThread*)+0x2a9
V  [libjvm.dylib+0x92562c]  invoke(InstanceKlass*, methodHandle const&, Handle, bool, objArrayHandle, BasicType, objArrayHandle, bool, JavaThread*)+0xa1c
V  [libjvm.dylib+0x924bbb]  Reflection::invoke_method(oopDesc*, Handle, objArrayHandle, JavaThread*)+0x15b
V  [libjvm.dylib+0x5ce7ab]  JVM_InvokeMethod+0x30b
J 2209  jdk.internal.reflect.NativeMethodAccessorImpl.invoke0(Ljava/lang/reflect/Method;Ljava/lang/Object;[Ljava/lang/Object;)Ljava/lang/Object; java.base@17.0.17 (0 bytes) @ 0x0000000128e53238 [0x0000000128e53140+0x00000000000000f8]
J 22695 c1 jdk.internal.reflect.NativeMethodAccessorImpl.invoke(Ljava/lang/Object;[Ljava/lang/Object;)Ljava/lang/Object; java.base@17.0.17 (137 bytes) @ 0x00000001220e41cc [0x00000001220e3800+0x00000000000009cc]
J 12312 c2 jdk.internal.reflect.DelegatingMethodAccessorImpl.invoke(Ljava/lang/Object;[Ljava/lang/Object;)Ljava/lang/Object; java.base@17.0.17 (10 bytes) @ 0x0000000129407e68 [0x0000000129407e20+0x0000000000000048]
J 2734 c1 org.gradle.internal.reflect.JavaMethod.invoke(Ljava/lang/Object;[Ljava/lang/Object;)Ljava/lang/Object; (74 bytes) @ 0x0000000121749d04 [0x0000000121749980+0x0000000000000384]
j  org.gradle.api.internal.project.taskfactory.IncrementalTaskAction.doExecute(Lorg/gradle/api/Task;Ljava/lang/String;)V+28
j  org.gradle.api.internal.project.taskfactory.StandardTaskAction.execute(Lorg/gradle/api/Task;)V+32
j  org.gradle.api.internal.project.taskfactory.IncrementalTaskAction.execute(Lorg/gradle/api/Task;)V+2
j  org.gradle.api.internal.project.taskfactory.StandardTaskAction.execute(Ljava/lang/Object;)V+5
j  org.gradle.api.internal.tasks.execution.TaskExecution$3.run(Lorg/gradle/internal/operations/BuildOperationContext;)V+23
J 15123 c2 org.gradle.internal.operations.DefaultBuildOperationRunner$1.execute(Lorg/gradle/internal/operations/BuildOperation;Lorg/gradle/internal/operations/BuildOperationContext;)V (10 bytes) @ 0x0000000128fccaf8 [0x0000000128fcc180+0x0000000000000978]
J 14259 c2 org.gradle.internal.operations.DefaultBuildOperationRunner$2.execute(Lorg/gradle/internal/operations/BuildOperationDescriptor;Lorg/gradle/internal/operations/BuildOperationState;Lorg/gradle/internal/operations/BuildOperationState;Lorg/gradle/internal/operations/DefaultBuildOperationRunner$ReadableBuildOperationContext;Lorg/gradle/internal/operations/DefaultBuildOperationRunner$BuildOperationExecutionListener;)Lorg/gradle/internal/operations/BuildOperation; (110 bytes) @ 0x0000000128e8ddd8 [0x0000000128e8c8e0+0x00000000000014f8]
J 21278 c2 org.gradle.internal.operations.DefaultBuildOperationRunner.execute(Lorg/gradle/internal/operations/BuildOperation;Lorg/gradle/internal/operations/BuildOperationWorker;Lorg/gradle/internal/operations/BuildOperationState;)V (23 bytes) @ 0x0000000129a55ff8 [0x0000000129a55740+0x00000000000008b8]
J 21980 c2 org.gradle.internal.operations.DefaultBuildOperationExecutor.run(Lorg/gradle/internal/operations/RunnableBuildOperation;)V (11 bytes) @ 0x0000000129ad6df4 [0x0000000129ad6d40+0x00000000000000b4]
j  org.gradle.api.internal.tasks.execution.TaskExecution.executeAction(Ljava/lang/String;Lorg/gradle/api/internal/TaskInternal;Lorg/gradle/api/internal/tasks/InputChangesAwareTaskAction;Lorg/gradle/internal/execution/history/changes/InputChangesInternal;Z)V+30
j  org.gradle.api.internal.tasks.execution.TaskExecution.executeActions(Lorg/gradle/api/internal/TaskInternal;Lorg/gradle/internal/execution/history/changes/InputChangesInternal;)V+131
j  org.gradle.api.internal.tasks.execution.TaskExecution.executeWithPreviousOutputFiles(Lorg/gradle/internal/execution/history/changes/InputChangesInternal;)Lorg/gradle/internal/execution/UnitOfWork$WorkResult;+46
j  org.gradle.api.internal.tasks.execution.TaskExecution.execute(Lorg/gradle/internal/execution/UnitOfWork$ExecutionRequest;)Lorg/gradle/internal/execution/UnitOfWork$WorkOutput;+61
j  org.gradle.internal.execution.steps.ExecuteStep.executeInternal(Lorg/gradle/internal/execution/UnitOfWork;Lorg/gradle/internal/execution/steps/InputChangesContext;)Lorg/gradle/internal/execution/steps/Result;+16
j  org.gradle.internal.execution.steps.ExecuteStep.access$000(Lorg/gradle/internal/execution/UnitOfWork;Lorg/gradle/internal/execution/steps/InputChangesContext;)Lorg/gradle/internal/execution/steps/Result;+2
j  org.gradle.internal.execution.steps.ExecuteStep$1.call(Lorg/gradle/internal/operations/BuildOperationContext;)Lorg/gradle/internal/execution/steps/Result;+8
j  org.gradle.internal.execution.steps.ExecuteStep$1.call(Lorg/gradle/internal/operations/BuildOperationContext;)Ljava/lang/Object;+2
J 20500 c2 org.gradle.internal.operations.DefaultBuildOperationRunner$CallableBuildOperationWorker.execute(Lorg/gradle/internal/operations/BuildOperation;Lorg/gradle/internal/operations/BuildOperationContext;)V (10 bytes) @ 0x00000001299e3d10 [0x00000001299e3ca0+0x0000000000000070]
J 14259 c2 org.gradle.internal.operations.DefaultBuildOperationRunner$2.execute(Lorg/gradle/internal/operations/BuildOperationDescriptor;Lorg/gradle/internal/operations/BuildOperationState;Lorg/gradle/internal/operations/BuildOperationState;Lorg/gradle/internal/operations/DefaultBuildOperationRunner$ReadableBuildOperationContext;Lorg/gradle/internal/operations/DefaultBuildOperationRunner$BuildOperationExecutionListener;)Lorg/gradle/internal/operations/BuildOperation; (110 bytes) @ 0x0000000128e8ddd8 [0x0000000128e8c8e0+0x00000000000014f8]
J 21278 c2 org.gradle.internal.operations.DefaultBuildOperationRunner.execute(Lorg/gradle/internal/operations/BuildOperation;Lorg/gradle/internal/operations/BuildOperationWorker;Lorg/gradle/internal/operations/BuildOperationState;)V (23 bytes) @ 0x0000000129a55ff8 [0x0000000129a55740+0x00000000000008b8]
J 21275 c2 org.gradle.internal.operations.DefaultBuildOperationRunner.call(Lorg/gradle/internal/operations/CallableBuildOperation;)Ljava/lang/Object; (24 bytes) @ 0x0000000129a864a4 [0x0000000129a863c0+0x00000000000000e4]
J 10909 c1 org.gradle.internal.operations.DefaultBuildOperationExecutor.call(Lorg/gradle/internal/operations/CallableBuildOperation;)Ljava/lang/Object; (11 bytes) @ 0x0000000122379f4c [0x0000000122379e40+0x000000000000010c]
j  org.gradle.internal.execution.steps.ExecuteStep.execute(Lorg/gradle/internal/execution/UnitOfWork;Lorg/gradle/internal/execution/steps/ChangingOutputsContext;)Lorg/gradle/internal/execution/steps/Result;+28
j  org.gradle.internal.execution.steps.ExecuteStep.execute(Lorg/gradle/internal/execution/UnitOfWork;Lorg/gradle/internal/execution/steps/Context;)Lorg/gradle/internal/execution/steps/Result;+6
j  org.gradle.internal.execution.steps.CancelExecutionStep.execute(Lorg/gradle/internal/execution/UnitOfWork;Lorg/gradle/internal/execution/steps/Context;)Lorg/gradle/internal/execution/steps/Result;+35
j  org.gradle.internal.execution.steps.TimeoutStep.executeWithoutTimeout(Lorg/gradle/internal/execution/UnitOfWork;Lorg/gradle/internal/execution/steps/Context;)Lorg/gradle/internal/execution/steps/Result;+6
j  org.gradle.internal.execution.steps.TimeoutStep.execute(Lorg/gradle/internal/execution/UnitOfWork;Lorg/gradle/internal/execution/steps/Context;)Lorg/gradle/internal/execution/steps/Result;+92
...<more frames>...

Java frames: (J=compiled Java code, j=interpreted, Vv=VM code)
j  com.sun.tools.javac.file.JavacFileManager.indexPathsAndContainersByRelativeDirectory(Ljavax/tools/JavaFileManager$Location;)Ljava/util/Map;+157 jdk.compiler@17.0.17
j  com.sun.tools.javac.file.JavacFileManager$$Lambda$2606+0x000000013b25eba0.apply(Ljava/lang/Object;)Ljava/lang/Object;+8 jdk.compiler@17.0.17
J 5787 c2 java.util.HashMap.computeIfAbsent(Ljava/lang/Object;Ljava/util/function/Function;)Ljava/lang/Object; java.base@17.0.17 (330 bytes) @ 0x0000000128f1d880 [0x0000000128f1d720+0x0000000000000160]
j  com.sun.tools.javac.file.JavacFileManager.pathsAndContainers(Ljavax/tools/JavaFileManager$Location;Lcom/sun/tools/javac/file/RelativePath$RelativeDirectory;)Ljava/util/List;+11 jdk.compiler@17.0.17
j  com.sun.tools.javac.file.JavacFileManager.list(Ljavax/tools/JavaFileManager$Location;Ljava/lang/String;Ljava/util/Set;Z)Ljava/lang/Iterable;+34 jdk.compiler@17.0.17
j  javax.tools.ForwardingJavaFileManager.list(Ljavax/tools/JavaFileManager$Location;Ljava/lang/String;Ljava/util/Set;Z)Ljava/lang/Iterable;+9 java.compiler@17.0.17
j  org.gradle.api.internal.tasks.compile.reflect.GradleStandardJavaFileManager.list(Ljavax/tools/JavaFileManager$Location;Ljava/lang/String;Ljava/util/Set;Z)Ljava/lang/Iterable;+33
j  com.sun.tools.javac.api.ClientCodeWrapper$WrappedJavaFileManager.list(Ljavax/tools/JavaFileManager$Location;Ljava/lang/String;Ljava/util/Set;Z)Ljava/lang/Iterable;+13 jdk.compiler@17.0.17
j  com.sun.tools.javac.code.ClassFinder.list(Ljavax/tools/JavaFileManager$Location;Lcom/sun/tools/javac/code/Symbol$PackageSymbol;Ljava/lang/String;Ljava/util/Set;)Ljava/lang/Iterable;+13 jdk.compiler@17.0.17
j  com.sun.tools.javac.code.ClassFinder.scanUserPaths(Lcom/sun/tools/javac/code/Symbol$PackageSymbol;Z)V+488 jdk.compiler@17.0.17
j  com.sun.tools.javac.code.ClassFinder.fillIn(Lcom/sun/tools/javac/code/Symbol$PackageSymbol;)V+123 jdk.compiler@17.0.17
J 23428 c1 com.sun.tools.javac.code.ClassFinder.complete(Lcom/sun/tools/javac/code/Symbol;)V jdk.compiler@17.0.17 (166 bytes) @ 0x00000001238faa54 [0x00000001238fa100+0x0000000000000954]
J 23391 c1 com.sun.tools.javac.code.ClassFinder$$Lambda$2530+0x000000013b1cb3f0.complete(Lcom/sun/tools/javac/code/Symbol;)V jdk.compiler@17.0.17 (9 bytes) @ 0x00000001238e22bc [0x00000001238e2240+0x000000000000007c]
J 23482 c1 com.sun.tools.javac.code.Symbol$PackageSymbol.members()Lcom/sun/tools/javac/code/Scope$WriteableScope; jdk.compiler@17.0.17 (9 bytes) @ 0x00000001239346c4 [0x0000000123934460+0x0000000000000264]
j  com.sun.tools.javac.code.Symtab.listPackageModules(Lcom/sun/tools/javac/util/Name;)Lcom/sun/tools/javac/util/List;+78 jdk.compiler@17.0.17
j  com.sun.tools.javac.comp.Enter.visitTopLevel(Lcom/sun/tools/javac/tree/JCTree$JCCompilationUnit;)V+266 jdk.compiler@17.0.17
j  com.sun.tools.javac.tree.JCTree$JCCompilationUnit.accept(Lcom/sun/tools/javac/tree/JCTree$Visitor;)V+2 jdk.compiler@17.0.17
j  com.sun.tools.javac.comp.Enter.classEnter(Lcom/sun/tools/javac/tree/JCTree;Lcom/sun/tools/javac/comp/Env;)Lcom/sun/tools/javac/code/Type;+19 jdk.compiler@17.0.17
j  com.sun.tools.javac.comp.Enter.classEnter(Lcom/sun/tools/javac/util/List;Lcom/sun/tools/javac/comp/Env;)Lcom/sun/tools/javac/util/List;+29 jdk.compiler@17.0.17
j  com.sun.tools.javac.comp.Enter.complete(Lcom/sun/tools/javac/util/List;Lcom/sun/tools/javac/code/Symbol$ClassSymbol;)V+36 jdk.compiler@17.0.17
j  com.sun.tools.javac.comp.Enter.main(Lcom/sun/tools/javac/util/List;)V+3 jdk.compiler@17.0.17
j  com.sun.tools.javac.main.JavaCompiler.enterTrees(Lcom/sun/tools/javac/util/List;)Lcom/sun/tools/javac/util/List;+64 jdk.compiler@17.0.17
j  com.sun.tools.javac.main.JavaCompiler.compile(Ljava/util/Collection;Ljava/util/Collection;Ljava/lang/Iterable;Ljava/util/Collection;)V+304 jdk.compiler@17.0.17
j  com.sun.tools.javac.api.JavacTaskImpl.lambda$doCall$0()Lcom/sun/tools/javac/main/Main$Result;+45 jdk.compiler@17.0.17
j  com.sun.tools.javac.api.JavacTaskImpl$$Lambda$2568+0x000000013b2459f8.call()Ljava/lang/Object;+4 jdk.compiler@17.0.17
j  com.sun.tools.javac.api.JavacTaskImpl.invocationHelper(Ljava/util/concurrent/Callable;)Lcom/sun/tools/javac/util/Pair;+20 jdk.compiler@17.0.17
j  com.sun.tools.javac.api.JavacTaskImpl.doCall()Lcom/sun/tools/javac/main/Main$Result;+7 jdk.compiler@17.0.17
j  com.sun.tools.javac.api.JavacTaskImpl.call()Ljava/lang/Boolean;+1 jdk.compiler@17.0.17
j  org.gradle.internal.compiler.java.IncrementalCompileTask.call()Ljava/lang/Boolean;+59
j  org.gradle.api.internal.tasks.compile.AnnotationProcessingCompileTask.call()Ljava/lang/Boolean;+30
j  org.gradle.api.internal.tasks.compile.ResourceCleaningCompilationTask.call()Ljava/lang/Boolean;+4
j  org.gradle.api.internal.tasks.compile.JdkJavaCompiler.execute(Lorg/gradle/api/internal/tasks/compile/JavaCompileSpec;)Lorg/gradle/api/tasks/WorkResult;+30
j  org.gradle.api.internal.tasks.compile.JdkJavaCompiler.execute(Lorg/gradle/language/base/internal/compile/CompileSpec;)Lorg/gradle/api/tasks/WorkResult;+5
j  org.gradle.api.internal.tasks.compile.NormalizingJavaCompiler.delegateAndHandleErrors(Lorg/gradle/api/internal/tasks/compile/JavaCompileSpec;)Lorg/gradle/api/tasks/WorkResult;+5
j  org.gradle.api.internal.tasks.compile.NormalizingJavaCompiler.execute(Lorg/gradle/api/internal/tasks/compile/JavaCompileSpec;)Lorg/gradle/api/tasks/WorkResult;+22
j  org.gradle.api.internal.tasks.compile.NormalizingJavaCompiler.execute(Lorg/gradle/language/base/internal/compile/CompileSpec;)Lorg/gradle/api/tasks/WorkResult;+5
j  org.gradle.api.internal.tasks.compile.AnnotationProcessorDiscoveringCompiler.execute(Lorg/gradle/api/internal/tasks/compile/JavaCompileSpec;)Lorg/gradle/api/tasks/WorkResult;+18
j  org.gradle.api.internal.tasks.compile.AnnotationProcessorDiscoveringCompiler.execute(Lorg/gradle/language/base/internal/compile/CompileSpec;)Lorg/gradle/api/tasks/WorkResult;+5
j  org.gradle.api.internal.tasks.compile.ModuleApplicationNameWritingCompiler.execute(Lorg/gradle/api/internal/tasks/compile/JavaCompileSpec;)Lorg/gradle/api/tasks/WorkResult;+5
j  org.gradle.api.internal.tasks.compile.ModuleApplicationNameWritingCompiler.execute(Lorg/gradle/language/base/internal/compile/CompileSpec;)Lorg/gradle/api/tasks/WorkResult;+5
j  org.gradle.jvm.toolchain.internal.DefaultToolchainJavaCompiler.execute(Lorg/gradle/language/base/internal/compile/CompileSpec;)Lorg/gradle/api/tasks/WorkResult;+33
j  org.gradle.api.tasks.compile.JavaCompile.lambda$createToolchainCompiler$3(Lorg/gradle/language/base/internal/compile/CompileSpec;)Lorg/gradle/api/tasks/WorkResult;+15
j  org.gradle.api.tasks.compile.JavaCompile$$Lambda$2491+0x000000013b0cb008.execute(Lorg/gradle/language/base/internal/compile/CompileSpec;)Lorg/gradle/api/tasks/WorkResult;+5
j  org.gradle.api.internal.tasks.compile.CleaningJavaCompiler.execute(Lorg/gradle/api/internal/tasks/compile/JavaCompileSpec;)Lorg/gradle/api/tasks/WorkResult;+72
j  org.gradle.api.internal.tasks.compile.incremental.IncrementalCompilerFactory.lambda$createRebuildAllCompiler$0(Lorg/gradle/api/file/FileTree;Lorg/gradle/api/internal/tasks/compile/CleaningJavaCompiler;Lorg/gradle/api/internal/tasks/compile/JavaCompileSpec;)Lorg/gradle/api/tasks/WorkResult;+9
j  org.gradle.api.internal.tasks.compile.incremental.IncrementalCompilerFactory$$Lambda$2494+0x000000013b18c458.execute(Lorg/gradle/language/base/internal/compile/CompileSpec;)Lorg/gradle/api/tasks/WorkResult;+12
j  org.gradle.api.internal.tasks.compile.incremental.SelectiveCompiler.execute(Lorg/gradle/api/internal/tasks/compile/JavaCompileSpec;)Lorg/gradle/api/tasks/WorkResult;+27
j  org.gradle.api.internal.tasks.compile.incremental.SelectiveCompiler.execute(Lorg/gradle/language/base/internal/compile/CompileSpec;)Lorg/gradle/api/tasks/WorkResult;+5
j  org.gradle.api.internal.tasks.compile.incremental.IncrementalResultStoringCompiler.execute(Lorg/gradle/api/internal/tasks/compile/JavaCompileSpec;)Lorg/gradle/api/tasks/WorkResult;+5
j  org.gradle.api.internal.tasks.compile.incremental.IncrementalResultStoringCompiler.execute(Lorg/gradle/language/base/internal/compile/CompileSpec;)Lorg/gradle/api/tasks/WorkResult;+5
j  org.gradle.api.internal.tasks.compile.CompileJavaBuildOperationReportingCompiler$1.call(Lorg/gradle/internal/operations/BuildOperationContext;)Lorg/gradle/api/tasks/WorkResult;+11
j  org.gradle.api.internal.tasks.compile.CompileJavaBuildOperationReportingCompiler$1.call(Lorg/gradle/internal/operations/BuildOperationContext;)Ljava/lang/Object;+2
J 20500 c2 org.gradle.internal.operations.DefaultBuildOperationRunner$CallableBuildOperationWorker.execute(Lorg/gradle/internal/operations/BuildOperation;Lorg/gradle/internal/operations/BuildOperationContext;)V (10 bytes) @ 0x00000001299e3d10 [0x00000001299e3ca0+0x0000000000000070]
J 14259 c2 org.gradle.internal.operations.DefaultBuildOperationRunner$2.execute(Lorg/gradle/internal/operations/BuildOperationDescriptor;Lorg/gradle/internal/operations/BuildOperationState;Lorg/gradle/internal/operations/BuildOperationState;Lorg/gradle/internal/operations/DefaultBuildOperationRunner$ReadableBuildOperationContext;Lorg/gradle/internal/operations/DefaultBuildOperationRunner$BuildOperationExecutionListener;)Lorg/gradle/internal/operations/BuildOperation; (110 bytes) @ 0x0000000128e8ddd8 [0x0000000128e8c8e0+0x00000000000014f8]
J 21278 c2 org.gradle.internal.operations.DefaultBuildOperationRunner.execute(Lorg/gradle/internal/operations/BuildOperation;Lorg/gradle/internal/operations/BuildOperationWorker;Lorg/gradle/internal/operations/BuildOperationState;)V (23 bytes) @ 0x0000000129a55ff8 [0x0000000129a55740+0x00000000000008b8]
J 21275 c2 org.gradle.internal.operations.DefaultBuildOperationRunner.call(Lorg/gradle/internal/operations/CallableBuildOperation;)Ljava/lang/Object; (24 bytes) @ 0x0000000129a864a4 [0x0000000129a863c0+0x00000000000000e4]
J 10909 c1 org.gradle.internal.operations.DefaultBuildOperationExecutor.call(Lorg/gradle/internal/operations/CallableBuildOperation;)Ljava/lang/Object; (11 bytes) @ 0x0000000122379f4c [0x0000000122379e40+0x000000000000010c]
j  org.gradle.api.internal.tasks.compile.CompileJavaBuildOperationReportingCompiler.execute(Lorg/gradle/api/internal/tasks/compile/JavaCompileSpec;)Lorg/gradle/api/tasks/WorkResult;+13
j  org.gradle.api.tasks.compile.JavaCompile.performCompilation(Lorg/gradle/api/internal/tasks/compile/JavaCompileSpec;Lorg/gradle/language/base/internal/compile/Compiler;)V+24
j  org.gradle.api.tasks.compile.JavaCompile.performIncrementalCompilation(Lorg/gradle/work/InputChanges;Lorg/gradle/api/internal/tasks/compile/DefaultJavaCompileSpec;)V+87
j  org.gradle.api.tasks.compile.JavaCompile.compile(Lorg/gradle/work/InputChanges;)V+26
v  ~StubRoutines::call_stub
J 2209  jdk.internal.reflect.NativeMethodAccessorImpl.invoke0(Ljava/lang/reflect/Method;Ljava/lang/Object;[Ljava/lang/Object;)Ljava/lang/Object; java.base@17.0.17 (0 bytes) @ 0x0000000128e531bf [0x0000000128e53140+0x000000000000007f]
J 22695 c1 jdk.internal.reflect.NativeMethodAccessorImpl.invoke(Ljava/lang/Object;[Ljava/lang/Object;)Ljava/lang/Object; java.base@17.0.17 (137 bytes) @ 0x00000001220e41cc [0x00000001220e3800+0x00000000000009cc]
J 12312 c2 jdk.internal.reflect.DelegatingMethodAccessorImpl.invoke(Ljava/lang/Object;[Ljava/lang/Object;)Ljava/lang/Object; java.base@17.0.17 (10 bytes) @ 0x0000000129407e68 [0x0000000129407e20+0x0000000000000048]
J 2734 c1 org.gradle.internal.reflect.JavaMethod.invoke(Ljava/lang/Object;[Ljava/lang/Object;)Ljava/lang/Object; (74 bytes) @ 0x0000000121749d04 [0x0000000121749980+0x0000000000000384]
j  org.gradle.api.internal.project.taskfactory.IncrementalTaskAction.doExecute(Lorg/gradle/api/Task;Ljava/lang/String;)V+28
j  org.gradle.api.internal.project.taskfactory.StandardTaskAction.execute(Lorg/gradle/api/Task;)V+32
j  org.gradle.api.internal.project.taskfactory.IncrementalTaskAction.execute(Lorg/gradle/api/Task;)V+2
j  org.gradle.api.internal.project.taskfactory.StandardTaskAction.execute(Ljava/lang/Object;)V+5
j  org.gradle.api.internal.tasks.execution.TaskExecution$3.run(Lorg/gradle/internal/operations/BuildOperationContext;)V+23
J 15123 c2 org.gradle.internal.operations.DefaultBuildOperationRunner$1.execute(Lorg/gradle/internal/operations/BuildOperation;Lorg/gradle/internal/operations/BuildOperationContext;)V (10 bytes) @ 0x0000000128fccaf8 [0x0000000128fcc180+0x0000000000000978]
J 14259 c2 org.gradle.internal.operations.DefaultBuildOperationRunner$2.execute(Lorg/gradle/internal/operations/BuildOperationDescriptor;Lorg/gradle/internal/operations/BuildOperationState;Lorg/gradle/internal/operations/BuildOperationState;Lorg/gradle/internal/operations/DefaultBuildOperationRunner$ReadableBuildOperationContext;Lorg/gradle/internal/operations/DefaultBuildOperationRunner$BuildOperationExecutionListener;)Lorg/gradle/internal/operations/BuildOperation; (110 bytes) @ 0x0000000128e8ddd8 [0x0000000128e8c8e0+0x00000000000014f8]
J 21278 c2 org.gradle.internal.operations.DefaultBuildOperationRunner.execute(Lorg/gradle/internal/operations/BuildOperation;Lorg/gradle/internal/operations/BuildOperationWorker;Lorg/gradle/internal/operations/BuildOperationState;)V (23 bytes) @ 0x0000000129a55ff8 [0x0000000129a55740+0x00000000000008b8]
J 21980 c2 org.gradle.internal.operations.DefaultBuildOperationExecutor.run(Lorg/gradle/internal/operations/RunnableBuildOperation;)V (11 bytes) @ 0x0000000129ad6df4 [0x0000000129ad6d40+0x00000000000000b4]
j  org.gradle.api.internal.tasks.execution.TaskExecution.executeAction(Ljava/lang/String;Lorg/gradle/api/internal/TaskInternal;Lorg/gradle/api/internal/tasks/InputChangesAwareTaskAction;Lorg/gradle/internal/execution/history/changes/InputChangesInternal;Z)V+30
j  org.gradle.api.internal.tasks.execution.TaskExecution.executeActions(Lorg/gradle/api/internal/TaskInternal;Lorg/gradle/internal/execution/history/changes/InputChangesInternal;)V+131
j  org.gradle.api.internal.tasks.execution.TaskExecution.executeWithPreviousOutputFiles(Lorg/gradle/internal/execution/history/changes/InputChangesInternal;)Lorg/gradle/internal/execution/UnitOfWork$WorkResult;+46
j  org.gradle.api.internal.tasks.execution.TaskExecution.execute(Lorg/gradle/internal/execution/UnitOfWork$ExecutionRequest;)Lorg/gradle/internal/execution/UnitOfWork$WorkOutput;+61
j  org.gradle.internal.execution.steps.ExecuteStep.executeInternal(Lorg/gradle/internal/execution/UnitOfWork;Lorg/gradle/internal/execution/steps/InputChangesContext;)Lorg/gradle/internal/execution/steps/Result;+16
j  org.gradle.internal.execution.steps.ExecuteStep.access$000(Lorg/gradle/internal/execution/UnitOfWork;Lorg/gradle/internal/execution/steps/InputChangesContext;)Lorg/gradle/internal/execution/steps/Result;+2
j  org.gradle.internal.execution.steps.ExecuteStep$1.call(Lorg/gradle/internal/operations/BuildOperationContext;)Lorg/gradle/internal/execution/steps/Result;+8
j  org.gradle.internal.execution.steps.ExecuteStep$1.call(Lorg/gradle/internal/operations/BuildOperationContext;)Ljava/lang/Object;+2
J 20500 c2 org.gradle.internal.operations.DefaultBuildOperationRunner$CallableBuildOperationWorker.execute(Lorg/gradle/internal/operations/BuildOperation;Lorg/gradle/internal/operations/BuildOperationContext;)V (10 bytes) @ 0x00000001299e3d10 [0x00000001299e3ca0+0x0000000000000070]
J 14259 c2 org.gradle.internal.operations.DefaultBuildOperationRunner$2.execute(Lorg/gradle/internal/operations/BuildOperationDescriptor;Lorg/gradle/internal/operations/BuildOperationState;Lorg/gradle/internal/operations/BuildOperationState;Lorg/gradle/internal/operations/DefaultBuildOperationRunner$ReadableBuildOperationContext;Lorg/gradle/internal/operations/DefaultBuildOperationRunner$BuildOperationExecutionListener;)Lorg/gradle/internal/operations/BuildOperation; (110 bytes) @ 0x0000000128e8ddd8 [0x0000000128e8c8e0+0x00000000000014f8]
J 21278 c2 org.gradle.internal.operations.DefaultBuildOperationRunner.execute(Lorg/gradle/internal/operations/BuildOperation;Lorg/gradle/internal/operations/BuildOperationWorker;Lorg/gradle/internal/operations/BuildOperationState;)V (23 bytes) @ 0x0000000129a55ff8 [0x0000000129a55740+0x00000000000008b8]
J 21275 c2 org.gradle.internal.operations.DefaultBuildOperationRunner.call(Lorg/gradle/internal/operations/CallableBuildOperation;)Ljava/lang/Object; (24 bytes) @ 0x0000000129a864a4 [0x0000000129a863c0+0x00000000000000e4]
J 10909 c1 org.gradle.internal.operations.DefaultBuildOperationExecutor.call(Lorg/gradle/internal/operations/CallableBuildOperation;)Ljava/lang/Object; (11 bytes) @ 0x0000000122379f4c [0x0000000122379e40+0x000000000000010c]
j  org.gradle.internal.execution.steps.ExecuteStep.execute(Lorg/gradle/internal/execution/UnitOfWork;Lorg/gradle/internal/execution/steps/ChangingOutputsContext;)Lorg/gradle/internal/execution/steps/Result;+28
j  org.gradle.internal.execution.steps.ExecuteStep.execute(Lorg/gradle/internal/execution/UnitOfWork;Lorg/gradle/internal/execution/steps/Context;)Lorg/gradle/internal/execution/steps/Result;+6
j  org.gradle.internal.execution.steps.CancelExecutionStep.execute(Lorg/gradle/internal/execution/UnitOfWork;Lorg/gradle/internal/execution/steps/Context;)Lorg/gradle/internal/execution/steps/Result;+35
j  org.gradle.internal.execution.steps.TimeoutStep.executeWithoutTimeout(Lorg/gradle/internal/execution/UnitOfWork;Lorg/gradle/internal/execution/steps/Context;)Lorg/gradle/internal/execution/steps/Result;+6
j  org.gradle.internal.execution.steps.TimeoutStep.execute(Lorg/gradle/internal/execution/UnitOfWork;Lorg/gradle/internal/execution/steps/Context;)Lorg/gradle/internal/execution/steps/Result;+92
j  org.gradle.internal.execution.steps.PreCreateOutputParentsStep.execute(Lorg/gradle/internal/execution/UnitOfWork;Lorg/gradle/internal/execution/steps/ChangingOutputsContext;)Lorg/gradle/internal/execution/steps/Result;+24
j  org.gradle.internal.execution.steps.PreCreateOutputParentsStep.execute(Lorg/gradle/internal/execution/UnitOfWork;Lorg/gradle/internal/execution/steps/Context;)Lorg/gradle/internal/execution/steps/Result;+6
j  org.gradle.internal.execution.steps.RemovePreviousOutputsStep.execute(Lorg/gradle/internal/execution/UnitOfWork;Lorg/gradle/internal/execution/steps/ChangingOutputsContext;)Lorg/gradle/internal/execution/steps/Result;+57
j  org.gradle.internal.execution.steps.RemovePreviousOutputsStep.execute(Lorg/gradle/internal/execution/UnitOfWork;Lorg/gradle/internal/execution/steps/Context;)Lorg/gradle/internal/execution/steps/Result;+6
j  org.gradle.internal.execution.steps.BroadcastChangingOutputsStep.execute(Lorg/gradle/internal/execution/UnitOfWork;Lorg/gradle/internal/execution/steps/InputChangesContext;)Lorg/gradle/internal/execution/steps/Result;+53
j  org.gradle.internal.execution.steps.BroadcastChangingOutputsStep.execute(Lorg/gradle/internal/execution/UnitOfWork;Lorg/gradle/internal/execution/steps/Context;)Lorg/gradle/internal/execution/steps/Result;+6
j  org.gradle.internal.execution.steps.CaptureOutputsAfterExecutionStep.execute(Lorg/gradle/internal/execution/UnitOfWork;Lorg/gradle/internal/execution/steps/WorkspaceContext;)Lorg/gradle/internal/execution/steps/AfterExecutionResult;+6
j  org.gradle.internal.execution.steps.CaptureOutputsAfterExecutionStep.execute(Lorg/gradle/internal/execution/UnitOfWork;Lorg/gradle/internal/execution/steps/Context;)Lorg/gradle/internal/execution/steps/Result;+6
j  org.gradle.internal.execution.steps.ResolveInputChangesStep.execute(Lorg/gradle/internal/execution/UnitOfWork;Lorg/gradle/internal/execution/steps/IncrementalChangesContext;)Lorg/gradle/internal/execution/steps/Result;+18
j  org.gradle.internal.execution.steps.ResolveInputChangesStep.execute(Lorg/gradle/internal/execution/UnitOfWork;Lorg/gradle/internal/execution/steps/Context;)Lorg/gradle/internal/execution/steps/Result;+6
j  org.gradle.internal.execution.steps.BuildCacheStep.executeWithoutCache(Lorg/gradle/internal/execution/UnitOfWork;Lorg/gradle/internal/execution/steps/IncrementalChangesContext;)Lorg/gradle/internal/execution/steps/AfterExecutionResult;+6
j  org.gradle.internal.execution.steps.BuildCacheStep.lambda$execute$1(Lorg/gradle/internal/execution/UnitOfWork;Lorg/gradle/internal/execution/steps/IncrementalChangesContext;Lorg/gradle/internal/execution/caching/CachingState$Disabled;)Lorg/gradle/internal/execution/steps/AfterExecutionResult;+3
j  org.gradle.internal.execution.steps.BuildCacheStep$$Lambda$1689+0x000000013a989b10.apply(Ljava/lang/Object;)Ljava/lang/Object;+16
j  org.gradle.internal.Either$Right.fold(Ljava/util/function/Function;Ljava/util/function/Function;)Ljava/lang/Object;+5
j  org.gradle.internal.execution.caching.CachingState.fold(Ljava/util/function/Function;Ljava/util/function/Function;)Ljava/lang/Object;+6
j  org.gradle.internal.execution.steps.BuildCacheStep.execute(Lorg/gradle/internal/execution/UnitOfWork;Lorg/gradle/internal/execution/steps/IncrementalChangesContext;)Lorg/gradle/internal/execution/steps/AfterExecutionResult;+20
j  org.gradle.internal.execution.steps.BuildCacheStep.execute(Lorg/gradle/internal/execution/UnitOfWork;Lorg/gradle/internal/execution/steps/Context;)Lorg/gradle/internal/execution/steps/Result;+6
j  org.gradle.internal.execution.steps.StoreExecutionStateStep.execute(Lorg/gradle/internal/execution/UnitOfWork;Lorg/gradle/internal/execution/steps/BeforeExecutionContext;)Lorg/gradle/internal/execution/steps/AfterExecutionResult;+6
j  org.gradle.internal.execution.steps.StoreExecutionStateStep.execute(Lorg/gradle/internal/execution/UnitOfWork;Lorg/gradle/internal/execution/steps/Context;)Lorg/gradle/internal/execution/steps/Result;+6
j  org.gradle.internal.execution.steps.SkipUpToDateStep.executeBecause(Lorg/gradle/internal/execution/UnitOfWork;Lcom/google/common/collect/ImmutableList;Lorg/gradle/internal/execution/steps/IncrementalChangesContext;)Lorg/gradle/internal/execution/steps/UpToDateResult;+11
j  org.gradle.internal.execution.steps.SkipUpToDateStep.lambda$execute$2(Lorg/gradle/internal/execution/UnitOfWork;Lcom/google/common/collect/ImmutableList;Lorg/gradle/internal/execution/steps/IncrementalChangesContext;)Lorg/gradle/internal/execution/steps/UpToDateResult;+4
j  org.gradle.internal.execution.steps.SkipUpToDateStep$$Lambda$1687+0x000000013a989690.get()Ljava/lang/Object;+16
J 10676 c2 java.util.Optional.orElseGet(Ljava/util/function/Supplier;)Ljava/lang/Object; java.base@17.0.17 (21 bytes) @ 0x0000000129218870 [0x0000000129218820+0x0000000000000050]
j  org.gradle.internal.execution.steps.SkipUpToDateStep.execute(Lorg/gradle/internal/execution/UnitOfWork;Lorg/gradle/internal/execution/steps/IncrementalChangesContext;)Lorg/gradle/internal/execution/steps/UpToDateResult;+65
j  org.gradle.internal.execution.steps.SkipUpToDateStep.execute(Lorg/gradle/internal/execution/UnitOfWork;Lorg/gradle/internal/execution/steps/Context;)Lorg/gradle/internal/execution/steps/Result;+6
j  org.gradle.internal.execution.steps.ResolveChangesStep.execute(Lorg/gradle/internal/execution/UnitOfWork;Lorg/gradle/internal/execution/steps/CachingContext;)Lorg/gradle/internal/execution/steps/Result;+43
j  org.gradle.internal.execution.steps.ResolveChangesStep.execute(Lorg/gradle/internal/execution/UnitOfWork;Lorg/gradle/internal/execution/steps/Context;)Lorg/gradle/internal/execution/steps/Result;+6
j  org.gradle.internal.execution.steps.legacy.MarkSnapshottingInputsFinishedStep.execute(Lorg/gradle/internal/execution/UnitOfWork;Lorg/gradle/internal/execution/steps/CachingContext;)Lorg/gradle/internal/execution/steps/Result;+16
j  org.gradle.internal.execution.steps.legacy.MarkSnapshottingInputsFinishedStep.execute(Lorg/gradle/internal/execution/UnitOfWork;Lorg/gradle/internal/execution/steps/Context;)Lorg/gradle/internal/execution/steps/Result;+6
j  org.gradle.internal.execution.steps.ResolveCachingStateStep.execute(Lorg/gradle/internal/execution/UnitOfWork;Lorg/gradle/internal/execution/steps/ValidationFinishedContext;)Lorg/gradle/internal/execution/steps/CachingResult;+103
j  org.gradle.internal.execution.steps.ResolveCachingStateStep.execute(Lorg/gradle/internal/execution/UnitOfWork;Lorg/gradle/internal/execution/steps/Context;)Lorg/gradle/internal/execution/steps/Result;+6
j  org.gradle.internal.execution.steps.ValidateStep.execute(Lorg/gradle/internal/execution/UnitOfWork;Lorg/gradle/internal/execution/steps/BeforeExecutionContext;)Lorg/gradle/internal/execution/steps/Result;+249
j  org.gradle.internal.execution.steps.ValidateStep.execute(Lorg/gradle/internal/execution/UnitOfWork;Lorg/gradle/internal/execution/steps/Context;)Lorg/gradle/internal/execution/steps/Result;+6
j  org.gradle.internal.execution.steps.AbstractCaptureStateBeforeExecutionStep.execute(Lorg/gradle/internal/execution/UnitOfWork;Lorg/gradle/internal/execution/steps/PreviousExecutionContext;)Lorg/gradle/internal/execution/steps/CachingResult;+32
j  org.gradle.internal.execution.steps.AbstractCaptureStateBeforeExecutionStep.execute(Lorg/gradle/internal/execution/UnitOfWork;Lorg/gradle/internal/execution/steps/Context;)Lorg/gradle/internal/execution/steps/Result;+6
j  org.gradle.internal.execution.steps.AbstractSkipEmptyWorkStep.executeWithNonEmptySources(Lorg/gradle/internal/execution/UnitOfWork;Lorg/gradle/internal/execution/steps/WorkspaceContext;)Lorg/gradle/internal/execution/steps/CachingResult;+12
j  org.gradle.internal.execution.steps.AbstractSkipEmptyWorkStep.execute(Lorg/gradle/internal/execution/UnitOfWork;Lorg/gradle/internal/execution/steps/WorkspaceContext;)Lorg/gradle/internal/execution/steps/CachingResult;+83
j  org.gradle.internal.execution.steps.AbstractSkipEmptyWorkStep.execute(Lorg/gradle/internal/execution/UnitOfWork;Lorg/gradle/internal/execution/steps/Context;)Lorg/gradle/internal/execution/steps/Result;+6
j  org.gradle.internal.execution.steps.legacy.MarkSnapshottingInputsStartedStep.execute(Lorg/gradle/internal/execution/UnitOfWork;Lorg/gradle/internal/execution/steps/Context;)Lorg/gradle/internal/execution/steps/Result;+12
j  org.gradle.internal.execution.steps.LoadPreviousExecutionStateStep.execute(Lorg/gradle/internal/execution/UnitOfWork;Lorg/gradle/internal/execution/steps/WorkspaceContext;)Lorg/gradle/internal/execution/steps/AfterExecutionResult;+42
j  org.gradle.internal.execution.steps.LoadPreviousExecutionStateStep.execute(Lorg/gradle/internal/execution/UnitOfWork;Lorg/gradle/internal/execution/steps/Context;)Lorg/gradle/internal/execution/steps/Result;+6
j  org.gradle.internal.execution.steps.HandleStaleOutputsStep.execute(Lorg/gradle/internal/execution/UnitOfWork;Lorg/gradle/internal/execution/steps/WorkspaceContext;)Lorg/gradle/internal/execution/steps/AfterExecutionResult;+21
j  org.gradle.internal.execution.steps.HandleStaleOutputsStep.execute(Lorg/gradle/internal/execution/UnitOfWork;Lorg/gradle/internal/execution/steps/Context;)Lorg/gradle/internal/execution/steps/Result;+6
j  org.gradle.internal.execution.steps.AssignMutableWorkspaceStep.lambda$execute$0(Lorg/gradle/internal/execution/steps/IdentityContext;Lorg/gradle/internal/execution/UnitOfWork;Ljava/io/File;Lorg/gradle/internal/execution/history/ExecutionHistoryStore;)Lorg/gradle/internal/execution/steps/WorkspaceResult;+30
j  org.gradle.internal.execution.steps.AssignMutableWorkspaceStep$$Lambda$1603+0x000000013a96c830.executeInWorkspace(Ljava/io/File;Lorg/gradle/internal/execution/history/ExecutionHistoryStore;)Ljava/lang/Object;+14
j  org.gradle.api.internal.tasks.execution.TaskExecution$4.withWorkspace(Ljava/lang/String;Lorg/gradle/internal/execution/workspace/MutableWorkspaceProvider$WorkspaceAction;)Ljava/lang/Object;+33
j  org.gradle.internal.execution.steps.AssignMutableWorkspaceStep.execute(Lorg/gradle/internal/execution/UnitOfWork;Lorg/gradle/internal/execution/steps/IdentityContext;)Lorg/gradle/internal/execution/steps/WorkspaceResult;+26
j  org.gradle.internal.execution.steps.AssignMutableWorkspaceStep.execute(Lorg/gradle/internal/execution/UnitOfWork;Lorg/gradle/internal/execution/steps/Context;)Lorg/gradle/internal/execution/steps/Result;+6
J 20027 c1 org.gradle.internal.execution.steps.ChoosePipelineStep.execute(Lorg/gradle/internal/execution/UnitOfWork;Lorg/gradle/internal/execution/steps/IdentityContext;)Lorg/gradle/internal/execution/steps/Result; (71 bytes) @ 0x00000001226e0bbc [0x00000001226e03a0+0x000000000000081c]
J 20026 c1 org.gradle.internal.execution.steps.ChoosePipelineStep.execute(Lorg/gradle/internal/execution/UnitOfWork;Lorg/gradle/internal/execution/steps/Context;)Lorg/gradle/internal/execution/steps/Result; (10 bytes) @ 0x0000000121e89cb4 [0x0000000121e89b40+0x0000000000000174]
j  org.gradle.internal.execution.steps.ExecuteWorkBuildOperationFiringStep.lambda$execute$2(Lorg/gradle/internal/execution/UnitOfWork;Lorg/gradle/internal/execution/steps/IdentityContext;)Lorg/gradle/internal/execution/steps/CachingResult;+6
j  org.gradle.internal.execution.steps.ExecuteWorkBuildOperationFiringStep$$Lambda$1017+0x000000013a6dc8c0.get()Ljava/lang/Object;+12
J 20024 c1 org.gradle.internal.execution.steps.ExecuteWorkBuildOperationFiringStep.execute(Lorg/gradle/internal/execution/UnitOfWork;Lorg/gradle/internal/execution/steps/Context;)Lorg/gradle/internal/execution/steps/Result; (10 bytes) @ 0x0000000121f3f804 [0x0000000121f3e7c0+0x0000000000001044]
J 16564 c1 org.gradle.internal.execution.steps.IdentityCacheStep.execute(Lorg/gradle/internal/execution/UnitOfWork;Lorg/gradle/internal/execution/steps/IdentityContext;)Lorg/gradle/internal/execution/steps/WorkspaceResult; (15 bytes) @ 0x0000000122e7564c [0x0000000122e75540+0x000000000000010c]
j  org.gradle.internal.execution.steps.IdentityCacheStep.execute(Lorg/gradle/internal/execution/UnitOfWork;Lorg/gradle/internal/execution/steps/Context;)Lorg/gradle/internal/execution/steps/Result;+6
j  org.gradle.internal.execution.steps.IdentifyStep.execute(Lorg/gradle/internal/execution/UnitOfWork;Lorg/gradle/internal/execution/steps/ExecutionRequestContext;)Lorg/gradle/internal/execution/steps/Result;+11
j  org.gradle.internal.execution.steps.IdentifyStep.execute(Lorg/gradle/internal/execution/UnitOfWork;Lorg/gradle/internal/execution/steps/Context;)Lorg/gradle/internal/execution/steps/Result;+6
j  org.gradle.internal.execution.impl.DefaultExecutionEngine$1.execute()Lorg/gradle/internal/execution/ExecutionEngine$Result;+15
j  org.gradle.api.internal.tasks.execution.ExecuteActionsTaskExecuter.executeIfValid(Lorg/gradle/api/internal/TaskInternal;Lorg/gradle/api/internal/tasks/TaskStateInternal;Lorg/gradle/api/internal/tasks/TaskExecutionContext;Lorg/gradle/api/internal/tasks/execution/TaskExecution;)Lorg/gradle/api/internal/tasks/TaskExecuterResult;+54
j  org.gradle.api.internal.tasks.execution.ExecuteActionsTaskExecuter.execute(Lorg/gradle/api/internal/TaskInternal;Lorg/gradle/api/internal/tasks/TaskStateInternal;Lorg/gradle/api/internal/tasks/TaskExecutionContext;)Lorg/gradle/api/internal/tasks/TaskExecuterResult;+94
J 22295 c1 org.gradle.api.internal.tasks.execution.FinalizePropertiesTaskExecuter.execute(Lorg/gradle/api/internal/TaskInternal;Lorg/gradle/api/internal/tasks/TaskStateInternal;Lorg/gradle/api/internal/tasks/TaskExecutionContext;)Lorg/gradle/api/internal/tasks/TaskExecuterResult; (168 bytes) @ 0x0000000121e228e4 [0x0000000121e22280+0x0000000000000664]
j  org.gradle.api.internal.tasks.execution.ResolveTaskExecutionModeExecuter.execute(Lorg/gradle/api/internal/TaskInternal;Lorg/gradle/api/internal/tasks/TaskStateInternal;Lorg/gradle/api/internal/tasks/TaskExecutionContext;)Lorg/gradle/api/internal/tasks/TaskExecuterResult;+56
j  org.gradle.api.internal.tasks.execution.SkipTaskWithNoActionsExecuter.execute(Lorg/gradle/api/internal/TaskInternal;Lorg/gradle/api/internal/tasks/TaskStateInternal;Lorg/gradle/api/internal/tasks/TaskExecutionContext;)Lorg/gradle/api/internal/tasks/TaskExecuterResult;+120
j  org.gradle.api.internal.tasks.execution.SkipOnlyIfTaskExecuter.execute(Lorg/gradle/api/internal/TaskInternal;Lorg/gradle/api/internal/tasks/TaskStateInternal;Lorg/gradle/api/internal/tasks/TaskExecutionContext;)Lorg/gradle/api/internal/tasks/TaskExecuterResult;+199
j  org.gradle.api.internal.tasks.execution.CatchExceptionTaskExecuter.execute(Lorg/gradle/api/internal/TaskInternal;Lorg/gradle/api/internal/tasks/TaskStateInternal;Lorg/gradle/api/internal/tasks/TaskExecutionContext;)Lorg/gradle/api/internal/tasks/TaskExecuterResult;+7
j  org.gradle.api.internal.tasks.execution.EventFiringTaskExecuter$1.executeTask(Lorg/gradle/internal/operations/BuildOperationContext;)Lorg/gradle/api/internal/tasks/TaskExecuterResult;+136
j  org.gradle.api.internal.tasks.execution.EventFiringTaskExecuter$1.call(Lorg/gradle/internal/operations/BuildOperationContext;)Lorg/gradle/api/internal/tasks/TaskExecuterResult;+2
j  org.gradle.api.internal.tasks.execution.EventFiringTaskExecuter$1.call(Lorg/gradle/internal/operations/BuildOperationContext;)Ljava/lang/Object;+2
J 20500 c2 org.gradle.internal.operations.DefaultBuildOperationRunner$CallableBuildOperationWorker.execute(Lorg/gradle/internal/operations/BuildOperation;Lorg/gradle/internal/operations/BuildOperationContext;)V (10 bytes) @ 0x00000001299e3d10 [0x00000001299e3ca0+0x0000000000000070]
J 14259 c2 org.gradle.internal.operations.DefaultBuildOperationRunner$2.execute(Lorg/gradle/internal/operations/BuildOperationDescriptor;Lorg/gradle/internal/operations/BuildOperationState;Lorg/gradle/internal/operations/BuildOperationState;Lorg/gradle/internal/operations/DefaultBuildOperationRunner$ReadableBuildOperationContext;Lorg/gradle/internal/operations/DefaultBuildOperationRunner$BuildOperationExecutionListener;)Lorg/gradle/internal/operations/BuildOperation; (110 bytes) @ 0x0000000128e8ddd8 [0x0000000128e8c8e0+0x00000000000014f8]
J 21278 c2 org.gradle.internal.operations.DefaultBuildOperationRunner.execute(Lorg/gradle/internal/operations/BuildOperation;Lorg/gradle/internal/operations/BuildOperationWorker;Lorg/gradle/internal/operations/BuildOperationState;)V (23 bytes) @ 0x0000000129a55ff8 [0x0000000129a55740+0x00000000000008b8]
J 21275 c2 org.gradle.internal.operations.DefaultBuildOperationRunner.call(Lorg/gradle/internal/operations/CallableBuildOperation;)Ljava/lang/Object; (24 bytes) @ 0x0000000129a864a4 [0x0000000129a863c0+0x00000000000000e4]
J 10909 c1 org.gradle.internal.operations.DefaultBuildOperationExecutor.call(Lorg/gradle/internal/operations/CallableBuildOperation;)Ljava/lang/Object; (11 bytes) @ 0x0000000122379f4c [0x0000000122379e40+0x000000000000010c]
j  org.gradle.api.internal.tasks.execution.EventFiringTaskExecuter.execute(Lorg/gradle/api/internal/TaskInternal;Lorg/gradle/api/internal/tasks/TaskStateInternal;Lorg/gradle/api/internal/tasks/TaskExecutionContext;)Lorg/gradle/api/internal/tasks/TaskExecuterResult;+15
J 22212 c1 org.gradle.execution.plan.LocalTaskNodeExecutor.execute(Lorg/gradle/execution/plan/Node;Lorg/gradle/api/internal/tasks/NodeExecutionContext;)Z (97 bytes) @ 0x00000001237d3f64 [0x00000001237d3140+0x0000000000000e24]
J 22210 c1 org.gradle.execution.taskgraph.DefaultTaskExecutionGraph$InvokeNodeExecutorsAction.execute(Lorg/gradle/execution/plan/Node;)V (85 bytes) @ 0x00000001237ce2a4 [0x00000001237cdb40+0x0000000000000764]
J 22209 c1 org.gradle.execution.taskgraph.DefaultTaskExecutionGraph$InvokeNodeExecutorsAction.execute(Ljava/lang/Object;)V (9 bytes) @ 0x00000001237d0234 [0x00000001237d00c0+0x0000000000000174]
J 22207 c1 org.gradle.execution.taskgraph.DefaultTaskExecutionGraph$BuildOperationAwareExecutionAction$$Lambda$1568+0x000000013a9567f0.run()V (12 bytes) @ 0x00000001237cfd1c [0x00000001237cfbc0+0x000000000000015c]
J 20796 c1 org.gradle.internal.operations.CurrentBuildOperationRef.with(Lorg/gradle/internal/operations/BuildOperationRef;Ljava/lang/Runnable;)V (35 bytes) @ 0x0000000123465a1c [0x00000001234654a0+0x000000000000057c]
J 22204 c1 org.gradle.execution.taskgraph.DefaultTaskExecutionGraph$BuildOperationAwareExecutionAction.execute(Ljava/lang/Object;)V (9 bytes) @ 0x00000001237d0c74 [0x00000001237d0640+0x0000000000000634]
J 22202 c1 org.gradle.execution.plan.DefaultPlanExecutor$ExecutorWorker.execute(Ljava/lang/Object;Lorg/gradle/execution/plan/WorkSource;Lorg/gradle/api/Action;)V (88 bytes) @ 0x00000001237cca64 [0x00000001237cc8c0+0x00000000000001a4]
j  org.gradle.execution.plan.DefaultPlanExecutor$ExecutorWorker.run()V+75
J 6189 c1 org.gradle.internal.concurrent.ExecutorPolicy$CatchAndRecordFailures.onExecute(Ljava/lang/Runnable;)V (29 bytes) @ 0x0000000121c04ddc [0x0000000121c04cc0+0x000000000000011c]
j  org.gradle.internal.concurrent.AbstractManagedExecutor$1.run()V+25
j  java.util.concurrent.ThreadPoolExecutor.runWorker(Ljava/util/concurrent/ThreadPoolExecutor$Worker;)V+92 java.base@17.0.17
j  java.util.concurrent.ThreadPoolExecutor$Worker.run()V+5 java.base@17.0.17
j  java.lang.Thread.run()V+11 java.base@17.0.17
v  ~StubRoutines::call_stub

siginfo: si_signo: 11 (SIGSEGV), si_code: 1 (SEGV_MAPERR), si_addr: 0x0000000000000088

Registers:
RAX=0x0000000000000000, RBX=0x0000000000000000, RCX=0x0000000000000000, RDX=0x00007fcd2e5040a0
RSP=0x0000700012651930, RBP=0x0000700012651980, RSI=0x000000000000f080, RDI=0x000000013b252c60
R8 =0x000000012861bb10, R9 =0x000000010b94b000, R10=0x0000000139000000, R11=0x00000000e47b9e48
R12=0x000000013b252c60, R13=0x00007fcd2e5040a0, R14=0x00007fcd2e504090, R15=0x000000013b252c40
RIP=0x0000000115a6c38b, EFLAGS=0x0000000000010202, ERR=0x0000000000000004
  TRAPNO=0x000000000000000e


Register to memory mapping:

RAX=0x0 is NULL
RBX=0x0 is NULL
RCX=0x0 is NULL
RDX=0x00007fcd2e5040a0 points into unknown readable memory: 0x2e6e75732e6d6f63 | 63 6f 6d 2e 73 75 6e 2e
RSP=0x0000700012651930 is pointing into the stack for thread: 0x00007fcd2c5e7c00
RBP=0x0000700012651980 is pointing into the stack for thread: 0x00007fcd2c5e7c00
RSI=0x000000000000f080 is an unknown value
RDI=0x000000013b252c60 is pointing into metadata
R8 =0x000000012861bb10 is at code_begin+-112 in 
[CodeBlob (0x000000012861bb10)]
Framesize: 0
BufferBlob (0x000000012861bb10) used for Interpreter
R9 =0x000000010b94b000 points into unknown readable memory: 0x0100050403020100 | 00 01 02 03 04 05 00 01
R10=0x0000000139000000 is pointing into metadata
R11=0x00000000e47b9e48 is an unknown value
R12=0x000000013b252c60 is pointing into metadata
R13=0x00007fcd2e5040a0 points into unknown readable memory: 0x2e6e75732e6d6f63 | 63 6f 6d 2e 73 75 6e 2e
R14=0x00007fcd2e504090 points into unknown readable memory: 0x00007fcd2e500000 | 00 00 50 2e cd 7f 00 00
R15=0x000000013b252c40 is a pointer to class: 
com.sun.tools.javac.file.RelativePath$RelativeDirectory {0x000000013b252c40}
 - instance size:     2
 - klass size:        78
 - access:            public synchronized 
 - state:             fully_initialized
 - name:              'com/sun/tools/javac/file/RelativePath$RelativeDirectory'
 - super:             'com/sun/tools/javac/file/RelativePath'
 - sub:               
 - arrays:            NULL
 - methods:           Array<T>(0x000000015e0f3e08)
 - method ordering:   Array<T>(0x00000001399416d8)
 - local interfaces:  Array<T>(0x0000000139601f60)
 - trans. interfaces: Array<T>(0x000000015db20a58)
 - constants:         constant pool [95] {0x000000015e0f3a88} for 'com/sun/tools/javac/file/RelativePath$RelativeDirectory' cache=0x000000015e13a528
 - class loader data:  loader data: 0x00007fcdaaf11c90 for instance a 'jdk/internal/loader/ClassLoaders$AppClassLoader'{0x0000000700668cc0}
 - source file:       'RelativePath.java'
 - class annotations:       Array<T>(0x0000000000000000)
 - class type annotations:  Array<T>(0x0000000000000000)
 - field annotations:       Array<T>(0x0000000000000000)
 - field type annotations:  Array<T>(0x0000000000000000)
 - inner classes:     Array<T>(0x000000015e0f4538)
 - nest members:     Array<T>(0x0000000139601ef0)
 - permitted subclasses:     Array<T>(0x0000000139601ef0)
 - java mirror:       a 'java/lang/Class'{0x000000072e3507c8} = 'com/sun/tools/javac/file/RelativePath$RelativeDirectory'
 - vtable length      13  (start addr: 0x000000013b252e18)
 - itable length      5 (start addr: 0x000000013b252e80)
 - ---- static fields (0 words):
 - ---- non-static fields (1 words):
 - protected final 'path' 'Ljava/lang/String;' @12 
 - non-static oop maps: 12-12 


Top of Stack: (sp=0x0000700012651930)
0x0000700012651930:   0000000000000037 00007fcd2e504090
0x0000700012651940:   00007fcd2e5040a0 0000700012652c98
0x0000700012651950:   000000013b252c60 0000000115e6d450
0x0000700012651960:   000000015db00000 00007fcd2c5e7c00
0x0000700012651970:   000000015db05955 00007fcd2c5e7c00
0x0000700012651980:   0000700012652cf0 0000000115a6c2f4
0x0000700012651990:   0000000000000000 0000000000000000
0x00007000126519a0:   0000000000000000 0000000700000002
0x00007000126519b0:   0000000000000000 0000000000000000
0x00007000126519c0:   0000700012652d58 000000012861f324
0x00007000126519d0:   000000012861bb10 0000000700000000
0x00007000126519e0:   0000700012652da0 0000700012652d58
0x00007000126519f0:   00007fcd2c5e7c00 0000000000000001
0x0000700012651a00:   00007000558cdc38 0000000115a6ac7b
0x0000700012651a10:   00000001393e1bb8 00007fcd2c5e7c00
0x0000700012651a20:   00000001391e3ff8 00007fcd2c5e7c00
0x0000700012651a30:   0000700012651a60 00007fcd2c5e7c00
0x0000700012651a40:   0000700012651a60 00007fcd2c5e7c00
0x0000700012651a50:   00007fcd2c5e7c00 0000000115a60100
0x0000700012651a60:   0000700012651b10 00000001286637fb
0x0000700012651a70:   0000000128663710 00007fcd00000000
0x0000700012651a80:   0000000000000000 0000700012651b10
0x0000700012651a90:   00000001391e6428 00007fcd2c5e7c00
0x0000700012651aa0:   00007fcd558bc4a0 00000001216a0100
0x0000700012651ab0:   00007000558bc468 00000001216a2634
0x0000700012651ac0:   00000001216a2390 0000700000000000
0x0000700012651ad0:   0000700012652a48 0000700012652790
0x0000700012651ae0:   00000001391e6428 00007fcd2c5e7c00
0x0000700012651af0:   00007fcd2e504090 00007fcd2e504468
0x0000700012651b00:   000000005e139f38 00000001295f4b2d
0x0000700012651b10:   00007fcd2c5e7c00 00000001391e6428
0x0000700012651b20:   00007fcd5e04cdf8 fffffffe00000000 

Instructions: (pc=0x0000000115a6c38b)
0x0000000115a6c28b:   24 c8 48 8d 1d bc 11 40 00 41 0f b7 46 01 89 c1
0x0000000115a6c29b:   66 c1 c1 08 80 bb 80 01 00 00 00 0f 48 c8 0f b7
0x0000000115a6c2ab:   f1 48 8d 7d a8 e8 0b 43 a0 ff 48 85 c0 74 0b 48
0x0000000115a6c2bb:   8b 7d a0 48 89 c6 31 d2 eb 2a 41 0f b7 46 01 89
0x0000000115a6c2cb:   c1 66 c1 c1 08 80 bb 80 01 00 00 00 48 8b 7d a8
0x0000000115a6c2db:   0f 48 c8 0f b7 f1 e8 fa 48 a0 ff 48 8b 7d a0 31
0x0000000115a6c2eb:   f6 48 89 c2 e8 2c 00 00 00 48 89 c3 48 8d 7d a8
0x0000000115a6c2fb:   e8 20 f3 b6 ff 48 89 d8 48 81 c4 38 13 00 00 5b
0x0000000115a6c30b:   41 5c 41 5d 41 5e 41 5f 5d c3 66 2e 0f 1f 84 00
0x0000000115a6c31b:   00 00 00 00 90 55 48 89 e5 41 57 41 56 41 55 41
0x0000000115a6c32b:   54 53 48 83 ec 28 48 89 d3 49 89 f7 49 89 fc e8
0x0000000115a6c33b:   c1 44 db ff 49 89 c6 4d 85 ff 74 0a 4c 89 ff e8
0x0000000115a6c34b:   b1 44 db ff eb 08 48 89 df e8 a7 b4 0f 00 49 89
0x0000000115a6c35b:   c5 4c 89 f7 e8 ee c8 23 00 48 89 c3 4c 89 ef e8
0x0000000115a6c36b:   e3 c8 23 00 4d 85 ff 4c 89 75 b8 4c 89 65 d0 4c
0x0000000115a6c37b:   89 6d c0 48 89 45 b0 74 48 49 8b 04 24 4c 89 e7
0x0000000115a6c38b:   ff 90 88 00 00 00 49 89 c6 49 8b 07 4c 89 ff ff
0x0000000115a6c39b:   90 88 00 00 00 4c 89 e7 49 39 c6 74 32 31 f6 31
0x0000000115a6c3ab:   d2 e8 6f 69 db ff 49 89 c6 4c 89 ff 31 f6 31 d2
0x0000000115a6c3bb:   e8 60 69 db ff 49 89 c7 4c 8d 2d 61 fc 24 00 eb
0x0000000115a6c3cb:   25 4c 89 e7 31 f6 31 d2 e8 48 69 db ff eb 0a 4c
0x0000000115a6c3db:   89 fe 31 d2 e8 ac 68 db ff 49 89 c6 4c 8d 3d 4a
0x0000000115a6c3eb:   33 27 00 4d 89 fd 4c 89 75 c8 4c 89 f7 e8 55 c8
0x0000000115a6c3fb:   23 00 49 89 c6 4c 89 ff e8 4a c8 23 00 49 89 c4
0x0000000115a6c40b:   4c 89 ef e8 3f c8 23 00 48 03 5d b0 4c 01 f3 4c
0x0000000115a6c41b:   01 e3 4c 8d 74 18 23 4c 89 f7 be 01 00 00 00 e8
0x0000000115a6c42b:   a1 7e fe ff 48 85 c0 74 3d 48 89 c3 48 8d 15 94
0x0000000115a6c43b:   49 2a 00 48 89 c7 4c 89 f6 48 8b 4d b8 4c 8b 45
0x0000000115a6c44b:   c0 4c 8b 4d c8 31 c0 41 57 41 55 e8 a5 a5 c6 ff
0x0000000115a6c45b:   48 83 c4 10 48 89 d8 48 83 c4 28 5b 41 5c 41 5d
0x0000000115a6c46b:   41 5e 41 5f 5d c3 48 8b 7d d0 48 83 c4 28 5b 41
0x0000000115a6c47b:   5c 41 5d 41 5e 41 5f 5d e9 78 43 db ff 0f 1f 84 


Stack slot to memory mapping:
stack at sp + 0 slots: 0x0000000000000037 is an unknown value
stack at sp + 1 slots: 0x00007fcd2e504090 points into unknown readable memory: 0x00007fcd2e500000 | 00 00 50 2e cd 7f 00 00
stack at sp + 2 slots: 0x00007fcd2e5040a0 points into unknown readable memory: 0x2e6e75732e6d6f63 | 63 6f 6d 2e 73 75 6e 2e
stack at sp + 3 slots: 0x0000700012652c98 is pointing into the stack for thread: 0x00007fcd2c5e7c00
stack at sp + 4 slots: 0x000000013b252c60 is pointing into metadata
stack at sp + 5 slots: 0x0000000115e6d450: _ZN9Bytecodes6_flagsE+0 in /Library/Java/JavaVirtualMachines/zulu-17.jdk/Contents/Home/lib/server/libjvm.dylib at 0x000000011511e000
stack at sp + 6 slots: 0x000000015db00000 is pointing into metadata
stack at sp + 7 slots: 0x00007fcd2c5e7c00 is a thread


Compiled method (c2) 43313 5787       4       java.util.HashMap::computeIfAbsent (330 bytes)
 total in heap  [0x0000000128f1d510,0x0000000128f1ec60] = 5968
 relocation     [0x0000000128f1d670,0x0000000128f1d708] = 152
 main code      [0x0000000128f1d720,0x0000000128f1e500] = 3552
 stub code      [0x0000000128f1e500,0x0000000128f1e538] = 56
 metadata       [0x0000000128f1e538,0x0000000128f1e5a8] = 112
 scopes data    [0x0000000128f1e5a8,0x0000000128f1e9e8] = 1088
 scopes pcs     [0x0000000128f1e9e8,0x0000000128f1eb98] = 432
 dependencies   [0x0000000128f1eb98,0x0000000128f1eba0] = 8
 handler table  [0x0000000128f1eba0,0x0000000128f1ec48] = 168
 nul chk table  [0x0000000128f1ec48,0x0000000128f1ec60] = 24

[Constant Pool (empty)]

[MachCode]
[Entry Point]
  # {method} {0x00000001390b9220} 'computeIfAbsent' '(Ljava/lang/Object;Ljava/util/function/Function;)Ljava/lang/Object;' in 'java/util/HashMap'
  # this:     rsi:rsi   = 'java/util/HashMap'
  # parm0:    rdx:rdx   = 'java/lang/Object'
  # parm1:    rcx:rcx   = 'java/util/function/Function'
  #           [sp+0x90]  (sp of caller)
  0x0000000128f1d720: 448b 5608 | 49bb 0000 | 0039 0100 | 0000 4d03 | d349 3bc2 

  0x0000000128f1d734: ;   {runtime_call ic_miss_stub}
  0x0000000128f1d734: 0f85 4666 | 74ff 6690 | 0f1f 4000 
[Verified Entry Point]
  0x0000000128f1d740: 8984 2400 | c0fe ff55 | 4881 ec80 | 0000 0048 | 8bee 4889 | 4c24 1848 | 85c9 660f | 1f44 0000 
  0x0000000128f1d760: 0f84 de0a | 0000 4889 | 5424 3048 | 85d2 0f84 | 9106 0000 | 448b 5a08 

  0x0000000128f1d778: ;   {metadata({method} {0x00000001390014c0} 'hashCode' '()I' in 'java/lang/Object')}
  0x0000000128f1d778: 49ba c014 | 0039 0100 | 0000 49b8 | 0000 0039 | 0100 0000 | 4d03 c34d | 8b98 f001 | 0000 4d3b 
  0x0000000128f1d798: da0f 856e | 0600 004c | 8b12 4d8b | da49 83e3 | 0749 83fb | 010f 855a | 0600 0049 | c1ea 0841 
  0x0000000128f1d7b8: 8bc2 81e0 | ffff ff7f | 85c0 0f84 | 4506 0000 | 448b d041 | c1ea 1044 | 33d0 488b | cd44 8b41 
  0x0000000128f1d7d8: 1444 8b59 | 1c66 6690 | 453b c30f | 8fe0 0400 | 0044 8b49 | 2445 85c9 | 0f84 d304 | 0000 478b 
  0x0000000128f1d7f8: 5ccc 0c0f | 1f44 0000 | 4585 db0f | 864f 0a00 | 004b 8d3c | cc41 8bdb | ffcb 4123 | da45 85db 
  0x0000000128f1d818: 0f84 ba09 | 0000 488d | 549f 1044 | 8b41 0844 | 8904 248b | 0285 c00f | 85ac 0200 | 0045 33c0 
  0x0000000128f1d838: 4533 db44 | 8944 2444 | 4489 5424 | 2448 897c | 2438 895c | 2420 4889 | 5424 684c | 895c 2448 
  0x0000000128f1d858: 448b 5118 | 4489 5424 | 4048 894c | 2428 488b | 7424 1848 | 8b54 2430 | 9048 b8d0 | bed4 2dcd 
  0x0000000128f1d878: ;   {virtual_call}
  0x0000000128f1d878: 7f00 00e8 

  0x0000000128f1d87c: ; ImmutableOopMap {[40]=Oop [48]=Oop [56]=Oop [72]=Oop [104]=Derived_oop_[56] }
                      ;*invokeinterface apply {reexecute=0 rethrow=0 return_oop=1}
                      ; - java.util.HashMap::computeIfAbsent@202 (line 1220)
  0x0000000128f1d87c: 104c 7fff | 4889 4424 | 504c 8b54 | 2428 418b | 6a18 448b | 5c24 4044 | 3bdd 0f85 | 090a 0000 
  0x0000000128f1d89c: 0f1f 4000 | 4885 c00f | 843f 0a00 | 0048 8b7c | 2448 4c8b | cf49 c1e9 | 0348 8bd8 | 48c1 eb03 
  0x0000000128f1d8bc: 4c8b 4424 | 3049 8bc8 | 48c1 e903 | 448b 1424 

  0x0000000128f1d8cc: ;   {metadata('java/util/LinkedHashMap')}
  0x0000000128f1d8cc: 4181 fa30 | 820b 000f | 85c0 0200 | 0048 8b6c | 2428 4d8b | 9f08 0100 | 004d 8bd3 | 4983 c228 
  0x0000000128f1d8ec: 4d3b 9718 | 0100 000f | 83bb 0700 | 004d 8997 | 0801 0000 | 410f 0d8a | c000 0000 | 49c7 0301 
  0x0000000128f1d90c: ;   {metadata('java/util/LinkedHashMap$Entry')}
  0x0000000128f1d90c: 0000 0041 | c743 0890 | 0c14 0045 | 8963 0c4d | 8963 184d | 8963 2041 | 894b 1041 | 895b 1445 
  0x0000000128f1d92c: 894b 1844 | 8b74 2424 | 4589 730c | 0f1f 8400 | 0000 0000 | 4180 7f38 | 000f 8564 | 0500 0044 
  0x0000000128f1d94c: 8b6d 3449 | 8bdb 48c1 | eb03 895d | 344c 8bd5 | 4d8b c34d | 33c2 49c1 | e815 4d85 | c074 1e49 
  0x0000000128f1d96c: c1ea 0948 | bf00 0000 | 1101 0000 | 0049 03fa | 0f1f 4000 | 803f 040f | 855d 0500 | 0045 85ed 
  0x0000000128f1d98c: 0f84 9202 | 0000 4180 | 7f38 000f | 859e 0500 | 0045 896b | 1c4b 8d2c | ec4d 8bd3 | 4c8b c54d 
  0x0000000128f1d9ac: 33c2 49c1 | e815 4d85 | c074 1a49 | c1ea 0948 | bf00 0000 | 1101 0000 | 0049 03fa | 803f 040f 
  0x0000000128f1d9cc: 85df 0500 | 0041 807f | 3800 0f85 | 9705 0000 | 4389 5cec | 204d 8bd3 | 4c8b c54d | 33d0 49c1 
  0x0000000128f1d9ec: ea15 4d85 | d274 1a49 | c1e8 0948 | bf00 0000 | 1101 0000 | 0049 03f8 | 803f 040f | 8500 0600 
  0x0000000128f1da0c: 0048 8b5c | 2438 448b | 4308 6666 | 0f1f 8400 | 0000 0000 

  0x0000000128f1da20: ;   {metadata('java/util/HashMap$Node'[])}
  0x0000000128f1da20: 4181 f8d8 | 1314 000f | 85d3 0700 | 0041 807f | 3800 0f85 | ed03 0000 | 4c8b 4c24 | 684d 8bc3 
  0x0000000128f1da40: 49c1 e803 | 4589 014d | 8bd1 4d33 | da49 c1eb | 154d 85db | 741b 49c1 | ea09 49b8 | 0000 0011 
  0x0000000128f1da60: 0100 0000 | 4d03 c241 | 8038 040f | 85f4 0300 | 0044 8b54 | 2444 4183 | fa07 660f | 1f44 0000 
  0x0000000128f1da80: 0f8d 9608 | 0000 4c8b | 5424 2841 | ff42 1445 | 8b5a 0844 | 8b54 2440 | 41ff c24c | 8b44 2428 
  0x0000000128f1daa0: 4589 5018 

  0x0000000128f1daa4: ;   {metadata('java/util/LinkedHashMap')}
  0x0000000128f1daa4: 4181 fb30 | 820b 000f | 855c 0100 | 004c 8b54 | 2428 418b | 6a30 85ed | 0f1f 4000 | 0f84 9108 
  0x0000000128f1dac4: 0000 488b | 4424 5048 | 81c4 8000 

  0x0000000128f1dad0: ;   {poll_return}
  0x0000000128f1dad0: 0000 5d49 | 3ba7 4803 | 0000 0f87 | fd09 0000 | c345 8b44 

  0x0000000128f1dae4: ;   {metadata('java/util/HashMap$TreeNode')}
  0x0000000128f1dae4: c408 4181 | f8e8 0e14 | 000f 8425 | 0700 004d | 8d2c c44d | 8bdd 4533 | c045 8b4b | 0c45 3bca 
  0x0000000128f1db04: 0f85 5100 | 0000 418b | 6b10 488b | d548 c1e2 | 034c 8b4c | 2430 660f | 1f44 0000 | 493b d10f 
  0x0000000128f1db24: 8517 0200 | 0045 8b4b | 1445 85c9 | 0f84 8508 | 0000 448b | 1424 660f | 1f44 0000 

  0x0000000128f1db40: ;   {metadata('java/util/HashMap')}
  0x0000000128f1db40: 4181 fa20 | 7e0b 000f | 85b8 0100 | 004f 8d14 | cc4c 8954 | 2450 e96b | ffff ff4d | 8b8f 5003 
  0x0000000128f1db60: 0000 458b | 5b18 41ff 

  0x0000000128f1db68: ; ImmutableOopMap {r11=NarrowOop rcx=Oop rdi=Oop rdx=Derived_oop_rdi rax=NarrowOop r13=Oop [24]=Oop [48]=Oop }
                      ;*ifnonnull {reexecute=1 rethrow=0 return_oop=0}
                      ; - (reexecute) java.util.HashMap::computeIfAbsent@166 (line 1211)
                      ;   {poll}
  0x0000000128f1db68: c041 8501 | 4585 db74 | 0649 c1e3 | 03eb 8644 | 8944 2444 | 4489 5424 | 2448 897c | 2438 895c 
  0x0000000128f1db88: 2420 4889 | 5424 684c | 896c 2448 | e9bf fcff | ff0f 1f80 | 0000 0000 

  0x0000000128f1dba0: ;   {metadata('java/util/HashMap')}
  0x0000000128f1dba0: 4181 fa20 | 7e0b 000f | 854f 0800 | 0049 8b87 | 0801 0000 | 4c8b d049 | 83c2 200f | 1f44 0000 
  0x0000000128f1dbc0: 4d3b 9718 | 0100 000f | 8392 0500 | 004d 8997 | 0801 0000 | 410f 0d8a | c000 0000 | 48c7 0001 
  0x0000000128f1dbe0: ;   {metadata('java/util/HashMap$Node')}
  0x0000000128f1dbe0: 0000 00c7 | 4008 380a | 1400 4489 | 600c 4c89 | 6018 8948 | 1089 5814 | 4489 4818 | 448b 7424 
  0x0000000128f1dc00: 2444 8970 | 0c4c 8bd8 | e900 feff 

  0x0000000128f1dc0c: ;   {metadata('java/util/HashMap')}
  0x0000000128f1dc0c: ff41 81fb | 207e 0b00 | 0f84 acfe | ffff bec6 

  0x0000000128f1dc1c: ;   {runtime_call UncommonTrapBlob}
  0x0000000128f1dc1c: ffff ffe8 

  0x0000000128f1dc20: ; ImmutableOopMap {[40]=Oop [80]=Oop }
                      ;*invokevirtual afterNodeInsertion {reexecute=0 rethrow=0 return_oop=0}
                      ; - java.util.HashMap::computeIfAbsent@324 (line 1238)
  0x0000000128f1dc20: dcb9 74ff | 4180 7f38 | 000f 85f8 | 0400 0089 | 5d30 4d8b | d34c 8bc5 | 4d33 d049 | c1ea 1590 
  0x0000000128f1dc40: 4d85 d20f | 84c4 fdff | ff49 c1e8 | 0948 bf00 | 0000 1101 | 0000 0049 | 03f8 660f | 1f44 0000 
  0x0000000128f1dc60: 803f 040f | 84a4 fdff | ff4d 8b57 | 504d 8b47 | 40f0 8344 | 24c0 0080 | 3f00 660f | 1f44 0000 
  0x0000000128f1dc80: 0f84 87fd | ffff 4488 | 274d 85c0 | 7529 4c89 | 5c24 0849 | 8bf7 6666 | 0f1f 8400 | 0000 0000 
  0x0000000128f1dca0: 49ba 600d | 5315 0100 | 0000 41ff | d24c 8b5c | 2408 e956 | fdff ff4b | 897c 02f8 | 4983 c0f8 
  0x0000000128f1dcc0: 4d89 4740 | e944 fdff | ff44 8954 | 2410 4c8b | 5424 304c | 8954 2408 | 4889 0c24 | 488b 6c24 
  0x0000000128f1dce0: 1848 8bf1 

  0x0000000128f1dce4: ;   {optimized virtual_call}
  0x0000000128f1dce4: 6666 90e8 

  0x0000000128f1dce8: ; ImmutableOopMap {rbp=Oop [0]=Oop [8]=Oop [24]=Oop [48]=Oop }
                      ;*invokevirtual resize {reexecute=0 rethrow=0 return_oop=1}
                      ; - java.util.HashMap::computeIfAbsent@57 (line 1198)
  0x0000000128f1dce8: 943b f9ff 

  0x0000000128f1dcec: ; implicit exception: dispatches to 0x0000000128f1e470
  0x0000000128f1dcec: 448b 580c | 488b 0c24 | 448b 5424 | 1048 8bf8 | 0f1f 4000 | e908 fbff 

  0x0000000128f1dd04: ;   {metadata('java/util/LinkedHashMap')}
  0x0000000128f1dd04: ff41 81fa | 3082 0b00 | 0f85 2907 | 0000 4c8b | d141 0fb6 | 6a2c 85ed | 0f1f 4000 | 0f84 27fe 
  0x0000000128f1dd24: ffff be45 | ffff ff44 | 890c 244c | 8954 2408 | 4c89 5c24 

  0x0000000128f1dd38: ;   {runtime_call UncommonTrapBlob}
  0x0000000128f1dd38: 1066 90e8 

  0x0000000128f1dd3c: ; ImmutableOopMap {[0]=NarrowOop [8]=Oop [16]=Oop }
                      ;*ifeq {reexecute=1 rethrow=0 return_oop=0}
                      ; - (reexecute) java.util.LinkedHashMap::afterNodeAccess@4 (line 308)
                      ; - java.util.HashMap::computeIfAbsent@188 (line 1215)
  0x0000000128f1dd3c: c0b8 74ff | 8944 2444 | 4889 4424 | f88b 0424 | 8944 2440 | 488b 4424 | f841 8b71 | 080f 1f80 
  0x0000000128f1dd5c: 0000 0000 

  0x0000000128f1dd60: ;   {metadata('java/lang/String')}
  0x0000000128f1dd60: 81fe 18f1 | 0000 0f85 | fd02 0000 | 4c89 5c24 | 3889 5c24 | 2048 897c | 2428 4489 | 5424 1044 
  0x0000000128f1dd80: 8944 2424 | 488b e94c | 8b54 2418 | 4c89 5424 | 084d 8bd1 | 4c89 1424 | 498b f24c | 8954 2418 
  0x0000000128f1dda0: 4c89 6c24 

  0x0000000128f1dda4: ;   {optimized virtual_call}
  0x0000000128f1dda4: 3066 90e8 

  0x0000000128f1dda8: ; ImmutableOopMap {rbp=Oop [0]=Oop [8]=Oop [24]=Oop [40]=Oop [48]=Oop [56]=Oop [68]=NarrowOop }
                      ;*invokevirtual equals {reexecute=0 rethrow=0 return_oop=0}
                      ; - java.util.HashMap::computeIfAbsent@142 (line 1206)
  0x0000000128f1dda8: 9467 e4ff | 448b d845 | 8bd3 4585 | db0f 8499 | 0600 004c | 8b54 2408 | 4c89 5424 | 1848 8bcd 
  0x0000000128f1ddc8: 4c8b 1424 | 4c89 5424 | 3044 8b44 | 2424 448b | 5424 1048 | 8b7c 2428 | 8b5c 2420 | 4c8b 5c24 
  0x0000000128f1dde8: 3848 8944 | 24f8 8b44 | 2440 8904 | 2448 8b44 | 24f8 8b44 | 2444 6690 | e924 fdff | ff45 33d2 
  0x0000000128f1de08: e9c5 f9ff | ff48 8bf2 | 9048 b8ff | ffff ffff 

  0x0000000128f1de18: ;   {virtual_call}
  0x0000000128f1de18: ffff ffe8 

  0x0000000128f1de1c: ; ImmutableOopMap {rbp=Oop [24]=Oop [48]=Oop }
                      ;*invokevirtual hashCode {reexecute=0 rethrow=0 return_oop=0}
                      ; - java.util.HashMap::hash@9 (line 338)
                      ; - java.util.HashMap::computeIfAbsent@13 (line 1191)
  0x0000000128f1de1c: 4046 7fff | e9a3 f9ff | ff4c 8b4c | 2468 458b | 1145 85d2 | 0f84 07fc | ffff 4d8b | 4720 498b 
  0x0000000128f1de3c: fa48 c1e7 | 034d 85c0 | 0f84 3204 | 0000 4d8b | 5730 4b89 | 7c02 f849 | 83c0 f84d | 8947 200f 
  0x0000000128f1de5c: 1f44 0000 | e9d8 fbff | ff4d 8b57 | 404d 8b5f | 50f0 8344 | 24c0 0041 | 8038 000f | 84f4 fbff 
  0x0000000128f1de7c: ff45 8820 | 4d85 d275 | 1849 8bf8 | 498b f749 | ba60 0d53 | 1501 0000 | 0041 ffd2 | e9d4 fbff 
  0x0000000128f1de9c: ff4f 8944 | 13f8 4983 | c2f8 4d89 | 5740 e9c2 | fbff ff44 | 8b55 3445 | 85d2 0f84 | 8ffa ffff 
  0x0000000128f1debc: 4d8b 4720 | 498b fa48 | c1e7 034d | 85c0 0f84 | 6004 0000 | 4d8b 5730 | 4b89 7c02 | f849 83c0 
  0x0000000128f1dedc: f84d 8947 | 20e9 65fa | ffff 4d8b | 5750 4d8b | 4740 f083 | 4424 c000 | 803f 000f | 848c faff 
  0x0000000128f1defc: ff44 8827 | 4d85 c075 | 244c 895c | 2410 498b | f749 ba60 | 0d53 1501 | 0000 0041 | ffd2 448b 
  0x0000000128f1df1c: 7424 244c | 8b5c 2410 | e960 faff | ff4b 897c | 02f8 4983 | c0f8 4d89 | 4740 e94e | faff ff45 
  0x0000000128f1df3c: 8b53 1c90 | 4585 d20f | 8454 faff | ff4d 8b47 | 2049 8bfa | 48c1 e703 | 4d85 c00f | 840b 0400 
  0x0000000128f1df5c: 004d 8b57 | 304b 897c | 02f8 4983 | c0f8 4d89 | 4720 e92a | faff ff47 | 8b44 ec20 | 4585 c00f 
  0x0000000128f1df7c: 1f44 0000 | 0f84 56fa | ffff 4d8b | 5720 498b | f848 c1e7 | 034d 85d2 | 0f84 ed03 | 0000 4d8b 
  0x0000000128f1df9c: 4730 4b89 | 7c10 f849 | 83c2 f84d | 8957 20e9 | 2cfa ffff | 4d8b 5750 | 4d8b 4740 | f083 4424 
  0x0000000128f1dfbc: c000 6690 | 803f 000f | 8408 faff | ff44 8827 | 4d85 c075 | 2a4c 895c | 2410 4489 | 3424 498b 
  0x0000000128f1dfdc: f766 6690 | 49ba 600d | 5315 0100 | 0000 41ff | d244 8b34 | 244c 8b5c | 2410 e9d6 | f9ff ff4b 
  0x0000000128f1dffc: 897c 02f8 | 4983 c0f8 | 4d89 4740 | e9c4 f9ff | ff4d 8b57 | 504d 8b47 | 40f0 8344 | 24c0 000f 
  0x0000000128f1e01c: 1f44 0000 | 803f 000f | 84e4 f9ff | ff44 8827 | 4d85 c075 | 264c 895c | 2408 498b | f70f 1f80 
  0x0000000128f1e03c: 0000 0000 | 49ba 600d | 5315 0100 | 0000 41ff | d24c 8b5c | 2408 e9b6 | f9ff ff4b | 897c 02f8 
  0x0000000128f1e05c: 4983 c0f8 | 4d89 4740 | e9a4 f9ff | ff4c 895c | 2438 895c | 2420 4889 | 7c24 2844 | 8954 2410 
  0x0000000128f1e07c: 4489 4424 | 244c 890c | 2448 8be9 | 4c8b 5424 | 184c 8954 | 2408 498b | f14c 896c | 2430 6666 
  0x0000000128f1e09c: 9048 b8ff | ffff ffff 

  0x0000000128f1e0a4: ;   {virtual_call}
  0x0000000128f1e0a4: ffff ffe8 

  0x0000000128f1e0a8: ; ImmutableOopMap {rbp=Oop [0]=Oop [8]=Oop [40]=Oop [48]=Oop [56]=Oop [68]=NarrowOop }
                      ;*invokevirtual equals {reexecute=0 rethrow=0 return_oop=0}
                      ; - java.util.HashMap::computeIfAbsent@142 (line 1206)
  0x0000000128f1e0a8: 6443 7fff | 448b d8e9 | fbfc ffff | 894c 2434 | 895c 2430 | 4489 4c24 | 1c44 8b5c | 2440 4489 
  0x0000000128f1e0c8: 5c24 1848 | 8944 2410 | 4c8b 5c24 | 284c 895c 

  0x0000000128f1e0d8: ;   {metadata('java/util/LinkedHashMap$Entry')}
  0x0000000128f1e0d8: 2408 48be | 900c 1439 | 0100 0000 | 4c89 0424 | 4889 7c24 

  0x0000000128f1e0ec: ;   {runtime_call _new_instance_Java}
  0x0000000128f1e0ec: 6066 90e8 

  0x0000000128f1e0f0: ; ImmutableOopMap {rbp=Oop [0]=Oop [8]=Oop [16]=Oop [28]=NarrowOop [48]=NarrowOop [52]=NarrowOop [56]=Oop [96]=Oop [104]=Derived_oop_[56] }
                      ;*new {reexecute=0 rethrow=0 return_oop=1}
                      ; - java.util.LinkedHashMap::newNode@0 (line 257)
                      ; - java.util.HashMap::computeIfAbsent@286 (line 1232)
  0x0000000128f1e0f0: 0c2c 7fff | 4c8b 5c24 | 084c 895c | 2428 4c8b | 5c24 104c | 895c 2450 | 448b 5c24 | 1844 895c 
  0x0000000128f1e110: 2440 448b | 4c24 1c8b | 5c24 308b | 4c24 344c | 8bd8 e9fc | f7ff ff44 | 8b45 3045 | 85c0 0f84 
  0x0000000128f1e130: fbfa ffff | 4d8b 5720 | 498b f848 | c1e7 0390 | 4d85 d20f | 84d3 0200 | 004d 8b47 | 304b 897c 
  0x0000000128f1e150: 10f8 4983 | c2f8 4d89 | 5720 e9d0 | faff ff89 | 4c24 3489 | 5c24 3044 | 894c 241c | 448b 5424 
  0x0000000128f1e170: 4044 8954 | 2418 4c8b | 5424 504c | 8954 2410 | 4c8b 5c24 | 284c 895c | 2408 498b 

  0x0000000128f1e18c: ;   {metadata('java/util/HashMap$Node')}
  0x0000000128f1e18c: eb48 be38 | 0a14 3901 | 0000 004c | 8904 2448 | 897c 2460 

  0x0000000128f1e1a0: ;   {runtime_call _new_instance_Java}
  0x0000000128f1e1a0: 6666 90e8 

  0x0000000128f1e1a4: ; ImmutableOopMap {rbp=Oop [0]=Oop [8]=Oop [16]=Oop [28]=NarrowOop [48]=NarrowOop [52]=NarrowOop [56]=Oop [96]=Oop [104]=Derived_oop_[56] }
                      ;*new {reexecute=0 rethrow=0 return_oop=1}
                      ; - java.util.HashMap::newNode@0 (line 1901)
                      ; - java.util.HashMap::computeIfAbsent@286 (line 1232)
  0x0000000128f1e1a4: 582b 7fff | 4c8b 5424 | 084c 8954 | 2428 4c8b | 5424 104c | 8954 2450 | 448b 5c24 | 1844 895c 
  0x0000000128f1e1c4: 2440 448b | 4c24 1c8b | 5c24 308b | 4c24 34e9 | 1afa ffff | bee4 ffff | ff48 8be9 | 4c8b 5c24 
  0x0000000128f1e1e4: 184c 895c | 2408 4489 | 5424 1048 | 897c 2420 | 895c 2428 

  0x0000000128f1e1f8: ;   {runtime_call UncommonTrapBlob}
  0x0000000128f1e1f8: 6666 90e8 

  0x0000000128f1e1fc: ; ImmutableOopMap {rbp=Oop [8]=Oop [32]=Oop [48]=Oop }
                      ;*aaload {reexecute=0 rethrow=0 return_oop=0}
                      ; - java.util.HashMap::computeIfAbsent@77 (line 1199)
  0x0000000128f1e1fc: 00b4 74ff | bed6 ffff | ff48 8b6c | 2428 4489 | 3424 4c89 

  0x0000000128f1e210: ;   {runtime_call UncommonTrapBlob}
  0x0000000128f1e210: 5c24 28e8 

  0x0000000128f1e214: ; ImmutableOopMap {rbp=Oop [40]=Oop [56]=Oop [80]=Oop }
                      ;*aastore {reexecute=1 rethrow=0 return_oop=0}
                      ; - (reexecute) java.util.HashMap::computeIfAbsent@289 (line 1232)
  0x0000000128f1e214: e8b3 74ff | be45 ffff | ff48 8be9 | 4c8b 5c24 | 184c 895c | 2408 4489 | 5424 1048 | 897c 2418 
  0x0000000128f1e234: 8944 2414 | 895c 2420 

  0x0000000128f1e23c: ;   {runtime_call UncommonTrapBlob}
  0x0000000128f1e23c: 6666 90e8 

  0x0000000128f1e240: ; ImmutableOopMap {rbp=Oop [8]=Oop [20]=NarrowOop [24]=Oop [48]=Oop }
                      ;*ifeq {reexecute=1 rethrow=0 return_oop=0}
                      ; - (reexecute) java.util.HashMap::computeIfAbsent@89 (line 1200)
  0x0000000128f1e240: bcb3 74ff | be45 ffff | ff48 8914 | 2448 894c 

  0x0000000128f1e250: ;   {runtime_call UncommonTrapBlob}
  0x0000000128f1e250: 2410 90e8 

  0x0000000128f1e254: ; ImmutableOopMap {rbp=Oop [0]=Oop [16]=Oop [24]=Oop }
                      ;*ifnonnull {reexecute=1 rethrow=0 return_oop=0}
                      ; - (reexecute) java.util.HashMap::computeIfAbsent@1 (line 1189)
  0x0000000128f1e254: a8b3 74ff | be45 ffff | ff4c 8b44 | 2418 4c89 | 4424 0844 | 8954 2410 | 4489 4c24 | 1444 895c 
  0x0000000128f1e274: ;   {runtime_call UncommonTrapBlob}
  0x0000000128f1e274: 241c 90e8 

  0x0000000128f1e278: ; ImmutableOopMap {rbp=Oop [8]=Oop [20]=NarrowOop [48]=Oop }
                      ;*ifne {reexecute=1 rethrow=0 return_oop=0}
                      ; - (reexecute) java.util.HashMap::computeIfAbsent@53 (line 1196)
  0x0000000128f1e278: 84b3 74ff | 4c89 5c24 | 1849 8bf7 | 49ba 300d | 5315 0100 | 0000 41ff | d248 8b5c | 2438 4c8b 
  0x0000000128f1e298: 4c24 684c | 8b5c 2418 | e998 f7ff | ffbe 45ff | ffff 4c89 | 1424 4c8b | 5424 304c | 8954 2408 
  0x0000000128f1e2b8: 448b 5c24 | 2444 895c | 2410 4c8b | 5424 384c | 8954 2418 | 448b 5424 | 2044 8954 | 2414 448b 
  0x0000000128f1e2d8: 5c24 4045 | 8bd3 4489 

  0x0000000128f1e2e0: ;   {runtime_call UncommonTrapBlob}
  0x0000000128f1e2e0: 5424 38e8 

  0x0000000128f1e2e4: ; ImmutableOopMap {[0]=Oop [8]=Oop [24]=Oop [72]=Oop [80]=Oop }
                      ;*if_icmpeq {reexecute=1 rethrow=0 return_oop=0}
                      ; - (reexecute) java.util.HashMap::computeIfAbsent@215 (line 1221)
  0x0000000128f1e2e4: 18b3 74ff | be45 ffff | ff48 8b6c | 2428 4c8b | 5424 304c | 8914 2444 | 8b54 2424 | 4489 5424 
  0x0000000128f1e304: 0844 8b5c | 2420 4489 | 5c24 0c48 | 8944 2428 

  0x0000000128f1e314: ;   {runtime_call UncommonTrapBlob}
  0x0000000128f1e314: 6666 90e8 

  0x0000000128f1e318: ; ImmutableOopMap {rbp=Oop [0]=Oop [40]=Oop [56]=Oop [72]=Oop [80]=Oop }
                      ;*ifnonnull {reexecute=1 rethrow=0 return_oop=0}
                      ; - (reexecute) java.util.HashMap::computeIfAbsent@228 (line 1222)
  0x0000000128f1e318: e4b2 74ff | be45 ffff | ff44 8934 | 2448 895c 

  0x0000000128f1e328: ;   {runtime_call UncommonTrapBlob}
  0x0000000128f1e328: 2408 90e8 

  0x0000000128f1e32c: ; ImmutableOopMap {[8]=Oop [40]=Oop [80]=Oop }
                      ;*if_icmplt {reexecute=1 rethrow=0 return_oop=0}
                      ; - (reexecute) java.util.HashMap::computeIfAbsent@294 (line 1233)
  0x0000000128f1e32c: d0b2 74ff | 4c89 5c24 | 1049 8bf7 | 0f1f 8400 | 0000 0000 | 49ba 300d | 5315 0100 | 0000 41ff 
  0x0000000128f1e34c: d24c 8b5c | 2410 e9f4 | f5ff ffbe | 45ff ffff | 4c89 5424 

  0x0000000128f1e360: ;   {runtime_call UncommonTrapBlob}
  0x0000000128f1e360: 0866 90e8 

  0x0000000128f1e364: ; ImmutableOopMap {rbp=NarrowOop [8]=Oop [80]=Oop }
                      ;*ifnull {reexecute=1 rethrow=0 return_oop=0}
                      ; - (reexecute) java.util.LinkedHashMap::afterNodeInsertion@10 (line 300)
                      ; - java.util.HashMap::computeIfAbsent@324 (line 1238)
  0x0000000128f1e364: 98b2 74ff | 4c89 5c24 | 1049 8bf7 | 49ba 300d | 5315 0100 | 0000 41ff | d24c 8b5c | 2410 e916 
  0x0000000128f1e384: f6ff ff4c | 895c 2410 | 4489 3424 | 498b f766 | 0f1f 8400 | 0000 0000 | 6666 6690 | 49ba 300d 
  0x0000000128f1e3a4: 5315 0100 | 0000 41ff | d244 8b34 | 244c 8b5c | 2410 e921 | f6ff ffbe | 45ff ffff | 488b e948 
  0x0000000128f1e3c4: 8b4c 2430 | 4889 0c24 | 488b 4c24 | 1848 894c | 2408 4489 | 5424 1048 | 897c 2418 | 8944 2414 
  0x0000000128f1e3e4: 895c 2420 | 4489 4424 | 244c 895c | 2428 4489 

  0x0000000128f1e3f4: ;   {runtime_call UncommonTrapBlob}
  0x0000000128f1e3f4: 4c24 34e8 

  0x0000000128f1e3f8: ; ImmutableOopMap {rbp=Oop [0]=Oop [8]=Oop [20]=NarrowOop [24]=Oop [40]=Oop [52]=NarrowOop }
                      ;*ifnull {reexecute=1 rethrow=0 return_oop=0}
                      ; - (reexecute) java.util.HashMap::computeIfAbsent@182 (line 1214)
  0x0000000128f1e3f8: 04b2 74ff | bec6 ffff | ff48 8b6c | 2428 4c8b | 5424 384c | 8954 2418 | 4889 4424 

  0x0000000128f1e414: ;   {runtime_call UncommonTrapBlob}
  0x0000000128f1e414: 3866 90e8 

  0x0000000128f1e418: ; ImmutableOopMap {rbp=Oop [24]=Oop [48]=Oop [56]=Oop [72]=Oop [80]=Oop }
                      ;*invokevirtual newNode {reexecute=0 rethrow=0 return_oop=0}
                      ; - java.util.HashMap::computeIfAbsent@286 (line 1232)
  0x0000000128f1e418: e4b1 74ff | 4c89 5c24 | 1049 8bf7 | 49ba 300d | 5315 0100 | 0000 41ff | d24c 8b5c | 2410 e9f4 
  0x0000000128f1e438: f7ff ffbe | c6ff ffff | 488b e944 | 890c 244c | 895c 2408 

  0x0000000128f1e44c: ;   {runtime_call UncommonTrapBlob}
  0x0000000128f1e44c: 6666 90e8 

  0x0000000128f1e450: ; ImmutableOopMap {rbp=Oop [0]=NarrowOop [8]=Oop }
                      ;*invokevirtual afterNodeAccess {reexecute=0 rethrow=0 return_oop=0}
                      ; - java.util.HashMap::computeIfAbsent@188 (line 1215)
  0x0000000128f1e450: acb1 74ff | be45 ffff | ff4c 8b5c | 2428 4c89 | 5c24 1844 | 8954 2430 

  0x0000000128f1e468: ;   {runtime_call UncommonTrapBlob}
  0x0000000128f1e468: 6666 90e8 

  0x0000000128f1e46c: ; ImmutableOopMap {rbp=Oop [0]=Oop [8]=Oop [24]=Oop [56]=Oop [68]=NarrowOop }
                      ;*ifeq {reexecute=1 rethrow=0 return_oop=0}
                      ; - (reexecute) java.util.HashMap::computeIfAbsent@145 (line 1206)
  0x0000000128f1e46c: 90b1 74ff | bef6 ffff 

  0x0000000128f1e474: ;   {runtime_call UncommonTrapBlob}
  0x0000000128f1e474: ff66 90e8 

  0x0000000128f1e478: ; ImmutableOopMap {}
                      ;*arraylength {reexecute=0 rethrow=0 return_oop=0}
                      ; - java.util.HashMap::computeIfAbsent@63 (line 1198)
  0x0000000128f1e478: 84b1 74ff | be45 ffff | ff48 890c | 244c 8b4c | 2418 4c89 | 4c24 1044 | 8954 2418 | 4889 7c24 
  0x0000000128f1e498: 2089 5c24 | 2844 8944 | 242c 4c89 

  0x0000000128f1e4a4: ;   {runtime_call UncommonTrapBlob}
  0x0000000128f1e4a4: 5c24 38e8 

  0x0000000128f1e4a8: ; ImmutableOopMap {rbp=NarrowOop [0]=Oop [16]=Oop [32]=Oop [48]=Oop [56]=Oop [68]=NarrowOop }
                      ;*ifnull {reexecute=1 rethrow=0 return_oop=0}
                      ; - (reexecute) java.util.HashMap::computeIfAbsent@136 (line 1205)
  0x0000000128f1e4a8: 54b1 74ff | 488b f0e9 | 1c00 0000 | 488b f0eb | 1748 8bf0 | eb12 488b | f0eb 0d48 | 8bf0 eb08 
  0x0000000128f1e4c8: 488b f0eb | 0348 8bf0 | 4881 c480 | 0000 005d 

  0x0000000128f1e4d8: ;   {runtime_call _rethrow_Java}
  0x0000000128f1e4d8: e923 397f 

  0x0000000128f1e4dc: ;   {internal_word}
  0x0000000128f1e4dc: ff49 bad3 | daf1 2801 | 0000 004d | 8997 6003 

  0x0000000128f1e4ec: ;   {runtime_call SafepointBlob}
  0x0000000128f1e4ec: 0000 e90d | c274 fff4 | f4f4 f4f4 | f4f4 f4f4 | f4f4 f4f4 
[Stub Code]
  0x0000000128f1e500: ;   {no_reloc}
  0x0000000128f1e500: 48bb 0000 | 0000 0000 

  0x0000000128f1e508: ;   {runtime_call}
  0x0000000128f1e508: 0000 e9fb 

  0x0000000128f1e50c: ;   {static_stub}
  0x0000000128f1e50c: ffff ff48 | bb00 0000 | 0000 0000 

  0x0000000128f1e518: ;   {runtime_call}
  0x0000000128f1e518: 00e9 fbff 

  0x0000000128f1e51c: ;   {runtime_call ExceptionBlob}
  0x0000000128f1e51c: ffff e95d | 647e ffe8 | 0000 0000 | 4883 2c24 

  0x0000000128f1e52c: ;   {runtime_call DeoptimizationBlob}
  0x0000000128f1e52c: 05e9 6eb4 | 74ff f4f4 | f4f4 f4f4 
[/MachCode]


Compiled method (c1) 43343 23428   !   3       com.sun.tools.javac.code.ClassFinder::complete (166 bytes)
 total in heap  [0x00000001238f9e10,0x00000001238fb990] = 7040
 relocation     [0x00000001238f9f70,0x00000001238fa0f0] = 384
 main code      [0x00000001238fa100,0x00000001238fb0c0] = 4032
 stub code      [0x00000001238fb0c0,0x00000001238fb1a0] = 224
 oops           [0x00000001238fb1a0,0x00000001238fb1a8] = 8
 metadata       [0x00000001238fb1a8,0x00000001238fb228] = 128
 scopes data    [0x00000001238fb228,0x00000001238fb4c8] = 672
 scopes pcs     [0x00000001238fb4c8,0x00000001238fb788] = 704
 dependencies   [0x00000001238fb788,0x00000001238fb7a0] = 24
 handler table  [0x00000001238fb7a0,0x00000001238fb920] = 384
 nul chk table  [0x00000001238fb920,0x00000001238fb990] = 112

[Constant Pool (empty)]

[MachCode]
[Entry Point]
  # {method} {0x000000015dcea5c0} 'complete' '(Lcom/sun/tools/javac/code/Symbol;)V' in 'com/sun/tools/javac/code/ClassFinder'
  # this:     rsi:rsi   = 'com/sun/tools/javac/code/ClassFinder'
  # parm0:    rdx:rdx   = 'com/sun/tools/javac/code/Symbol'
  #           [sp+0xd0]  (sp of caller)
  0x00000001238fa100: 448b 5608 | 49bb 0000 | 0039 0100 | 0000 4d03 | d34c 3bd0 

  0x00000001238fa114: ;   {runtime_call ic_miss_stub}
  0x00000001238fa114: 0f85 669c | d604 660f | 1f44 0000 
[Verified Entry Point]
  0x00000001238fa120: 8984 2400 | c0fe ff55 | 4881 ecc0 | 0000 0048 | 89b4 2480 | 0000 0048 | 8994 2498 

  0x00000001238fa13c: ;   {metadata(method data for {method} {0x000000015dcea5c0} 'complete' '(Lcom/sun/tools/javac/code/Symbol;)V' in 'com/sun/tools/javac/code/ClassFinder')}
  0x00000001238fa13c: 0000 0048 | bf88 db1a | 5e01 0000 | 008b 87ac | 0000 0083 | c002 8987 | ac00 0000 | 81e0 fe07 
  0x00000001238fa15c: 0000 83f8 | 000f 84b5 | 0c00 008b | 7a0c 48c1 

  0x00000001238fa16c: ;   {oop(a 'com/sun/tools/javac/code/Kinds$Kind'{0x000000072ebb4730})}
  0x00000001238fa16c: e703 49ba | 3047 bb2e | 0700 0000 

  0x00000001238fa178: ;   {metadata(method data for {method} {0x000000015dcea5c0} 'complete' '(Lcom/sun/tools/javac/code/Symbol;)V' in 'com/sun/tools/javac/code/ClassFinder')}
  0x00000001238fa178: 493b fa48 | b888 db1a | 5e01 0000 | 0048 c7c1 | f000 0000 | 0f85 0700 | 0000 48c7 | c100 0100 
  0x00000001238fa198: 0048 8b1c | 0848 8d5b | 0148 891c | 080f 8551 | 0700 0048 | 83fa 0075 

  0x00000001238fa1b0: ;   {metadata(method data for {method} {0x000000015dcea5c0} 'complete' '(Lcom/sun/tools/javac/code/Symbol;)V' in 'com/sun/tools/javac/code/ClassFinder')}
  0x00000001238fa1b0: 1648 b888 | db1a 5e01 | 0000 0080 | 8809 0100 | 0001 e9d3 

  0x00000001238fa1c4: ;   {metadata('com/sun/tools/javac/code/Symbol$ClassSymbol')}
  0x00000001238fa1c4: 0000 0048 | bf08 e41b | 3b01 0000 | 0044 8b4a | 0849 ba00 | 0000 3901 | 0000 004d | 03ca 493b 
  0x00000001238fa1e4: f90f 8593 

  0x00000001238fa1e8: ;   {metadata(method data for {method} {0x000000015dcea5c0} 'complete' '(Lcom/sun/tools/javac/code/Symbol;)V' in 'com/sun/tools/javac/code/ClassFinder')}
  0x00000001238fa1e8: 0000 0048 | b888 db1a | 5e01 0000 | 008b 7a08 | 49ba 0000 | 0039 0100 | 0000 4903 | fa48 3bb8 
  0x00000001238fa208: 2001 0000 | 750d 4883 | 8028 0100 | 0001 e97f | 0000 0048 | 3bb8 3001 | 0000 750d | 4883 8038 
  0x00000001238fa228: 0100 0001 | e969 0000 | 0048 81b8 | 2001 0000 | 0000 0000 | 7517 4889 | b820 0100 | 0048 c780 
  0x00000001238fa248: 2801 0000 | 0100 0000 | e945 0000 | 0048 81b8 | 3001 0000 | 0000 0000 | 7517 4889 | b830 0100 
  0x00000001238fa268: 0048 c780 | 3801 0000 | 0100 0000 | e921 0000 | 00e9 1c00 

  0x00000001238fa27c: ;   {metadata(method data for {method} {0x000000015dcea5c0} 'complete' '(Lcom/sun/tools/javac/code/Symbol;)V' in 'com/sun/tools/javac/code/ClassFinder')}
  0x00000001238fa27c: 0000 48b8 | 88db 1a5e | 0100 0000 | 4883 a810 | 0100 0001 | e9ad 0b00 | 00e9 0000 | 0000 4c8b 
  0x00000001238fa29c: ca4c 894c | 2470 8b56 | 3048 c1e2 | 0348 3b02 

  0x00000001238fa2ac: ;   {metadata(method data for {method} {0x000000015dcea5c0} 'complete' '(Lcom/sun/tools/javac/code/Symbol;)V' in 'com/sun/tools/javac/code/ClassFinder')}
  0x00000001238fa2ac: 48bf 88db | 1a5e 0100 | 0000 4883 | 8760 0100 

  0x00000001238fa2bc: ;   {metadata(method data for {method} {0x000000015defc1e0} 'push' '(Lcom/sun/tools/javac/code/Symbol$ClassSymbol;Lcom/sun/tools/javac/util/Dependencies$CompletionCause;)V' in 'com/sun/tools/javac/util/Dependencies$DummyDependencies')}
  0x00000001238fa2bc: 0001 48ba | 98e8 1a5e | 0100 0000 | 8bba ac00 | 0000 83c7 | 0289 baac | 0000 0081 | e7fe ff1f 
  0x00000001238fa2dc: 0083 ff00 | 0f84 6a0b | 0000 8b56 | 1848 c1e2 | 0348 3b02 

  0x00000001238fa2f0: ;   {metadata(method data for {method} {0x000000015dcea5c0} 'complete' '(Lcom/sun/tools/javac/code/Symbol;)V' in 'com/sun/tools/javac/code/ClassFinder')}
  0x00000001238fa2f0: 488b fa48 | b888 db1a | 5e01 0000 | 0048 8380 | 9801 0000 

  0x00000001238fa304: ;   {metadata(method data for {method} {0x000000015dd13090} 'blockAnnotations' '()V' in 'com/sun/tools/javac/comp/Annotate')}
  0x00000001238fa304: 0148 bf00 | 4419 5e01 | 0000 008b | 87ac 0000 | 0083 c002 | 8987 ac00 | 0000 81e0 | feff 1f00 
  0x00000001238fa324: 83f8 000f | 8449 0b00 | 008b 7a0c | ffc7 897a 

  0x00000001238fa334: ;   {metadata('com/sun/tools/javac/code/Scope$ErrorScope')}
  0x00000001238fa334: 0c48 ba40 | b11c 3b01 | 0000 0049 | 8b87 0801 | 0000 488d | 7830 493b | bf18 0100 | 000f 8740 
  0x00000001238fa354: 0b00 0049 | 89bf 0801 | 0000 48c7 | 0001 0000 | 0048 8bca | 49ba 0000 | 0039 0100 | 0000 492b 
  0x00000001238fa374: ca89 4808 | 4833 c989 | 480c 4833 | c948 8948 | 1048 8948 | 1848 8948 | 2048 8948 | 2848 8bd8 
  0x00000001238fa394: ;   {metadata(method data for {method} {0x000000015dcea5c0} 'complete' '(Lcom/sun/tools/javac/code/Symbol;)V' in 'com/sun/tools/javac/code/ClassFinder')}
  0x00000001238fa394: 48ba 88db | 1a5e 0100 | 0000 4883 | 82b8 0100 

  0x00000001238fa3a4: ;   {metadata(method data for {method} {0x000000015dcebf28} '<init>' '(Lcom/sun/tools/javac/code/Symbol;)V' in 'com/sun/tools/javac/code/Scope$ErrorScope')}
  0x00000001238fa3a4: 0001 48bb | 3099 185e | 0100 0000 | 8b93 ac00 | 0000 83c2 | 0289 93ac | 0000 0081 | e2fe ff1f 
  0x00000001238fa3c4: 0083 fa00 | 0f84 d60a | 0000 488b 

  0x00000001238fa3d0: ;   {metadata(method data for {method} {0x000000015dcebf28} '<init>' '(Lcom/sun/tools/javac/code/Symbol;)V' in 'com/sun/tools/javac/code/Scope$ErrorScope')}
  0x00000001238fa3d0: d848 ba30 | 9918 5e01 | 0000 0048 | 8382 f000 

  0x00000001238fa3e0: ;   {metadata(method data for {method} {0x000000015dced970} '<init>' '(Lcom/sun/tools/javac/code/Symbol;)V' in 'com/sun/tools/javac/code/Scope$ScopeImpl')}
  0x00000001238fa3e0: 0000 0148 | bb58 9a18 | 5e01 0000 | 008b 93ac | 0000 0083 | c202 8993 | ac00 0000 | 81e2 feff 
  0x00000001238fa400: 1f00 83fa | 000f 84ba | 0a00 00bb | 1000 0000 

  0x00000001238fa410: ;   {metadata('com/sun/tools/javac/code/Scope$Entry'[])}
  0x00000001238fa410: 48ba 20a7 | 1f3b 0100 | 0000 4c8b | e848 63db | 488b fb48 | 81fb ffff | ff00 0f87 | b60a 0000 
  0x00000001238fa430: 48be 1700 | 0000 0000 | 0000 488d | 349e 4883 | e6f8 498b | 8708 0100 | 0048 8d34 | 3049 3bb7 
  0x00000001238fa450: 1801 0000 | 0f87 8c0a | 0000 4989 | b708 0100 | 0048 2bf0 | 48c7 0001 | 0000 0048 | 8bca 49ba 
  0x00000001238fa470: 0000 0039 | 0100 0000 | 492b ca89 | 4808 8958 | 0c48 83ee | 100f 841a | 0000 0048 | 85f6 0f84 
  0x00000001238fa490: 1100 0000 | 4833 db48 | c1ee 0348 | 895c f008 | 48ff ce75 | f649 8bd5 

  0x00000001238fa4a8: ;   {metadata(method data for {method} {0x000000015dced970} '<init>' '(Lcom/sun/tools/javac/code/Symbol;)V' in 'com/sun/tools/javac/code/Scope$ScopeImpl')}
  0x00000001238fa4a8: 48b9 589a | 185e 0100 | 0000 4883 | 81f0 0000 

  0x00000001238fa4b8: ;   {oop(NULL)}
  0x00000001238fa4b8: 0001 48ba | 0000 0000 | 0000 0000 | 498b c94c | 8bc0 498b | f54c 896c | 2478 0f1f 

  0x00000001238fa4d4: ;   {optimized virtual_call}
  0x00000001238fa4d4: 4400 00e8 

  0x00000001238fa4d8: ; ImmutableOopMap {[112]=Oop [120]=Oop [128]=Oop }
                      ;*invokespecial <init> {reexecute=0 rethrow=0 return_oop=0}
                      ; - com.sun.tools.javac.code.Scope$ScopeImpl::<init>@8 (line 333)
                      ; - com.sun.tools.javac.code.Scope$ErrorScope::<init>@2 (line 1127)
                      ; - com.sun.tools.javac.code.ClassFinder::complete@39 (line 288)
  0x00000001238fa4d8: e457 fdff | 410f be57 | 3883 fa00 | 4c8b 4c24 | 700f 8501 | 0a00 0048 | 8b44 2478 | 4c8b d049 
  0x00000001238fa4f8: c1ea 0345 | 8951 3449 | 8bd1 4833 | d048 c1ea | 1548 83fa | 000f 8502 | 0a00 0041 | 8b79 2048 
  0x00000001238fa518: c1e7 0348 | 8bb4 2480 

  0x00000001238fa520: ;   {metadata(method data for {method} {0x000000015dcea5c0} 'complete' '(Lcom/sun/tools/javac/code/Symbol;)V' in 'com/sun/tools/javac/code/ClassFinder')}
  0x00000001238fa520: 0000 0048 | ba88 db1a | 5e01 0000 | 0048 8382 | c801 0000 

  0x00000001238fa534: ;   {metadata(method data for {method} {0x000000015dcea6b0} 'completeOwners' '(Lcom/sun/tools/javac/code/Symbol;)V' in 'com/sun/tools/javac/code/ClassFinder')}
  0x00000001238fa534: 0148 baf0 | 491b 5e01 | 0000 008b | b2ac 0000 | 0083 c602 | 89b2 ac00 | 0000 81e6 | feff 1f00 
  0x00000001238fa554: 83fe 000f | 84d0 0900 | 008b 570c | 48c1 e203 

  0x00000001238fa564: ;   {oop(a 'com/sun/tools/javac/code/Kinds$Kind'{0x000000072ebb2138})}
  0x00000001238fa564: 48be 3821 | bb2e 0700 | 0000 483b 

  0x00000001238fa570: ;   {metadata(method data for {method} {0x000000015dcea6b0} 'completeOwners' '(Lcom/sun/tools/javac/code/Symbol;)V' in 'com/sun/tools/javac/code/ClassFinder')}
  0x00000001238fa570: d648 baf0 | 491b 5e01 | 0000 0048 | c7c6 f000 | 0000 0f84 | 0700 0000 | 48c7 c600 | 0100 0048 
  0x00000001238fa590: 8b1c 3248 | 8d5b 0148 | 891c 320f | 848b 0100 | 008b 5f20 | 48c1 e303 | 488b b424 | 8000 0000 
  0x00000001238fa5b0: ;   {metadata(method data for {method} {0x000000015dcea6b0} 'completeOwners' '(Lcom/sun/tools/javac/code/Symbol;)V' in 'com/sun/tools/javac/code/ClassFinder')}
  0x00000001238fa5b0: 48ba f049 | 1b5e 0100 | 0000 4883 | 8210 0100 

  0x00000001238fa5c0: ;   {metadata(method data for {method} {0x000000015dcea6b0} 'completeOwners' '(Lcom/sun/tools/javac/code/Symbol;)V' in 'com/sun/tools/javac/code/ClassFinder')}
  0x00000001238fa5c0: 0001 48ba | f049 1b5e | 0100 0000 | 8bb2 ac00 | 0000 83c6 | 0289 b2ac | 0000 0081 | e6fe ff1f 
  0x00000001238fa5e0: 0083 fe00 | 0f84 6909 | 0000 8b53 | 0c48 c1e2 

  0x00000001238fa5f0: ;   {oop(a 'com/sun/tools/javac/code/Kinds$Kind'{0x000000072ebb2138})}
  0x00000001238fa5f0: 0348 be38 | 21bb 2e07 | 0000 0048 

  0x00000001238fa5fc: ;   {metadata(method data for {method} {0x000000015dcea6b0} 'completeOwners' '(Lcom/sun/tools/javac/code/Symbol;)V' in 'com/sun/tools/javac/code/ClassFinder')}
  0x00000001238fa5fc: 3bd6 48ba | f049 1b5e | 0100 0000 | 48c7 c6f0 | 0000 000f | 8407 0000 | 0048 c7c6 | 0001 0000 
  0x00000001238fa61c: 488b 0432 | 488d 4001 | 4889 0432 | 4889 bc24 | 9000 0000 | 0f84 3e00 | 0000 8b53 | 2048 c1e2 
  0x00000001238fa63c: 0348 8bb4 | 2480 0000 

  0x00000001238fa644: ;   {metadata(method data for {method} {0x000000015dcea6b0} 'completeOwners' '(Lcom/sun/tools/javac/code/Symbol;)V' in 'com/sun/tools/javac/code/ClassFinder')}
  0x00000001238fa644: 0048 b8f0 | 491b 5e01 | 0000 0048 | 8380 1001 | 0000 0148 | 8bb4 2480 | 0000 0048 | 899c 2488 
  0x00000001238fa664: ;   {optimized virtual_call}
  0x00000001238fa664: 0000 00e8 

  0x00000001238fa668: ; ImmutableOopMap {[128]=Oop [112]=Oop [144]=Oop [136]=Oop }
                      ;*invokevirtual completeOwners {reexecute=0 rethrow=0 return_oop=0}
                      ; - com.sun.tools.javac.code.ClassFinder::completeOwners@15 (line 315)
                      ; - com.sun.tools.javac.code.ClassFinder::completeOwners@15 (line 315)
                      ; - com.sun.tools.javac.code.ClassFinder::complete@50 (line 289)
  0x00000001238fa668: 149a d604 | 488b 9c24 | 8800 0000 

  0x00000001238fa674: ;   {metadata(method data for {method} {0x000000015dcea6b0} 'completeOwners' '(Lcom/sun/tools/javac/code/Symbol;)V' in 'com/sun/tools/javac/code/ClassFinder')}
  0x00000001238fa674: 488b f348 | bff0 491b | 5e01 0000 | 008b 7608 | 49ba 0000 | 0039 0100 | 0000 4903 | f248 3bb7 
  0x00000001238fa694: 5801 0000 | 750d 4883 | 8760 0100 | 0001 e966 | 0000 0048 | 3bb7 6801 | 0000 750d | 4883 8770 
  0x00000001238fa6b4: 0100 0001 | e950 0000 | 0048 81bf | 5801 0000 | 0000 0000 | 7517 4889 | b758 0100 | 0048 c787 
  0x00000001238fa6d4: 6001 0000 | 0100 0000 | e92c 0000 | 0048 81bf | 6801 0000 | 0000 0000 | 7517 4889 | b768 0100 
  0x00000001238fa6f4: 0048 c787 | 7001 0000 | 0100 0000 | e908 0000 | 0048 8387 | 4801 0000 | 0148 8bf3 | 0f1f 4400 
  0x00000001238fa714: 0048 b800 | f01b 3b01 

  0x00000001238fa71c: ;   {virtual_call}
  0x00000001238fa71c: 0000 00e8 

  0x00000001238fa720: ; ImmutableOopMap {[128]=Oop [112]=Oop [144]=Oop }
                      ;*invokevirtual complete {reexecute=0 rethrow=0 return_oop=0}
                      ; - com.sun.tools.javac.code.ClassFinder::completeOwners@19 (line 316)
                      ; - com.sun.tools.javac.code.ClassFinder::completeOwners@15 (line 315)
                      ; - com.sun.tools.javac.code.ClassFinder::complete@50 (line 289)
  0x00000001238fa720: 1c8d 2106 | 488b bc24 | 9000 0000 

  0x00000001238fa72c: ;   {metadata(method data for {method} {0x000000015dcea6b0} 'completeOwners' '(Lcom/sun/tools/javac/code/Symbol;)V' in 'com/sun/tools/javac/code/ClassFinder')}
  0x00000001238fa72c: 488b f748 | bbf0 491b | 5e01 0000 | 008b 7608 | 49ba 0000 | 0039 0100 | 0000 4903 | f248 3bb3 
  0x00000001238fa74c: 5801 0000 | 750d 4883 | 8360 0100 | 0001 e966 | 0000 0048 | 3bb3 6801 | 0000 750d | 4883 8370 
  0x00000001238fa76c: 0100 0001 | e950 0000 | 0048 81bb | 5801 0000 | 0000 0000 | 7517 4889 | b358 0100 | 0048 c783 
  0x00000001238fa78c: 6001 0000 | 0100 0000 | e92c 0000 | 0048 81bb | 6801 0000 | 0000 0000 | 7517 4889 | b368 0100 
  0x00000001238fa7ac: 0048 c783 | 7001 0000 | 0100 0000 | e908 0000 | 0048 8383 | 4801 0000 | 0148 8bf7 | 0f1f 4400 
  0x00000001238fa7cc: 0048 b8ff | ffff ffff 

  0x00000001238fa7d4: ;   {virtual_call}
  0x00000001238fa7d4: ffff ffe8 

  0x00000001238fa7d8: ; ImmutableOopMap {[128]=Oop [112]=Oop }
                      ;*invokevirtual complete {reexecute=0 rethrow=0 return_oop=0}
                      ; - com.sun.tools.javac.code.ClassFinder::completeOwners@19 (line 316)
                      ; - com.sun.tools.javac.code.ClassFinder::complete@50 (line 289)
  0x00000001238fa7d8: bc84 e104 | 4c8b 4c24 | 7048 8bb4 | 2480 0000 

  0x00000001238fa7e8: ;   {metadata(method data for {method} {0x000000015dcea5c0} 'complete' '(Lcom/sun/tools/javac/code/Symbol;)V' in 'com/sun/tools/javac/code/ClassFinder')}
  0x00000001238fa7e8: 0048 ba88 | db1a 5e01 | 0000 0048 | 8382 0002 | 0000 0149 | 8bd1 488b | b424 8000 

  0x00000001238fa804: ;   {optimized virtual_call}
  0x00000001238fa804: 0000 90e8 

  0x00000001238fa808: ; ImmutableOopMap {[128]=Oop [112]=Oop }
                      ;*invokevirtual completeEnclosing {reexecute=0 rethrow=0 return_oop=0}
                      ; - com.sun.tools.javac.code.ClassFinder::complete@55 (line 290)
  0x00000001238fa808: d4d3 ffff | 488b b424 | 8000 0000 

  0x00000001238fa814: ;   {metadata(method data for {method} {0x000000015dcea5c0} 'complete' '(Lcom/sun/tools/javac/code/Symbol;)V' in 'com/sun/tools/javac/code/ClassFinder')}
  0x00000001238fa814: 48ba 88db | 1a5e 0100 | 0000 4883 | 8250 0200 | 0001 488b | 5424 7048 | 8bb4 2480 | 0000 000f 
  0x00000001238fa834: ;   {optimized virtual_call}
  0x00000001238fa834: 1f40 00e8 

  0x00000001238fa838: ; ImmutableOopMap {[128]=Oop }
                      ;*invokevirtual fillIn {reexecute=0 rethrow=0 return_oop=0}
                      ; - com.sun.tools.javac.code.ClassFinder::complete@60 (line 291)
  0x00000001238fa838: 0459 0000 | 488b b424 | 8000 0000 | 8b56 1848 | c1e2 0348 | 3b02 488b 

  0x00000001238fa850: ;   {metadata(method data for {method} {0x000000015dcea5c0} 'complete' '(Lcom/sun/tools/javac/code/Symbol;)V' in 'com/sun/tools/javac/code/ClassFinder')}
  0x00000001238fa850: fa48 bb88 | db1a 5e01 | 0000 0048 | 8383 8802 

  0x00000001238fa860: ;   {metadata(method data for {method} {0x000000015dd13210} 'unblockAnnotationsNoFlush' '()V' in 'com/sun/tools/javac/comp/Annotate')}
  0x00000001238fa860: 0000 0148 | bf70 531b | 5e01 0000 | 008b 9fac | 0000 0083 | c302 899f | ac00 0000 | 81e3 feff 
  0x00000001238fa880: 1f00 83fb | 000f 84f3 | 0600 008b | 7a0c ffcf | 897a 0c8b | 5630 48c1 | e203 483b 

  0x00000001238fa89c: ;   {metadata(method data for {method} {0x000000015dcea5c0} 'complete' '(Lcom/sun/tools/javac/code/Symbol;)V' in 'com/sun/tools/javac/code/ClassFinder')}
  0x00000001238fa89c: 0248 bf88 | db1a 5e01 | 0000 0048 | 8387 c002 

  0x00000001238fa8ac: ;   {metadata(method data for {method} {0x000000015defc288} 'pop' '()V' in 'com/sun/tools/javac/util/Dependencies$DummyDependencies')}
  0x00000001238fa8ac: 0000 0148 | baf8 e41a | 5e01 0000 | 008b baac | 0000 0083 | c702 89ba | ac00 0000 | 81e7 feff 
  0x00000001238fa8cc: 1f00 83ff | 000f 84cd 

  0x00000001238fa8d4: ;   {metadata(method data for {method} {0x000000015dcea5c0} 'complete' '(Lcom/sun/tools/javac/code/Symbol;)V' in 'com/sun/tools/javac/code/ClassFinder')}
  0x00000001238fa8d4: 0600 0048 | ba88 db1a | 5e01 0000 | 00ff 82e0 

  0x00000001238fa8e4: ;   {metadata(method data for {method} {0x000000015dcea5c0} 'complete' '(Lcom/sun/tools/javac/code/Symbol;)V' in 'com/sun/tools/javac/code/ClassFinder')}
  0x00000001238fa8e4: 0200 0048 | ba88 db1a | 5e01 0000 | 00ff 8268 | 0300 00e9 | 7001 0000 

  0x00000001238fa8fc: ;   {oop(a 'com/sun/tools/javac/code/Kinds$Kind'{0x000000072ebb2138})}
  0x00000001238fa8fc: 49ba 3821 | bb2e 0700 | 0000 493b 

  0x00000001238fa908: ;   {metadata(method data for {method} {0x000000015dcea5c0} 'complete' '(Lcom/sun/tools/javac/code/Symbol;)V' in 'com/sun/tools/javac/code/ClassFinder')}
  0x00000001238fa908: fa48 bf88 | db1a 5e01 | 0000 0048 | c7c3 8003 | 0000 0f85 | 0700 0000 | 48c7 c390 | 0300 0048 
  0x00000001238fa928: 8b04 1f48 | 8d40 0148 | 8904 1f0f | 8533 0100 | 0048 83fa 

  0x00000001238fa93c: ;   {metadata(method data for {method} {0x000000015dcea5c0} 'complete' '(Lcom/sun/tools/javac/code/Symbol;)V' in 'com/sun/tools/javac/code/ClassFinder')}
  0x00000001238fa93c: 0075 1648 | b988 db1a | 5e01 0000 | 0080 8999 | 0300 0001 | e9d3 0000 

  0x00000001238fa954: ;   {metadata('com/sun/tools/javac/code/Symbol$PackageSymbol')}
  0x00000001238fa954: 0048 b800 | f01b 3b01 | 0000 008b | 4a08 49ba | 0000 0039 | 0100 0000 | 4903 ca48 | 3b41 500f 
  0x00000001238fa974: 8593 0000 

  0x00000001238fa978: ;   {metadata(method data for {method} {0x000000015dcea5c0} 'complete' '(Lcom/sun/tools/javac/code/Symbol;)V' in 'com/sun/tools/javac/code/ClassFinder')}
  0x00000001238fa978: 0048 b988 | db1a 5e01 | 0000 008b | 4208 49ba | 0000 0039 | 0100 0000 | 4903 c248 | 3b81 b003 
  0x00000001238fa998: 0000 750d | 4883 81b8 | 0300 0001 | e97f 0000 | 0048 3b81 | c003 0000 | 750d 4883 | 81c8 0300 
  0x00000001238fa9b8: 0001 e969 | 0000 0048 | 81b9 b003 | 0000 0000 | 0000 7517 | 4889 81b0 | 0300 0048 | c781 b803 
  0x00000001238fa9d8: 0000 0100 | 0000 e945 | 0000 0048 | 81b9 c003 | 0000 0000 | 0000 7517 | 4889 81c0 | 0300 0048 
  0x00000001238fa9f8: c781 c803 | 0000 0100 | 0000 e921 | 0000 00e9 | 1c00 0000 

  0x00000001238faa0c: ;   {metadata(method data for {method} {0x000000015dcea5c0} 'complete' '(Lcom/sun/tools/javac/code/Symbol;)V' in 'com/sun/tools/javac/code/ClassFinder')}
  0x00000001238faa0c: 48b9 88db | 1a5e 0100 | 0000 4883 | a9a0 0300 | 0001 e9a2 | 0500 00e9 | 0000 0000 | 488b fa48 
  0x00000001238faa2c: ;   {metadata(method data for {method} {0x000000015dcea5c0} 'complete' '(Lcom/sun/tools/javac/code/Symbol;)V' in 'com/sun/tools/javac/code/ClassFinder')}
  0x00000001238faa2c: 8bde 48b8 | 88db 1a5e | 0100 0000 | 4883 80d8 | 0300 0001 | 488b d748 | 8bfe 488b | f766 0f1f 
  0x00000001238faa4c: ;   {optimized virtual_call}
  0x00000001238faa4c: 4400 00e8 

  0x00000001238faa50: ; ImmutableOopMap {[152]=Oop [128]=Oop }
                      ;*invokevirtual fillIn {reexecute=0 rethrow=0 return_oop=0}
                      ; - com.sun.tools.javac.code.ClassFinder::complete@117 (line 299)
  0x00000001238faa50: d106 0000 

  0x00000001238faa54: ;   {metadata(method data for {method} {0x000000015dcea5c0} 'complete' '(Lcom/sun/tools/javac/code/Symbol;)V' in 'com/sun/tools/javac/code/ClassFinder')}
  0x00000001238faa54: 48be 88db | 1a5e 0100 | 0000 ff86 | 1004 0000 | 488b b424 | 8000 0000 | 8b7e 1448 | c1e7 030f 
  0x00000001238faa74: be7f 2983 

  0x00000001238faa78: ;   {metadata(method data for {method} {0x000000015dcea5c0} 'complete' '(Lcom/sun/tools/javac/code/Symbol;)V' in 'com/sun/tools/javac/code/ClassFinder')}
  0x00000001238faa78: ff00 48bf | 88db 1a5e | 0100 0000 | 48c7 c3b0 | 0400 000f | 8507 0000 | 0048 c7c3 | c004 0000 
  0x00000001238faa98: 488b 041f | 488d 4001 | 4889 041f | 0f85 2a00 | 0000 8b76 | 1848 c1e6 | 0348 3b06 

  0x00000001238faab4: ;   {metadata(method data for {method} {0x000000015dcea5c0} 'complete' '(Lcom/sun/tools/javac/code/Symbol;)V' in 'com/sun/tools/javac/code/ClassFinder')}
  0x00000001238faab4: 488b fe48 | bb88 db1a | 5e01 0000 | 0048 8383 | e804 0000 | 0166 0f1f 

  0x00000001238faacc: ;   {optimized virtual_call}
  0x00000001238faacc: 4400 00e8 

  0x00000001238faad0: ; ImmutableOopMap {}
                      ;*invokevirtual flush {reexecute=0 rethrow=0 return_oop=0}
                      ; - com.sun.tools.javac.code.ClassFinder::complete@162 (line 310)
  0x00000001238faad0: 4c04 0800 | 4881 c4c0 | 0000 005d 

  0x00000001238faadc: ;   {poll_return}
  0x00000001238faadc: 493b a748 | 0300 000f | 87ef 0400 | 00c3 488b | b424 8000 | 0000 498b | 87d8 0300 | 004d 33d2 
  0x00000001238faafc: 4d89 97d8 | 0300 004d | 33d2 4d89 | 97e0 0300 

  0x00000001238fab0c: ;   {metadata('com/sun/tools/javac/code/Symbol$CompletionFailure')}
  0x00000001238fab0c: 0048 ba68 | d61b 3b01 | 0000 004c | 8bc8 4c8b | c649 8b87 | 0801 0000 | 488d 7838 | 493b bf18 
  0x00000001238fab2c: 0100 000f | 87b9 0400 | 0049 89bf | 0801 0000 | 48c7 0001 | 0000 0048 | 8bca 49ba | 0000 0039 
  0x00000001238fab4c: 0100 0000 | 492b ca89 | 4808 4833 | c989 480c | 4833 c948 | bf05 0000 | 0000 0000 | 0048 894c 
  0x00000001238fab6c: f808 48ff | cf75 f60f | 1f44 0000 

  0x00000001238fab78: ;   {no_reloc}
  0x00000001238fab78: e98d 0400 | 0090 9090 | 9090 498b | f049 8bd1 | 4c89 8c24 | a800 0000 | 4889 8424 | a000 0000 
  0x00000001238fab98: 0f1f 8000 

  0x00000001238fab9c: ;   {static_call}
  0x00000001238fab9c: 0000 00e8 

  0x00000001238faba0: ; ImmutableOopMap {[160]=Oop [168]=Oop [128]=Oop [152]=Oop }
                      ;*invokedynamic {reexecute=0 rethrow=0 return_oop=0}
                      ; - com.sun.tools.javac.code.ClassFinder::complete@131 (line 301)
  0x00000001238faba0: dc9a d604 

  0x00000001238faba4: ;   {metadata(method data for {method} {0x000000015dcea5c0} 'complete' '(Lcom/sun/tools/javac/code/Symbol;)V' in 'com/sun/tools/javac/code/ClassFinder')}
  0x00000001238faba4: 48ba 88db | 1a5e 0100 | 0000 488d | 9258 0400 | 0048 85c0 | 7510 48f7 | 0201 0000 | 0075 50f0 
  0x00000001238fabc4: 4883 0a01 | eb49 8b48 | 0849 ba00 | 0000 3901 | 0000 0049 | 03ca 4c8b | d148 330a | 48f7 c1fc 
  0x00000001238fabe4: ffff ff74 | 2a48 f7c1 | 0200 0000 | 7521 48f7 | 02fe ffff | ff74 1549 | 8bca 4833 | 0a48 f7c1 
  0x00000001238fac04: fcff ffff | 7409 4883 | 0a02 eb03 | 4889 0a48 | 8bb4 2480 | 0000 0044 | 8b46 3849 | c1e0 0348 
  0x00000001238fac24: 8b94 24a0 

  0x00000001238fac28: ;   {metadata(method data for {method} {0x000000015dcea5c0} 'complete' '(Lcom/sun/tools/javac/code/Symbol;)V' in 'com/sun/tools/javac/code/ClassFinder')}
  0x00000001238fac28: 0000 0048 | b988 db1a | 5e01 0000 | 0048 8381 | 6804 0000 | 0148 8b94 | 2498 0000 | 0048 8bc8 
  0x00000001238fac48: 488b b424 | a000 0000 | 0f1f 8000 

  0x00000001238fac54: ;   {optimized virtual_call}
  0x00000001238fac54: 0000 00e8 

  0x00000001238fac58: ; ImmutableOopMap {[160]=Oop [168]=Oop }
                      ;*invokespecial <init> {reexecute=0 rethrow=0 return_oop=0}
                      ; - com.sun.tools.javac.code.ClassFinder::complete@140 (line 301)
  0x00000001238fac58: 2494 d604 | 488b 8424 | a000 0000 

  0x00000001238fac64: ;   {metadata(method data for {method} {0x000000015dcea5c0} 'complete' '(Lcom/sun/tools/javac/code/Symbol;)V' in 'com/sun/tools/javac/code/ClassFinder')}
  0x00000001238fac64: 48ba 88db | 1a5e 0100 | 0000 8b40 | 0849 ba00 | 0000 3901 | 0000 0049 | 03c2 483b | 8288 0400 
  0x00000001238fac84: 0075 0d48 | 8382 9004 | 0000 01e9 | 6600 0000 | 483b 8298 | 0400 0075 | 0d48 8382 | a004 0000 
  0x00000001238faca4: 01e9 5000 | 0000 4881 | ba88 0400 | 0000 0000 | 0075 1748 | 8982 8804 | 0000 48c7 | 8290 0400 
  0x00000001238facc4: 0001 0000 | 00e9 2c00 | 0000 4881 | ba98 0400 | 0000 0000 | 0075 1748 | 8982 9804 | 0000 48c7 
  0x00000001238face4: 82a0 0400 | 0001 0000 | 00e9 0800 | 0000 4883 | 8278 0400 

  0x00000001238facf8: ;   {metadata(method data for {method} {0x000000015dc94748} 'initCause' '(Ljava/lang/Throwable;)Lcom/sun/tools/javac/code/Symbol$CompletionFailure;' in 'com/sun/tools/javac/code/Symbol$CompletionFailure')}
  0x00000001238facf8: 0001 48ba | b066 1b5e | 0100 0000 | 8bb2 ac00 | 0000 83c6 | 0289 b2ac | 0000 0081 | e6fe ff1f 
  0x00000001238fad18: 0083 fe00 | 0f84 f202 | 0000 488b | 8424 a000 

  0x00000001238fad28: ;   {metadata(method data for {method} {0x000000015dc94748} 'initCause' '(Ljava/lang/Throwable;)Lcom/sun/tools/javac/code/Symbol$CompletionFailure;' in 'com/sun/tools/javac/code/Symbol$CompletionFailure')}
  0x00000001238fad28: 0000 48ba | b066 1b5e | 0100 0000 | 4883 82f0 | 0000 0001 | 488b 9424 | a800 0000 | 488b b424 
  0x00000001238fad48: a000 0000 

  0x00000001238fad4c: ;   {optimized virtual_call}
  0x00000001238fad4c: 6666 90e8 

  0x00000001238fad50: ; ImmutableOopMap {[160]=Oop }
                      ;*invokespecial initCause {reexecute=0 rethrow=0 return_oop=0}
                      ; - com.sun.tools.javac.code.Symbol$CompletionFailure::initCause@2 (line 2580)
                      ; - com.sun.tools.javac.code.ClassFinder::complete@144 (line 306)
  0x00000001238fad50: 2c93 d604 | 488b 8424 | a000 0000 | e944 0300 | 0048 8bb4 | 2480 0000 | 0049 8b87 | d803 0000 
  0x00000001238fad70: 4d33 d24d | 8997 d803 | 0000 4d33 | d24d 8997 | e003 0000 | 8b7e 1848 | c1e7 0348 | 3b07 488b 
  0x00000001238fad90: ;   {metadata(method data for {method} {0x000000015dcea5c0} 'complete' '(Lcom/sun/tools/javac/code/Symbol;)V' in 'com/sun/tools/javac/code/ClassFinder')}
  0x00000001238fad90: df48 ba88 | db1a 5e01 | 0000 0048 | 8382 1003 

  0x00000001238fada0: ;   {metadata(method data for {method} {0x000000015dd13210} 'unblockAnnotationsNoFlush' '()V' in 'com/sun/tools/javac/comp/Annotate')}
  0x00000001238fada0: 0000 0148 | bb70 531b | 5e01 0000 | 008b 93ac | 0000 0083 | c202 8993 | ac00 0000 | 81e2 feff 
  0x00000001238fadc0: 1f00 83fa | 000f 846f | 0200 008b | 5f0c ffcb | 895f 0c8b | 7630 48c1 | e603 483b 

  0x00000001238faddc: ;   {metadata(method data for {method} {0x000000015dcea5c0} 'complete' '(Lcom/sun/tools/javac/code/Symbol;)V' in 'com/sun/tools/javac/code/ClassFinder')}
  0x00000001238faddc: 0648 bf88 | db1a 5e01 | 0000 0048 | 8387 4803 

  0x00000001238fadec: ;   {metadata(method data for {method} {0x000000015defc288} 'pop' '()V' in 'com/sun/tools/javac/util/Dependencies$DummyDependencies')}
  0x00000001238fadec: 0000 0148 | bef8 e41a | 5e01 0000 | 008b beac | 0000 0083 | c702 89be | ac00 0000 | 81e7 feff 
  0x00000001238fae0c: 1f00 83ff | 000f 8449 | 0200 00e9 | 8902 0000 

  0x00000001238fae1c: ;   {metadata({method} {0x000000015dcea5c0} 'complete' '(Lcom/sun/tools/javac/code/Symbol;)V' in 'com/sun/tools/javac/code/ClassFinder')}
  0x00000001238fae1c: 49ba c0a5 | ce5d 0100 | 0000 4c89 | 5424 0848 | c704 24ff 

  0x00000001238fae30: ;   {runtime_call counter_overflow Runtime1 stub}
  0x00000001238fae30: ffff ffe8 

  0x00000001238fae34: ; ImmutableOopMap {rsi=Oop [128]=Oop rdx=Oop [152]=Oop }
                      ;*synchronization entry
                      ; - com.sun.tools.javac.code.ClassFinder::complete@-1 (line 283)
  0x00000001238fae34: 480a e104 | e92a f3ff 

  0x00000001238fae3c: ;   {runtime_call throw_null_pointer_exception Runtime1 stub}
  0x00000001238fae3c: ffe8 5eb3 

  0x00000001238fae40: ; ImmutableOopMap {rsi=Oop [128]=Oop rdx=Oop [152]=Oop }
                      ;*getfield kind {reexecute=1 rethrow=0 return_oop=0}
                      ; - (reexecute) com.sun.tools.javac.code.ClassFinder::complete@1 (line 283)
  0x00000001238fae40: e004 4889 

  0x00000001238fae44: ;   {runtime_call throw_class_cast_exception Runtime1 stub}
  0x00000001238fae44: 1424 e855 

  0x00000001238fae48: ; ImmutableOopMap {rsi=Oop [128]=Oop }
                      ;*checkcast {reexecute=0 rethrow=0 return_oop=0}
                      ; - com.sun.tools.javac.code.ClassFinder::complete@11 (line 285)
                      ;   {runtime_call throw_null_pointer_exception Runtime1 stub}
  0x00000001238fae48: dae0 04e8 

  0x00000001238fae4c: ; ImmutableOopMap {rsi=Oop [128]=Oop r9=Oop [112]=Oop rdx=Oop }
                      ;*invokevirtual push {reexecute=0 rethrow=0 return_oop=0}
                      ; - com.sun.tools.javac.code.ClassFinder::complete@23 (line 286)
  0x00000001238fae4c: 50b3 e004 

  0x00000001238fae50: ;   {metadata({method} {0x000000015defc1e0} 'push' '(Lcom/sun/tools/javac/code/Symbol$ClassSymbol;Lcom/sun/tools/javac/util/Dependencies$CompletionCause;)V' in 'com/sun/tools/javac/util/Dependencies$DummyDependencies')}
  0x00000001238fae50: 49ba e0c1 | ef5d 0100 | 0000 4c89 | 5424 0848 | c704 24ff 

  0x00000001238fae64: ;   {runtime_call counter_overflow Runtime1 stub}
  0x00000001238fae64: ffff ffe8 

  0x00000001238fae68: ; ImmutableOopMap {rsi=Oop [128]=Oop r9=Oop [112]=Oop }
                      ;*synchronization entry
                      ; - com.sun.tools.javac.util.Dependencies$DummyDependencies::push@-1 (line 435)
                      ; - com.sun.tools.javac.code.ClassFinder::complete@23 (line 286)
  0x00000001238fae68: 140a e104 | e975 f4ff 

  0x00000001238fae70: ;   {runtime_call throw_null_pointer_exception Runtime1 stub}
  0x00000001238fae70: ffe8 2ab3 

  0x00000001238fae74: ; ImmutableOopMap {rsi=Oop [128]=Oop r9=Oop [112]=Oop rdx=Oop }
                      ;*invokevirtual blockAnnotations {reexecute=0 rethrow=0 return_oop=0}
                      ; - com.sun.tools.javac.code.ClassFinder::complete@30 (line 287)
                      ;   {metadata({method} {0x000000015dd13090} 'blockAnnotations' '()V' in 'com/sun/tools/javac/comp/Annotate')}
  0x00000001238fae74: e004 49ba | 9030 d15d | 0100 0000 | 4c89 5424 | 0848 c704 | 24ff ffff 

  0x00000001238fae8c: ;   {runtime_call counter_overflow Runtime1 stub}
  0x00000001238fae8c: ffe8 ee09 

  0x00000001238fae90: ; ImmutableOopMap {rsi=Oop [128]=Oop r9=Oop [112]=Oop rdx=Oop }
                      ;*synchronization entry
                      ; - com.sun.tools.javac.comp.Annotate::blockAnnotations@-1 (line 138)
                      ; - com.sun.tools.javac.code.ClassFinder::complete@30 (line 287)
  0x00000001238fae90: e104 e996 | f4ff ff48 

  0x00000001238fae98: ;   {runtime_call fast_new_instance Runtime1 stub}
  0x00000001238fae98: 8bd2 e8e1 

  0x00000001238fae9c: ; ImmutableOopMap {r9=Oop [112]=Oop [128]=Oop }
                      ;*new {reexecute=0 rethrow=0 return_oop=0}
                      ; - com.sun.tools.javac.code.ClassFinder::complete@34 (line 288)
  0x00000001238fae9c: bbe0 04e9 | edf4 ffff 

  0x00000001238faea4: ;   {metadata({method} {0x000000015dcebf28} '<init>' '(Lcom/sun/tools/javac/code/Symbol;)V' in 'com/sun/tools/javac/code/Scope$ErrorScope')}
  0x00000001238faea4: 49ba 28bf | ce5d 0100 | 0000 4c89 | 5424 0848 | c704 24ff 

  0x00000001238faeb8: ;   {runtime_call counter_overflow Runtime1 stub}
  0x00000001238faeb8: ffff ffe8 

  0x00000001238faebc: ; ImmutableOopMap {r9=Oop [112]=Oop [128]=Oop rax=Oop }
                      ;*synchronization entry
                      ; - com.sun.tools.javac.code.Scope$ErrorScope::<init>@-1 (line 1127)
                      ; - com.sun.tools.javac.code.ClassFinder::complete@39 (line 288)
  0x00000001238faebc: c009 e104 | e909 f5ff 

  0x00000001238faec4: ;   {metadata({method} {0x000000015dced970} '<init>' '(Lcom/sun/tools/javac/code/Symbol;)V' in 'com/sun/tools/javac/code/Scope$ScopeImpl')}
  0x00000001238faec4: ff49 ba70 | d9ce 5d01 | 0000 004c | 8954 2408 | 48c7 0424 | ffff ffff 

  0x00000001238faedc: ;   {runtime_call counter_overflow Runtime1 stub}
  0x00000001238faedc: e89f 09e1 

  0x00000001238faee0: ; ImmutableOopMap {r9=Oop [112]=Oop [128]=Oop rax=Oop }
                      ;*synchronization entry
                      ; - com.sun.tools.javac.code.Scope$ScopeImpl::<init>@-1 (line 333)
                      ; - com.sun.tools.javac.code.Scope$ErrorScope::<init>@2 (line 1127)
                      ; - com.sun.tools.javac.code.ClassFinder::complete@39 (line 288)
  0x00000001238faee0: 04e9 25f5 

  0x00000001238faee4: ;   {runtime_call new_object_array Runtime1 stub}
  0x00000001238faee4: ffff e895 

  0x00000001238faee8: ; ImmutableOopMap {r9=Oop [112]=Oop [128]=Oop r13=Oop }
                      ;*anewarray {reexecute=0 rethrow=0 return_oop=0}
                      ; - com.sun.tools.javac.code.Scope$ScopeImpl::<init>@5 (line 333)
                      ; - com.sun.tools.javac.code.Scope$ErrorScope::<init>@2 (line 1127)
                      ; - com.sun.tools.javac.code.ClassFinder::complete@39 (line 288)
  0x00000001238faee8: c4e0 04e9 | b5f5 ffff 

  0x00000001238faef0: ; implicit exception: dispatches to 0x00000001238fb081
  0x00000001238faef0: 418b 5134 | 48c1 e203 | 4883 fa00 | 0f84 edf5 | ffff 4889 

  0x00000001238faf04: ;   {runtime_call g1_pre_barrier_slow}
  0x00000001238faf04: 1424 e875 | 12e1 04e9 | dff5 ffff 

  0x00000001238faf10: ;   {runtime_call throw_null_pointer_exception Runtime1 stub}
  0x00000001238faf10: e88b b2e0 

  0x00000001238faf14: ; ImmutableOopMap {[128]=Oop r9=Oop [112]=Oop rax=Oop }
                      ;*putfield members_field {reexecute=1 rethrow=0 return_oop=0}
                      ; - (reexecute) com.sun.tools.javac.code.ClassFinder::complete@42 (line 288)
  0x00000001238faf14: 0448 83f8 | 000f 84f4 | f5ff ff4c 

  0x00000001238faf20: ;   {runtime_call g1_post_barrier_slow}
  0x00000001238faf20: 890c 24e8 | 5815 e104 | e9e6 f5ff 

  0x00000001238faf2c: ;   {metadata({method} {0x000000015dcea6b0} 'completeOwners' '(Lcom/sun/tools/javac/code/Symbol;)V' in 'com/sun/tools/javac/code/ClassFinder')}
  0x00000001238faf2c: ff49 bab0 | a6ce 5d01 | 0000 004c | 8954 2408 | 48c7 0424 | ffff ffff 

  0x00000001238faf44: ;   {runtime_call counter_overflow Runtime1 stub}
  0x00000001238faf44: e837 09e1 

  0x00000001238faf48: ; ImmutableOopMap {[128]=Oop r9=Oop [112]=Oop rdi=Oop }
                      ;*synchronization entry
                      ; - com.sun.tools.javac.code.ClassFinder::completeOwners@-1 (line 315)
                      ; - com.sun.tools.javac.code.ClassFinder::complete@50 (line 289)
  0x00000001238faf48: 04e9 0ff6 

  0x00000001238faf4c: ;   {runtime_call throw_null_pointer_exception Runtime1 stub}
  0x00000001238faf4c: ffff e84d 

  0x00000001238faf50: ; ImmutableOopMap {[128]=Oop r9=Oop [112]=Oop rdi=Oop }
                      ;*getfield kind {reexecute=1 rethrow=0 return_oop=0}
                      ; - (reexecute) com.sun.tools.javac.code.ClassFinder::completeOwners@1 (line 315)
                      ; - com.sun.tools.javac.code.ClassFinder::complete@50 (line 289)
                      ;   {metadata({method} {0x000000015dcea6b0} 'completeOwners' '(Lcom/sun/tools/javac/code/Symbol;)V' in 'com/sun/tools/javac/code/ClassFinder')}
  0x00000001238faf50: b2e0 0449 | bab0 a6ce | 5d01 0000 | 004c 8954 | 2408 48c7 | 0424 ffff 

  0x00000001238faf68: ;   {runtime_call counter_overflow Runtime1 stub}
  0x00000001238faf68: ffff e811 

  0x00000001238faf6c: ; ImmutableOopMap {[128]=Oop r9=Oop [112]=Oop rdi=Oop rbx=Oop }
                      ;*synchronization entry
                      ; - com.sun.tools.javac.code.ClassFinder::completeOwners@-1 (line 315)
                      ; - com.sun.tools.javac.code.ClassFinder::completeOwners@15 (line 315)
                      ; - com.sun.tools.javac.code.ClassFinder::complete@50 (line 289)
  0x00000001238faf6c: 09e1 04e9 | 76f6 ffff 

  0x00000001238faf74: ;   {runtime_call throw_null_pointer_exception Runtime1 stub}
  0x00000001238faf74: e827 b2e0 

  0x00000001238faf78: ; ImmutableOopMap {[128]=Oop r9=Oop [112]=Oop rdi=Oop rbx=Oop }
                      ;*getfield kind {reexecute=1 rethrow=0 return_oop=0}
                      ; - (reexecute) com.sun.tools.javac.code.ClassFinder::completeOwners@1 (line 315)
                      ; - com.sun.tools.javac.code.ClassFinder::completeOwners@15 (line 315)
                      ; - com.sun.tools.javac.code.ClassFinder::complete@50 (line 289)
                      ;   {runtime_call throw_null_pointer_exception Runtime1 stub}
  0x00000001238faf78: 04e8 22b2 

  0x00000001238faf7c: ; ImmutableOopMap {rsi=Oop [128]=Oop rdx=Oop }
                      ;*invokevirtual unblockAnnotationsNoFlush {reexecute=0 rethrow=0 return_oop=0}
                      ; - com.sun.tools.javac.code.ClassFinder::complete@67 (line 293)
                      ;   {metadata({method} {0x000000015dd13210} 'unblockAnnotationsNoFlush' '()V' in 'com/sun/tools/javac/comp/Annotate')}
  0x00000001238faf7c: e004 49ba | 1032 d15d | 0100 0000 | 4c89 5424 | 0848 c704 | 24ff ffff 

  0x00000001238faf94: ;   {runtime_call counter_overflow Runtime1 stub}
  0x00000001238faf94: ffe8 e608 

  0x00000001238faf98: ; ImmutableOopMap {rsi=Oop [128]=Oop rdx=Oop }
                      ;*synchronization entry
                      ; - com.sun.tools.javac.comp.Annotate::unblockAnnotationsNoFlush@-1 (line 151)
                      ; - com.sun.tools.javac.code.ClassFinder::complete@67 (line 293)
  0x00000001238faf98: e104 e9ec 

  0x00000001238faf9c: ;   {runtime_call throw_null_pointer_exception Runtime1 stub}
  0x00000001238faf9c: f8ff ffe8 

  0x00000001238fafa0: ; ImmutableOopMap {rsi=Oop [128]=Oop rdx=Oop }
                      ;*invokevirtual pop {reexecute=0 rethrow=0 return_oop=0}
                      ; - com.sun.tools.javac.code.ClassFinder::complete@74 (line 294)
  0x00000001238fafa0: fcb1 e004 

  0x00000001238fafa4: ;   {metadata({method} {0x000000015defc288} 'pop' '()V' in 'com/sun/tools/javac/util/Dependencies$DummyDependencies')}
  0x00000001238fafa4: 49ba 88c2 | ef5d 0100 | 0000 4c89 | 5424 0848 | c704 24ff 

  0x00000001238fafb8: ;   {runtime_call counter_overflow Runtime1 stub}
  0x00000001238fafb8: ffff ffe8 

  0x00000001238fafbc: ; ImmutableOopMap {rsi=Oop [128]=Oop }
                      ;*synchronization entry
                      ; - com.sun.tools.javac.util.Dependencies$DummyDependencies::pop@-1 (line 440)
                      ; - com.sun.tools.javac.code.ClassFinder::complete@74 (line 294)
  0x00000001238fafbc: c008 e104 | e912 f9ff | ff48 8914 

  0x00000001238fafc8: ;   {runtime_call throw_class_cast_exception Runtime1 stub}
  0x00000001238fafc8: 24e8 d2d8 

  0x00000001238fafcc: ; ImmutableOopMap {rsi=Oop [128]=Oop rdx=Oop [152]=Oop }
                      ;*checkcast {reexecute=0 rethrow=0 return_oop=0}
                      ; - com.sun.tools.javac.code.ClassFinder::complete@111 (line 297)
                      ;   {runtime_call throw_null_pointer_exception Runtime1 stub}
  0x00000001238fafcc: e004 e8cd 

  0x00000001238fafd0: ; ImmutableOopMap {rsi=Oop [128]=Oop }
                      ;*getfield filling {reexecute=1 rethrow=0 return_oop=0}
                      ; - (reexecute) com.sun.tools.javac.code.ClassFinder::complete@152 (line 309)
                      ;   {runtime_call throw_null_pointer_exception Runtime1 stub}
  0x00000001238fafd0: b1e0 04e8 

  0x00000001238fafd4: ; ImmutableOopMap {rsi=Oop }
                      ;*invokevirtual flush {reexecute=0 rethrow=0 return_oop=0}
                      ; - com.sun.tools.javac.code.ClassFinder::complete@162 (line 310)
  0x00000001238fafd4: c8b1 e004 

  0x00000001238fafd8: ;   {internal_word}
  0x00000001238fafd8: 49ba dcaa | 8f23 0100 | 0000 4d89 | 9760 0300 

  0x00000001238fafe8: ;   {runtime_call SafepointBlob}
  0x00000001238fafe8: 00e9 12f7 | d604 488b 

  0x00000001238faff0: ;   {runtime_call fast_new_instance Runtime1 stub}
  0x00000001238faff0: d2e8 8aba 

  0x00000001238faff4: ; ImmutableOopMap {[152]=Oop r9=Oop r8=Oop [128]=Oop }
                      ;*new {reexecute=0 rethrow=0 return_oop=0}
                      ; - com.sun.tools.javac.code.ClassFinder::complete@124 (line 301)
  0x00000001238faff4: e004 e978 | fbff ff48 | b900 0000 | 0000 0000 | 00b8 000f 

  0x00000001238fb008: ;   {runtime_call load_appendix_patching Runtime1 stub}
  0x00000001238fb008: 050a e8f1 

  0x00000001238fb00c: ; ImmutableOopMap {[152]=Oop r9=Oop r8=Oop [128]=Oop rax=Oop }
                      ;*invokedynamic {reexecute=1 rethrow=0 return_oop=0}
                      ; - (reexecute) com.sun.tools.javac.code.ClassFinder::complete@131 (line 301)
  0x00000001238fb00c: fde0 04e9 | 64fb ffff 

  0x00000001238fb014: ;   {metadata({method} {0x000000015dc94748} 'initCause' '(Ljava/lang/Throwable;)Lcom/sun/tools/javac/code/Symbol$CompletionFailure;' in 'com/sun/tools/javac/code/Symbol$CompletionFailure')}
  0x00000001238fb014: 49ba 4847 | c95d 0100 | 0000 4c89 | 5424 0848 | c704 24ff 

  0x00000001238fb028: ;   {runtime_call counter_overflow Runtime1 stub}
  0x00000001238fb028: ffff ffe8 

  0x00000001238fb02c: ; ImmutableOopMap {[160]=Oop [168]=Oop }
                      ;*synchronization entry
                      ; - com.sun.tools.javac.code.Symbol$CompletionFailure::initCause@-1 (line 2580)
                      ; - com.sun.tools.javac.code.ClassFinder::complete@144 (line 306)
  0x00000001238fb02c: 5008 e104 | e9ed fcff 

  0x00000001238fb034: ;   {runtime_call throw_null_pointer_exception Runtime1 stub}
  0x00000001238fb034: ffe8 66b1 

  0x00000001238fb038: ; ImmutableOopMap {rsi=Oop [128]=Oop rax=Oop rdi=Oop }
                      ;*invokevirtual unblockAnnotationsNoFlush {reexecute=0 rethrow=0 return_oop=0}
                      ; - com.sun.tools.javac.code.ClassFinder::complete@85 (line 293)
                      ;   {metadata({method} {0x000000015dd13210} 'unblockAnnotationsNoFlush' '()V' in 'com/sun/tools/javac/comp/Annotate')}
  0x00000001238fb038: e004 49ba | 1032 d15d | 0100 0000 | 4c89 5424 | 0848 c704 | 24ff ffff 

  0x00000001238fb050: ;   {runtime_call counter_overflow Runtime1 stub}
  0x00000001238fb050: ffe8 2a08 

  0x00000001238fb054: ; ImmutableOopMap {rsi=Oop [128]=Oop rax=Oop rdi=Oop }
                      ;*synchronization entry
                      ; - com.sun.tools.javac.comp.Annotate::unblockAnnotationsNoFlush@-1 (line 151)
                      ; - com.sun.tools.javac.code.ClassFinder::complete@85 (line 293)
  0x00000001238fb054: e104 e970 

  0x00000001238fb058: ;   {runtime_call throw_null_pointer_exception Runtime1 stub}
  0x00000001238fb058: fdff ffe8 

  0x00000001238fb05c: ; ImmutableOopMap {rax=Oop rsi=Oop }
                      ;*invokevirtual pop {reexecute=0 rethrow=0 return_oop=0}
                      ; - com.sun.tools.javac.code.ClassFinder::complete@92 (line 294)
  0x00000001238fb05c: 40b1 e004 

  0x00000001238fb060: ;   {metadata({method} {0x000000015defc288} 'pop' '()V' in 'com/sun/tools/javac/util/Dependencies$DummyDependencies')}
  0x00000001238fb060: 49ba 88c2 | ef5d 0100 | 0000 4c89 | 5424 0848 | c704 24ff 

  0x00000001238fb074: ;   {runtime_call counter_overflow Runtime1 stub}
  0x00000001238fb074: ffff ffe8 

  0x00000001238fb078: ; ImmutableOopMap {rax=Oop }
                      ;*synchronization entry
                      ; - com.sun.tools.javac.util.Dependencies$DummyDependencies::pop@-1 (line 440)
                      ; - com.sun.tools.javac.code.ClassFinder::complete@92 (line 294)
  0x00000001238fb078: 0408 e104 | e996 fdff 

  0x00000001238fb080: ;   {runtime_call throw_null_pointer_exception Runtime1 stub}
  0x00000001238fb080: ffe8 1ab1 

  0x00000001238fb084: ; ImmutableOopMap {[120]=Oop [128]=Oop r9=Oop [112]=Oop }
                      ;*putfield members_field {reexecute=1 rethrow=0 return_oop=0}
                      ; - (reexecute) com.sun.tools.javac.code.ClassFinder::complete@42 (line 288)
  0x00000001238fb084: e004 9090 | 498b 87d8 | 0300 0049 | c787 d803 | 0000 0000 | 0000 49c7 | 87e0 0300 | 0000 0000 
  0x00000001238fb0a4: 0048 81c4 | c000 0000 

  0x00000001238fb0ac: ;   {runtime_call unwind_exception Runtime1 stub}
  0x00000001238fb0ac: 5de9 ce92 | e004 f4f4 | f4f4 f4f4 | f4f4 f4f4 | f4f4 f4f4 
[Stub Code]
  0x00000001238fb0c0: ;   {no_reloc}
  0x00000001238fb0c0: 0f1f 4400 

  0x00000001238fb0c4: ;   {static_stub}
  0x00000001238fb0c4: 0048 bb00 | 0000 0000 

  0x00000001238fb0cc: ;   {runtime_call}
  0x00000001238fb0cc: 0000 00e9 | fbff ffff 

  0x00000001238fb0d4: ;   {static_stub}
  0x00000001238fb0d4: 9048 bb00 | 0000 0000 

  0x00000001238fb0dc: ;   {runtime_call}
  0x00000001238fb0dc: 0000 00e9 | fbff ffff 

  0x00000001238fb0e4: ;   {static_stub}
  0x00000001238fb0e4: 9048 bb00 | 0000 0000 

  0x00000001238fb0ec: ;   {runtime_call}
  0x00000001238fb0ec: 0000 00e9 | fbff ffff 

  0x00000001238fb0f4: ;   {static_stub}
  0x00000001238fb0f4: 9048 bb00 | 0000 0000 

  0x00000001238fb0fc: ;   {runtime_call}
  0x00000001238fb0fc: 0000 00e9 | fbff ffff 

  0x00000001238fb104: ;   {static_stub}
  0x00000001238fb104: 9048 bb00 | 0000 0000 

  0x00000001238fb10c: ;   {runtime_call}
  0x00000001238fb10c: 0000 00e9 | fbff ffff 

  0x00000001238fb114: ;   {static_stub}
  0x00000001238fb114: 9048 bb90 | a8ce 5d01 

  0x00000001238fb11c: ;   {runtime_call I2C/C2I adapters}
  0x00000001238fb11c: 0000 00e9 | 39e2 d604 

  0x00000001238fb124: ;   {static_stub}
  0x00000001238fb124: 9048 bbc0 | afce 5d01 

  0x00000001238fb12c: ;   {runtime_call I2C/C2I adapters}
  0x00000001238fb12c: 0000 00e9 | 29e2 d604 

  0x00000001238fb134: ;   {static_stub}
  0x00000001238fb134: 9048 bb90 | 37d1 5d01 

  0x00000001238fb13c: ;   {runtime_call I2C/C2I adapters}
  0x00000001238fb13c: 0000 00e9 | 15d9 d604 

  0x00000001238fb144: ;   {static_stub}
  0x00000001238fb144: 9048 bb00 | 0000 0000 

  0x00000001238fb14c: ;   {runtime_call}
  0x00000001238fb14c: 0000 00e9 | fbff ffff 

  0x00000001238fb154: ;   {static_stub}
  0x00000001238fb154: 9048 bb00 | 0000 0000 

  0x00000001238fb15c: ;   {runtime_call}
  0x00000001238fb15c: 0000 00e9 | fbff ffff 

  0x00000001238fb164: ;   {static_stub}
  0x00000001238fb164: 9048 bb00 | 0000 0000 

  0x00000001238fb16c: ;   {runtime_call}
  0x00000001238fb16c: 0000 00e9 | fbff ffff 
[Exception Handler]
  0x00000001238fb174: ;   {runtime_call handle_exception_from_callee Runtime1 stub}
  0x00000001238fb174: e807 cee0 

  0x00000001238fb178: ;   {external_word}
  0x00000001238fb178: 0448 bff3 | 69cb 1501 | 0000 0048 

  0x00000001238fb184: ;   {runtime_call MacroAssembler::debug64(char*, long long, long long*)}
  0x00000001238fb184: 83e4 f0e8 | e4d6 fcf1 

  0x00000001238fb18c: ;   {section_word}
  0x00000001238fb18c: f449 ba8d | b18f 2301 | 0000 0041 

  0x00000001238fb198: ;   {runtime_call DeoptimizationBlob}
  0x00000001238fb198: 52e9 02e8 | d604 f4f4 
[/MachCode]


Compiled method (c1) 43381 23391       3       com.sun.tools.javac.code.ClassFinder$$Lambda$2530/0x000000013b1cb3f0::complete (9 bytes)
 total in heap  [0x00000001238e2090,0x00000001238e2418] = 904
 relocation     [0x00000001238e21f0,0x00000001238e2230] = 64
 main code      [0x00000001238e2240,0x00000001238e2340] = 256
 stub code      [0x00000001238e2340,0x00000001238e2380] = 64
 oops           [0x00000001238e2380,0x00000001238e2388] = 8
 metadata       [0x00000001238e2388,0x00000001238e2398] = 16
 scopes data    [0x00000001238e2398,0x00000001238e23b0] = 24
 scopes pcs     [0x00000001238e23b0,0x00000001238e2400] = 80
 dependencies   [0x00000001238e2400,0x00000001238e2408] = 8
 nul chk table  [0x00000001238e2408,0x00000001238e2418] = 16

[Constant Pool (empty)]

[MachCode]
[Entry Point]
  # {method} {0x000000015dcf1f90} 'complete' '(Lcom/sun/tools/javac/code/Symbol;)V' in 'com/sun/tools/javac/code/ClassFinder$$Lambda$2530+0x000000013b1cb3f0'
  # this:     rsi:rsi   = 'com/sun/tools/javac/code/ClassFinder$$Lambda$2530+0x000000013b1cb3f0'
  # parm0:    rdx:rdx   = 'com/sun/tools/javac/code/Symbol'
  #           [sp+0x40]  (sp of caller)
  0x00000001238e2240: 448b 5608 | 49bb 0000 | 0039 0100 | 0000 4d03 | d34c 3bd0 

  0x00000001238e2254: ;   {runtime_call ic_miss_stub}
  0x00000001238e2254: 0f85 261b | d804 660f | 1f44 0000 
[Verified Entry Point]
  0x00000001238e2260: 8984 2400 | c0fe ff55 | 4883 ec30 

  0x00000001238e226c: ;   {metadata(method data for {method} {0x000000015dcf1f90} 'complete' '(Lcom/sun/tools/javac/code/Symbol;)V' in 'com/sun/tools/javac/code/ClassFinder$$Lambda$2530+0x000000013b1cb3f0')}
  0x00000001238e226c: 48bf 90d9 | 1a5e 0100 | 0000 8b9f | ac00 0000 | 83c3 0289 | 9fac 0000 | 0081 e3fe | 0700 0083 
  0x00000001238e228c: fb00 0f84 | 3b00 0000 | 8b76 0c48 | c1e6 0348 | 3b06 488b 

  0x00000001238e22a0: ;   {metadata(method data for {method} {0x000000015dcf1f90} 'complete' '(Lcom/sun/tools/javac/code/Symbol;)V' in 'com/sun/tools/javac/code/ClassFinder$$Lambda$2530+0x000000013b1cb3f0')}
  0x00000001238e22a0: fe48 bb90 | d91a 5e01 | 0000 0048 | 8383 f000 | 0000 010f 

  0x00000001238e22b4: ;   {optimized virtual_call}
  0x00000001238e22b4: 1f40 00e8 

  0x00000001238e22b8: ; ImmutableOopMap {}
                      ;*invokevirtual complete {reexecute=0 rethrow=0 return_oop=0}
                      ; - com.sun.tools.javac.code.ClassFinder$$Lambda$2530/0x000000013b1cb3f0::complete@5
  0x00000001238e22b8: 647e 0100 | 4883 c430 

  0x00000001238e22c0: ;   {poll_return}
  0x00000001238e22c0: 5d49 3ba7 | 4803 0000 | 0f87 2400 

  0x00000001238e22cc: ;   {metadata({method} {0x000000015dcf1f90} 'complete' '(Lcom/sun/tools/javac/code/Symbol;)V' in 'com/sun/tools/javac/code/ClassFinder$$Lambda$2530+0x000000013b1cb3f0')}
  0x00000001238e22cc: 0000 c349 | ba90 1fcf | 5d01 0000 | 004c 8954 | 2408 48c7 | 0424 ffff 

  0x00000001238e22e4: ;   {runtime_call counter_overflow Runtime1 stub}
  0x00000001238e22e4: ffff e895 

  0x00000001238e22e8: ; ImmutableOopMap {rsi=Oop rdx=Oop }
                      ;*synchronization entry
                      ; - com.sun.tools.javac.code.ClassFinder$$Lambda$2530/0x000000013b1cb3f0::complete@-1
  0x00000001238e22e8: 95e2 04eb 

  0x00000001238e22ec: ;   {runtime_call throw_null_pointer_exception Runtime1 stub}
  0x00000001238e22ec: a7e8 ae3e 

  0x00000001238e22f0: ; ImmutableOopMap {rdx=Oop rsi=Oop }
                      ;*invokevirtual complete {reexecute=0 rethrow=0 return_oop=0}
                      ; - com.sun.tools.javac.code.ClassFinder$$Lambda$2530/0x000000013b1cb3f0::complete@5
                      ;   {internal_word}
  0x00000001238e22f0: e204 49ba | c122 8e23 | 0100 0000 | 4d89 9760 

  0x00000001238e2300: ;   {runtime_call SafepointBlob}
  0x00000001238e2300: 0300 00e9 | f883 d804 | 9090 498b | 87d8 0300 | 0049 c787 | d803 0000 | 0000 0000 | 49c7 87e0 
  0x00000001238e2320: 0300 0000 | 0000 0048 | 83c4 305d 

  0x00000001238e232c: ;   {runtime_call unwind_exception Runtime1 stub}
  0x00000001238e232c: e94f 20e2 | 04f4 f4f4 | f4f4 f4f4 | f4f4 f4f4 | f4f4 f4f4 
[Stub Code]
  0x00000001238e2340: ;   {no_reloc}
  0x00000001238e2340: 0f1f 4400 

  0x00000001238e2344: ;   {static_stub}
  0x00000001238e2344: 0048 bbc0 | a5ce 5d01 

  0x00000001238e234c: ;   {runtime_call I2C/C2I adapters}
  0x00000001238e234c: 0000 00e9 | 0970 d804 
[Exception Handler]
  0x00000001238e2354: ;   {runtime_call handle_exception_from_callee Runtime1 stub}
  0x00000001238e2354: e827 5ce2 

  0x00000001238e2358: ;   {external_word}
  0x00000001238e2358: 0448 bff3 | 69cb 1501 | 0000 0048 

  0x00000001238e2364: ;   {runtime_call MacroAssembler::debug64(char*, long long, long long*)}
  0x00000001238e2364: 83e4 f0e8 | 0465 fef1 

  0x00000001238e236c: ;   {section_word}
  0x00000001238e236c: f449 ba6d | 238e 2301 | 0000 0041 

  0x00000001238e2378: ;   {runtime_call DeoptimizationBlob}
  0x00000001238e2378: 52e9 2276 | d804 f4f4 
[/MachCode]


---------------  P R O C E S S  ---------------

Threads class SMR info:
_java_thread_list=0x00007fcd2effd6c0, length=299, elements={
0x00007fcdbb808600, 0x00007fcdcd008800, 0x00007fcdcd011200, 0x00007fcdab80a800,
0x00007fcdab80d000, 0x00007fcdab80d600, 0x00007fcdab80dc00, 0x00007fcdab80e200,
0x00007fcdcb030e00, 0x00007fcdcb036600, 0x00007fcdcc00c000, 0x00007fcd9b02b000,
0x00007fcdccc0c000, 0x00007fcdab02e600, 0x00007fcdcc2a1000, 0x00007fcd9b34e200,
0x00007fcdcc448c00, 0x00007fcdab247600, 0x00007fcdcb20e600, 0x00007fcdab182400,
0x00007fcdabc6f200, 0x00007fcdab857200, 0x00007fcd9b393600, 0x00007fcdabc79c00,
0x00007fcdccc7ee00, 0x00007fcdccc80800, 0x00007fcdcb49b000, 0x00007fcdabcc7e00,
0x00007fcdcccf0400, 0x00007fcdbb87b000, 0x00007fcd9b5a4c00, 0x00007fcdcb54ea00,
0x00007fcdbbac2e00, 0x00007fcdccd7a400, 0x00007fcdcc7fea00, 0x00007fcdbbcd7e00,
0x00007fcd2b194a00, 0x00007fcdccceae00, 0x00007fcdbbaaea00, 0x00007fcd2b976a00,
0x00007fcd2b975200, 0x00007fcdbb808c00, 0x00007fcdbbac4200, 0x00007fcd2c055600,
0x00007fcdcd4ab800, 0x00007fcd2cb95c00, 0x00007fcd2b197c00, 0x00007fcd2b196000,
0x00007fcd2b2cca00, 0x00007fcdbb8ec800, 0x00007fcdab80b800, 0x00007fcdccc0ba00,
0x00007fcd9b022000, 0x00007fcd2c8b9e00, 0x00007fcd2b2cd000, 0x00007fcd2b2cd600,
0x00007fcd2b2cdc00, 0x00007fcd2b4baa00, 0x00007fcd9b448400, 0x00007fcd2b4bb000,
0x00007fcd2c5cf800, 0x00007fcd2c5be600, 0x00007fcdcc151c00, 0x00007fcd2be8e600,
0x00007fcd2ccafa00, 0x00007fcdcc166000, 0x00007fcd2be8ba00, 0x00007fcd2bea1800,
0x00007fcd2d54e600, 0x00007fcd2b4bbe00, 0x00007fcd2d521400, 0x00007fcdac848600,
0x00007fcd2b4cc200, 0x00007fcd2d554a00, 0x00007fcd6c032e00, 0x00007fcd2bea1e00,
0x00007fcdabfb3e00, 0x00007fcdabfb3600, 0x00007fcd2ccb0000, 0x00007fcdcccfa800,
0x00007fcd2b4cae00, 0x00007fcd2c5e1a00, 0x00007fcdabfb4400, 0x00007fcdabfb5200,
0x00007fcdabfbbc00, 0x00007fcdabfbc200, 0x00007fcdabfbc800, 0x00007fcd2be8c000,
0x00007fcd2be9f600, 0x00007fcd2c5e2000, 0x00007fcdabfbce00, 0x00007fcd2c5e7000,
0x00007fcd2c5e7600, 0x00007fcd2c5e7c00, 0x00007fcd2c5e8200, 0x00007fcd2beaf400,
0x00007fcd2ccadc00, 0x00007fcdabfb9a00, 0x00007fcd2ccb4000, 0x00007fcd2ccb4600,
0x00007fcdabfbda00, 0x00007fcd2ccb3400, 0x00007fcd2ccb3a00, 0x00007fcdabfbe000,
0x00007fcd2ccb9800, 0x00007fcdcc16b200, 0x00007fcdcc16b800, 0x00007fcdcc163c00,
0x00007fcdcc164200, 0x00007fcd2beb0400, 0x00007fcd2b4d1c00, 0x00007fcd2b4cb400,
0x00007fcd2ccb9e00, 0x00007fcdcc168200, 0x00007fcdabfbb200, 0x00007fcdabfc1600,
0x00007fcd2d579800, 0x00007fcdcd2d7400, 0x00007fcdbbac2800, 0x00007fcdabcbd400,
0x00007fcdbbac2200, 0x00007fcd9b4b2e00, 0x00007fcd9b4b3400, 0x00007fcd2bdc8a00,
0x00007fcdcc160c00, 0x00007fcdcd6cc400, 0x00007fcd2c5afa00, 0x00007fcd6d81fa00,
0x00007fcd2c0acc00, 0x00007fcd2bdcb800, 0x00007fcdcd6cca00, 0x00007fcd6d021e00,
0x00007fcd6c808200, 0x00007fcd2bdc9000, 0x00007fcd6d820000, 0x00007fcd6c034a00,
0x00007fcd2d579e00, 0x00007fcdcd7e0600, 0x00007fcd2bdcac00, 0x00007fcdcc061a00,
0x00007fcd2c376000, 0x00007fcd9b4ae800, 0x00007fcd2b2c6000, 0x00007fcd2cbf1800,
0x00007fcdcb63cc00, 0x00007fcd2c374e00, 0x00007fcd2c214600, 0x00007fcdab74e800,
0x00007fcd2c818200, 0x00007fcdac84dc00, 0x00007fcd6b03fc00, 0x00007fcd6b02d400,
0x00007fcd2c818800, 0x00007fcd2ccb8400, 0x00007fcd6b883600, 0x00007fcd6c036600,
0x00007fcd9b447a00, 0x00007fcd6b040200, 0x00007fcd6d009e00, 0x00007fcd6c82be00,
0x00007fcd6b044200, 0x00007fcdbba56400, 0x00007fcd6c02dc00, 0x00007fcd2b5ca000,
0x00007fcd2f02d600, 0x00007fcd6b043c00, 0x00007fcd6b882400, 0x00007fcd6b845e00,
0x00007fcd6d01a800, 0x00007fcdac88fe00, 0x00007fcd2f02dc00, 0x00007fcd6b045a00,
0x00007fcd6b046000, 0x00007fcdad052a00, 0x00007fcd2cd3c600, 0x00007fcd6c824600,
0x00007fcdabf21e00, 0x00007fcd2f847600, 0x00007fcd2fb52e00, 0x00007fcd2fb75a00,
0x00007fcd2fb53400, 0x00007fcd9b393000, 0x00007fcdbbb14200, 0x00007fcd9b08e800,
0x00007fcd9b5fd400, 0x00007fcd6b0e8600, 0x00007fcd2fc76e00, 0x00007fcd2cfb0600,
0x00007fcd2cfb0c00, 0x00007fcd2c0af600, 0x00007fcd2c8d2200, 0x00007fcd2c8d1a00,
0x00007fcdabff6a00, 0x00007fcd2c49be00, 0x00007fcd2c49c400, 0x00007fcd2fc76800,
0x00007fcd2fd8f000, 0x00007fcd2c49ca00, 0x00007fcd2c431200, 0x00007fcd2d7ffa00,
0x00007fcd2d30d800, 0x00007fcd2fd92200, 0x00007fcd2cf0bc00, 0x00007fcd2cea3c00,
0x00007fcd2c9a1a00, 0x00007fcd2c85a400, 0x00007fcd2f513600, 0x00007fcdbbad3800,
0x00007fcdbbe1b200, 0x00007fcd2c478600, 0x00007fcd9b730e00, 0x00007fcd2b2c5a00,
0x00007fcdcc022200, 0x00007fcdcb49b600, 0x00007fcd2be81200, 0x00007fcd2cc75400,
0x00007fcd2c478c00, 0x00007fcd2bfc0400, 0x00007fcd2bed3e00, 0x00007fcd9b44a800,
0x00007fcd2f3a9000, 0x00007fcdcc022800, 0x00007fcdcb39d600, 0x00007fcd2fd93800,
0x00007fcd2c435a00, 0x00007fcd2d7c1e00, 0x00007fcd6c825600, 0x00007fcd2d7b7600,
0x00007fcd2d7b7c00, 0x00007fcd2d50cc00, 0x00007fcd2d50d200, 0x00007fcdab74ee00,
0x00007fcdab74f400, 0x00007fcdad0ade00, 0x00007fcdad0ae400, 0x00007fcd6b027e00,
0x00007fcd2f3a9600, 0x00007fcdcd5b8400, 0x00007fcdad0e5200, 0x00007fcd2c107000,
0x00007fcdcb7ef600, 0x00007fcdab8f7a00, 0x00007fcd2d7d2a00, 0x00007fcdcc1b9200,
0x00007fcdcc05fe00, 0x00007fcd2c7f7000, 0x00007fcd2c7f7e00, 0x00007fcd2c7f7600,
0x00007fcd6d8b4800, 0x00007fcd6b028400, 0x00007fcd2b64a000, 0x00007fcdcd087400,
0x00007fcdabf17000, 0x00007fcd6b0ed400, 0x00007fcd6b883000, 0x00007fcdac88e400,
0x00007fcd6d014000, 0x00007fcdad0e6800, 0x00007fcd2b2c7600, 0x00007fcd2b65a000,
0x00007fcd68b4ba00, 0x00007fcdab63ca00, 0x00007fcdad28ee00, 0x00007fcd68afde00,
0x00007fcdcd011e00, 0x00007fcd68afee00, 0x00007fcd69a5f800, 0x00007fcd68ab7800,
0x00007fcdccd05e00, 0x00007fcdcd2f2800, 0x00007fcd2d540000, 0x00007fcd2bafca00,
0x00007fcd6b842000, 0x00007fcd6b8a7a00, 0x00007fcd6982b400, 0x00007fcd6c479200,
0x00007fcdab63a400, 0x00007fcd2cca9c00, 0x00007fcdab851600, 0x00007fcdab63ba00,
0x00007fcdab2f8800, 0x00007fcd2bf3c400, 0x00007fcdab56c400, 0x00007fcd68b52a00,
0x00007fcd2cdd4600, 0x00007fcd2cefc600, 0x00007fcdabb7b200, 0x00007fcdab56ca00,
0x00007fcd2bd0ce00, 0x00007fcd2ccb8a00, 0x00007fcd2ce54c00, 0x00007fcd2bf3b600,
0x00007fcdcd3efa00, 0x00007fcdab3db600, 0x00007fcd6d9ca800, 0x00007fcdab3dbc00,
0x00007fcd6d81aa00, 0x00007fcd6b9ac000, 0x00007fcd69a5fe00
}

Java Threads: ( => current thread )
  0x00007fcdbb808600 JavaThread "main" [_thread_blocked, id=10499, stack(0x000070000acca000,0x000070000adca000)]
  0x00007fcdcd008800 JavaThread "Reference Handler" daemon [_thread_blocked, id=22531, stack(0x000070000b3df000,0x000070000b4df000)]
  0x00007fcdcd011200 JavaThread "Finalizer" daemon [_thread_blocked, id=30211, stack(0x000070000b4e2000,0x000070000b5e2000)]
  0x00007fcdab80a800 JavaThread "Signal Dispatcher" daemon [_thread_blocked, id=24067, stack(0x000070000b6eb000,0x000070000b7eb000)]
  0x00007fcdab80d000 JavaThread "Service Thread" daemon [_thread_blocked, id=28163, stack(0x000070000b7ee000,0x000070000b8ee000)]
  0x00007fcdab80d600 JavaThread "Monitor Deflation Thread" daemon [_thread_blocked, id=24835, stack(0x000070000b8f1000,0x000070000b9f1000)]
  0x00007fcdab80dc00 JavaThread "C2 CompilerThread0" daemon [_thread_blocked, id=25347, stack(0x000070000b9f4000,0x000070000baf4000)]
  0x00007fcdab80e200 JavaThread "C1 CompilerThread0" daemon [_thread_blocked, id=27651, stack(0x000070000baf7000,0x000070000bbf7000)]
  0x00007fcdcb030e00 JavaThread "Sweeper thread" daemon [_thread_blocked, id=25603, stack(0x000070000bbfa000,0x000070000bcfa000)]
  0x00007fcdcb036600 JavaThread "Common-Cleaner" daemon [_thread_blocked, id=27139, stack(0x000070000bcfd000,0x000070000bdfd000)]
  0x00007fcdcc00c000 JavaThread "Notification Thread" daemon [_thread_blocked, id=43267, stack(0x000070000c006000,0x000070000c106000)]
  0x00007fcd9b02b000 JavaThread "Daemon health stats" [_thread_blocked, id=38403, stack(0x000070000d139000,0x000070000d239000)]
  0x00007fcdccc0c000 JavaThread "Incoming local TCP Connector on port 52409" [_thread_in_native, id=37891, stack(0x000070000d23c000,0x000070000d33c000)]
  0x00007fcdab02e600 JavaThread "Daemon periodic checks" [_thread_blocked, id=37379, stack(0x000070000d33f000,0x000070000d43f000)]
  0x00007fcdcc2a1000 JavaThread "Daemon" [_thread_blocked, id=37123, stack(0x000070000d442000,0x000070000d542000)]
  0x00007fcd9b34e200 JavaThread "Handler for socket connection from /127.0.0.1:52409 to /127.0.0.1:52411" [_thread_in_native, id=43779, stack(0x000070000d545000,0x000070000d645000)]
  0x00007fcdcc448c00 JavaThread "Cancel handler" [_thread_blocked, id=44035, stack(0x000070000d648000,0x000070000d748000)]
  0x00007fcdab247600 JavaThread "Daemon worker" [_thread_blocked, id=64771, stack(0x000070000d74b000,0x000070000d84b000)]
  0x00007fcdcb20e600 JavaThread "Asynchronous log dispatcher for DefaultDaemonConnection: socket connection from /127.0.0.1:52409 to /127.0.0.1:52411" [_thread_blocked, id=44291, stack(0x000070000d84e000,0x000070000d94e000)]
  0x00007fcdab182400 JavaThread "Stdin handler" [_thread_blocked, id=44547, stack(0x000070000d951000,0x000070000da51000)]
  0x00007fcdabc6f200 JavaThread "Daemon client event forwarder" [_thread_blocked, id=44803, stack(0x000070000da54000,0x000070000db54000)]
  0x00007fcdab857200 JavaThread "Cache worker for journal cache (/Users/juanprogramador/.gradle/caches/journal-1)" [_thread_blocked, id=63747, stack(0x000070000db57000,0x000070000dc57000)]
  0x00007fcd9b393600 JavaThread "File lock request listener" [_thread_in_native, id=63491, stack(0x000070000dc5a000,0x000070000dd5a000)]
  0x00007fcdabc79c00 JavaThread "Cache worker for file hash cache (/Users/juanprogramador/.gradle/caches/8.6/fileHashes)" [_thread_blocked, id=63235, stack(0x000070000dd5d000,0x000070000de5d000)]
  0x00007fcdccc7ee00 JavaThread "File watcher server" daemon [_thread_in_native, id=46083, stack(0x000070000de60000,0x000070000df60000)]
  0x00007fcdccc80800 JavaThread "File watcher consumer" daemon [_thread_blocked, id=62211, stack(0x000070000df63000,0x000070000e063000)]
  0x00007fcdcb49b000 JavaThread "Cache worker for checksums cache (/Users/juanprogramador/Trabajos/ticketTransfer/v2/apps/mobile/android/.gradle/8.6/checksums)" [_thread_blocked, id=60931, stack(0x000070000e36f000,0x000070000e46f000)]
  0x00007fcdabcc7e00 JavaThread "Cache worker for file hash cache (/Users/juanprogramador/Trabajos/ticketTransfer/v2/apps/mobile/android/.gradle/8.6/fileHashes)" [_thread_blocked, id=47619, stack(0x000070000e472000,0x000070000e572000)]
  0x00007fcdcccf0400 JavaThread "Cache worker for cache directory md-supplier (/Users/juanprogramador/.gradle/caches/8.6/md-supplier)" [_thread_blocked, id=47875, stack(0x000070000e575000,0x000070000e675000)]
  0x00007fcdbb87b000 JavaThread "Cache worker for cache directory md-rule (/Users/juanprogramador/.gradle/caches/8.6/md-rule)" [_thread_blocked, id=60163, stack(0x000070000e678000,0x000070000e778000)]
  0x00007fcd9b5a4c00 JavaThread "Cache worker for file content cache (/Users/juanprogramador/.gradle/caches/8.6/fileContent)" [_thread_blocked, id=48643, stack(0x000070000e77b000,0x000070000e87b000)]
  0x00007fcdcb54ea00 JavaThread "jar transforms" [_thread_blocked, id=59907, stack(0x000070000e87e000,0x000070000e97e000)]
  0x00007fcdbbac2e00 JavaThread "jar transforms Thread 2" [_thread_blocked, id=59395, stack(0x000070000e981000,0x000070000ea81000)]
  0x00007fcdccd7a400 JavaThread "jar transforms Thread 3" [_thread_blocked, id=58883, stack(0x000070000ea84000,0x000070000eb84000)]
  0x00007fcdcc7fea00 JavaThread "jar transforms Thread 4" [_thread_blocked, id=58371, stack(0x000070000eb87000,0x000070000ec87000)]
  0x00007fcdbbcd7e00 JavaThread "process reaper (pid 73823)" daemon [_thread_in_native, id=58115, stack(0x000070000ec8a000,0x000070000ecae000)]
  0x00007fcd2b194a00 JavaThread "jar transforms Thread 5" [_thread_blocked, id=42503, stack(0x000070000c515000,0x000070000c615000)]
  0x00007fcdccceae00 JavaThread "jar transforms Thread 6" [_thread_blocked, id=34315, stack(0x000070000ecb1000,0x000070000edb1000)]
  0x00007fcdbbaaea00 JavaThread "Unconstrained build operations" [_thread_blocked, id=49667, stack(0x000070000edb4000,0x000070000eeb4000)]
  0x00007fcd2b976a00 JavaThread "Unconstrained build operations Thread 2" [_thread_blocked, id=50179, stack(0x000070000eeb7000,0x000070000efb7000)]
  0x00007fcd2b975200 JavaThread "jar transforms Thread 7" [_thread_blocked, id=57603, stack(0x000070000efba000,0x000070000f0ba000)]
  0x00007fcdbb808c00 JavaThread "jar transforms Thread 8" [_thread_blocked, id=50691, stack(0x000070000f0bd000,0x000070000f1bd000)]
  0x00007fcdbbac4200 JavaThread "Cache worker for Build Output Cleanup Cache (/Users/juanprogramador/Trabajos/ticketTransfer/v2/node_modules/.pnpm/@react-native+gradle-plugin@0.73.4/node_modules/@react-native/gradle-plugin/.gradle/buildOutputCleanup)" [_thread_blocked, id=51975, stack(0x000070000f1c0000,0x000070000f2c0000)]
  0x00007fcd2c055600 JavaThread "jar transforms Thread 9" [_thread_blocked, id=52227, stack(0x000070000f2c3000,0x000070000f3c3000)]
  0x00007fcdcd4ab800 JavaThread "jar transforms Thread 10" [_thread_blocked, id=56323, stack(0x000070000f3c6000,0x000070000f4c6000)]
  0x00007fcd2cb95c00 JavaThread "Unconstrained build operations Thread 3" [_thread_blocked, id=56067, stack(0x000070000f4c9000,0x000070000f5c9000)]
  0x00007fcd2b197c00 JavaThread "Unconstrained build operations Thread 4" [_thread_blocked, id=55811, stack(0x000070000f5cc000,0x000070000f6cc000)]
  0x00007fcd2b196000 JavaThread "Unconstrained build operations Thread 5" [_thread_blocked, id=55555, stack(0x000070000f6cf000,0x000070000f7cf000)]
  0x00007fcd2b2cca00 JavaThread "Unconstrained build operations Thread 6" [_thread_blocked, id=53763, stack(0x000070000f7d2000,0x000070000f8d2000)]
  0x00007fcdbb8ec800 JavaThread "Unconstrained build operations Thread 7" [_thread_blocked, id=54275, stack(0x000070000f8d5000,0x000070000f9d5000)]
  0x00007fcdab80b800 JavaThread "Unconstrained build operations Thread 8" [_thread_blocked, id=54531, stack(0x000070000f9d8000,0x000070000fad8000)]
  0x00007fcdccc0ba00 JavaThread "Unconstrained build operations Thread 9" [_thread_blocked, id=54787, stack(0x000070000fadb000,0x000070000fbdb000)]
  0x00007fcd9b022000 JavaThread "Unconstrained build operations Thread 10" [_thread_blocked, id=87043, stack(0x000070000fbde000,0x000070000fcde000)]
  0x00007fcd2c8b9e00 JavaThread "Unconstrained build operations Thread 11" [_thread_blocked, id=66051, stack(0x000070000fce1000,0x000070000fde1000)]
  0x00007fcd2b2cd000 JavaThread "Unconstrained build operations Thread 12" [_thread_blocked, id=66563, stack(0x000070000fde4000,0x000070000fee4000)]
  0x00007fcd2b2cd600 JavaThread "Unconstrained build operations Thread 13" [_thread_blocked, id=67075, stack(0x000070000fee7000,0x000070000ffe7000)]
  0x00007fcd2b2cdc00 JavaThread "Unconstrained build operations Thread 14" [_thread_blocked, id=67331, stack(0x000070000ffea000,0x00007000100ea000)]
  0x00007fcd2b4baa00 JavaThread "Unconstrained build operations Thread 15" [_thread_blocked, id=86531, stack(0x00007000100ed000,0x00007000101ed000)]
  0x00007fcd9b448400 JavaThread "Unconstrained build operations Thread 16" [_thread_blocked, id=86019, stack(0x00007000101f0000,0x00007000102f0000)]
  0x00007fcd2b4bb000 JavaThread "Unconstrained build operations Thread 17" [_thread_blocked, id=67843, stack(0x00007000102f3000,0x00007000103f3000)]
  0x00007fcd2c5cf800 JavaThread "Memory manager" [_thread_blocked, id=33803, stack(0x000070000c412000,0x000070000c512000)]
  0x00007fcd2c5be600 JavaThread "jar transforms Thread 11" [_thread_blocked, id=34587, stack(0x000070000c30f000,0x000070000c40f000)]
  0x00007fcdcc151c00 JavaThread "jar transforms Thread 12" [_thread_blocked, id=68355, stack(0x00007000104f9000,0x00007000105f9000)]
  0x00007fcd2be8e600 JavaThread "jar transforms Thread 13" [_thread_blocked, id=84483, stack(0x00007000106ff000,0x00007000107ff000)]
  0x00007fcd2ccafa00 JavaThread "Cache worker for Build Output Cleanup Cache (/Users/juanprogramador/Trabajos/ticketTransfer/v2/apps/mobile/android/.gradle/buildOutputCleanup)" [_thread_blocked, id=83971, stack(0x0000700010802000,0x0000700010902000)]
  0x00007fcdcc166000 JavaThread "ForkJoinPool.commonPool-worker-1" daemon [_thread_blocked, id=83723, stack(0x0000700010905000,0x0000700010a05000)]
  0x00007fcd2be8ba00 JavaThread "ForkJoinPool.commonPool-worker-2" daemon [_thread_blocked, id=83203, stack(0x0000700010a08000,0x0000700010b08000)]
  0x00007fcd2bea1800 JavaThread "ForkJoinPool.commonPool-worker-3" daemon [_thread_blocked, id=69123, stack(0x0000700010b0b000,0x0000700010c0b000)]
  0x00007fcd2d54e600 JavaThread "ForkJoinPool.commonPool-worker-4" daemon [_thread_blocked, id=69379, stack(0x0000700010c0e000,0x0000700010d0e000)]
  0x00007fcd2b4bbe00 JavaThread "ForkJoinPool.commonPool-worker-5" daemon [_thread_blocked, id=82179, stack(0x0000700010d11000,0x0000700010e11000)]
  0x00007fcd2d521400 JavaThread "ForkJoinPool.commonPool-worker-6" daemon [_thread_blocked, id=81923, stack(0x0000700010e14000,0x0000700010f14000)]
  0x00007fcdac848600 JavaThread "ForkJoinPool.commonPool-worker-7" daemon [_thread_blocked, id=69891, stack(0x0000700010f17000,0x0000700011017000)]
  0x00007fcd2b4cc200 JavaThread "ForkJoinPool.commonPool-worker-8" daemon [_thread_blocked, id=81155, stack(0x000070001101a000,0x000070001111a000)]
  0x00007fcd2d554a00 JavaThread "ForkJoinPool.commonPool-worker-9" daemon [_thread_blocked, id=80899, stack(0x000070001111d000,0x000070001121d000)]
  0x00007fcd6c032e00 JavaThread "ForkJoinPool.commonPool-worker-10" daemon [_thread_blocked, id=70659, stack(0x0000700011220000,0x0000700011320000)]
  0x00007fcd2bea1e00 JavaThread "ForkJoinPool.commonPool-worker-11" daemon [_thread_blocked, id=71171, stack(0x0000700011323000,0x0000700011423000)]
  0x00007fcdabfb3e00 JavaThread "Exec process" daemon [_thread_blocked, id=80643, stack(0x0000700011426000,0x0000700011526000)]
  0x00007fcdabfb3600 JavaThread "ForkJoinPool.commonPool-worker-12" daemon [_thread_blocked, id=80131, stack(0x0000700011529000,0x0000700011629000)]
  0x00007fcd2ccb0000 JavaThread "Exec process Thread 2" daemon [_thread_blocked, id=79619, stack(0x000070001162c000,0x000070001172c000)]
  0x00007fcdcccfa800 JavaThread "Exec process Thread 3" daemon [_thread_blocked, id=79107, stack(0x000070001172f000,0x000070001182f000)]
  0x00007fcd2b4cae00 JavaThread "ForkJoinPool.commonPool-worker-13" daemon [_thread_blocked, id=71683, stack(0x0000700011832000,0x0000700011932000)]
  0x00007fcd2c5e1a00 JavaThread "included builds" [_thread_blocked, id=78595, stack(0x0000700011935000,0x0000700011a35000)]
  0x00007fcdabfb4400 JavaThread "Execution worker" [_thread_blocked, id=78339, stack(0x0000700011a38000,0x0000700011b38000)]
  0x00007fcdabfb5200 JavaThread "Execution worker Thread 2" [_thread_blocked, id=78083, stack(0x0000700011b3b000,0x0000700011c3b000)]
  0x00007fcdabfbbc00 JavaThread "Execution worker Thread 3" [_thread_blocked, id=72963, stack(0x0000700011c3e000,0x0000700011d3e000)]
  0x00007fcdabfbc200 JavaThread "Execution worker Thread 4" [_thread_blocked, id=77571, stack(0x0000700011d41000,0x0000700011e41000)]
  0x00007fcdabfbc800 JavaThread "Execution worker Thread 5" [_thread_blocked, id=77315, stack(0x0000700011e44000,0x0000700011f44000)]
  0x00007fcd2be8c000 JavaThread "Execution worker Thread 6" [_thread_blocked, id=77059, stack(0x0000700011f47000,0x0000700012047000)]
  0x00007fcd2be9f600 JavaThread "Execution worker Thread 7" [_thread_blocked, id=76803, stack(0x000070001204a000,0x000070001214a000)]
  0x00007fcd2c5e2000 JavaThread "Execution worker Thread 8" [_thread_blocked, id=73987, stack(0x000070001214d000,0x000070001224d000)]
  0x00007fcdabfbce00 JavaThread "Execution worker Thread 9" [_thread_blocked, id=76291, stack(0x0000700012250000,0x0000700012350000)]
  0x00007fcd2c5e7000 JavaThread "Execution worker Thread 10" [_thread_blocked, id=74755, stack(0x0000700012353000,0x0000700012453000)]
  0x00007fcd2c5e7600 JavaThread "Execution worker Thread 11" [_thread_blocked, id=75267, stack(0x0000700012456000,0x0000700012556000)]
=>0x00007fcd2c5e7c00 JavaThread "Execution worker Thread 12" [_thread_in_vm, id=76035, stack(0x0000700012559000,0x0000700012659000)]
  0x00007fcd2c5e8200 JavaThread "Execution worker Thread 13" [_thread_blocked, id=87299, stack(0x000070001265c000,0x000070001275c000)]
  0x00007fcd2beaf400 JavaThread "Execution worker Thread 14" [_thread_blocked, id=87811, stack(0x000070001275f000,0x000070001285f000)]
  0x00007fcd2ccadc00 JavaThread "Execution worker Thread 15" [_thread_blocked, id=130819, stack(0x0000700012862000,0x0000700012962000)]
  0x00007fcdabfb9a00 JavaThread "Cache worker for execution history cache (/Users/juanprogramador/Trabajos/ticketTransfer/v2/node_modules/.pnpm/@react-native+gradle-plugin@0.73.4/node_modules/@react-native/gradle-plugin/.gradle/8.6/executionHistory)" [_thread_blocked, id=88579, stack(0x0000700012965000,0x0000700012a65000)]
  0x00007fcd2ccb4000 JavaThread "Unconstrained build operations Thread 18" [_thread_blocked, id=89127, stack(0x0000700012a68000,0x0000700012b68000)]
  0x00007fcd2ccb4600 JavaThread "Unconstrained build operations Thread 19" [_thread_blocked, id=130563, stack(0x0000700012b6b000,0x0000700012c6b000)]
  0x00007fcdabfbda00 JavaThread "Unconstrained build operations Thread 20" [_thread_blocked, id=89603, stack(0x0000700012c6e000,0x0000700012d6e000)]
  0x00007fcd2ccb3400 JavaThread "Unconstrained build operations Thread 21" [_thread_blocked, id=129795, stack(0x0000700012d71000,0x0000700012e71000)]
  0x00007fcd2ccb3a00 JavaThread "Unconstrained build operations Thread 22" [_thread_blocked, id=129283, stack(0x0000700012e74000,0x0000700012f74000)]
  0x00007fcdabfbe000 JavaThread "Unconstrained build operations Thread 23" [_thread_blocked, id=128771, stack(0x0000700012f77000,0x0000700013077000)]
  0x00007fcd2ccb9800 JavaThread "Unconstrained build operations Thread 24" [_thread_blocked, id=128515, stack(0x000070001307a000,0x000070001317a000)]
  0x00007fcdcc16b200 JavaThread "Unconstrained build operations Thread 25" [_thread_blocked, id=90371, stack(0x000070001317d000,0x000070001327d000)]
  0x00007fcdcc16b800 JavaThread "Unconstrained build operations Thread 26" [_thread_blocked, id=128259, stack(0x0000700013280000,0x0000700013380000)]
  0x00007fcdcc163c00 JavaThread "Unconstrained build operations Thread 27" [_thread_blocked, id=128003, stack(0x0000700013383000,0x0000700013483000)]
  0x00007fcdcc164200 JavaThread "Unconstrained build operations Thread 28" [_thread_blocked, id=127747, stack(0x0000700013486000,0x0000700013586000)]
  0x00007fcd2beb0400 JavaThread "Unconstrained build operations Thread 29" [_thread_blocked, id=91651, stack(0x0000700013589000,0x0000700013689000)]
  0x00007fcd2b4d1c00 JavaThread "Unconstrained build operations Thread 30" [_thread_blocked, id=92163, stack(0x000070001368c000,0x000070001378c000)]
  0x00007fcd2b4cb400 JavaThread "Unconstrained build operations Thread 31" [_thread_blocked, id=127235, stack(0x000070001378f000,0x000070001388f000)]
  0x00007fcd2ccb9e00 JavaThread "Unconstrained build operations Thread 32" [_thread_blocked, id=92675, stack(0x0000700013892000,0x0000700013992000)]
  0x00007fcdcc168200 JavaThread "Unconstrained build operations Thread 33" [_thread_blocked, id=28955, stack(0x000070000c20c000,0x000070000c30c000)]
  0x00007fcdabfbb200 JavaThread "Unconstrained build operations Thread 34" [_thread_blocked, id=85011, stack(0x00007000105fc000,0x00007000106fc000)]
  0x00007fcdabfc1600 JavaThread "WorkerExecutor Queue" [_thread_blocked, id=93187, stack(0x0000700013995000,0x0000700013a95000)]
  0x00007fcd2d579800 JavaThread "RMI Scheduler(0)" daemon [_thread_blocked, id=26131, stack(0x000070000bf03000,0x000070000c003000)]
  0x00007fcdcd2d7400 JavaThread "RMI GC Daemon" daemon [_thread_blocked, id=68115, stack(0x0000700013a98000,0x0000700013b98000)]
  0x00007fcdbbac2800 JavaThread "RMI TCP Accept-0" daemon [_thread_in_native, id=93955, stack(0x0000700013b9b000,0x0000700013c9b000)]
  0x00007fcdabcbd400 JavaThread "RMI Reaper" [_thread_blocked, id=126467, stack(0x0000700013c9e000,0x0000700013d9e000)]
  0x00007fcdbbac2200 JavaThread "RMI TCP Connection(1)-127.0.0.1" daemon [_thread_in_native, id=94211, stack(0x0000700013da1000,0x0000700013ea1000)]
  0x00007fcd9b4b2e00 JavaThread "Unconstrained build operations Thread 35" [_thread_blocked, id=93731, stack(0x00007000103f6000,0x00007000104f6000)]
  0x00007fcd9b4b3400 JavaThread "Unconstrained build operations Thread 36" [_thread_blocked, id=94755, stack(0x00007000140aa000,0x00007000141aa000)]
  0x00007fcd2bdc8a00 JavaThread "Unconstrained build operations Thread 37" [_thread_blocked, id=124675, stack(0x00007000141ad000,0x00007000142ad000)]
  0x00007fcdcc160c00 JavaThread "Unconstrained build operations Thread 38" [_thread_blocked, id=124163, stack(0x00007000142b0000,0x00007000143b0000)]
  0x00007fcdcd6cc400 JavaThread "Unconstrained build operations Thread 39" [_thread_blocked, id=95235, stack(0x00007000143b3000,0x00007000144b3000)]
  0x00007fcd2c5afa00 JavaThread "Unconstrained build operations Thread 40" [_thread_blocked, id=123651, stack(0x00007000144b6000,0x00007000145b6000)]
  0x00007fcd6d81fa00 JavaThread "Unconstrained build operations Thread 41" [_thread_blocked, id=123139, stack(0x00007000145b9000,0x00007000146b9000)]
  0x00007fcd2c0acc00 JavaThread "Unconstrained build operations Thread 42" [_thread_blocked, id=95747, stack(0x00007000146bc000,0x00007000147bc000)]
  0x00007fcd2bdcb800 JavaThread "Unconstrained build operations Thread 43" [_thread_blocked, id=122627, stack(0x00007000147bf000,0x00007000148bf000)]
  0x00007fcdcd6cca00 JavaThread "Unconstrained build operations Thread 44" [_thread_blocked, id=96003, stack(0x00007000148c2000,0x00007000149c2000)]
  0x00007fcd6d021e00 JavaThread "Unconstrained build operations Thread 45" [_thread_blocked, id=96515, stack(0x00007000149c5000,0x0000700014ac5000)]
  0x00007fcd6c808200 JavaThread "Unconstrained build operations Thread 46" [_thread_blocked, id=122115, stack(0x0000700014ac8000,0x0000700014bc8000)]
  0x00007fcd2bdc9000 JavaThread "Unconstrained build operations Thread 47" [_thread_blocked, id=97027, stack(0x0000700014bcb000,0x0000700014ccb000)]
  0x00007fcd6d820000 JavaThread "Unconstrained build operations Thread 48" [_thread_blocked, id=97539, stack(0x0000700014cce000,0x0000700014dce000)]
  0x00007fcd6c034a00 JavaThread "Unconstrained build operations Thread 49" [_thread_blocked, id=97795, stack(0x0000700014dd1000,0x0000700014ed1000)]
  0x00007fcd2d579e00 JavaThread "jar transforms Thread 14" [_thread_blocked, id=98571, stack(0x00007000151dd000,0x00007000152dd000)]
  0x00007fcdcd7e0600 JavaThread "jar transforms Thread 15" [_thread_blocked, id=120587, stack(0x00007000150da000,0x00007000151da000)]
  0x00007fcd2bdcac00 JavaThread "jar transforms Thread 16" [_thread_blocked, id=120067, stack(0x00007000152e0000,0x00007000153e0000)]
  0x00007fcdcc061a00 JavaThread "process reaper (pid 74385)" daemon [_thread_in_native, id=100355, stack(0x000070000b668000,0x000070000b68c000)]
  0x00007fcd2c376000 JavaThread "Unconstrained build operations Thread 50" [_thread_blocked, id=125967, stack(0x00007000153e3000,0x00007000154e3000)]
  0x00007fcd9b4ae800 JavaThread "Unconstrained build operations Thread 51" [_thread_blocked, id=121359, stack(0x00007000154e6000,0x00007000155e6000)]
  0x00007fcd2b2c6000 JavaThread "Unconstrained build operations Thread 52" [_thread_blocked, id=121095, stack(0x00007000155e9000,0x00007000156e9000)]
  0x00007fcd2cbf1800 JavaThread "Unconstrained build operations Thread 53" [_thread_blocked, id=119299, stack(0x00007000156ec000,0x00007000157ec000)]
  0x00007fcdcb63cc00 JavaThread "Unconstrained build operations Thread 54" [_thread_blocked, id=101123, stack(0x00007000157ef000,0x00007000158ef000)]
  0x00007fcd2c374e00 JavaThread "Unconstrained build operations Thread 55" [_thread_blocked, id=101635, stack(0x00007000158f2000,0x00007000159f2000)]
  0x00007fcd2c214600 JavaThread "Unconstrained build operations Thread 56" [_thread_blocked, id=26651, stack(0x000070000be00000,0x000070000bf00000)]
  0x00007fcdab74e800 JavaThread "Unconstrained build operations Thread 57" [_thread_blocked, id=103171, stack(0x0000700015cfe000,0x0000700015dfe000)]
  0x00007fcd2c818200 JavaThread "Unconstrained build operations Thread 58" [_thread_blocked, id=118275, stack(0x0000700015e01000,0x0000700015f01000)]
  0x00007fcdac84dc00 JavaThread "Unconstrained build operations Thread 59" [_thread_blocked, id=117763, stack(0x0000700015f04000,0x0000700016004000)]
  0x00007fcd6b03fc00 JavaThread "Unconstrained build operations Thread 60" [_thread_blocked, id=103427, stack(0x0000700016007000,0x0000700016107000)]
  0x00007fcd6b02d400 JavaThread "Unconstrained build operations Thread 61" [_thread_blocked, id=103939, stack(0x000070001610a000,0x000070001620a000)]
  0x00007fcd2c818800 JavaThread "Unconstrained build operations Thread 62" [_thread_blocked, id=104451, stack(0x000070001620d000,0x000070001630d000)]
  0x00007fcd2ccb8400 JavaThread "Unconstrained build operations Thread 63" [_thread_blocked, id=116995, stack(0x0000700016310000,0x0000700016410000)]
  0x00007fcd6b883600 JavaThread "Unconstrained build operations Thread 64" [_thread_blocked, id=104963, stack(0x0000700016413000,0x0000700016513000)]
  0x00007fcd6c036600 JavaThread "Unconstrained build operations Thread 65" [_thread_blocked, id=105219, stack(0x0000700016516000,0x0000700016616000)]
  0x00007fcd9b447a00 JavaThread "Unconstrained build operations Thread 66" [_thread_blocked, id=116227, stack(0x0000700016619000,0x0000700016719000)]
  0x00007fcd6b040200 JavaThread "Unconstrained build operations Thread 67" [_thread_blocked, id=115715, stack(0x000070001671c000,0x000070001681c000)]
  0x00007fcd6d009e00 JavaThread "Unconstrained build operations Thread 68" [_thread_blocked, id=105475, stack(0x000070001681f000,0x000070001691f000)]
  0x00007fcd6c82be00 JavaThread "Unconstrained build operations Thread 69" [_thread_blocked, id=105731, stack(0x0000700016922000,0x0000700016a22000)]
  0x00007fcd6b044200 JavaThread "Unconstrained build operations Thread 70" [_thread_blocked, id=106243, stack(0x0000700016a25000,0x0000700016b25000)]
  0x00007fcdbba56400 JavaThread "Unconstrained build operations Thread 71" [_thread_blocked, id=106755, stack(0x0000700016b28000,0x0000700016c28000)]
  0x00007fcd6c02dc00 JavaThread "Unconstrained build operations Thread 72" [_thread_blocked, id=107011, stack(0x0000700016c2b000,0x0000700016d2b000)]
  0x00007fcd2b5ca000 JavaThread "Unconstrained build operations Thread 73" [_thread_blocked, id=107523, stack(0x0000700016d2e000,0x0000700016e2e000)]
  0x00007fcd2f02d600 JavaThread "Unconstrained build operations Thread 74" [_thread_blocked, id=114435, stack(0x0000700016e31000,0x0000700016f31000)]
  0x00007fcd6b043c00 JavaThread "Unconstrained build operations Thread 75" [_thread_blocked, id=114179, stack(0x0000700016f34000,0x0000700017034000)]
  0x00007fcd6b882400 JavaThread "Unconstrained build operations Thread 76" [_thread_blocked, id=108291, stack(0x0000700017037000,0x0000700017137000)]
  0x00007fcd6b845e00 JavaThread "Unconstrained build operations Thread 77" [_thread_blocked, id=113923, stack(0x000070001713a000,0x000070001723a000)]
  0x00007fcd6d01a800 JavaThread "Unconstrained build operations Thread 78" [_thread_blocked, id=113411, stack(0x000070001723d000,0x000070001733d000)]
  0x00007fcdac88fe00 JavaThread "Unconstrained build operations Thread 79" [_thread_blocked, id=112899, stack(0x0000700017340000,0x0000700017440000)]
  0x00007fcd2f02dc00 JavaThread "Unconstrained build operations Thread 80" [_thread_blocked, id=112387, stack(0x0000700017443000,0x0000700017543000)]
  0x00007fcd6b045a00 JavaThread "Unconstrained build operations Thread 81" [_thread_blocked, id=111875, stack(0x0000700017546000,0x0000700017646000)]
  0x00007fcd6b046000 JavaThread "Unconstrained build operations Thread 82" [_thread_blocked, id=108803, stack(0x0000700017649000,0x0000700017749000)]
  0x00007fcdad052a00 JavaThread "Unconstrained build operations Thread 83" [_thread_blocked, id=111363, stack(0x000070001774c000,0x000070001784c000)]
  0x00007fcd2cd3c600 JavaThread "Unconstrained build operations Thread 84" [_thread_blocked, id=109315, stack(0x000070001784f000,0x000070001794f000)]
  0x00007fcd6c824600 JavaThread "Unconstrained build operations Thread 85" [_thread_blocked, id=110595, stack(0x0000700017952000,0x0000700017a52000)]
  0x00007fcdabf21e00 JavaThread "Unconstrained build operations Thread 86" [_thread_blocked, id=110339, stack(0x0000700017a55000,0x0000700017b55000)]
  0x00007fcd2f847600 JavaThread "Unconstrained build operations Thread 87" [_thread_blocked, id=131843, stack(0x0000700017d5e000,0x0000700017e5e000)]
  0x00007fcd2fb52e00 JavaThread "Unconstrained build operations Thread 88" [_thread_blocked, id=173571, stack(0x0000700017e61000,0x0000700017f61000)]
  0x00007fcd2fb75a00 JavaThread "Unconstrained build operations Thread 89" [_thread_blocked, id=173315, stack(0x0000700017f64000,0x0000700018064000)]
  0x00007fcd2fb53400 JavaThread "Unconstrained build operations Thread 90" [_thread_blocked, id=132611, stack(0x0000700018067000,0x0000700018167000)]
  0x00007fcd9b393000 JavaThread "Unconstrained build operations Thread 91" [_thread_blocked, id=172803, stack(0x000070001816a000,0x000070001826a000)]
  0x00007fcdbbb14200 JavaThread "Unconstrained build operations Thread 92" [_thread_blocked, id=172547, stack(0x000070001826d000,0x000070001836d000)]
  0x00007fcd9b08e800 JavaThread "Unconstrained build operations Thread 93" [_thread_blocked, id=172291, stack(0x0000700018370000,0x0000700018470000)]
  0x00007fcd9b5fd400 JavaThread "Unconstrained build operations Thread 94" [_thread_blocked, id=133635, stack(0x0000700018473000,0x0000700018573000)]
  0x00007fcd6b0e8600 JavaThread "Unconstrained build operations Thread 95" [_thread_blocked, id=171779, stack(0x0000700018576000,0x0000700018676000)]
  0x00007fcd2fc76e00 JavaThread "Unconstrained build operations Thread 96" [_thread_blocked, id=134147, stack(0x0000700018679000,0x0000700018779000)]
  0x00007fcd2cfb0600 JavaThread "Unconstrained build operations Thread 97" [_thread_blocked, id=171267, stack(0x000070001877c000,0x000070001887c000)]
  0x00007fcd2cfb0c00 JavaThread "Unconstrained build operations Thread 98" [_thread_blocked, id=170755, stack(0x000070001887f000,0x000070001897f000)]
  0x00007fcd2c0af600 JavaThread "Unconstrained build operations Thread 99" [_thread_blocked, id=170243, stack(0x0000700018982000,0x0000700018a82000)]
  0x00007fcd2c8d2200 JavaThread "Unconstrained build operations Thread 100" [_thread_blocked, id=169987, stack(0x0000700018a85000,0x0000700018b85000)]
  0x00007fcd2c8d1a00 JavaThread "Unconstrained build operations Thread 101" [_thread_blocked, id=135171, stack(0x0000700018b88000,0x0000700018c88000)]
  0x00007fcdabff6a00 JavaThread "Unconstrained build operations Thread 102" [_thread_blocked, id=135427, stack(0x0000700018d8e000,0x0000700018e8e000)]
  0x00007fcd2c49be00 JavaThread "Unconstrained build operations Thread 103" [_thread_blocked, id=135683, stack(0x0000700018e91000,0x0000700018f91000)]
  0x00007fcd2c49c400 JavaThread "Unconstrained build operations Thread 104" [_thread_blocked, id=168451, stack(0x0000700018f94000,0x0000700019094000)]
  0x00007fcd2fc76800 JavaThread "Unconstrained build operations Thread 105" [_thread_blocked, id=167939, stack(0x0000700019097000,0x0000700019197000)]
  0x00007fcd2fd8f000 JavaThread "Unconstrained build operations Thread 106" [_thread_blocked, id=167427, stack(0x000070001919a000,0x000070001929a000)]
  0x00007fcd2c49ca00 JavaThread "Unconstrained build operations Thread 107" [_thread_blocked, id=166915, stack(0x000070001929d000,0x000070001939d000)]
  0x00007fcd2c431200 JavaThread "Unconstrained build operations Thread 108" [_thread_blocked, id=166659, stack(0x00007000193a0000,0x00007000194a0000)]
  0x00007fcd2d7ffa00 JavaThread "Unconstrained build operations Thread 109" [_thread_blocked, id=166147, stack(0x00007000194a3000,0x00007000195a3000)]
  0x00007fcd2d30d800 JavaThread "Unconstrained build operations Thread 110" [_thread_blocked, id=136451, stack(0x00007000195a6000,0x00007000196a6000)]
  0x00007fcd2fd92200 JavaThread "Unconstrained build operations Thread 111" [_thread_blocked, id=165635, stack(0x00007000196a9000,0x00007000197a9000)]
  0x00007fcd2cf0bc00 JavaThread "Unconstrained build operations Thread 112" [_thread_blocked, id=136707, stack(0x00007000197ac000,0x00007000198ac000)]
  0x00007fcd2cea3c00 JavaThread "Unconstrained build operations Thread 113" [_thread_blocked, id=164867, stack(0x00007000198af000,0x00007000199af000)]
  0x00007fcd2c9a1a00 JavaThread "Unconstrained build operations Thread 114" [_thread_blocked, id=136963, stack(0x00007000199b2000,0x0000700019ab2000)]
  0x00007fcd2c85a400 JavaThread "Unconstrained build operations Thread 115" [_thread_blocked, id=164099, stack(0x0000700019ab5000,0x0000700019bb5000)]
  0x00007fcd2f513600 JavaThread "Unconstrained build operations Thread 116" [_thread_blocked, id=163587, stack(0x0000700019bb8000,0x0000700019cb8000)]
  0x00007fcdbbad3800 JavaThread "ForkJoinPool.commonPool-worker-14" daemon [_thread_blocked, id=163331, stack(0x0000700019cbb000,0x0000700019dbb000)]
  0x00007fcdbbe1b200 JavaThread "ForkJoinPool.commonPool-worker-15" daemon [_thread_blocked, id=137475, stack(0x0000700019dbe000,0x0000700019ebe000)]
  0x00007fcd2c478600 JavaThread "Cache worker for execution history cache (/Users/juanprogramador/Trabajos/ticketTransfer/v2/apps/mobile/android/.gradle/8.6/executionHistory)" [_thread_blocked, id=161283, stack(0x000070001a1ca000,0x000070001a2ca000)]
  0x00007fcd9b730e00 JavaThread "WorkerExecutor Queue Thread 2" [_thread_blocked, id=138251, stack(0x000070001a2cd000,0x000070001a3cd000)]
  0x00007fcd2b2c5a00 JavaThread "WorkerExecutor Queue Thread 3" [_thread_blocked, id=161799, stack(0x000070001a0c7000,0x000070001a1c7000)]
  0x00007fcdcc022200 JavaThread "WorkerExecutor Queue Thread 4" [_thread_blocked, id=138755, stack(0x000070001a3d0000,0x000070001a4d0000)]
  0x00007fcdcb49b600 JavaThread "WorkerExecutor Queue Thread 5" [_thread_blocked, id=139011, stack(0x000070001a4d3000,0x000070001a5d3000)]
  0x00007fcd2be81200 JavaThread "WorkerExecutor Queue Thread 6" [_thread_blocked, id=160771, stack(0x000070001a5d6000,0x000070001a6d6000)]
  0x00007fcd2cc75400 JavaThread "WorkerExecutor Queue Thread 7" [_thread_blocked, id=160515, stack(0x000070001a6d9000,0x000070001a7d9000)]
  0x00007fcd2c478c00 JavaThread "WorkerExecutor Queue Thread 8" [_thread_blocked, id=160259, stack(0x000070001a7dc000,0x000070001a8dc000)]
  0x00007fcd2bfc0400 JavaThread "WorkerExecutor Queue Thread 9" [_thread_blocked, id=140291, stack(0x000070001a8df000,0x000070001a9df000)]
  0x00007fcd2bed3e00 JavaThread "WorkerExecutor Queue Thread 10" [_thread_blocked, id=159747, stack(0x000070001a9e2000,0x000070001aae2000)]
  0x00007fcd9b44a800 JavaThread "WorkerExecutor Queue Thread 11" [_thread_blocked, id=159235, stack(0x000070001aae5000,0x000070001abe5000)]
  0x00007fcd2f3a9000 JavaThread "WorkerExecutor Queue Thread 12" [_thread_blocked, id=158979, stack(0x000070001abe8000,0x000070001ace8000)]
  0x00007fcdcc022800 JavaThread "WorkerExecutor Queue Thread 13" [_thread_blocked, id=158723, stack(0x000070001aceb000,0x000070001adeb000)]
  0x00007fcdcb39d600 JavaThread "WorkerExecutor Queue Thread 14" [_thread_blocked, id=158211, stack(0x000070001adee000,0x000070001aeee000)]
  0x00007fcd2fd93800 JavaThread "WorkerExecutor Queue Thread 15" [_thread_blocked, id=157699, stack(0x000070001aef1000,0x000070001aff1000)]
  0x00007fcd2c435a00 JavaThread "Unconstrained build operations Thread 117" [_thread_blocked, id=141315, stack(0x000070001aff4000,0x000070001b0f4000)]
  0x00007fcd2d7c1e00 JavaThread "Unconstrained build operations Thread 118" [_thread_blocked, id=157187, stack(0x000070001b0f7000,0x000070001b1f7000)]
  0x00007fcd6c825600 JavaThread "Unconstrained build operations Thread 119" [_thread_blocked, id=141571, stack(0x000070001b1fa000,0x000070001b2fa000)]
  0x00007fcd2d7b7600 JavaThread "Unconstrained build operations Thread 120" [_thread_blocked, id=142083, stack(0x000070001b2fd000,0x000070001b3fd000)]
  0x00007fcd2d7b7c00 JavaThread "Unconstrained build operations Thread 121" [_thread_blocked, id=142595, stack(0x000070001b400000,0x000070001b500000)]
  0x00007fcd2d50cc00 JavaThread "Unconstrained build operations Thread 122" [_thread_blocked, id=143107, stack(0x000070001b503000,0x000070001b603000)]
  0x00007fcd2d50d200 JavaThread "Unconstrained build operations Thread 123" [_thread_blocked, id=143363, stack(0x000070001b606000,0x000070001b706000)]
  0x00007fcdab74ee00 JavaThread "Unconstrained build operations Thread 124" [_thread_blocked, id=143875, stack(0x000070001b709000,0x000070001b809000)]
  0x00007fcdab74f400 JavaThread "Unconstrained build operations Thread 125" [_thread_blocked, id=156163, stack(0x000070001b80c000,0x000070001b90c000)]
  0x00007fcdad0ade00 JavaThread "Unconstrained build operations Thread 126" [_thread_blocked, id=155651, stack(0x000070001b90f000,0x000070001ba0f000)]
  0x00007fcdad0ae400 JavaThread "Unconstrained build operations Thread 127" [_thread_blocked, id=144131, stack(0x000070001ba12000,0x000070001bb12000)]
  0x00007fcd6b027e00 JavaThread "Unconstrained build operations Thread 128" [_thread_blocked, id=144643, stack(0x000070001bb15000,0x000070001bc15000)]
  0x00007fcd2f3a9600 JavaThread "Unconstrained build operations Thread 129" [_thread_blocked, id=155139, stack(0x000070001bc18000,0x000070001bd18000)]
  0x00007fcdcd5b8400 JavaThread "Unconstrained build operations Thread 130" [_thread_blocked, id=154883, stack(0x000070001bd1b000,0x000070001be1b000)]
  0x00007fcdad0e5200 JavaThread "Unconstrained build operations Thread 131" [_thread_blocked, id=145667, stack(0x000070001be1e000,0x000070001bf1e000)]
  0x00007fcd2c107000 JavaThread "C2 CompilerThread1" daemon [_thread_blocked, id=26435, stack(0x0000700013ea4000,0x0000700013fa4000)]
  0x00007fcdcb7ef600 JavaThread "C2 CompilerThread2" daemon [_thread_blocked, id=102155, stack(0x0000700013fa7000,0x00007000140a7000)]
  0x00007fcdab8f7a00 JavaThread "C2 CompilerThread3" daemon [_thread_in_native, id=125479, stack(0x0000700014ed4000,0x0000700014fd4000)]
  0x00007fcd2d7d2a00 JavaThread "C1 CompilerThread1" daemon [_thread_blocked, id=99363, stack(0x0000700014fd7000,0x00007000150d7000)]
  0x00007fcdcc1b9200 JavaThread "C1 CompilerThread2" daemon [_thread_blocked, id=99875, stack(0x00007000159f5000,0x0000700015af5000)]
  0x00007fcdcc05fe00 JavaThread "C1 CompilerThread3" daemon [_thread_blocked, id=102411, stack(0x0000700015af8000,0x0000700015bf8000)]
  0x00007fcd2c7f7000 JavaThread "Unconstrained build operations Thread 132" [_thread_blocked, id=169491, stack(0x0000700018c8b000,0x0000700018d8b000)]
  0x00007fcd2c7f7e00 JavaThread "Unconstrained build operations Thread 133" [_thread_blocked, id=137747, stack(0x0000700019ec1000,0x0000700019fc1000)]
  0x00007fcd2c7f7600 JavaThread "Unconstrained build operations Thread 134" [_thread_blocked, id=162311, stack(0x0000700019fc4000,0x000070001a0c4000)]
  0x00007fcd6d8b4800 JavaThread "Unconstrained build operations Thread 135" [_thread_blocked, id=145923, stack(0x000070001bf21000,0x000070001c021000)]
  0x00007fcd6b028400 JavaThread "Unconstrained build operations Thread 136" [_thread_blocked, id=154371, stack(0x000070001c024000,0x000070001c124000)]
  0x00007fcd2b64a000 JavaThread "Unconstrained build operations Thread 137" [_thread_blocked, id=146435, stack(0x000070001c127000,0x000070001c227000)]
  0x00007fcdcd087400 JavaThread "Unconstrained build operations Thread 138" [_thread_blocked, id=153859, stack(0x000070001c22a000,0x000070001c32a000)]
  0x00007fcdabf17000 JavaThread "Unconstrained build operations Thread 139" [_thread_blocked, id=146947, stack(0x000070001c32d000,0x000070001c42d000)]
  0x00007fcd6b0ed400 JavaThread "Unconstrained build operations Thread 140" [_thread_blocked, id=147459, stack(0x000070001c430000,0x000070001c530000)]
  0x00007fcd6b883000 JavaThread "Unconstrained build operations Thread 141" [_thread_blocked, id=153091, stack(0x000070001c533000,0x000070001c633000)]
  0x00007fcdac88e400 JavaThread "Unconstrained build operations Thread 142" [_thread_blocked, id=147971, stack(0x000070001c636000,0x000070001c736000)]
  0x00007fcd6d014000 JavaThread "Unconstrained build operations Thread 143" [_thread_blocked, id=148483, stack(0x000070001c739000,0x000070001c839000)]
  0x00007fcdad0e6800 JavaThread "Unconstrained build operations Thread 144" [_thread_blocked, id=148995, stack(0x000070001c83c000,0x000070001c93c000)]
  0x00007fcd2b2c7600 JavaThread "Unconstrained build operations Thread 145" [_thread_blocked, id=152835, stack(0x000070001c93f000,0x000070001ca3f000)]
  0x00007fcd2b65a000 JavaThread "Unconstrained build operations Thread 146" [_thread_blocked, id=149763, stack(0x000070001ca42000,0x000070001cb42000)]
  0x00007fcd68b4ba00 JavaThread "Unconstrained build operations Thread 147" [_thread_blocked, id=150275, stack(0x000070001cb45000,0x000070001cc45000)]
  0x00007fcdab63ca00 JavaThread "WorkerExecutor Queue Thread 16" [_thread_blocked, id=152579, stack(0x000070001cc48000,0x000070001cd48000)]
  0x00007fcdad28ee00 JavaThread "C2 CompilerThread4" daemon [_thread_blocked, id=152323, stack(0x000070001cd4b000,0x000070001ce4b000)]
  0x00007fcd68afde00 JavaThread "Unconstrained build operations Thread 148" [_thread_blocked, id=152067, stack(0x000070001ce4e000,0x000070001cf4e000)]
  0x00007fcdcd011e00 JavaThread "Unconstrained build operations Thread 149" [_thread_blocked, id=151555, stack(0x000070001cf51000,0x000070001d051000)]
  0x00007fcd68afee00 JavaThread "Unconstrained build operations Thread 150" [_thread_blocked, id=174595, stack(0x000070001d054000,0x000070001d154000)]
  0x00007fcd69a5f800 JavaThread "Unconstrained build operations Thread 151" [_thread_blocked, id=174851, stack(0x000070001d157000,0x000070001d257000)]
  0x00007fcd68ab7800 JavaThread "Unconstrained build operations Thread 152" [_thread_blocked, id=217859, stack(0x000070001d25a000,0x000070001d35a000)]
  0x00007fcdccd05e00 JavaThread "Unconstrained build operations Thread 153" [_thread_blocked, id=175363, stack(0x000070001d35d000,0x000070001d45d000)]
  0x00007fcdcd2f2800 JavaThread "Unconstrained build operations Thread 154" [_thread_blocked, id=217347, stack(0x000070001d460000,0x000070001d560000)]
  0x00007fcd2d540000 JavaThread "Unconstrained build operations Thread 155" [_thread_blocked, id=217091, stack(0x000070001d563000,0x000070001d663000)]
  0x00007fcd2bafca00 JavaThread "Unconstrained build operations Thread 156" [_thread_blocked, id=176387, stack(0x000070001d666000,0x000070001d766000)]
  0x00007fcd6b842000 JavaThread "Unconstrained build operations Thread 157" [_thread_blocked, id=176643, stack(0x000070001d769000,0x000070001d869000)]
  0x00007fcd6b8a7a00 JavaThread "Unconstrained build operations Thread 158" [_thread_blocked, id=177155, stack(0x000070001d86c000,0x000070001d96c000)]
  0x00007fcd6982b400 JavaThread "Unconstrained build operations Thread 159" [_thread_blocked, id=177411, stack(0x000070001d96f000,0x000070001da6f000)]
  0x00007fcd6c479200 JavaThread "Unconstrained build operations Thread 160" [_thread_blocked, id=216067, stack(0x000070001da72000,0x000070001db72000)]
  0x00007fcdab63a400 JavaThread "C2 CompilerThread5" daemon [_thread_blocked, id=177923, stack(0x000070001db75000,0x000070001dc75000)]
  0x00007fcd2cca9c00 JavaThread "WorkerExecutor Queue Thread 17" [_thread_blocked, id=215299, stack(0x000070001de7e000,0x000070001df7e000)]
  0x00007fcdab851600 JavaThread "Cache worker for Java compile cache (/Users/juanprogramador/.gradle/caches/8.6/javaCompile)" [_thread_blocked, id=179203, stack(0x000070001df81000,0x000070001e081000)]
  0x00007fcdab63ba00 JavaThread "C2 CompilerThread6" daemon [_thread_blocked, id=215603, stack(0x000070001dc78000,0x000070001dd78000)]
  0x00007fcdab2f8800 JavaThread "C2 CompilerThread7" daemon [_thread_blocked, id=178459, stack(0x000070001dd7b000,0x000070001de7b000)]
  0x00007fcd2bf3c400 JavaThread "Build operations" [_thread_blocked, id=179459, stack(0x000070001e084000,0x000070001e184000)]
  0x00007fcdab56c400 JavaThread "Build operations Thread 2" [_thread_blocked, id=179971, stack(0x000070001e187000,0x000070001e287000)]
  0x00007fcd68b52a00 JavaThread "Build operations Thread 3" [_thread_blocked, id=214531, stack(0x000070001e28a000,0x000070001e38a000)]
  0x00007fcd2cdd4600 JavaThread "Build operations Thread 4" [_thread_blocked, id=180483, stack(0x000070001e38d000,0x000070001e48d000)]
  0x00007fcd2cefc600 JavaThread "Build operations Thread 5" [_thread_blocked, id=180739, stack(0x000070001e490000,0x000070001e590000)]
  0x00007fcdabb7b200 JavaThread "Build operations Thread 6" [_thread_blocked, id=181251, stack(0x000070001e593000,0x000070001e693000)]
  0x00007fcdab56ca00 JavaThread "Build operations Thread 7" [_thread_blocked, id=181763, stack(0x000070001e696000,0x000070001e796000)]
  0x00007fcd2bd0ce00 JavaThread "Build operations Thread 8" [_thread_blocked, id=213763, stack(0x000070001e799000,0x000070001e899000)]
  0x00007fcd2ccb8a00 JavaThread "Build operations Thread 9" [_thread_blocked, id=182275, stack(0x000070001e89c000,0x000070001e99c000)]
  0x00007fcd2ce54c00 JavaThread "Build operations Thread 10" [_thread_blocked, id=182787, stack(0x000070001e99f000,0x000070001ea9f000)]
  0x00007fcd2bf3b600 JavaThread "Build operations Thread 11" [_thread_blocked, id=213251, stack(0x000070001eaa2000,0x000070001eba2000)]
  0x00007fcdcd3efa00 JavaThread "Build operations Thread 12" [_thread_blocked, id=183299, stack(0x000070001eba5000,0x000070001eca5000)]
  0x00007fcdab3db600 JavaThread "Build operations Thread 13" [_thread_blocked, id=212739, stack(0x000070001eca8000,0x000070001eda8000)]
  0x00007fcd6d9ca800 JavaThread "Build operations Thread 14" [_thread_blocked, id=212227, stack(0x000070001edab000,0x000070001eeab000)]
  0x00007fcdab3dbc00 JavaThread "Build operations Thread 15" [_thread_blocked, id=211715, stack(0x000070001eeae000,0x000070001efae000)]
  0x00007fcd6d81aa00 JavaThread "pool-3-thread-1" [_thread_blocked, id=211467, stack(0x000070001efb1000,0x000070001f0b1000)]
  0x00007fcd6b9ac000 JavaThread "stderr" [_thread_in_native, id=210947, stack(0x000070001f0b4000,0x000070001f1b4000)]
  0x00007fcd69a5fe00 JavaThread "stdout" [_thread_in_native, id=210691, stack(0x000070001f1b7000,0x000070001f2b7000)]

Other Threads:
  0x00007fcdcaf28820 VMThread "VM Thread" [stack: 0x000070000b2dc000,0x000070000b3dc000] [id=18179]
  0x00007fcdcbb0c310 WatcherThread [stack: 0x000070000c109000,0x000070000c209000] [id=33027]
  0x00007fcdcaf1dfc0 GCTaskThread "GC Thread#0" [stack: 0x000070000adcd000,0x000070000aecd000] [id=12291]
  0x00007fcdcbb27b20 GCTaskThread "GC Thread#1" [stack: 0x000070000c618000,0x000070000c718000] [id=41987]
  0x00007fcdcba3a240 GCTaskThread "GC Thread#2" [stack: 0x000070000c71b000,0x000070000c81b000] [id=34819]
  0x00007fcdbaf05c60 GCTaskThread "GC Thread#3" [stack: 0x000070000c81e000,0x000070000c91e000] [id=35075]
  0x00007fcdcba3abc0 GCTaskThread "GC Thread#4" [stack: 0x000070000c921000,0x000070000ca21000] [id=40963]
  0x00007fcdcba3b4f0 GCTaskThread "GC Thread#5" [stack: 0x000070000ca24000,0x000070000cb24000] [id=40707]
  0x00007fcdac41c130 GCTaskThread "GC Thread#6" [stack: 0x000070000cb27000,0x000070000cc27000] [id=35587]
  0x00007fcdbaf06540 GCTaskThread "GC Thread#7" [stack: 0x000070000cc2a000,0x000070000cd2a000] [id=36099]
  0x00007fcdac41ca60 GCTaskThread "GC Thread#8" [stack: 0x000070000cd2d000,0x000070000ce2d000] [id=40195]
  0x00007fcdac41d340 GCTaskThread "GC Thread#9" [stack: 0x000070000ce30000,0x000070000cf30000] [id=39683]
  0x00007fcdac41dc20 GCTaskThread "GC Thread#10" [stack: 0x000070000cf33000,0x000070000d033000] [id=39427]
  0x00007fcdcba3bec0 GCTaskThread "GC Thread#11" [stack: 0x000070000d036000,0x000070000d136000] [id=38915]
  0x00007fcdbb1fd550 GCTaskThread "GC Thread#12" [stack: 0x000070000e066000,0x000070000e166000] [id=61699]
  0x00007fcdbb104c80 ConcurrentGCThread "G1 Main Marker" [stack: 0x000070000aed0000,0x000070000afd0000] [id=12547]
  0x00007fcdcba0e0f0 ConcurrentGCThread "G1 Conc#0" [stack: 0x000070000afd3000,0x000070000b0d3000] [id=13059]
  0x00007fcdbb1ffb70 ConcurrentGCThread "G1 Conc#1" [stack: 0x000070000e169000,0x000070000e269000] [id=47107]
  0x00007fcdac00c440 ConcurrentGCThread "G1 Conc#2" [stack: 0x000070000e26c000,0x000070000e36c000] [id=47363]
  0x00007fcdcb93d190 ConcurrentGCThread "G1 Refine#0" [stack: 0x000070000b0d6000,0x000070000b1d6000] [id=21251]
  0x00007fcd2ee4c1e0 ConcurrentGCThread "G1 Refine#1" [stack: 0x0000700015bfb000,0x0000700015cfb000] [id=118791]
  0x00007fcd2ee4c4d0 ConcurrentGCThread "G1 Refine#2" [stack: 0x0000700017b58000,0x0000700017c58000] [id=131331]
  0x00007fcd2eaf0a30 ConcurrentGCThread "G1 Refine#3" [stack: 0x0000700017c5b000,0x0000700017d5b000] [id=174083]
  0x00007fcdcb93de70 ConcurrentGCThread "G1 Service" [stack: 0x000070000b1d9000,0x000070000b2d9000] [id=16643]

Threads with active compile tasks:
C2 CompilerThread3  43398 24719       4       com.sun.tools.javac.code.Symtab::enterClass (71 bytes)

VM state: not at safepoint (normal execution)

VM Mutex/Monitor currently owned by a thread: None

Heap address: 0x0000000700000000, size: 4096 MB, Compressed Oops mode: Zero based, Oop shift amount: 3

CDS archive(s) mapped at: [0x0000000139000000-0x0000000139bf0000-0x0000000139bf0000), size 12517376, SharedBaseAddress: 0x0000000139000000, ArchiveRelocationMode: 1.
Compressed class space mapped at: 0x000000013a000000-0x0000000154000000, reserved size: 436207616
Narrow klass base: 0x0000000139000000, Narrow klass shift: 0, Narrow klass range: 0x100000000

GC Precious Log:
 CPUs: 16 total, 16 available
 Memory: 32768M
 Large Page Support: Disabled
 NUMA Support: Disabled
 Compressed Oops: Enabled (Zero based)
 Heap Region Size: 2M
 Heap Min Capacity: 8M
 Heap Initial Capacity: 512M
 Heap Max Capacity: 4G
 Pre-touch: Disabled
 Parallel Workers: 13
 Concurrent Workers: 3
 Concurrent Refinement Workers: 13
 Periodic GC: Disabled

Heap:
 garbage-first heap   total 950272K, used 600405K [0x0000000700000000, 0x0000000800000000)
  region size 2048K, 183 young (374784K), 4 survivors (8192K)
 Metaspace       used 136965K, committed 138816K, reserved 557056K
  class space    used 18549K, committed 19392K, reserved 425984K

Heap Regions: E=young(eden), S=young(survivor), O=old, HS=humongous(starts), HC=humongous(continues), CS=collection set, F=free, OA=open archive, CA=closed archive, TAMS=top-at-mark-start (previous, next)
|   0|0x0000000700000000, 0x0000000700200000, 0x0000000700200000|100%|HS|  |TAMS 0x0000000700200000, 0x0000000700000000| Complete 
|   1|0x0000000700200000, 0x0000000700400000, 0x0000000700400000|100%|HC|  |TAMS 0x0000000700400000, 0x0000000700200000| Complete 
|   2|0x0000000700400000, 0x0000000700600000, 0x0000000700600000|100%| O|  |TAMS 0x0000000700600000, 0x0000000700400000| Untracked 
|   3|0x0000000700600000, 0x0000000700800000, 0x0000000700800000|100%| O|  |TAMS 0x0000000700800000, 0x0000000700600000| Untracked 
|   4|0x0000000700800000, 0x00000007009d4200, 0x0000000700a00000| 91%| O|  |TAMS 0x00000007009d4200, 0x0000000700800000| Untracked 
|   5|0x0000000700a00000, 0x0000000700c00000, 0x0000000700c00000|100%| O|  |TAMS 0x0000000700c00000, 0x0000000700a00000| Untracked 
|   6|0x0000000700c00000, 0x0000000700e00000, 0x0000000700e00000|100%| O|  |TAMS 0x0000000700e00000, 0x0000000700c00000| Untracked 
|   7|0x0000000700e00000, 0x0000000701000000, 0x0000000701000000|100%| O|  |TAMS 0x0000000701000000, 0x0000000700e00000| Untracked 
|   8|0x0000000701000000, 0x0000000701200000, 0x0000000701200000|100%| O|  |TAMS 0x0000000701200000, 0x0000000701000000| Untracked 
|   9|0x0000000701200000, 0x0000000701400000, 0x0000000701400000|100%| O|  |TAMS 0x0000000701400000, 0x0000000701200000| Untracked 
|  10|0x0000000701400000, 0x0000000701600000, 0x0000000701600000|100%| O|  |TAMS 0x0000000701600000, 0x0000000701400000| Untracked 
|  11|0x0000000701600000, 0x0000000701800000, 0x0000000701800000|100%|HS|  |TAMS 0x0000000701800000, 0x0000000701600000| Complete 
|  12|0x0000000701800000, 0x0000000701a00000, 0x0000000701a00000|100%|HS|  |TAMS 0x0000000701a00000, 0x0000000701800000| Complete 
|  13|0x0000000701a00000, 0x0000000701c00000, 0x0000000701c00000|100%| O|  |TAMS 0x0000000701c00000, 0x0000000701a00000| Untracked 
|  14|0x0000000701c00000, 0x0000000701e00000, 0x0000000701e00000|100%| O|  |TAMS 0x0000000701e00000, 0x0000000701c00000| Untracked 
|  15|0x0000000701e00000, 0x0000000702000000, 0x0000000702000000|100%| O|  |TAMS 0x0000000702000000, 0x0000000701e00000| Untracked 
|  16|0x0000000702000000, 0x0000000702200000, 0x0000000702200000|100%| O|  |TAMS 0x0000000702200000, 0x0000000702000000| Untracked 
|  17|0x0000000702200000, 0x0000000702400000, 0x0000000702400000|100%| O|  |TAMS 0x0000000702400000, 0x0000000702200000| Untracked 
|  18|0x0000000702400000, 0x0000000702600000, 0x0000000702600000|100%| O|  |TAMS 0x0000000702600000, 0x0000000702400000| Untracked 
|  19|0x0000000702600000, 0x0000000702800000, 0x0000000702800000|100%| O|  |TAMS 0x0000000702800000, 0x0000000702600000| Untracked 
|  20|0x0000000702800000, 0x0000000702a00000, 0x0000000702a00000|100%| O|  |TAMS 0x0000000702a00000, 0x0000000702800000| Untracked 
|  21|0x0000000702a00000, 0x0000000702c00000, 0x0000000702c00000|100%|HS|  |TAMS 0x0000000702c00000, 0x0000000702a00000| Complete 
|  22|0x0000000702c00000, 0x0000000702e00000, 0x0000000702e00000|100%|HC|  |TAMS 0x0000000702e00000, 0x0000000702c00000| Complete 
|  23|0x0000000702e00000, 0x0000000703000000, 0x0000000703000000|100%| O|  |TAMS 0x0000000703000000, 0x0000000702e00000| Untracked 
|  24|0x0000000703000000, 0x0000000703200000, 0x0000000703200000|100%| O|  |TAMS 0x0000000703200000, 0x0000000703000000| Untracked 
|  25|0x0000000703200000, 0x0000000703400000, 0x0000000703400000|100%| O|  |TAMS 0x0000000703400000, 0x0000000703200000| Untracked 
|  26|0x0000000703400000, 0x0000000703600000, 0x0000000703600000|100%| O|  |TAMS 0x0000000703600000, 0x0000000703400000| Untracked 
|  27|0x0000000703600000, 0x0000000703800000, 0x0000000703800000|100%|HS|  |TAMS 0x0000000703800000, 0x0000000703600000| Complete 
|  28|0x0000000703800000, 0x0000000703a00000, 0x0000000703a00000|100%|HC|  |TAMS 0x0000000703a00000, 0x0000000703800000| Complete 
|  29|0x0000000703a00000, 0x0000000703c00000, 0x0000000703c00000|100%| O|  |TAMS 0x0000000703c00000, 0x0000000703a00000| Untracked 
|  30|0x0000000703c00000, 0x0000000703e00000, 0x0000000703e00000|100%| O|  |TAMS 0x0000000703e00000, 0x0000000703c00000| Untracked 
|  31|0x0000000703e00000, 0x0000000704000000, 0x0000000704000000|100%| O|  |TAMS 0x0000000704000000, 0x0000000703e00000| Untracked 
|  32|0x0000000704000000, 0x0000000704200000, 0x0000000704200000|100%| O|  |TAMS 0x0000000704200000, 0x0000000704000000| Untracked 
|  33|0x0000000704200000, 0x0000000704400000, 0x0000000704400000|100%| O|  |TAMS 0x0000000704400000, 0x0000000704200000| Untracked 
|  34|0x0000000704400000, 0x0000000704600000, 0x0000000704600000|100%| O|  |TAMS 0x0000000704600000, 0x0000000704400000| Untracked 
|  35|0x0000000704600000, 0x0000000704800000, 0x0000000704800000|100%| O|  |TAMS 0x0000000704800000, 0x0000000704600000| Untracked 
|  36|0x0000000704800000, 0x0000000704a00000, 0x0000000704a00000|100%| O|  |TAMS 0x0000000704a00000, 0x0000000704800000| Untracked 
|  37|0x0000000704a00000, 0x0000000704c00000, 0x0000000704c00000|100%| O|  |TAMS 0x0000000704c00000, 0x0000000704a00000| Untracked 
|  38|0x0000000704c00000, 0x0000000704e00000, 0x0000000704e00000|100%| O|  |TAMS 0x0000000704e00000, 0x0000000704c00000| Untracked 
|  39|0x0000000704e00000, 0x0000000705000000, 0x0000000705000000|100%| O|  |TAMS 0x0000000705000000, 0x0000000704e00000| Untracked 
|  40|0x0000000705000000, 0x0000000705200000, 0x0000000705200000|100%| O|  |TAMS 0x0000000705200000, 0x0000000705000000| Untracked 
|  41|0x0000000705200000, 0x0000000705400000, 0x0000000705400000|100%| O|  |TAMS 0x0000000705400000, 0x0000000705200000| Untracked 
|  42|0x0000000705400000, 0x0000000705600000, 0x0000000705600000|100%| O|  |TAMS 0x0000000705600000, 0x0000000705400000| Untracked 
|  43|0x0000000705600000, 0x0000000705800000, 0x0000000705800000|100%| O|  |TAMS 0x0000000705800000, 0x0000000705600000| Untracked 
|  44|0x0000000705800000, 0x0000000705a00000, 0x0000000705a00000|100%| O|  |TAMS 0x0000000705a00000, 0x0000000705800000| Untracked 
|  45|0x0000000705a00000, 0x0000000705c00000, 0x0000000705c00000|100%| O|  |TAMS 0x0000000705c00000, 0x0000000705a00000| Untracked 
|  46|0x0000000705c00000, 0x0000000705e00000, 0x0000000705e00000|100%| O|  |TAMS 0x0000000705e00000, 0x0000000705c00000| Untracked 
|  47|0x0000000705e00000, 0x0000000706000000, 0x0000000706000000|100%| O|  |TAMS 0x0000000706000000, 0x0000000705e00000| Complete 
|  48|0x0000000706000000, 0x0000000706200000, 0x0000000706200000|100%| O|  |TAMS 0x0000000706200000, 0x0000000706000000| Untracked 
|  49|0x0000000706200000, 0x0000000706400000, 0x0000000706400000|100%| O|  |TAMS 0x0000000706400000, 0x0000000706200000| Untracked 
|  50|0x0000000706400000, 0x0000000706600000, 0x0000000706600000|100%| O|  |TAMS 0x0000000706600000, 0x0000000706400000| Untracked 
|  51|0x0000000706600000, 0x0000000706800000, 0x0000000706800000|100%| O|  |TAMS 0x0000000706800000, 0x0000000706600000| Untracked 
|  52|0x0000000706800000, 0x0000000706a00000, 0x0000000706a00000|100%| O|  |TAMS 0x0000000706a00000, 0x0000000706800000| Untracked 
|  53|0x0000000706a00000, 0x0000000706c00000, 0x0000000706c00000|100%| O|  |TAMS 0x0000000706c00000, 0x0000000706a00000| Untracked 
|  54|0x0000000706c00000, 0x0000000706e00000, 0x0000000706e00000|100%| O|  |TAMS 0x0000000706e00000, 0x0000000706c00000| Untracked 
|  55|0x0000000706e00000, 0x0000000707000000, 0x0000000707000000|100%| O|  |TAMS 0x0000000707000000, 0x0000000706e00000| Untracked 
|  56|0x0000000707000000, 0x0000000707200000, 0x0000000707200000|100%| O|  |TAMS 0x0000000707200000, 0x0000000707000000| Untracked 
|  57|0x0000000707200000, 0x0000000707400000, 0x0000000707400000|100%| O|  |TAMS 0x0000000707400000, 0x0000000707200000| Untracked 
|  58|0x0000000707400000, 0x0000000707600000, 0x0000000707600000|100%| O|  |TAMS 0x0000000707600000, 0x0000000707400000| Untracked 
|  59|0x0000000707600000, 0x0000000707800000, 0x0000000707800000|100%| O|  |TAMS 0x0000000707800000, 0x0000000707600000| Untracked 
|  60|0x0000000707800000, 0x0000000707a00000, 0x0000000707a00000|100%| O|  |TAMS 0x0000000707a00000, 0x0000000707800000| Untracked 
|  61|0x0000000707a00000, 0x0000000707c00000, 0x0000000707c00000|100%| O|  |TAMS 0x0000000707c00000, 0x0000000707a00000| Untracked 
|  62|0x0000000707c00000, 0x0000000707e00000, 0x0000000707e00000|100%| O|  |TAMS 0x0000000707e00000, 0x0000000707c00000| Untracked 
|  63|0x0000000707e00000, 0x0000000708000000, 0x0000000708000000|100%| O|  |TAMS 0x0000000708000000, 0x0000000707e00000| Untracked 
|  64|0x0000000708000000, 0x0000000708200000, 0x0000000708200000|100%| O|  |TAMS 0x0000000708200000, 0x0000000708000000| Untracked 
|  65|0x0000000708200000, 0x0000000708400000, 0x0000000708400000|100%| O|  |TAMS 0x0000000708400000, 0x0000000708200000| Untracked 
|  66|0x0000000708400000, 0x0000000708600000, 0x0000000708600000|100%| O|  |TAMS 0x0000000708600000, 0x0000000708400000| Untracked 
|  67|0x0000000708600000, 0x0000000708800000, 0x0000000708800000|100%| O|  |TAMS 0x0000000708800000, 0x0000000708600000| Untracked 
|  68|0x0000000708800000, 0x0000000708a00000, 0x0000000708a00000|100%| O|  |TAMS 0x0000000708a00000, 0x0000000708800000| Untracked 
|  69|0x0000000708a00000, 0x0000000708c00000, 0x0000000708c00000|100%| O|  |TAMS 0x0000000708c00000, 0x0000000708a00000| Untracked 
|  70|0x0000000708c00000, 0x0000000708e00000, 0x0000000708e00000|100%|HS|  |TAMS 0x0000000708e00000, 0x0000000708c00000| Complete 
|  71|0x0000000708e00000, 0x0000000709000000, 0x0000000709000000|100%| O|  |TAMS 0x0000000709000000, 0x0000000708e00000| Untracked 
|  72|0x0000000709000000, 0x0000000709200000, 0x0000000709200000|100%| O|  |TAMS 0x0000000709200000, 0x0000000709000000| Untracked 
|  73|0x0000000709200000, 0x0000000709400000, 0x0000000709400000|100%| O|  |TAMS 0x0000000709400000, 0x0000000709200000| Untracked 
|  74|0x0000000709400000, 0x0000000709600000, 0x0000000709600000|100%| O|  |TAMS 0x0000000709600000, 0x0000000709400000| Untracked 
|  75|0x0000000709600000, 0x0000000709800000, 0x0000000709800000|100%| O|  |TAMS 0x0000000709800000, 0x0000000709600000| Untracked 
|  76|0x0000000709800000, 0x0000000709a00000, 0x0000000709a00000|100%| O|  |TAMS 0x0000000709a00000, 0x0000000709800000| Untracked 
|  77|0x0000000709a00000, 0x0000000709c00000, 0x0000000709c00000|100%| O|  |TAMS 0x0000000709c00000, 0x0000000709a00000| Untracked 
|  78|0x0000000709c00000, 0x0000000709e00000, 0x0000000709e00000|100%| O|  |TAMS 0x0000000709e00000, 0x0000000709c00000| Untracked 
|  79|0x0000000709e00000, 0x000000070a000000, 0x000000070a000000|100%| O|  |TAMS 0x000000070a000000, 0x0000000709e00000| Untracked 
|  80|0x000000070a000000, 0x000000070a200000, 0x000000070a200000|100%| O|  |TAMS 0x000000070a200000, 0x000000070a000000| Untracked 
|  81|0x000000070a200000, 0x000000070a400000, 0x000000070a400000|100%| O|  |TAMS 0x000000070a400000, 0x000000070a200000| Untracked 
|  82|0x000000070a400000, 0x000000070a600000, 0x000000070a600000|100%| O|  |TAMS 0x000000070a600000, 0x000000070a400000| Untracked 
|  83|0x000000070a600000, 0x000000070a800000, 0x000000070a800000|100%| O|  |TAMS 0x000000070a800000, 0x000000070a600000| Untracked 
|  84|0x000000070a800000, 0x000000070aa00000, 0x000000070aa00000|100%| O|  |TAMS 0x000000070aa00000, 0x000000070a800000| Untracked 
|  85|0x000000070aa00000, 0x000000070ac00000, 0x000000070ac00000|100%| O|  |TAMS 0x000000070ac00000, 0x000000070aa00000| Untracked 
|  86|0x000000070ac00000, 0x000000070ae00000, 0x000000070ae00000|100%| O|  |TAMS 0x000000070ae00000, 0x000000070ac00000| Untracked 
|  87|0x000000070ae00000, 0x000000070b000000, 0x000000070b000000|100%| O|  |TAMS 0x000000070b000000, 0x000000070ae00000| Untracked 
|  88|0x000000070b000000, 0x000000070b200000, 0x000000070b200000|100%|HS|  |TAMS 0x000000070b000000, 0x000000070b000000| Complete 
|  89|0x000000070b200000, 0x000000070b400000, 0x000000070b400000|100%| O|  |TAMS 0x000000070b400000, 0x000000070b200000| Untracked 
|  90|0x000000070b400000, 0x000000070b600000, 0x000000070b600000|100%| O|  |TAMS 0x000000070b600000, 0x000000070b400000| Untracked 
|  91|0x000000070b600000, 0x000000070b800000, 0x000000070b800000|100%| O|  |TAMS 0x000000070b800000, 0x000000070b600000| Untracked 
|  92|0x000000070b800000, 0x000000070ba00000, 0x000000070ba00000|100%| O|  |TAMS 0x000000070ba00000, 0x000000070b800000| Untracked 
|  93|0x000000070ba00000, 0x000000070bc00000, 0x000000070bc00000|100%| O|  |TAMS 0x000000070bc00000, 0x000000070ba00000| Untracked 
|  94|0x000000070bc00000, 0x000000070be00000, 0x000000070be00000|100%| O|  |TAMS 0x000000070be00000, 0x000000070bc00000| Untracked 
|  95|0x000000070be00000, 0x000000070c000000, 0x000000070c000000|100%| O|  |TAMS 0x000000070c000000, 0x000000070be00000| Untracked 
|  96|0x000000070c000000, 0x000000070c200000, 0x000000070c200000|100%| O|  |TAMS 0x000000070c200000, 0x000000070c000000| Untracked 
|  97|0x000000070c200000, 0x000000070c400000, 0x000000070c400000|100%| O|  |TAMS 0x000000070c400000, 0x000000070c200000| Untracked 
|  98|0x000000070c400000, 0x000000070c600000, 0x000000070c600000|100%|HS|  |TAMS 0x000000070c400000, 0x000000070c400000| Complete 
|  99|0x000000070c600000, 0x000000070c800000, 0x000000070c800000|100%| O|  |TAMS 0x000000070c800000, 0x000000070c600000| Untracked 
| 100|0x000000070c800000, 0x000000070ca00000, 0x000000070ca00000|100%| O|  |TAMS 0x000000070ca00000, 0x000000070c800000| Untracked 
| 101|0x000000070ca00000, 0x000000070cc00000, 0x000000070cc00000|100%| O|  |TAMS 0x000000070cc00000, 0x000000070ca00000| Untracked 
| 102|0x000000070cc00000, 0x000000070ce00000, 0x000000070ce00000|100%| O|  |TAMS 0x000000070ce00000, 0x000000070cc00000| Untracked 
| 103|0x000000070ce00000, 0x000000070d000000, 0x000000070d000000|100%| O|  |TAMS 0x000000070d000000, 0x000000070ce00000| Untracked 
| 104|0x000000070d000000, 0x000000070d200000, 0x000000070d200000|100%| O|  |TAMS 0x000000070d200000, 0x000000070d000000| Untracked 
| 105|0x000000070d200000, 0x000000070d400000, 0x000000070d400000|100%|HS|  |TAMS 0x000000070d200000, 0x000000070d200000| Complete 
| 106|0x000000070d400000, 0x000000070d600000, 0x000000070d600000|100%| O|  |TAMS 0x000000070d600000, 0x000000070d400000| Complete 
| 107|0x000000070d600000, 0x000000070d800000, 0x000000070d800000|100%| O|  |TAMS 0x000000070d800000, 0x000000070d600000| Untracked 
| 108|0x000000070d800000, 0x000000070d8d6a00, 0x000000070da00000| 41%| O|  |TAMS 0x000000070d8d6a00, 0x000000070d800000| Complete 
| 109|0x000000070da00000, 0x000000070dc00000, 0x000000070dc00000|100%|HS|  |TAMS 0x000000070da00000, 0x000000070da00000| Complete 
| 110|0x000000070dc00000, 0x000000070de00000, 0x000000070de00000|100%|HS|  |TAMS 0x000000070dc00000, 0x000000070dc00000| Complete 
| 111|0x000000070de00000, 0x000000070e000000, 0x000000070e000000|100%|HS|  |TAMS 0x000000070de00000, 0x000000070de00000| Complete 
| 112|0x000000070e000000, 0x000000070e000000, 0x000000070e200000|  0%| F|  |TAMS 0x000000070e000000, 0x000000070e000000| Untracked 
| 113|0x000000070e200000, 0x000000070e200000, 0x000000070e400000|  0%| F|  |TAMS 0x000000070e200000, 0x000000070e200000| Untracked 
| 114|0x000000070e400000, 0x000000070e400000, 0x000000070e600000|  0%| F|  |TAMS 0x000000070e400000, 0x000000070e400000| Untracked 
| 115|0x000000070e600000, 0x000000070e600000, 0x000000070e800000|  0%| F|  |TAMS 0x000000070e600000, 0x000000070e600000| Untracked 
| 116|0x000000070e800000, 0x000000070e800000, 0x000000070ea00000|  0%| F|  |TAMS 0x000000070e800000, 0x000000070e800000| Untracked 
| 117|0x000000070ea00000, 0x000000070ea00000, 0x000000070ec00000|  0%| F|  |TAMS 0x000000070ea00000, 0x000000070ea00000| Untracked 
| 118|0x000000070ec00000, 0x000000070ec00000, 0x000000070ee00000|  0%| F|  |TAMS 0x000000070ec00000, 0x000000070ec00000| Untracked 
| 119|0x000000070ee00000, 0x000000070ee00000, 0x000000070f000000|  0%| F|  |TAMS 0x000000070ee00000, 0x000000070ee00000| Untracked 
| 120|0x000000070f000000, 0x000000070f000000, 0x000000070f200000|  0%| F|  |TAMS 0x000000070f000000, 0x000000070f000000| Untracked 
| 121|0x000000070f200000, 0x000000070f200000, 0x000000070f400000|  0%| F|  |TAMS 0x000000070f200000, 0x000000070f200000| Untracked 
| 122|0x000000070f400000, 0x000000070f400000, 0x000000070f600000|  0%| F|  |TAMS 0x000000070f400000, 0x000000070f400000| Untracked 
| 123|0x000000070f600000, 0x000000070f600000, 0x000000070f800000|  0%| F|  |TAMS 0x000000070f600000, 0x000000070f600000| Untracked 
| 124|0x000000070f800000, 0x000000070f800000, 0x000000070fa00000|  0%| F|  |TAMS 0x000000070f800000, 0x000000070f800000| Untracked 
| 125|0x000000070fa00000, 0x000000070fa00000, 0x000000070fc00000|  0%| F|  |TAMS 0x000000070fa00000, 0x000000070fa00000| Untracked 
| 126|0x000000070fc00000, 0x000000070fc00000, 0x000000070fe00000|  0%| F|  |TAMS 0x000000070fc00000, 0x000000070fc00000| Untracked 
| 127|0x000000070fe00000, 0x000000070fe00000, 0x0000000710000000|  0%| F|  |TAMS 0x000000070fe00000, 0x000000070fe00000| Untracked 
| 128|0x0000000710000000, 0x0000000710000000, 0x0000000710200000|  0%| F|  |TAMS 0x0000000710000000, 0x0000000710000000| Untracked 
| 129|0x0000000710200000, 0x0000000710200000, 0x0000000710400000|  0%| F|  |TAMS 0x0000000710200000, 0x0000000710200000| Untracked 
| 130|0x0000000710400000, 0x0000000710400000, 0x0000000710600000|  0%| F|  |TAMS 0x0000000710400000, 0x0000000710400000| Untracked 
| 131|0x0000000710600000, 0x0000000710600000, 0x0000000710800000|  0%| F|  |TAMS 0x0000000710600000, 0x0000000710600000| Untracked 
| 132|0x0000000710800000, 0x0000000710800000, 0x0000000710a00000|  0%| F|  |TAMS 0x0000000710800000, 0x0000000710800000| Untracked 
| 133|0x0000000710a00000, 0x0000000710a00000, 0x0000000710c00000|  0%| F|  |TAMS 0x0000000710a00000, 0x0000000710a00000| Untracked 
| 134|0x0000000710c00000, 0x0000000710c00000, 0x0000000710e00000|  0%| F|  |TAMS 0x0000000710c00000, 0x0000000710c00000| Untracked 
| 135|0x0000000710e00000, 0x0000000710e00000, 0x0000000711000000|  0%| F|  |TAMS 0x0000000710e00000, 0x0000000710e00000| Untracked 
| 136|0x0000000711000000, 0x0000000711000000, 0x0000000711200000|  0%| F|  |TAMS 0x0000000711000000, 0x0000000711000000| Untracked 
| 137|0x0000000711200000, 0x0000000711200000, 0x0000000711400000|  0%| F|  |TAMS 0x0000000711200000, 0x0000000711200000| Untracked 
| 138|0x0000000711400000, 0x0000000711400000, 0x0000000711600000|  0%| F|  |TAMS 0x0000000711400000, 0x0000000711400000| Untracked 
| 139|0x0000000711600000, 0x0000000711600000, 0x0000000711800000|  0%| F|  |TAMS 0x0000000711600000, 0x0000000711600000| Untracked 
| 140|0x0000000711800000, 0x0000000711800000, 0x0000000711a00000|  0%| F|  |TAMS 0x0000000711800000, 0x0000000711800000| Untracked 
| 141|0x0000000711a00000, 0x0000000711a00000, 0x0000000711c00000|  0%| F|  |TAMS 0x0000000711a00000, 0x0000000711a00000| Untracked 
| 142|0x0000000711c00000, 0x0000000711c00000, 0x0000000711e00000|  0%| F|  |TAMS 0x0000000711c00000, 0x0000000711c00000| Untracked 
| 143|0x0000000711e00000, 0x0000000711e00000, 0x0000000712000000|  0%| F|  |TAMS 0x0000000711e00000, 0x0000000711e00000| Untracked 
| 144|0x0000000712000000, 0x00000007121c0858, 0x0000000712200000| 87%| S|CS|TAMS 0x0000000712000000, 0x0000000712000000| Complete 
| 145|0x0000000712200000, 0x0000000712400000, 0x0000000712400000|100%| S|CS|TAMS 0x0000000712200000, 0x0000000712200000| Complete 
| 146|0x0000000712400000, 0x0000000712600000, 0x0000000712600000|100%| S|CS|TAMS 0x0000000712400000, 0x0000000712400000| Complete 
| 147|0x0000000712600000, 0x0000000712800000, 0x0000000712800000|100%| S|CS|TAMS 0x0000000712600000, 0x0000000712600000| Complete 
| 148|0x0000000712800000, 0x0000000712800000, 0x0000000712a00000|  0%| F|  |TAMS 0x0000000712800000, 0x0000000712800000| Untracked 
| 149|0x0000000712a00000, 0x0000000712a00000, 0x0000000712c00000|  0%| F|  |TAMS 0x0000000712a00000, 0x0000000712a00000| Untracked 
| 150|0x0000000712c00000, 0x0000000712c00000, 0x0000000712e00000|  0%| F|  |TAMS 0x0000000712c00000, 0x0000000712c00000| Untracked 
| 151|0x0000000712e00000, 0x0000000712e00000, 0x0000000713000000|  0%| F|  |TAMS 0x0000000712e00000, 0x0000000712e00000| Untracked 
| 152|0x0000000713000000, 0x0000000713000000, 0x0000000713200000|  0%| F|  |TAMS 0x0000000713000000, 0x0000000713000000| Untracked 
| 153|0x0000000713200000, 0x0000000713200000, 0x0000000713400000|  0%| F|  |TAMS 0x0000000713200000, 0x0000000713200000| Untracked 
| 154|0x0000000713400000, 0x0000000713400000, 0x0000000713600000|  0%| F|  |TAMS 0x0000000713400000, 0x0000000713400000| Untracked 
| 155|0x0000000713600000, 0x0000000713600000, 0x0000000713800000|  0%| F|  |TAMS 0x0000000713600000, 0x0000000713600000| Untracked 
| 156|0x0000000713800000, 0x0000000713800000, 0x0000000713a00000|  0%| F|  |TAMS 0x0000000713800000, 0x0000000713800000| Untracked 
| 157|0x0000000713a00000, 0x0000000713a00000, 0x0000000713c00000|  0%| F|  |TAMS 0x0000000713a00000, 0x0000000713a00000| Untracked 
| 158|0x0000000713c00000, 0x0000000713c00000, 0x0000000713e00000|  0%| F|  |TAMS 0x0000000713c00000, 0x0000000713c00000| Untracked 
| 159|0x0000000713e00000, 0x0000000713e00000, 0x0000000714000000|  0%| F|  |TAMS 0x0000000713e00000, 0x0000000713e00000| Untracked 
| 160|0x0000000714000000, 0x0000000714000000, 0x0000000714200000|  0%| F|  |TAMS 0x0000000714000000, 0x0000000714000000| Untracked 
| 161|0x0000000714200000, 0x0000000714200000, 0x0000000714400000|  0%| F|  |TAMS 0x0000000714200000, 0x0000000714200000| Untracked 
| 162|0x0000000714400000, 0x0000000714400000, 0x0000000714600000|  0%| F|  |TAMS 0x0000000714400000, 0x0000000714400000| Untracked 
| 163|0x0000000714600000, 0x0000000714600000, 0x0000000714800000|  0%| F|  |TAMS 0x0000000714600000, 0x0000000714600000| Untracked 
| 164|0x0000000714800000, 0x0000000714800000, 0x0000000714a00000|  0%| F|  |TAMS 0x0000000714800000, 0x0000000714800000| Untracked 
| 165|0x0000000714a00000, 0x0000000714a00000, 0x0000000714c00000|  0%| F|  |TAMS 0x0000000714a00000, 0x0000000714a00000| Untracked 
| 166|0x0000000714c00000, 0x0000000714c00000, 0x0000000714e00000|  0%| F|  |TAMS 0x0000000714c00000, 0x0000000714c00000| Untracked 
| 167|0x0000000714e00000, 0x0000000714e00000, 0x0000000715000000|  0%| F|  |TAMS 0x0000000714e00000, 0x0000000714e00000| Untracked 
| 168|0x0000000715000000, 0x0000000715000000, 0x0000000715200000|  0%| F|  |TAMS 0x0000000715000000, 0x0000000715000000| Untracked 
| 169|0x0000000715200000, 0x0000000715200000, 0x0000000715400000|  0%| F|  |TAMS 0x0000000715200000, 0x0000000715200000| Untracked 
| 170|0x0000000715400000, 0x0000000715400000, 0x0000000715600000|  0%| F|  |TAMS 0x0000000715400000, 0x0000000715400000| Untracked 
| 171|0x0000000715600000, 0x0000000715600000, 0x0000000715800000|  0%| F|  |TAMS 0x0000000715600000, 0x0000000715600000| Untracked 
| 172|0x0000000715800000, 0x0000000715800000, 0x0000000715a00000|  0%| F|  |TAMS 0x0000000715800000, 0x0000000715800000| Untracked 
| 173|0x0000000715a00000, 0x0000000715a00000, 0x0000000715c00000|  0%| F|  |TAMS 0x0000000715a00000, 0x0000000715a00000| Untracked 
| 174|0x0000000715c00000, 0x0000000715c00000, 0x0000000715e00000|  0%| F|  |TAMS 0x0000000715c00000, 0x0000000715c00000| Untracked 
| 175|0x0000000715e00000, 0x0000000715e00000, 0x0000000716000000|  0%| F|  |TAMS 0x0000000715e00000, 0x0000000715e00000| Untracked 
| 176|0x0000000716000000, 0x0000000716000000, 0x0000000716200000|  0%| F|  |TAMS 0x0000000716000000, 0x0000000716000000| Untracked 
| 177|0x0000000716200000, 0x0000000716200000, 0x0000000716400000|  0%| F|  |TAMS 0x0000000716200000, 0x0000000716200000| Untracked 
| 178|0x0000000716400000, 0x0000000716400000, 0x0000000716600000|  0%| F|  |TAMS 0x0000000716400000, 0x0000000716400000| Untracked 
| 179|0x0000000716600000, 0x0000000716600000, 0x0000000716800000|  0%| F|  |TAMS 0x0000000716600000, 0x0000000716600000| Untracked 
| 180|0x0000000716800000, 0x0000000716800000, 0x0000000716a00000|  0%| F|  |TAMS 0x0000000716800000, 0x0000000716800000| Untracked 
| 181|0x0000000716a00000, 0x0000000716a00000, 0x0000000716c00000|  0%| F|  |TAMS 0x0000000716a00000, 0x0000000716a00000| Untracked 
| 182|0x0000000716c00000, 0x0000000716c00000, 0x0000000716e00000|  0%| F|  |TAMS 0x0000000716c00000, 0x0000000716c00000| Untracked 
| 183|0x0000000716e00000, 0x0000000716e00000, 0x0000000717000000|  0%| F|  |TAMS 0x0000000716e00000, 0x0000000716e00000| Untracked 
| 184|0x0000000717000000, 0x0000000717000000, 0x0000000717200000|  0%| F|  |TAMS 0x0000000717000000, 0x0000000717000000| Untracked 
| 185|0x0000000717200000, 0x0000000717200000, 0x0000000717400000|  0%| F|  |TAMS 0x0000000717200000, 0x0000000717200000| Untracked 
| 186|0x0000000717400000, 0x0000000717400000, 0x0000000717600000|  0%| F|  |TAMS 0x0000000717400000, 0x0000000717400000| Untracked 
| 187|0x0000000717600000, 0x0000000717600000, 0x0000000717800000|  0%| F|  |TAMS 0x0000000717600000, 0x0000000717600000| Untracked 
| 188|0x0000000717800000, 0x0000000717800000, 0x0000000717a00000|  0%| F|  |TAMS 0x0000000717800000, 0x0000000717800000| Untracked 
| 189|0x0000000717a00000, 0x0000000717a00000, 0x0000000717c00000|  0%| F|  |TAMS 0x0000000717a00000, 0x0000000717a00000| Untracked 
| 190|0x0000000717c00000, 0x0000000717c00000, 0x0000000717e00000|  0%| F|  |TAMS 0x0000000717c00000, 0x0000000717c00000| Untracked 
| 191|0x0000000717e00000, 0x0000000717e00000, 0x0000000718000000|  0%| F|  |TAMS 0x0000000717e00000, 0x0000000717e00000| Untracked 
| 192|0x0000000718000000, 0x0000000718000000, 0x0000000718200000|  0%| F|  |TAMS 0x0000000718000000, 0x0000000718000000| Untracked 
| 193|0x0000000718200000, 0x0000000718200000, 0x0000000718400000|  0%| F|  |TAMS 0x0000000718200000, 0x0000000718200000| Untracked 
| 194|0x0000000718400000, 0x0000000718400000, 0x0000000718600000|  0%| F|  |TAMS 0x0000000718400000, 0x0000000718400000| Untracked 
| 195|0x0000000718600000, 0x0000000718600000, 0x0000000718800000|  0%| F|  |TAMS 0x0000000718600000, 0x0000000718600000| Untracked 
| 196|0x0000000718800000, 0x0000000718800000, 0x0000000718a00000|  0%| F|  |TAMS 0x0000000718800000, 0x0000000718800000| Untracked 
| 197|0x0000000718a00000, 0x0000000718a00000, 0x0000000718c00000|  0%| F|  |TAMS 0x0000000718a00000, 0x0000000718a00000| Untracked 
| 198|0x0000000718c00000, 0x0000000718c00000, 0x0000000718e00000|  0%| F|  |TAMS 0x0000000718c00000, 0x0000000718c00000| Untracked 
| 199|0x0000000718e00000, 0x0000000718e00000, 0x0000000719000000|  0%| F|  |TAMS 0x0000000718e00000, 0x0000000718e00000| Untracked 
| 200|0x0000000719000000, 0x0000000719000000, 0x0000000719200000|  0%| F|  |TAMS 0x0000000719000000, 0x0000000719000000| Untracked 
| 201|0x0000000719200000, 0x0000000719200000, 0x0000000719400000|  0%| F|  |TAMS 0x0000000719200000, 0x0000000719200000| Untracked 
| 202|0x0000000719400000, 0x0000000719400000, 0x0000000719600000|  0%| F|  |TAMS 0x0000000719400000, 0x0000000719400000| Untracked 
| 203|0x0000000719600000, 0x0000000719600000, 0x0000000719800000|  0%| F|  |TAMS 0x0000000719600000, 0x0000000719600000| Untracked 
| 204|0x0000000719800000, 0x0000000719800000, 0x0000000719a00000|  0%| F|  |TAMS 0x0000000719800000, 0x0000000719800000| Untracked 
| 205|0x0000000719a00000, 0x0000000719a00000, 0x0000000719c00000|  0%| F|  |TAMS 0x0000000719a00000, 0x0000000719a00000| Untracked 
| 206|0x0000000719c00000, 0x0000000719c00000, 0x0000000719e00000|  0%| F|  |TAMS 0x0000000719c00000, 0x0000000719c00000| Untracked 
| 207|0x0000000719e00000, 0x0000000719e00000, 0x000000071a000000|  0%| F|  |TAMS 0x0000000719e00000, 0x0000000719e00000| Untracked 
| 208|0x000000071a000000, 0x000000071a000000, 0x000000071a200000|  0%| F|  |TAMS 0x000000071a000000, 0x000000071a000000| Untracked 
| 209|0x000000071a200000, 0x000000071a200000, 0x000000071a400000|  0%| F|  |TAMS 0x000000071a200000, 0x000000071a200000| Untracked 
| 210|0x000000071a400000, 0x000000071a400000, 0x000000071a600000|  0%| F|  |TAMS 0x000000071a400000, 0x000000071a400000| Untracked 
| 211|0x000000071a600000, 0x000000071a600000, 0x000000071a800000|  0%| F|  |TAMS 0x000000071a600000, 0x000000071a600000| Untracked 
| 212|0x000000071a800000, 0x000000071a800000, 0x000000071aa00000|  0%| F|  |TAMS 0x000000071a800000, 0x000000071a800000| Untracked 
| 213|0x000000071aa00000, 0x000000071aa00000, 0x000000071ac00000|  0%| F|  |TAMS 0x000000071aa00000, 0x000000071aa00000| Untracked 
| 214|0x000000071ac00000, 0x000000071ac00000, 0x000000071ae00000|  0%| F|  |TAMS 0x000000071ac00000, 0x000000071ac00000| Untracked 
| 215|0x000000071ae00000, 0x000000071ae00000, 0x000000071b000000|  0%| F|  |TAMS 0x000000071ae00000, 0x000000071ae00000| Untracked 
| 216|0x000000071b000000, 0x000000071b000000, 0x000000071b200000|  0%| F|  |TAMS 0x000000071b000000, 0x000000071b000000| Untracked 
| 217|0x000000071b200000, 0x000000071b200000, 0x000000071b400000|  0%| F|  |TAMS 0x000000071b200000, 0x000000071b200000| Untracked 
| 218|0x000000071b400000, 0x000000071b400000, 0x000000071b600000|  0%| F|  |TAMS 0x000000071b400000, 0x000000071b400000| Untracked 
| 219|0x000000071b600000, 0x000000071b600000, 0x000000071b800000|  0%| F|  |TAMS 0x000000071b600000, 0x000000071b600000| Untracked 
| 220|0x000000071b800000, 0x000000071b800000, 0x000000071ba00000|  0%| F|  |TAMS 0x000000071b800000, 0x000000071b800000| Untracked 
| 221|0x000000071ba00000, 0x000000071ba00000, 0x000000071bc00000|  0%| F|  |TAMS 0x000000071ba00000, 0x000000071ba00000| Untracked 
| 222|0x000000071bc00000, 0x000000071bc00000, 0x000000071be00000|  0%| F|  |TAMS 0x000000071bc00000, 0x000000071bc00000| Untracked 
| 223|0x000000071be00000, 0x000000071be00000, 0x000000071c000000|  0%| F|  |TAMS 0x000000071be00000, 0x000000071be00000| Untracked 
| 224|0x000000071c000000, 0x000000071c000000, 0x000000071c200000|  0%| F|  |TAMS 0x000000071c000000, 0x000000071c000000| Untracked 
| 225|0x000000071c200000, 0x000000071c200000, 0x000000071c400000|  0%| F|  |TAMS 0x000000071c200000, 0x000000071c200000| Untracked 
| 226|0x000000071c400000, 0x000000071c400000, 0x000000071c600000|  0%| F|  |TAMS 0x000000071c400000, 0x000000071c400000| Untracked 
| 227|0x000000071c600000, 0x000000071c600000, 0x000000071c800000|  0%| F|  |TAMS 0x000000071c600000, 0x000000071c600000| Untracked 
| 228|0x000000071c800000, 0x000000071c800000, 0x000000071ca00000|  0%| F|  |TAMS 0x000000071c800000, 0x000000071c800000| Untracked 
| 229|0x000000071ca00000, 0x000000071ca00000, 0x000000071cc00000|  0%| F|  |TAMS 0x000000071ca00000, 0x000000071ca00000| Untracked 
| 230|0x000000071cc00000, 0x000000071cc00000, 0x000000071ce00000|  0%| F|  |TAMS 0x000000071cc00000, 0x000000071cc00000| Untracked 
| 231|0x000000071ce00000, 0x000000071ce00000, 0x000000071d000000|  0%| F|  |TAMS 0x000000071ce00000, 0x000000071ce00000| Untracked 
| 232|0x000000071d000000, 0x000000071d000000, 0x000000071d200000|  0%| F|  |TAMS 0x000000071d000000, 0x000000071d000000| Untracked 
| 233|0x000000071d200000, 0x000000071d200000, 0x000000071d400000|  0%| F|  |TAMS 0x000000071d200000, 0x000000071d200000| Untracked 
| 234|0x000000071d400000, 0x000000071d400000, 0x000000071d600000|  0%| F|  |TAMS 0x000000071d400000, 0x000000071d400000| Untracked 
| 235|0x000000071d600000, 0x000000071d600000, 0x000000071d800000|  0%| F|  |TAMS 0x000000071d600000, 0x000000071d600000| Untracked 
| 236|0x000000071d800000, 0x000000071d800000, 0x000000071da00000|  0%| F|  |TAMS 0x000000071d800000, 0x000000071d800000| Untracked 
| 237|0x000000071da00000, 0x000000071da00000, 0x000000071dc00000|  0%| F|  |TAMS 0x000000071da00000, 0x000000071da00000| Untracked 
| 238|0x000000071dc00000, 0x000000071dc00000, 0x000000071de00000|  0%| F|  |TAMS 0x000000071dc00000, 0x000000071dc00000| Untracked 
| 239|0x000000071de00000, 0x000000071de00000, 0x000000071e000000|  0%| F|  |TAMS 0x000000071de00000, 0x000000071de00000| Untracked 
| 240|0x000000071e000000, 0x000000071e000000, 0x000000071e200000|  0%| F|  |TAMS 0x000000071e000000, 0x000000071e000000| Untracked 
| 241|0x000000071e200000, 0x000000071e200000, 0x000000071e400000|  0%| F|  |TAMS 0x000000071e200000, 0x000000071e200000| Untracked 
| 242|0x000000071e400000, 0x000000071e400000, 0x000000071e600000|  0%| F|  |TAMS 0x000000071e400000, 0x000000071e400000| Untracked 
| 243|0x000000071e600000, 0x000000071e600000, 0x000000071e800000|  0%| F|  |TAMS 0x000000071e600000, 0x000000071e600000| Untracked 
| 244|0x000000071e800000, 0x000000071e800000, 0x000000071ea00000|  0%| F|  |TAMS 0x000000071e800000, 0x000000071e800000| Untracked 
| 245|0x000000071ea00000, 0x000000071ea00000, 0x000000071ec00000|  0%| F|  |TAMS 0x000000071ea00000, 0x000000071ea00000| Untracked 
| 246|0x000000071ec00000, 0x000000071ec00000, 0x000000071ee00000|  0%| F|  |TAMS 0x000000071ec00000, 0x000000071ec00000| Untracked 
| 247|0x000000071ee00000, 0x000000071ee00000, 0x000000071f000000|  0%| F|  |TAMS 0x000000071ee00000, 0x000000071ee00000| Untracked 
| 248|0x000000071f000000, 0x000000071f000000, 0x000000071f200000|  0%| F|  |TAMS 0x000000071f000000, 0x000000071f000000| Untracked 
| 249|0x000000071f200000, 0x000000071f200000, 0x000000071f400000|  0%| F|  |TAMS 0x000000071f200000, 0x000000071f200000| Untracked 
| 250|0x000000071f400000, 0x000000071f400000, 0x000000071f600000|  0%| F|  |TAMS 0x000000071f400000, 0x000000071f400000| Untracked 
| 251|0x000000071f600000, 0x000000071f600000, 0x000000071f800000|  0%| F|  |TAMS 0x000000071f600000, 0x000000071f600000| Untracked 
| 252|0x000000071f800000, 0x000000071f800000, 0x000000071fa00000|  0%| F|  |TAMS 0x000000071f800000, 0x000000071f800000| Untracked 
| 253|0x000000071fa00000, 0x000000071fa00000, 0x000000071fc00000|  0%| F|  |TAMS 0x000000071fa00000, 0x000000071fa00000| Untracked 
| 254|0x000000071fc00000, 0x000000071fc00000, 0x000000071fe00000|  0%| F|  |TAMS 0x000000071fc00000, 0x000000071fc00000| Untracked 
| 255|0x000000071fe00000, 0x000000071fe00000, 0x0000000720000000|  0%| F|  |TAMS 0x000000071fe00000, 0x000000071fe00000| Untracked 
| 256|0x0000000720000000, 0x0000000720000000, 0x0000000720200000|  0%| F|  |TAMS 0x0000000720000000, 0x0000000720000000| Untracked 
| 257|0x0000000720200000, 0x0000000720200000, 0x0000000720400000|  0%| F|  |TAMS 0x0000000720200000, 0x0000000720200000| Untracked 
| 258|0x0000000720400000, 0x0000000720400000, 0x0000000720600000|  0%| F|  |TAMS 0x0000000720400000, 0x0000000720400000| Untracked 
| 259|0x0000000720600000, 0x0000000720600000, 0x0000000720800000|  0%| F|  |TAMS 0x0000000720600000, 0x0000000720600000| Untracked 
| 260|0x0000000720800000, 0x0000000720800000, 0x0000000720a00000|  0%| F|  |TAMS 0x0000000720800000, 0x0000000720800000| Untracked 
| 261|0x0000000720a00000, 0x0000000720a00000, 0x0000000720c00000|  0%| F|  |TAMS 0x0000000720a00000, 0x0000000720a00000| Untracked 
| 262|0x0000000720c00000, 0x0000000720c00000, 0x0000000720e00000|  0%| F|  |TAMS 0x0000000720c00000, 0x0000000720c00000| Untracked 
| 263|0x0000000720e00000, 0x0000000720e00000, 0x0000000721000000|  0%| F|  |TAMS 0x0000000720e00000, 0x0000000720e00000| Untracked 
| 264|0x0000000721000000, 0x0000000721000000, 0x0000000721200000|  0%| F|  |TAMS 0x0000000721000000, 0x0000000721000000| Untracked 
| 265|0x0000000721200000, 0x0000000721200000, 0x0000000721400000|  0%| F|  |TAMS 0x0000000721200000, 0x0000000721200000| Untracked 
| 266|0x0000000721400000, 0x0000000721400000, 0x0000000721600000|  0%| F|  |TAMS 0x0000000721400000, 0x0000000721400000| Untracked 
| 267|0x0000000721600000, 0x0000000721600000, 0x0000000721800000|  0%| F|  |TAMS 0x0000000721600000, 0x0000000721600000| Untracked 
| 268|0x0000000721800000, 0x0000000721800000, 0x0000000721a00000|  0%| F|  |TAMS 0x0000000721800000, 0x0000000721800000| Untracked 
| 269|0x0000000721a00000, 0x0000000721a00000, 0x0000000721c00000|  0%| F|  |TAMS 0x0000000721a00000, 0x0000000721a00000| Untracked 
| 270|0x0000000721c00000, 0x0000000721c00000, 0x0000000721e00000|  0%| F|  |TAMS 0x0000000721c00000, 0x0000000721c00000| Untracked 
| 271|0x0000000721e00000, 0x0000000721e00000, 0x0000000722000000|  0%| F|  |TAMS 0x0000000721e00000, 0x0000000721e00000| Untracked 
| 272|0x0000000722000000, 0x0000000722000000, 0x0000000722200000|  0%| F|  |TAMS 0x0000000722000000, 0x0000000722000000| Untracked 
| 273|0x0000000722200000, 0x0000000722200000, 0x0000000722400000|  0%| F|  |TAMS 0x0000000722200000, 0x0000000722200000| Untracked 
| 274|0x0000000722400000, 0x0000000722400000, 0x0000000722600000|  0%| F|  |TAMS 0x0000000722400000, 0x0000000722400000| Untracked 
| 275|0x0000000722600000, 0x0000000722600000, 0x0000000722800000|  0%| F|  |TAMS 0x0000000722600000, 0x0000000722600000| Untracked 
| 276|0x0000000722800000, 0x0000000722800000, 0x0000000722a00000|  0%| F|  |TAMS 0x0000000722800000, 0x0000000722800000| Untracked 
| 277|0x0000000722a00000, 0x0000000722a00000, 0x0000000722c00000|  0%| F|  |TAMS 0x0000000722a00000, 0x0000000722a00000| Untracked 
| 278|0x0000000722c00000, 0x0000000722c00000, 0x0000000722e00000|  0%| F|  |TAMS 0x0000000722c00000, 0x0000000722c00000| Untracked 
| 279|0x0000000722e00000, 0x0000000722e00000, 0x0000000723000000|  0%| F|  |TAMS 0x0000000722e00000, 0x0000000722e00000| Untracked 
| 280|0x0000000723000000, 0x0000000723000000, 0x0000000723200000|  0%| F|  |TAMS 0x0000000723000000, 0x0000000723000000| Untracked 
| 281|0x0000000723200000, 0x0000000723200000, 0x0000000723400000|  0%| F|  |TAMS 0x0000000723200000, 0x0000000723200000| Untracked 
| 282|0x0000000723400000, 0x0000000723400000, 0x0000000723600000|  0%| F|  |TAMS 0x0000000723400000, 0x0000000723400000| Untracked 
| 283|0x0000000723600000, 0x00000007236ed138, 0x0000000723800000| 46%| E|  |TAMS 0x0000000723600000, 0x0000000723600000| Complete 
| 284|0x0000000723800000, 0x0000000723a00000, 0x0000000723a00000|100%| E|  |TAMS 0x0000000723800000, 0x0000000723800000| Complete 
| 285|0x0000000723a00000, 0x0000000723c00000, 0x0000000723c00000|100%| E|CS|TAMS 0x0000000723a00000, 0x0000000723a00000| Complete 
| 286|0x0000000723c00000, 0x0000000723e00000, 0x0000000723e00000|100%| E|CS|TAMS 0x0000000723c00000, 0x0000000723c00000| Complete 
| 287|0x0000000723e00000, 0x0000000724000000, 0x0000000724000000|100%| E|CS|TAMS 0x0000000723e00000, 0x0000000723e00000| Complete 
| 288|0x0000000724000000, 0x0000000724200000, 0x0000000724200000|100%| E|CS|TAMS 0x0000000724000000, 0x0000000724000000| Complete 
| 289|0x0000000724200000, 0x0000000724400000, 0x0000000724400000|100%| E|CS|TAMS 0x0000000724200000, 0x0000000724200000| Complete 
| 290|0x0000000724400000, 0x0000000724600000, 0x0000000724600000|100%| E|CS|TAMS 0x0000000724400000, 0x0000000724400000| Complete 
| 291|0x0000000724600000, 0x0000000724800000, 0x0000000724800000|100%| E|CS|TAMS 0x0000000724600000, 0x0000000724600000| Complete 
| 292|0x0000000724800000, 0x0000000724a00000, 0x0000000724a00000|100%| E|CS|TAMS 0x0000000724800000, 0x0000000724800000| Complete 
| 293|0x0000000724a00000, 0x0000000724c00000, 0x0000000724c00000|100%| E|CS|TAMS 0x0000000724a00000, 0x0000000724a00000| Complete 
| 294|0x0000000724c00000, 0x0000000724e00000, 0x0000000724e00000|100%| E|CS|TAMS 0x0000000724c00000, 0x0000000724c00000| Complete 
| 295|0x0000000724e00000, 0x0000000725000000, 0x0000000725000000|100%| E|CS|TAMS 0x0000000724e00000, 0x0000000724e00000| Complete 
| 296|0x0000000725000000, 0x0000000725200000, 0x0000000725200000|100%| E|CS|TAMS 0x0000000725000000, 0x0000000725000000| Complete 
| 297|0x0000000725200000, 0x0000000725400000, 0x0000000725400000|100%| E|CS|TAMS 0x0000000725200000, 0x0000000725200000| Complete 
| 298|0x0000000725400000, 0x0000000725600000, 0x0000000725600000|100%| E|CS|TAMS 0x0000000725400000, 0x0000000725400000| Complete 
| 299|0x0000000725600000, 0x0000000725800000, 0x0000000725800000|100%| E|CS|TAMS 0x0000000725600000, 0x0000000725600000| Complete 
| 300|0x0000000725800000, 0x0000000725a00000, 0x0000000725a00000|100%| E|CS|TAMS 0x0000000725800000, 0x0000000725800000| Complete 
| 301|0x0000000725a00000, 0x0000000725c00000, 0x0000000725c00000|100%| E|CS|TAMS 0x0000000725a00000, 0x0000000725a00000| Complete 
| 302|0x0000000725c00000, 0x0000000725e00000, 0x0000000725e00000|100%| E|CS|TAMS 0x0000000725c00000, 0x0000000725c00000| Complete 
| 303|0x0000000725e00000, 0x0000000726000000, 0x0000000726000000|100%| E|CS|TAMS 0x0000000725e00000, 0x0000000725e00000| Complete 
| 304|0x0000000726000000, 0x0000000726200000, 0x0000000726200000|100%| E|CS|TAMS 0x0000000726000000, 0x0000000726000000| Complete 
| 305|0x0000000726200000, 0x0000000726400000, 0x0000000726400000|100%| E|CS|TAMS 0x0000000726200000, 0x0000000726200000| Complete 
| 306|0x0000000726400000, 0x0000000726600000, 0x0000000726600000|100%| E|CS|TAMS 0x0000000726400000, 0x0000000726400000| Complete 
| 307|0x0000000726600000, 0x0000000726800000, 0x0000000726800000|100%| E|CS|TAMS 0x0000000726600000, 0x0000000726600000| Complete 
| 308|0x0000000726800000, 0x0000000726a00000, 0x0000000726a00000|100%| E|CS|TAMS 0x0000000726800000, 0x0000000726800000| Complete 
| 309|0x0000000726a00000, 0x0000000726c00000, 0x0000000726c00000|100%| E|CS|TAMS 0x0000000726a00000, 0x0000000726a00000| Complete 
| 310|0x0000000726c00000, 0x0000000726e00000, 0x0000000726e00000|100%| E|CS|TAMS 0x0000000726c00000, 0x0000000726c00000| Complete 
| 311|0x0000000726e00000, 0x0000000727000000, 0x0000000727000000|100%| E|CS|TAMS 0x0000000726e00000, 0x0000000726e00000| Complete 
| 312|0x0000000727000000, 0x0000000727200000, 0x0000000727200000|100%| E|CS|TAMS 0x0000000727000000, 0x0000000727000000| Complete 
| 313|0x0000000727200000, 0x0000000727400000, 0x0000000727400000|100%| E|CS|TAMS 0x0000000727200000, 0x0000000727200000| Complete 
| 314|0x0000000727400000, 0x0000000727600000, 0x0000000727600000|100%| E|CS|TAMS 0x0000000727400000, 0x0000000727400000| Complete 
| 315|0x0000000727600000, 0x0000000727800000, 0x0000000727800000|100%| E|CS|TAMS 0x0000000727600000, 0x0000000727600000| Complete 
| 316|0x0000000727800000, 0x0000000727a00000, 0x0000000727a00000|100%| E|CS|TAMS 0x0000000727800000, 0x0000000727800000| Complete 
| 317|0x0000000727a00000, 0x0000000727c00000, 0x0000000727c00000|100%| E|CS|TAMS 0x0000000727a00000, 0x0000000727a00000| Complete 
| 318|0x0000000727c00000, 0x0000000727e00000, 0x0000000727e00000|100%| E|CS|TAMS 0x0000000727c00000, 0x0000000727c00000| Complete 
| 319|0x0000000727e00000, 0x0000000728000000, 0x0000000728000000|100%| E|CS|TAMS 0x0000000727e00000, 0x0000000727e00000| Complete 
| 320|0x0000000728000000, 0x0000000728200000, 0x0000000728200000|100%| E|CS|TAMS 0x0000000728000000, 0x0000000728000000| Complete 
| 321|0x0000000728200000, 0x0000000728400000, 0x0000000728400000|100%| E|CS|TAMS 0x0000000728200000, 0x0000000728200000| Complete 
| 322|0x0000000728400000, 0x0000000728600000, 0x0000000728600000|100%| E|CS|TAMS 0x0000000728400000, 0x0000000728400000| Complete 
| 323|0x0000000728600000, 0x0000000728800000, 0x0000000728800000|100%| E|CS|TAMS 0x0000000728600000, 0x0000000728600000| Complete 
| 324|0x0000000728800000, 0x0000000728a00000, 0x0000000728a00000|100%| E|CS|TAMS 0x0000000728800000, 0x0000000728800000| Complete 
| 325|0x0000000728a00000, 0x0000000728c00000, 0x0000000728c00000|100%| E|CS|TAMS 0x0000000728a00000, 0x0000000728a00000| Complete 
| 326|0x0000000728c00000, 0x0000000728e00000, 0x0000000728e00000|100%| E|CS|TAMS 0x0000000728c00000, 0x0000000728c00000| Complete 
| 327|0x0000000728e00000, 0x0000000729000000, 0x0000000729000000|100%| E|CS|TAMS 0x0000000728e00000, 0x0000000728e00000| Complete 
| 328|0x0000000729000000, 0x0000000729200000, 0x0000000729200000|100%| E|CS|TAMS 0x0000000729000000, 0x0000000729000000| Complete 
| 329|0x0000000729200000, 0x0000000729400000, 0x0000000729400000|100%| E|CS|TAMS 0x0000000729200000, 0x0000000729200000| Complete 
| 330|0x0000000729400000, 0x0000000729600000, 0x0000000729600000|100%| E|CS|TAMS 0x0000000729400000, 0x0000000729400000| Complete 
| 331|0x0000000729600000, 0x0000000729800000, 0x0000000729800000|100%| E|CS|TAMS 0x0000000729600000, 0x0000000729600000| Complete 
| 332|0x0000000729800000, 0x0000000729a00000, 0x0000000729a00000|100%| E|CS|TAMS 0x0000000729800000, 0x0000000729800000| Complete 
| 333|0x0000000729a00000, 0x0000000729c00000, 0x0000000729c00000|100%| E|CS|TAMS 0x0000000729a00000, 0x0000000729a00000| Complete 
| 334|0x0000000729c00000, 0x0000000729e00000, 0x0000000729e00000|100%| E|CS|TAMS 0x0000000729c00000, 0x0000000729c00000| Complete 
| 335|0x0000000729e00000, 0x000000072a000000, 0x000000072a000000|100%| E|CS|TAMS 0x0000000729e00000, 0x0000000729e00000| Complete 
| 336|0x000000072a000000, 0x000000072a200000, 0x000000072a200000|100%| E|CS|TAMS 0x000000072a000000, 0x000000072a000000| Complete 
| 337|0x000000072a200000, 0x000000072a400000, 0x000000072a400000|100%| E|CS|TAMS 0x000000072a200000, 0x000000072a200000| Complete 
| 338|0x000000072a400000, 0x000000072a600000, 0x000000072a600000|100%| E|CS|TAMS 0x000000072a400000, 0x000000072a400000| Complete 
| 339|0x000000072a600000, 0x000000072a800000, 0x000000072a800000|100%| E|CS|TAMS 0x000000072a600000, 0x000000072a600000| Complete 
| 340|0x000000072a800000, 0x000000072aa00000, 0x000000072aa00000|100%| E|CS|TAMS 0x000000072a800000, 0x000000072a800000| Complete 
| 341|0x000000072aa00000, 0x000000072ac00000, 0x000000072ac00000|100%| E|CS|TAMS 0x000000072aa00000, 0x000000072aa00000| Complete 
| 342|0x000000072ac00000, 0x000000072ae00000, 0x000000072ae00000|100%| E|CS|TAMS 0x000000072ac00000, 0x000000072ac00000| Complete 
| 343|0x000000072ae00000, 0x000000072b000000, 0x000000072b000000|100%| E|CS|TAMS 0x000000072ae00000, 0x000000072ae00000| Complete 
| 344|0x000000072b000000, 0x000000072b200000, 0x000000072b200000|100%| E|CS|TAMS 0x000000072b000000, 0x000000072b000000| Complete 
| 345|0x000000072b200000, 0x000000072b400000, 0x000000072b400000|100%| E|CS|TAMS 0x000000072b200000, 0x000000072b200000| Complete 
| 346|0x000000072b400000, 0x000000072b600000, 0x000000072b600000|100%| E|CS|TAMS 0x000000072b400000, 0x000000072b400000| Complete 
| 347|0x000000072b600000, 0x000000072b800000, 0x000000072b800000|100%| E|CS|TAMS 0x000000072b600000, 0x000000072b600000| Complete 
| 348|0x000000072b800000, 0x000000072ba00000, 0x000000072ba00000|100%| E|CS|TAMS 0x000000072b800000, 0x000000072b800000| Complete 
| 349|0x000000072ba00000, 0x000000072bc00000, 0x000000072bc00000|100%| E|CS|TAMS 0x000000072ba00000, 0x000000072ba00000| Complete 
| 350|0x000000072bc00000, 0x000000072be00000, 0x000000072be00000|100%| E|CS|TAMS 0x000000072bc00000, 0x000000072bc00000| Complete 
| 351|0x000000072be00000, 0x000000072c000000, 0x000000072c000000|100%| E|CS|TAMS 0x000000072be00000, 0x000000072be00000| Complete 
| 352|0x000000072c000000, 0x000000072c200000, 0x000000072c200000|100%| E|CS|TAMS 0x000000072c000000, 0x000000072c000000| Complete 
| 353|0x000000072c200000, 0x000000072c400000, 0x000000072c400000|100%| E|CS|TAMS 0x000000072c200000, 0x000000072c200000| Complete 
| 354|0x000000072c400000, 0x000000072c600000, 0x000000072c600000|100%| E|CS|TAMS 0x000000072c400000, 0x000000072c400000| Complete 
| 355|0x000000072c600000, 0x000000072c800000, 0x000000072c800000|100%| E|CS|TAMS 0x000000072c600000, 0x000000072c600000| Complete 
| 356|0x000000072c800000, 0x000000072ca00000, 0x000000072ca00000|100%| E|CS|TAMS 0x000000072c800000, 0x000000072c800000| Complete 
| 357|0x000000072ca00000, 0x000000072cc00000, 0x000000072cc00000|100%| E|CS|TAMS 0x000000072ca00000, 0x000000072ca00000| Complete 
| 358|0x000000072cc00000, 0x000000072ce00000, 0x000000072ce00000|100%| E|CS|TAMS 0x000000072cc00000, 0x000000072cc00000| Complete 
| 359|0x000000072ce00000, 0x000000072d000000, 0x000000072d000000|100%| E|CS|TAMS 0x000000072ce00000, 0x000000072ce00000| Complete 
| 360|0x000000072d000000, 0x000000072d200000, 0x000000072d200000|100%| E|CS|TAMS 0x000000072d000000, 0x000000072d000000| Complete 
| 361|0x000000072d200000, 0x000000072d400000, 0x000000072d400000|100%| E|CS|TAMS 0x000000072d200000, 0x000000072d200000| Complete 
| 362|0x000000072d400000, 0x000000072d600000, 0x000000072d600000|100%| E|CS|TAMS 0x000000072d400000, 0x000000072d400000| Complete 
| 363|0x000000072d600000, 0x000000072d800000, 0x000000072d800000|100%| E|CS|TAMS 0x000000072d600000, 0x000000072d600000| Complete 
| 364|0x000000072d800000, 0x000000072da00000, 0x000000072da00000|100%| E|CS|TAMS 0x000000072d800000, 0x000000072d800000| Complete 
| 365|0x000000072da00000, 0x000000072dc00000, 0x000000072dc00000|100%| E|CS|TAMS 0x000000072da00000, 0x000000072da00000| Complete 
| 366|0x000000072dc00000, 0x000000072de00000, 0x000000072de00000|100%| E|CS|TAMS 0x000000072dc00000, 0x000000072dc00000| Complete 
| 367|0x000000072de00000, 0x000000072e000000, 0x000000072e000000|100%| E|CS|TAMS 0x000000072de00000, 0x000000072de00000| Complete 
| 368|0x000000072e000000, 0x000000072e200000, 0x000000072e200000|100%| E|CS|TAMS 0x000000072e000000, 0x000000072e000000| Complete 
| 369|0x000000072e200000, 0x000000072e400000, 0x000000072e400000|100%| E|CS|TAMS 0x000000072e200000, 0x000000072e200000| Complete 
| 370|0x000000072e400000, 0x000000072e600000, 0x000000072e600000|100%| E|CS|TAMS 0x000000072e400000, 0x000000072e400000| Complete 
| 371|0x000000072e600000, 0x000000072e800000, 0x000000072e800000|100%| E|CS|TAMS 0x000000072e600000, 0x000000072e600000| Complete 
| 372|0x000000072e800000, 0x000000072ea00000, 0x000000072ea00000|100%| E|CS|TAMS 0x000000072e800000, 0x000000072e800000| Complete 
| 373|0x000000072ea00000, 0x000000072ec00000, 0x000000072ec00000|100%| E|CS|TAMS 0x000000072ea00000, 0x000000072ea00000| Complete 
| 374|0x000000072ec00000, 0x000000072ee00000, 0x000000072ee00000|100%| E|CS|TAMS 0x000000072ec00000, 0x000000072ec00000| Complete 
| 375|0x000000072ee00000, 0x000000072f000000, 0x000000072f000000|100%| E|CS|TAMS 0x000000072ee00000, 0x000000072ee00000| Complete 
| 376|0x000000072f000000, 0x000000072f200000, 0x000000072f200000|100%| E|CS|TAMS 0x000000072f000000, 0x000000072f000000| Complete 
| 377|0x000000072f200000, 0x000000072f400000, 0x000000072f400000|100%| E|CS|TAMS 0x000000072f200000, 0x000000072f200000| Complete 
| 378|0x000000072f400000, 0x000000072f600000, 0x000000072f600000|100%| E|CS|TAMS 0x000000072f400000, 0x000000072f400000| Complete 
| 379|0x000000072f600000, 0x000000072f800000, 0x000000072f800000|100%| E|CS|TAMS 0x000000072f600000, 0x000000072f600000| Complete 
| 380|0x000000072f800000, 0x000000072fa00000, 0x000000072fa00000|100%| E|CS|TAMS 0x000000072f800000, 0x000000072f800000| Complete 
| 381|0x000000072fa00000, 0x000000072fc00000, 0x000000072fc00000|100%| E|CS|TAMS 0x000000072fa00000, 0x000000072fa00000| Complete 
| 382|0x000000072fc00000, 0x000000072fe00000, 0x000000072fe00000|100%| E|CS|TAMS 0x000000072fc00000, 0x000000072fc00000| Complete 
| 383|0x000000072fe00000, 0x0000000730000000, 0x0000000730000000|100%| E|CS|TAMS 0x000000072fe00000, 0x000000072fe00000| Complete 
| 384|0x0000000730000000, 0x0000000730200000, 0x0000000730200000|100%| E|CS|TAMS 0x0000000730000000, 0x0000000730000000| Complete 
| 385|0x0000000730200000, 0x0000000730400000, 0x0000000730400000|100%| E|CS|TAMS 0x0000000730200000, 0x0000000730200000| Complete 
| 386|0x0000000730400000, 0x0000000730600000, 0x0000000730600000|100%| E|CS|TAMS 0x0000000730400000, 0x0000000730400000| Complete 
| 387|0x0000000730600000, 0x0000000730800000, 0x0000000730800000|100%| E|CS|TAMS 0x0000000730600000, 0x0000000730600000| Complete 
| 388|0x0000000730800000, 0x0000000730a00000, 0x0000000730a00000|100%| E|CS|TAMS 0x0000000730800000, 0x0000000730800000| Complete 
| 389|0x0000000730a00000, 0x0000000730c00000, 0x0000000730c00000|100%| E|CS|TAMS 0x0000000730a00000, 0x0000000730a00000| Complete 
| 390|0x0000000730c00000, 0x0000000730e00000, 0x0000000730e00000|100%| E|CS|TAMS 0x0000000730c00000, 0x0000000730c00000| Complete 
| 391|0x0000000730e00000, 0x0000000731000000, 0x0000000731000000|100%| E|CS|TAMS 0x0000000730e00000, 0x0000000730e00000| Complete 
| 392|0x0000000731000000, 0x0000000731200000, 0x0000000731200000|100%| E|CS|TAMS 0x0000000731000000, 0x0000000731000000| Complete 
| 393|0x0000000731200000, 0x0000000731400000, 0x0000000731400000|100%| E|CS|TAMS 0x0000000731200000, 0x0000000731200000| Complete 
| 394|0x0000000731400000, 0x0000000731600000, 0x0000000731600000|100%| E|CS|TAMS 0x0000000731400000, 0x0000000731400000| Complete 
| 395|0x0000000731600000, 0x0000000731800000, 0x0000000731800000|100%| E|CS|TAMS 0x0000000731600000, 0x0000000731600000| Complete 
| 396|0x0000000731800000, 0x0000000731a00000, 0x0000000731a00000|100%| E|CS|TAMS 0x0000000731800000, 0x0000000731800000| Complete 
| 397|0x0000000731a00000, 0x0000000731c00000, 0x0000000731c00000|100%| E|CS|TAMS 0x0000000731a00000, 0x0000000731a00000| Complete 
| 398|0x0000000731c00000, 0x0000000731e00000, 0x0000000731e00000|100%| E|CS|TAMS 0x0000000731c00000, 0x0000000731c00000| Complete 
| 399|0x0000000731e00000, 0x0000000732000000, 0x0000000732000000|100%| E|CS|TAMS 0x0000000731e00000, 0x0000000731e00000| Complete 
| 400|0x0000000732000000, 0x0000000732200000, 0x0000000732200000|100%| E|CS|TAMS 0x0000000732000000, 0x0000000732000000| Complete 
| 401|0x0000000732200000, 0x0000000732400000, 0x0000000732400000|100%| E|CS|TAMS 0x0000000732200000, 0x0000000732200000| Complete 
| 402|0x0000000732400000, 0x0000000732600000, 0x0000000732600000|100%| E|CS|TAMS 0x0000000732400000, 0x0000000732400000| Complete 
| 403|0x0000000732600000, 0x0000000732800000, 0x0000000732800000|100%| E|CS|TAMS 0x0000000732600000, 0x0000000732600000| Complete 
| 404|0x0000000732800000, 0x0000000732a00000, 0x0000000732a00000|100%| E|CS|TAMS 0x0000000732800000, 0x0000000732800000| Complete 
| 405|0x0000000732a00000, 0x0000000732c00000, 0x0000000732c00000|100%| E|CS|TAMS 0x0000000732a00000, 0x0000000732a00000| Complete 
| 406|0x0000000732c00000, 0x0000000732e00000, 0x0000000732e00000|100%| E|CS|TAMS 0x0000000732c00000, 0x0000000732c00000| Complete 
| 407|0x0000000732e00000, 0x0000000733000000, 0x0000000733000000|100%| E|CS|TAMS 0x0000000732e00000, 0x0000000732e00000| Complete 
| 408|0x0000000733000000, 0x0000000733200000, 0x0000000733200000|100%| E|CS|TAMS 0x0000000733000000, 0x0000000733000000| Complete 
| 409|0x0000000733200000, 0x0000000733400000, 0x0000000733400000|100%| E|CS|TAMS 0x0000000733200000, 0x0000000733200000| Complete 
| 410|0x0000000733400000, 0x0000000733600000, 0x0000000733600000|100%| E|CS|TAMS 0x0000000733400000, 0x0000000733400000| Complete 
| 411|0x0000000733600000, 0x0000000733800000, 0x0000000733800000|100%| E|CS|TAMS 0x0000000733600000, 0x0000000733600000| Complete 
| 412|0x0000000733800000, 0x0000000733a00000, 0x0000000733a00000|100%| E|CS|TAMS 0x0000000733800000, 0x0000000733800000| Complete 
| 413|0x0000000733a00000, 0x0000000733c00000, 0x0000000733c00000|100%| E|CS|TAMS 0x0000000733a00000, 0x0000000733a00000| Complete 
| 414|0x0000000733c00000, 0x0000000733e00000, 0x0000000733e00000|100%| E|CS|TAMS 0x0000000733c00000, 0x0000000733c00000| Complete 
| 415|0x0000000733e00000, 0x0000000734000000, 0x0000000734000000|100%| E|CS|TAMS 0x0000000733e00000, 0x0000000733e00000| Complete 
| 416|0x0000000734000000, 0x0000000734200000, 0x0000000734200000|100%| E|CS|TAMS 0x0000000734000000, 0x0000000734000000| Complete 
| 417|0x0000000734200000, 0x0000000734400000, 0x0000000734400000|100%| E|CS|TAMS 0x0000000734200000, 0x0000000734200000| Complete 
| 418|0x0000000734400000, 0x0000000734600000, 0x0000000734600000|100%| E|CS|TAMS 0x0000000734400000, 0x0000000734400000| Complete 
| 419|0x0000000734600000, 0x0000000734800000, 0x0000000734800000|100%| E|CS|TAMS 0x0000000734600000, 0x0000000734600000| Complete 
| 420|0x0000000734800000, 0x0000000734a00000, 0x0000000734a00000|100%| E|CS|TAMS 0x0000000734800000, 0x0000000734800000| Complete 
| 421|0x0000000734a00000, 0x0000000734c00000, 0x0000000734c00000|100%| E|CS|TAMS 0x0000000734a00000, 0x0000000734a00000| Complete 
| 422|0x0000000734c00000, 0x0000000734e00000, 0x0000000734e00000|100%| E|CS|TAMS 0x0000000734c00000, 0x0000000734c00000| Complete 
| 423|0x0000000734e00000, 0x0000000735000000, 0x0000000735000000|100%| E|CS|TAMS 0x0000000734e00000, 0x0000000734e00000| Complete 
| 424|0x0000000735000000, 0x0000000735200000, 0x0000000735200000|100%| E|CS|TAMS 0x0000000735000000, 0x0000000735000000| Complete 
| 425|0x0000000735200000, 0x0000000735400000, 0x0000000735400000|100%| E|CS|TAMS 0x0000000735200000, 0x0000000735200000| Complete 
| 426|0x0000000735400000, 0x0000000735600000, 0x0000000735600000|100%| E|CS|TAMS 0x0000000735400000, 0x0000000735400000| Complete 
| 427|0x0000000735600000, 0x0000000735800000, 0x0000000735800000|100%| E|CS|TAMS 0x0000000735600000, 0x0000000735600000| Complete 
| 428|0x0000000735800000, 0x0000000735a00000, 0x0000000735a00000|100%| E|CS|TAMS 0x0000000735800000, 0x0000000735800000| Complete 
| 429|0x0000000735a00000, 0x0000000735c00000, 0x0000000735c00000|100%| E|CS|TAMS 0x0000000735a00000, 0x0000000735a00000| Complete 
| 430|0x0000000735c00000, 0x0000000735e00000, 0x0000000735e00000|100%| E|CS|TAMS 0x0000000735c00000, 0x0000000735c00000| Complete 
| 431|0x0000000735e00000, 0x0000000736000000, 0x0000000736000000|100%| E|CS|TAMS 0x0000000735e00000, 0x0000000735e00000| Complete 
| 432|0x0000000736000000, 0x0000000736200000, 0x0000000736200000|100%| E|CS|TAMS 0x0000000736000000, 0x0000000736000000| Complete 
| 433|0x0000000736200000, 0x0000000736400000, 0x0000000736400000|100%| E|CS|TAMS 0x0000000736200000, 0x0000000736200000| Complete 
| 434|0x0000000736400000, 0x0000000736600000, 0x0000000736600000|100%| E|CS|TAMS 0x0000000736400000, 0x0000000736400000| Complete 
| 501|0x000000073ea00000, 0x000000073ec00000, 0x000000073ec00000|100%| E|CS|TAMS 0x000000073ea00000, 0x000000073ea00000| Complete 
| 502|0x000000073ec00000, 0x000000073ee00000, 0x000000073ee00000|100%| E|CS|TAMS 0x000000073ec00000, 0x000000073ec00000| Complete 
| 503|0x000000073ee00000, 0x000000073f000000, 0x000000073f000000|100%| E|CS|TAMS 0x000000073ee00000, 0x000000073ee00000| Complete 
| 504|0x000000073f000000, 0x000000073f200000, 0x000000073f200000|100%| E|CS|TAMS 0x000000073f000000, 0x000000073f000000| Complete 
| 505|0x000000073f200000, 0x000000073f400000, 0x000000073f400000|100%| E|CS|TAMS 0x000000073f200000, 0x000000073f200000| Complete 
| 506|0x000000073f400000, 0x000000073f600000, 0x000000073f600000|100%| E|CS|TAMS 0x000000073f400000, 0x000000073f400000| Complete 
| 507|0x000000073f600000, 0x000000073f800000, 0x000000073f800000|100%| E|CS|TAMS 0x000000073f600000, 0x000000073f600000| Complete 
| 508|0x000000073f800000, 0x000000073fa00000, 0x000000073fa00000|100%| E|CS|TAMS 0x000000073f800000, 0x000000073f800000| Complete 
| 509|0x000000073fa00000, 0x000000073fc00000, 0x000000073fc00000|100%| E|CS|TAMS 0x000000073fa00000, 0x000000073fa00000| Complete 
| 510|0x000000073fc00000, 0x000000073fe00000, 0x000000073fe00000|100%| E|CS|TAMS 0x000000073fc00000, 0x000000073fc00000| Complete 
| 511|0x000000073fe00000, 0x0000000740000000, 0x0000000740000000|100%| E|CS|TAMS 0x000000073fe00000, 0x000000073fe00000| Complete 
| 512|0x0000000740000000, 0x0000000740200000, 0x0000000740200000|100%| E|CS|TAMS 0x0000000740000000, 0x0000000740000000| Complete 
| 513|0x0000000740200000, 0x0000000740400000, 0x0000000740400000|100%| E|CS|TAMS 0x0000000740200000, 0x0000000740200000| Complete 
| 514|0x0000000740400000, 0x0000000740600000, 0x0000000740600000|100%| E|CS|TAMS 0x0000000740400000, 0x0000000740400000| Complete 
| 515|0x0000000740600000, 0x0000000740800000, 0x0000000740800000|100%| E|CS|TAMS 0x0000000740600000, 0x0000000740600000| Complete 
| 516|0x0000000740800000, 0x0000000740a00000, 0x0000000740a00000|100%| E|CS|TAMS 0x0000000740800000, 0x0000000740800000| Complete 
| 517|0x0000000740a00000, 0x0000000740c00000, 0x0000000740c00000|100%| E|CS|TAMS 0x0000000740a00000, 0x0000000740a00000| Complete 
| 518|0x0000000740c00000, 0x0000000740e00000, 0x0000000740e00000|100%| E|CS|TAMS 0x0000000740c00000, 0x0000000740c00000| Complete 
| 519|0x0000000740e00000, 0x0000000741000000, 0x0000000741000000|100%| E|CS|TAMS 0x0000000740e00000, 0x0000000740e00000| Complete 
| 520|0x0000000741000000, 0x0000000741200000, 0x0000000741200000|100%| E|CS|TAMS 0x0000000741000000, 0x0000000741000000| Complete 
| 521|0x0000000741200000, 0x0000000741400000, 0x0000000741400000|100%| E|CS|TAMS 0x0000000741200000, 0x0000000741200000| Complete 
| 522|0x0000000741400000, 0x0000000741600000, 0x0000000741600000|100%| E|CS|TAMS 0x0000000741400000, 0x0000000741400000| Complete 
| 523|0x0000000741600000, 0x0000000741800000, 0x0000000741800000|100%| E|CS|TAMS 0x0000000741600000, 0x0000000741600000| Complete 
| 524|0x0000000741800000, 0x0000000741a00000, 0x0000000741a00000|100%| E|CS|TAMS 0x0000000741800000, 0x0000000741800000| Complete 
| 525|0x0000000741a00000, 0x0000000741c00000, 0x0000000741c00000|100%| E|CS|TAMS 0x0000000741a00000, 0x0000000741a00000| Complete 
| 526|0x0000000741c00000, 0x0000000741e00000, 0x0000000741e00000|100%| E|CS|TAMS 0x0000000741c00000, 0x0000000741c00000| Complete 
| 527|0x0000000741e00000, 0x0000000742000000, 0x0000000742000000|100%| E|CS|TAMS 0x0000000741e00000, 0x0000000741e00000| Complete 
|2046|0x00000007ffc00000, 0x00000007ffd76000, 0x00000007ffe00000| 73%|OA|  |TAMS 0x00000007ffd76000, 0x00000007ffc00000| Untracked 
|2047|0x00000007ffe00000, 0x00000007ffe74000, 0x0000000800000000| 22%|CA|  |TAMS 0x00000007ffe74000, 0x00000007ffe00000| Untracked 

Card table byte_map: [0x0000000114800000,0x0000000115000000] _byte_map_base: 0x0000000111000000

Marking Bits (Prev, Next): (CMBitMap*) 0x00007fcdab008210, (CMBitMap*) 0x00007fcdab008250
 Prev Bits: [0x00000001301b4000, 0x00000001341b4000)
 Next Bits: [0x00000001341b4000, 0x00000001381b4000)

Polling page: 0x000000010b892000

Metaspace:

Usage:
  Non-class:    115.64 MB used.
      Class:     18.11 MB used.
       Both:    133.76 MB used.

Virtual space:
  Non-class space:      128.00 MB reserved,     116.62 MB ( 91%) committed,  2 nodes.
      Class space:      416.00 MB reserved,      18.94 MB (  5%) committed,  1 nodes.
             Both:      544.00 MB reserved,     135.56 MB ( 25%) committed. 

Chunk freelists:
   Non-Class:  11.17 MB
       Class:  12.91 MB
        Both:  24.09 MB

MaxMetaspaceSize: 512.00 MB
CompressedClassSpaceSize: 416.00 MB
Initial GC threshold: 21.00 MB
Current GC threshold: 201.19 MB
CDS: on
MetaspaceReclaimPolicy: balanced
 - commit_granule_bytes: 65536.
 - commit_granule_words: 8192.
 - virtual_space_node_default_size: 8388608.
 - enlarge_chunks_in_place: 1.
 - new_chunks_are_fully_committed: 0.
 - uncommit_free_chunks: 1.
 - use_allocation_guard: 0.
 - handle_deallocations: 1.


Internal statistics:

num_allocs_failed_limit: 9.
num_arena_births: 2470.
num_arena_deaths: 12.
num_vsnodes_births: 3.
num_vsnodes_deaths: 0.
num_space_committed: 2168.
num_space_uncommitted: 0.
num_chunks_returned_to_freelist: 25.
num_chunks_taken_from_freelist: 8710.
num_chunk_merges: 15.
num_chunk_splits: 5429.
num_chunks_enlarged: 3198.
num_inconsistent_stats: 0.

CodeHeap 'non-profiled nmethods': size=119168Kb used=15195Kb max_used=15195Kb free=103973Kb
 bounds [0x0000000128d54000, 0x0000000129c34000, 0x00000001301b4000]
CodeHeap 'profiled nmethods': size=119164Kb used=43958Kb max_used=43958Kb free=75205Kb
 bounds [0x00000001211b4000, 0x0000000123ca4000, 0x0000000128613000]
CodeHeap 'non-nmethods': size=7428Kb used=4221Kb max_used=4341Kb free=3206Kb
 bounds [0x0000000128613000, 0x0000000128a63000, 0x0000000128d54000]
 total_blobs=22078 nmethods=20989 adapters=997
 compilation: enabled
              stopped_count=0, restarted_count=0
 full_count=0

Compilation events (20 events):
Event: 43.273 Thread 0x00007fcd2d7d2a00 nmethod 24778 0x0000000123c9cc10 code [0x0000000123c9d120, 0x0000000123c9f6e0]
Event: 43.274 Thread 0x00007fcdab80dc00 nmethod 24764 0x0000000129c05710 code [0x0000000129c059a0, 0x0000000129c06900]
Event: 43.278 Thread 0x00007fcdab2f8800 24781       4       jdk.nio.zipfs.ZipFileSystem::makeParentDirs (141 bytes)
Event: 43.282 Thread 0x00007fcdab63a400 nmethod 24762 0x0000000129c07410 code [0x0000000129c076c0, 0x0000000129c08c80]
Event: 43.282 Thread 0x00007fcd2c107000 24782       4       java.nio.HeapByteBuffer::<init> (23 bytes)
Event: 43.282 Thread 0x00007fcdab80dc00 24783       4       java.nio.ByteBuffer::<init> (47 bytes)
Event: 43.283 Thread 0x00007fcdcc1b9200 24784  s    3       com.sun.tools.javac.file.FSInfo::getJarFSProvider (64 bytes)
Event: 43.283 Thread 0x00007fcdab80e200 24785       3       jdk.nio.zipfs.ZipCoder$UTF8::getBytes (40 bytes)
Event: 43.283 Thread 0x00007fcd2d7d2a00 24786       3       java.util.Collections::synchronizedSet (9 bytes)
Event: 43.283 Thread 0x00007fcdcc05fe00 24787       3       java.util.Collections$SynchronizedSet::<init> (6 bytes)
Event: 43.284 Thread 0x00007fcdcc1b9200 nmethod 24784 0x0000000123ca0690 code [0x0000000123ca08c0, 0x0000000123ca1150]
Event: 43.284 Thread 0x00007fcd2d7d2a00 nmethod 24786 0x0000000123ca1390 code [0x0000000123ca1580, 0x0000000123ca1b20]
Event: 43.284 Thread 0x00007fcdcc05fe00 nmethod 24787 0x0000000123ca1d10 code [0x0000000123ca1ee0, 0x0000000123ca23e0]
Event: 43.284 Thread 0x00007fcdab80e200 nmethod 24785 0x0000000123ca2590 code [0x0000000123ca27e0, 0x0000000123ca3150]
Event: 43.285 Thread 0x00007fcdab80dc00 nmethod 24783 0x0000000129c09a10 code [0x0000000129c09ba0, 0x0000000129c09ed8]
Event: 43.285 Thread 0x00007fcdab63ba00 nmethod 24763 0x0000000129c0a090 code [0x0000000129c0a320, 0x0000000129c0b900]
Event: 43.285 Thread 0x00007fcd2c107000 nmethod 24782 0x0000000129c0c610 code [0x0000000129c0c7a0, 0x0000000129c0cb78]
Event: 43.286 Thread 0x00007fcdcc1b9200 24788       3       java.nio.file.SimpleFileVisitor::<init> (5 bytes)
Event: 43.286 Thread 0x00007fcdcc1b9200 nmethod 24788 0x0000000123ca3510 code [0x0000000123ca36c0, 0x0000000123ca3810]
Event: 43.287 Thread 0x00007fcdab63a400 24789       4       jdk.nio.zipfs.ZipConstants::LG (22 bytes)

GC Heap History (20 events):
Event: 31.997 GC heap before
{Heap before GC invocations=32 (full 0):
 garbage-first heap   total 378880K, used 129802K [0x0000000700000000, 0x0000000800000000)
  region size 2048K, 14 young (28672K), 13 survivors (26624K)
 Metaspace       used 104049K, committed 105024K, reserved 557056K
  class space    used 14608K, committed 15040K, reserved 425984K
}
Event: 32.009 GC heap after
{Heap after GC invocations=33 (full 0):
 garbage-first heap   total 378880K, used 129291K [0x0000000700000000, 0x0000000800000000)
  region size 2048K, 2 young (4096K), 2 survivors (4096K)
 Metaspace       used 104049K, committed 105024K, reserved 557056K
  class space    used 14608K, committed 15040K, reserved 425984K
}
Event: 33.550 GC heap before
{Heap before GC invocations=33 (full 0):
 garbage-first heap   total 378880K, used 297227K [0x0000000700000000, 0x0000000800000000)
  region size 2048K, 85 young (174080K), 2 survivors (4096K)
 Metaspace       used 107426K, committed 108672K, reserved 557056K
  class space    used 15014K, committed 15552K, reserved 425984K
}
Event: 33.561 GC heap after
{Heap after GC invocations=34 (full 0):
 garbage-first heap   total 378880K, used 167672K [0x0000000700000000, 0x0000000800000000)
  region size 2048K, 11 young (22528K), 11 survivors (22528K)
 Metaspace       used 107426K, committed 108672K, reserved 557056K
  class space    used 15014K, committed 15552K, reserved 425984K
}
Event: 34.461 GC heap before
{Heap before GC invocations=34 (full 0):
 garbage-first heap   total 378880K, used 290552K [0x0000000700000000, 0x0000000800000000)
  region size 2048K, 71 young (145408K), 11 survivors (22528K)
 Metaspace       used 110948K, committed 112384K, reserved 557056K
  class space    used 15458K, committed 16128K, reserved 425984K
}
Event: 34.472 GC heap after
{Heap after GC invocations=35 (full 0):
 garbage-first heap   total 378880K, used 187202K [0x0000000700000000, 0x0000000800000000)
  region size 2048K, 9 young (18432K), 9 survivors (18432K)
 Metaspace       used 110948K, committed 112384K, reserved 557056K
  class space    used 15458K, committed 16128K, reserved 425984K
}
Event: 35.387 GC heap before
{Heap before GC invocations=35 (full 0):
 garbage-first heap   total 378880K, used 289602K [0x0000000700000000, 0x0000000800000000)
  region size 2048K, 59 young (120832K), 9 survivors (18432K)
 Metaspace       used 115731K, committed 117248K, reserved 557056K
  class space    used 16116K, committed 16768K, reserved 425984K
}
Event: 35.399 GC heap after
{Heap after GC invocations=36 (full 0):
 garbage-first heap   total 378880K, used 203987K [0x0000000700000000, 0x0000000800000000)
  region size 2048K, 8 young (16384K), 8 survivors (16384K)
 Metaspace       used 115731K, committed 117248K, reserved 557056K
  class space    used 16116K, committed 16768K, reserved 425984K
}
Event: 36.101 GC heap before
{Heap before GC invocations=37 (full 0):
 garbage-first heap   total 378880K, used 294099K [0x0000000700000000, 0x0000000800000000)
  region size 2048K, 52 young (106496K), 8 survivors (16384K)
 Metaspace       used 116647K, committed 118208K, reserved 557056K
  class space    used 16214K, committed 16896K, reserved 425984K
}
Event: 36.114 GC heap after
{Heap after GC invocations=38 (full 0):
 garbage-first heap   total 378880K, used 217909K [0x0000000700000000, 0x0000000800000000)
  region size 2048K, 7 young (14336K), 7 survivors (14336K)
 Metaspace       used 116647K, committed 118208K, reserved 557056K
  class space    used 16214K, committed 16896K, reserved 425984K
}
Event: 36.145 GC heap before
{Heap before GC invocations=38 (full 0):
 garbage-first heap   total 378880K, used 222005K [0x0000000700000000, 0x0000000800000000)
  region size 2048K, 9 young (18432K), 7 survivors (14336K)
 Metaspace       used 116739K, committed 118272K, reserved 557056K
  class space    used 16225K, committed 16896K, reserved 425984K
}
Event: 36.155 GC heap after
{Heap after GC invocations=39 (full 0):
 garbage-first heap   total 378880K, used 217142K [0x0000000700000000, 0x0000000800000000)
  region size 2048K, 2 young (4096K), 2 survivors (4096K)
 Metaspace       used 116739K, committed 118272K, reserved 557056K
  class space    used 16225K, committed 16896K, reserved 425984K
}
Event: 36.621 GC heap before
{Heap before GC invocations=39 (full 0):
 garbage-first heap   total 378880K, used 297014K [0x0000000700000000, 0x0000000800000000)
  region size 2048K, 42 young (86016K), 2 survivors (4096K)
 Metaspace       used 118490K, committed 120128K, reserved 557056K
  class space    used 16416K, committed 17152K, reserved 425984K
}
Event: 36.638 GC heap after
{Heap after GC invocations=40 (full 0):
 garbage-first heap   total 378880K, used 221237K [0x0000000700000000, 0x0000000800000000)
  region size 2048K, 4 young (8192K), 4 survivors (8192K)
 Metaspace       used 118490K, committed 120128K, reserved 557056K
  class space    used 16416K, committed 17152K, reserved 425984K
}
Event: 38.196 GC heap before
{Heap before GC invocations=41 (full 0):
 garbage-first heap   total 434176K, used 303157K [0x0000000700000000, 0x0000000800000000)
  region size 2048K, 44 young (90112K), 4 survivors (8192K)
 Metaspace       used 118505K, committed 120128K, reserved 557056K
  class space    used 16416K, committed 17152K, reserved 425984K
}
Event: 38.201 GC heap after
{Heap after GC invocations=42 (full 0):
 garbage-first heap   total 434176K, used 223323K [0x0000000700000000, 0x0000000800000000)
  region size 2048K, 5 young (10240K), 5 survivors (10240K)
 Metaspace       used 118505K, committed 120128K, reserved 557056K
  class space    used 16416K, committed 17152K, reserved 425984K
}
Event: 38.433 GC heap before
{Heap before GC invocations=42 (full 0):
 garbage-first heap   total 434176K, used 233563K [0x0000000700000000, 0x0000000800000000)
  region size 2048K, 10 young (20480K), 5 survivors (10240K)
 Metaspace       used 118505K, committed 120128K, reserved 557056K
  class space    used 16416K, committed 17152K, reserved 425984K
}
Event: 38.438 GC heap after
{Heap after GC invocations=43 (full 0):
 garbage-first heap   total 434176K, used 221067K [0x0000000700000000, 0x0000000800000000)
  region size 2048K, 2 young (4096K), 2 survivors (4096K)
 Metaspace       used 118505K, committed 120128K, reserved 557056K
  class space    used 16416K, committed 17152K, reserved 425984K
}
Event: 40.694 GC heap before
{Heap before GC invocations=43 (full 0):
 garbage-first heap   total 434176K, used 341899K [0x0000000700000000, 0x0000000800000000)
  region size 2048K, 62 young (126976K), 2 survivors (4096K)
 Metaspace       used 121637K, committed 123392K, reserved 557056K
  class space    used 16791K, committed 17600K, reserved 425984K
}
Event: 40.701 GC heap after
{Heap after GC invocations=44 (full 0):
 garbage-first heap   total 1085440K, used 225621K [0x0000000700000000, 0x0000000800000000)
  region size 2048K, 4 young (8192K), 4 survivors (8192K)
 Metaspace       used 121637K, committed 123392K, reserved 557056K
  class space    used 16791K, committed 17600K, reserved 425984K
}

Dll operation events (15 events):
Event: 0.007 Loaded shared library /Library/Java/JavaVirtualMachines/zulu-17.jdk/Contents/Home/lib/libjava.dylib
Event: 0.066 Loaded shared library /Library/Java/JavaVirtualMachines/zulu-17.jdk/Contents/Home/lib/libzip.dylib
Event: 0.068 Loaded shared library /Library/Java/JavaVirtualMachines/zulu-17.jdk/Contents/Home/lib/libinstrument.dylib
Event: 0.072 Loaded shared library /Library/Java/JavaVirtualMachines/zulu-17.jdk/Contents/Home/lib/libnio.dylib
Event: 0.078 Loaded shared library /Library/Java/JavaVirtualMachines/zulu-17.jdk/Contents/Home/lib/libzip.dylib
Event: 0.171 Loaded shared library /Library/Java/JavaVirtualMachines/zulu-17.jdk/Contents/Home/lib/libjimage.dylib
Event: 0.217 Loaded shared library /Library/Java/JavaVirtualMachines/zulu-17.jdk/Contents/Home/lib/libverify.dylib
Event: 0.329 Loaded shared library /Library/Java/JavaVirtualMachines/zulu-17.jdk/Contents/Home/lib/libnet.dylib
Event: 0.339 Loaded shared library /Users/juanprogramador/.gradle/native/c067742578af261105cb4f569cf0c3c89f3d7b1fecec35dd04571415982c5e48/osx-amd64/libnative-platform.dylib
Event: 0.345 Loaded shared library /Users/juanprogramador/.gradle/native/38dada09dfb8b06ba9b0570ebf7e218e3eb74d4ef43ca46872605cf95ebc2f47/osx-amd64/libnative-platform-file-events.dylib
Event: 0.879 Loaded shared library /Library/Java/JavaVirtualMachines/zulu-17.jdk/Contents/Home/lib/libmanagement.dylib
Event: 0.882 Loaded shared library /Library/Java/JavaVirtualMachines/zulu-17.jdk/Contents/Home/lib/libmanagement_ext.dylib
Event: 1.014 Loaded shared library /Library/Java/JavaVirtualMachines/zulu-17.jdk/Contents/Home/lib/libextnet.dylib
Event: 13.581 Loaded shared library /private/var/folders/y5/8bd85fdx22161gc_fz2h96d80000gn/T/native-platform17312811590221239379dir/libnative-platform.dylib
Event: 13.986 Loaded shared library /Library/Java/JavaVirtualMachines/zulu-17.jdk/Contents/Home/lib/librmi.dylib

Deoptimization events (20 events):
Event: 43.249 Thread 0x00007fcd2c5e7c00 Uncommon trap: trap_request=0xffffff45 fr.pc=0x0000000129950f24 relative=0x0000000000001424
Event: 43.249 Thread 0x00007fcd2c5e7c00 Uncommon trap: reason=unstable_if action=reinterpret pc=0x0000000129950f24 method=jdk.nio.zipfs.ZipFileSystem.makeParentDirs(Ljdk/nio/zipfs/ZipFileSystem$IndexNode;Ljdk/nio/zipfs/ZipFileSystem$IndexNode;)V @ 62 c2
Event: 43.249 Thread 0x00007fcd2c5e7c00 DEOPT PACKING pc=0x0000000129950f24 sp=0x00007000126527f0
Event: 43.249 Thread 0x00007fcd2c5e7c00 DEOPT UNPACKING pc=0x0000000128669699 sp=0x00007000126527f8 mode 2
Event: 43.267 Thread 0x00007fcd2cca9c00 Uncommon trap: trap_request=0xffffffde fr.pc=0x0000000129219688 relative=0x0000000000000448
Event: 43.267 Thread 0x00007fcd2cca9c00 Uncommon trap: reason=class_check action=maybe_recompile pc=0x0000000129219688 method=java.io.BufferedOutputStream.write([BII)V @ 20 c2
Event: 43.267 Thread 0x00007fcd2cca9c00 DEOPT PACKING pc=0x0000000129219688 sp=0x000070001df7c100
Event: 43.267 Thread 0x00007fcd2cca9c00 DEOPT UNPACKING pc=0x0000000128669699 sp=0x000070001df7c098 mode 2
Event: 43.267 Thread 0x00007fcd2cca9c00 Uncommon trap: trap_request=0xffffffde fr.pc=0x0000000129219688 relative=0x0000000000000448
Event: 43.267 Thread 0x00007fcd2cca9c00 Uncommon trap: reason=class_check action=maybe_recompile pc=0x0000000129219688 method=java.io.BufferedOutputStream.write([BII)V @ 20 c2
Event: 43.267 Thread 0x00007fcd2cca9c00 DEOPT PACKING pc=0x0000000129219688 sp=0x000070001df7c100
Event: 43.267 Thread 0x00007fcd2cca9c00 DEOPT UNPACKING pc=0x0000000128669699 sp=0x000070001df7c098 mode 2
Event: 43.267 Thread 0x00007fcd2cca9c00 Uncommon trap: trap_request=0xffffffde fr.pc=0x0000000129219688 relative=0x0000000000000448
Event: 43.267 Thread 0x00007fcd2cca9c00 Uncommon trap: reason=class_check action=maybe_recompile pc=0x0000000129219688 method=java.io.BufferedOutputStream.write([BII)V @ 20 c2
Event: 43.267 Thread 0x00007fcd2cca9c00 DEOPT PACKING pc=0x0000000129219688 sp=0x000070001df7c100
Event: 43.267 Thread 0x00007fcd2cca9c00 DEOPT UNPACKING pc=0x0000000128669699 sp=0x000070001df7c098 mode 2
Event: 43.267 Thread 0x00007fcd2cca9c00 Uncommon trap: trap_request=0xffffffde fr.pc=0x0000000129219688 relative=0x0000000000000448
Event: 43.267 Thread 0x00007fcd2cca9c00 Uncommon trap: reason=class_check action=maybe_recompile pc=0x0000000129219688 method=java.io.BufferedOutputStream.write([BII)V @ 20 c2
Event: 43.267 Thread 0x00007fcd2cca9c00 DEOPT PACKING pc=0x0000000129219688 sp=0x000070001df7c100
Event: 43.267 Thread 0x00007fcd2cca9c00 DEOPT UNPACKING pc=0x0000000128669699 sp=0x000070001df7c098 mode 2

Classes loaded (20 events):
Event: 42.727 Loading class java/text/MessageFormat$Field
Event: 42.727 Loading class java/text/MessageFormat$Field done
Event: 42.728 Loading class java/util/EnumMap$Values
Event: 42.728 Loading class java/util/EnumMap$Values done
Event: 42.728 Loading class java/util/EnumMap$ValueIterator
Event: 42.728 Loading class java/util/EnumMap$ValueIterator done
Event: 42.744 Loading class java/util/PrimitiveIterator$OfInt
Event: 42.744 Loading class java/util/PrimitiveIterator
Event: 42.744 Loading class java/util/PrimitiveIterator done
Event: 42.744 Loading class java/util/PrimitiveIterator$OfInt done
Event: 42.749 Loading class java/util/concurrent/RecursiveAction
Event: 42.749 Loading class java/util/concurrent/RecursiveAction done
Event: 43.167 Loading class java/util/concurrent/Executors$DelegatedScheduledExecutorService
Event: 43.167 Loading class java/util/concurrent/Executors$DelegatedExecutorService
Event: 43.167 Loading class java/util/concurrent/Executors$DelegatedExecutorService done
Event: 43.167 Loading class java/util/concurrent/Executors$DelegatedScheduledExecutorService done
Event: 43.197 Loading class sun/nio/ch/SinkChannelImpl
Event: 43.197 Loading class java/nio/channels/Pipe$SinkChannel
Event: 43.197 Loading class java/nio/channels/Pipe$SinkChannel done
Event: 43.197 Loading class sun/nio/ch/SinkChannelImpl done

Classes unloaded (6 events):
Event: 40.876 Thread 0x00007fcdcaf28820 Unloading class 0x000000013b0c2c00 'java/lang/invoke/LambdaForm$DMH+0x000000013b0c2c00'
Event: 40.876 Thread 0x00007fcdcaf28820 Unloading class 0x000000013b0c2400 'java/lang/invoke/LambdaForm$DMH+0x000000013b0c2400'
Event: 40.876 Thread 0x00007fcdcaf28820 Unloading class 0x000000013b0c1c00 'java/lang/invoke/LambdaForm$DMH+0x000000013b0c1c00'
Event: 40.876 Thread 0x00007fcdcaf28820 Unloading class 0x000000013b0c3000 'java/lang/invoke/LambdaForm$DMH+0x000000013b0c3000'
Event: 40.876 Thread 0x00007fcdcaf28820 Unloading class 0x000000013b0c2800 'java/lang/invoke/LambdaForm$DMH+0x000000013b0c2800'
Event: 40.876 Thread 0x00007fcdcaf28820 Unloading class 0x000000013b0c2000 'java/lang/invoke/LambdaForm$DMH+0x000000013b0c2000'

Classes redefined (0 events):
No events

Internal exceptions (20 events):
Event: 42.436 Thread 0x00007fcdabfbbc00 Exception <a 'sun/nio/fs/UnixException'{0x000000072beb9ff0}> (0x000000072beb9ff0) 
thrown [src/hotspot/share/prims/jni.cpp, line 516]
Event: 42.528 Thread 0x00007fcdabfbbc00 Exception <a 'java/lang/NoSuchMethodError'{0x000000072bcf5048}: 'int java.lang.invoke.DirectMethodHandle$Holder.invokeVirtual(java.lang.Object, java.lang.Object, java.lang.Object, java.lang.Object)'> (0x000000072bcf5048) 
thrown [src/hotspot/share/interpreter/linkResolver.cpp, line 759]
Event: 42.695 Thread 0x00007fcdabfbbc00 Implicit null exception at 0x00000001291c0620 to 0x00000001291c0ad8
Event: 42.961 Thread 0x00007fcdabfbbc00 Exception <a 'java/lang/NoSuchMethodError'{0x00000007290b47a0}: static Lcom/android/build/gradle/internal/scope/InternalArtifactType;.<clinit>()V> (0x00000007290b47a0) 
thrown [src/hotspot/share/prims/jni.cpp, line 1112]
Event: 42.961 Thread 0x00007fcdabfbbc00 Exception <a 'java/lang/NoSuchMethodError'{0x00000007290b6128}: static Lcom/android/build/gradle/internal/scope/InternalArtifactType;.<clinit>()V> (0x00000007290b6128) 
thrown [src/hotspot/share/prims/jni.cpp, line 1112]
Event: 42.961 Thread 0x00007fcdabfbbc00 Exception <a 'java/lang/NoSuchMethodError'{0x00000007290b9508}: static Lcom/android/build/api/artifact/Artifact$Single;.<clinit>()V> (0x00000007290b9508) 
thrown [src/hotspot/share/prims/jni.cpp, line 1112]
Event: 42.961 Thread 0x00007fcdabfbbc00 Exception <a 'java/lang/NoSuchMethodError'{0x00000007290bbcc8}: static Ljava/lang/Object;.<clinit>()V> (0x00000007290bbcc8) 
thrown [src/hotspot/share/prims/jni.cpp, line 1112]
Event: 42.962 Thread 0x00007fcdabfbbc00 Exception <a 'java/lang/NoSuchMethodError'{0x00000007290d65b8}: static Lcom/android/build/api/artifact/ArtifactKind;.<clinit>()V> (0x00000007290d65b8) 
thrown [src/hotspot/share/prims/jni.cpp, line 1112]
Event: 42.963 Thread 0x00007fcdabfbbc00 Exception <a 'java/lang/NoSuchMethodError'{0x00000007290d7768}: static Lcom/android/build/api/artifact/ArtifactKind;.<clinit>()V> (0x00000007290d7768) 
thrown [src/hotspot/share/prims/jni.cpp, line 1112]
Event: 43.118 Thread 0x00007fcdabfbbc00 Exception <a 'java/lang/NoSuchMethodError'{0x00000007256ca560}: static Lcom/android/builder/internal/aapt/AaptOptions;.<clinit>()V> (0x00000007256ca560) 
thrown [src/hotspot/share/prims/jni.cpp, line 1112]
Event: 43.120 Thread 0x00007fcdabfbbc00 Exception <a 'java/lang/NoSuchMethodError'{0x00000007256e0df8}: static Ljava/lang/Object;.<clinit>()V> (0x00000007256e0df8) 
thrown [src/hotspot/share/prims/jni.cpp, line 1112]
Event: 43.122 Thread 0x00007fcdabfbbc00 Exception <a 'java/lang/NoSuchMethodError'{0x00000007256ff600}: static Lcom/android/build/api/variant/impl/SerializableApplicationMultiOutputHandler;.<clinit>()V> (0x00000007256ff600) 
thrown [src/hotspot/share/prims/jni.cpp, line 1112]
Event: 43.123 Thread 0x00007fcdabfbbc00 Exception <a 'java/lang/NoSuchMethodError'{0x0000000725716d80}: static Lcom/android/build/api/variant/impl/VariantOutputImpl$SerializedForm;.<clinit>()V> (0x0000000725716d80) 
thrown [src/hotspot/share/prims/jni.cpp, line 1112]
Event: 43.124 Thread 0x00007fcdabfbbc00 Exception <a 'java/lang/NoSuchMethodError'{0x000000072572c920}: static Lcom/android/build/api/variant/impl/VariantOutputConfigurationImpl;.<clinit>()V> (0x000000072572c920) 
thrown [src/hotspot/share/prims/jni.cpp, line 1112]
Event: 43.128 Thread 0x00007fcd2c5e7600 Exception <a 'sun/nio/fs/UnixException'{0x00000007257a0b60}> (0x00000007257a0b60) 
thrown [src/hotspot/share/prims/jni.cpp, line 516]
Event: 43.148 Thread 0x00007fcdabfbc200 Exception <a 'sun/nio/fs/UnixException'{0x0000000725221b08}> (0x0000000725221b08) 
thrown [src/hotspot/share/prims/jni.cpp, line 516]
Event: 43.148 Thread 0x00007fcdcb49b600 Exception <a 'sun/nio/fs/UnixException'{0x0000000730946060}> (0x0000000730946060) 
thrown [src/hotspot/share/prims/jni.cpp, line 516]
Event: 43.153 Thread 0x00007fcdabfc1600 Exception <a 'sun/nio/fs/UnixException'{0x000000072527f220}> (0x000000072527f220) 
thrown [src/hotspot/share/prims/jni.cpp, line 516]
Event: 43.153 Thread 0x00007fcdabfc1600 Exception <a 'sun/nio/fs/UnixException'{0x000000072527f408}> (0x000000072527f408) 
thrown [src/hotspot/share/prims/jni.cpp, line 516]
Event: 43.249 Thread 0x00007fcd2c5e7c00 Implicit null exception at 0x000000012994fea0 to 0x0000000129950f0c

VM Operations (20 events):
Event: 42.658 Executing VM operation: ICBufferFull
Event: 42.658 Executing VM operation: ICBufferFull done
Event: 42.709 Executing VM operation: HandshakeAllThreads
Event: 42.709 Executing VM operation: HandshakeAllThreads done
Event: 42.730 Executing VM operation: ICBufferFull
Event: 42.730 Executing VM operation: ICBufferFull done
Event: 42.782 Executing VM operation: HandshakeAllThreads
Event: 42.782 Executing VM operation: HandshakeAllThreads done
Event: 42.873 Executing VM operation: ICBufferFull
Event: 42.873 Executing VM operation: ICBufferFull done
Event: 43.160 Executing VM operation: HandshakeAllThreads
Event: 43.161 Executing VM operation: HandshakeAllThreads done
Event: 43.169 Executing VM operation: ICBufferFull
Event: 43.170 Executing VM operation: ICBufferFull done
Event: 43.177 Executing VM operation: HandshakeAllThreads
Event: 43.178 Executing VM operation: HandshakeAllThreads done
Event: 43.188 Executing VM operation: HandshakeAllThreads
Event: 43.188 Executing VM operation: HandshakeAllThreads done
Event: 43.265 Executing VM operation: HandshakeAllThreads
Event: 43.266 Executing VM operation: HandshakeAllThreads done

Memory protections (20 events):
Event: 42.109 Protecting memory [0x000070001dc78000,0x000070001dc7c000] with protection modes 0
Event: 42.109 Protecting memory [0x000070001dd7b000,0x000070001dd7f000] with protection modes 0
Event: 42.775 Protecting memory [0x000070001e084000,0x000070001e088000] with protection modes 0
Event: 42.775 Protecting memory [0x000070001e187000,0x000070001e18b000] with protection modes 0
Event: 42.775 Protecting memory [0x000070001e28a000,0x000070001e28e000] with protection modes 0
Event: 42.775 Protecting memory [0x000070001e38d000,0x000070001e391000] with protection modes 0
Event: 42.775 Protecting memory [0x000070001e490000,0x000070001e494000] with protection modes 0
Event: 42.775 Protecting memory [0x000070001e593000,0x000070001e597000] with protection modes 0
Event: 42.776 Protecting memory [0x000070001e696000,0x000070001e69a000] with protection modes 0
Event: 42.776 Protecting memory [0x000070001e799000,0x000070001e79d000] with protection modes 0
Event: 42.776 Protecting memory [0x000070001e89c000,0x000070001e8a0000] with protection modes 0
Event: 42.776 Protecting memory [0x000070001e99f000,0x000070001e9a3000] with protection modes 0
Event: 42.776 Protecting memory [0x000070001eaa2000,0x000070001eaa6000] with protection modes 0
Event: 42.776 Protecting memory [0x000070001eba5000,0x000070001eba9000] with protection modes 0
Event: 42.776 Protecting memory [0x000070001eca8000,0x000070001ecac000] with protection modes 0
Event: 42.776 Protecting memory [0x000070001edab000,0x000070001edaf000] with protection modes 0
Event: 42.777 Protecting memory [0x000070001eeae000,0x000070001eeb2000] with protection modes 0
Event: 43.167 Protecting memory [0x000070001efb1000,0x000070001efb5000] with protection modes 0
Event: 43.181 Protecting memory [0x000070001f0b4000,0x000070001f0b8000] with protection modes 0
Event: 43.181 Protecting memory [0x000070001f1b7000,0x000070001f1bb000] with protection modes 0

Nmethod flushes (20 events):
Event: 42.797 Thread 0x00007fcdcb030e00 flushing  nmethod 0x0000000121f72310
Event: 42.797 Thread 0x00007fcdcb030e00 flushing  nmethod 0x0000000121fedc90
Event: 42.797 Thread 0x00007fcdcb030e00 flushing  nmethod 0x00000001220aee10
Event: 42.797 Thread 0x00007fcdcb030e00 flushing  nmethod 0x00000001220e6d90
Event: 42.797 Thread 0x00007fcdcb030e00 flushing  nmethod 0x00000001220ebe10
Event: 42.799 Thread 0x00007fcdcb030e00 flushing  nmethod 0x000000012236d610
Event: 42.799 Thread 0x00007fcdcb030e00 flushing  nmethod 0x0000000122374290
Event: 42.799 Thread 0x00007fcdcb030e00 flushing  nmethod 0x000000012239c390
Event: 42.811 Thread 0x00007fcdcb030e00 flushing  nmethod 0x0000000123489d90
Event: 42.811 Thread 0x00007fcdcb030e00 flushing  nmethod 0x0000000123494890
Event: 42.811 Thread 0x00007fcdcb030e00 flushing  nmethod 0x0000000123497a10
Event: 42.812 Thread 0x00007fcdcb030e00 flushing  nmethod 0x000000012377d210
Event: 42.812 Thread 0x00007fcdcb030e00 flushing  nmethod 0x000000012377e010
Event: 42.812 Thread 0x00007fcdcb030e00 flushing  nmethod 0x000000012377f610
Event: 42.812 Thread 0x00007fcdcb030e00 flushing  nmethod 0x000000012377fd90
Event: 42.812 Thread 0x00007fcdcb030e00 flushing  nmethod 0x0000000123782690
Event: 42.812 Thread 0x00007fcdcb030e00 flushing  nmethod 0x0000000123787490
Event: 42.812 Thread 0x00007fcdcb030e00 flushing  nmethod 0x0000000123787b90
Event: 42.812 Thread 0x00007fcdcb030e00 flushing  nmethod 0x000000012378c110
Event: 42.812 Thread 0x00007fcdcb030e00 flushing  nmethod 0x0000000123797a10

Events (20 events):
Event: 42.109 Thread 0x00007fcdab80e200 Thread added: 0x00007fcdab63ba00
Event: 42.109 Thread 0x00007fcdab80e200 Thread added: 0x00007fcdab2f8800
Event: 42.775 Thread 0x00007fcdabfbbc00 Thread added: 0x00007fcd2bf3c400
Event: 42.775 Thread 0x00007fcdabfbbc00 Thread added: 0x00007fcdab56c400
Event: 42.775 Thread 0x00007fcdabfbbc00 Thread added: 0x00007fcd68b52a00
Event: 42.775 Thread 0x00007fcdabfbbc00 Thread added: 0x00007fcd2cdd4600
Event: 42.775 Thread 0x00007fcdabfbbc00 Thread added: 0x00007fcd2cefc600
Event: 42.775 Thread 0x00007fcdabfbbc00 Thread added: 0x00007fcdabb7b200
Event: 42.776 Thread 0x00007fcdabfbbc00 Thread added: 0x00007fcdab56ca00
Event: 42.776 Thread 0x00007fcdabfbbc00 Thread added: 0x00007fcd2bd0ce00
Event: 42.776 Thread 0x00007fcdabfbbc00 Thread added: 0x00007fcd2ccb8a00
Event: 42.776 Thread 0x00007fcdabfbbc00 Thread added: 0x00007fcd2ce54c00
Event: 42.776 Thread 0x00007fcdabfbbc00 Thread added: 0x00007fcd2bf3b600
Event: 42.776 Thread 0x00007fcdabfbbc00 Thread added: 0x00007fcdcd3efa00
Event: 42.776 Thread 0x00007fcdabfbbc00 Thread added: 0x00007fcdab3db600
Event: 42.776 Thread 0x00007fcdabfbbc00 Thread added: 0x00007fcd6d9ca800
Event: 42.777 Thread 0x00007fcdabfbbc00 Thread added: 0x00007fcdab3dbc00
Event: 43.167 Thread 0x00007fcd2cca9c00 Thread added: 0x00007fcd6d81aa00
Event: 43.181 Thread 0x00007fcd2cca9c00 Thread added: 0x00007fcd6b9ac000
Event: 43.181 Thread 0x00007fcd2cca9c00 Thread added: 0x00007fcd69a5fe00


Dynamic libraries:
0x000000010b89b000 	/Library/Java/JavaVirtualMachines/zulu-17.jdk/Contents/Home/lib/libjli.dylib
0x00007ff82003c000 	/usr/lib/libz.1.dylib
0x00007ff820128000 	/usr/lib/libSystem.B.dylib
0x00007ff820122000 	/usr/lib/system/libcache.dylib
0x00007ff8200da000 	/usr/lib/system/libcommonCrypto.dylib
0x00007ff820104000 	/usr/lib/system/libcompiler_rt.dylib
0x00007ff8200f8000 	/usr/lib/system/libcopyfile.dylib
0x00007ff810397000 	/usr/lib/system/libcorecrypto.dylib
0x00007ff8104a3000 	/usr/lib/system/libdispatch.dylib
0x00007ff810252000 	/usr/lib/system/libdyld.dylib
0x00007ff820118000 	/usr/lib/system/libkeymgr.dylib
0x00007ff8200bf000 	/usr/lib/system/libmacho.dylib
0x00007ff81f2a7000 	/usr/lib/system/libquarantine.dylib
0x00007ff820115000 	/usr/lib/system/libremovefile.dylib
0x00007ff816933000 	/usr/lib/system/libsystem_asl.dylib
0x00007ff810320000 	/usr/lib/system/libsystem_blocks.dylib
0x00007ff8104ee000 	/usr/lib/system/libsystem_c.dylib
0x00007ff82010c000 	/usr/lib/system/libsystem_collections.dylib
0x00007ff81dc3d000 	/usr/lib/system/libsystem_configuration.dylib
0x00007ff81c7d0000 	/usr/lib/system/libsystem_containermanager.dylib
0x00007ff81fba5000 	/usr/lib/system/libsystem_coreservices.dylib
0x00007ff814070000 	/usr/lib/system/libsystem_darwin.dylib
0x00007ffe0ec9f000 	/usr/lib/system/libsystem_darwindirectory.dylib
0x00007ff820119000 	/usr/lib/system/libsystem_dnssd.dylib
0x00007ffe0eca4000 	/usr/lib/system/libsystem_eligibility.dylib
0x00007ff8104eb000 	/usr/lib/system/libsystem_featureflags.dylib
0x00007ff810670000 	/usr/lib/system/libsystem_info.dylib
0x00007ff820050000 	/usr/lib/system/libsystem_m.dylib
0x00007ff810456000 	/usr/lib/system/libsystem_malloc.dylib
0x00007ff81689d000 	/usr/lib/system/libsystem_networkextension.dylib
0x00007ff8144b7000 	/usr/lib/system/libsystem_notify.dylib
0x00007ff81dc41000 	/usr/lib/system/libsystem_sandbox.dylib
0x00007ffe0ecac000 	/usr/lib/system/libsystem_sanitizers.dylib
0x00007ff820111000 	/usr/lib/system/libsystem_secinit.dylib
0x00007ff81061b000 	/usr/lib/system/libsystem_kernel.dylib
0x00007ff810666000 	/usr/lib/system/libsystem_platform.dylib
0x00007ff810659000 	/usr/lib/system/libsystem_pthread.dylib
0x00007ff818700000 	/usr/lib/system/libsystem_symptoms.dylib
0x00007ff810377000 	/usr/lib/system/libsystem_trace.dylib
0x00007ffe0ecb5000 	/usr/lib/system/libsystem_trial.dylib
0x00007ff8200e7000 	/usr/lib/system/libunwind.dylib
0x00007ff810324000 	/usr/lib/system/libxpc.dylib
0x00007ff81020c000 	/usr/lib/libobjc.A.dylib
0x00007ff81069f000 	/System/Library/Frameworks/CoreFoundation.framework/Versions/A/CoreFoundation
0x00007ff823d99000 	/usr/lib/swift/libswiftCore.dylib
0x00007ff810603000 	/usr/lib/libc++abi.dylib
0x00007ffd2d305000 	/usr/lib/libRosetta.dylib
0x00007ff810578000 	/usr/lib/libc++.1.dylib
0x00007ff81192e000 	/System/Library/Frameworks/Foundation.framework/Versions/C/Foundation
0x00007ff82d809000 	/usr/lib/swift/libswiftObjectiveC.dylib
0x00007ffe0e54b000 	/usr/lib/libswiftPrespecialized.dylib
0x00007ff8115b9000 	/System/Library/Frameworks/SystemConfiguration.framework/Versions/A/SystemConfiguration
0x00007ff81ab9c000 	/System/Library/PrivateFrameworks/CoreAutoLayout.framework/Versions/A/CoreAutoLayout
0x00007ff82012a000 	/usr/lib/libfakelink.dylib
0x00007ff820324000 	/usr/lib/libcompression.dylib
0x00007ff816508000 	/System/Library/Frameworks/CFNetwork.framework/Versions/A/CFNetwork
0x00007ff819d4b000 	/System/Library/Frameworks/DiskArbitration.framework/Versions/A/DiskArbitration
0x00007ff82017b000 	/usr/lib/libarchive.2.dylib
0x00007ff819c5d000 	/usr/lib/libDiagnosticMessagesClient.dylib
0x00007ff813dc4000 	/usr/lib/libicucore.A.dylib
0x00007ff81abe6000 	/usr/lib/libxml2.2.dylib
0x00007ff828a86000 	/System/Library/Frameworks/CoreServices.framework/Versions/A/CoreServices
0x00007ff81dc4e000 	/usr/lib/liblangid.dylib
0x00007ff8143eb000 	/System/Library/Frameworks/IOKit.framework/Versions/A/IOKit
0x00007ff826558000 	/System/Library/Frameworks/Combine.framework/Versions/A/Combine
0x00007ffb2cf25000 	/System/Library/PrivateFrameworks/CollectionsInternal.framework/Versions/A/CollectionsInternal
0x00007ffd1197f000 	/System/Library/PrivateFrameworks/ReflectionInternal.framework/Versions/A/ReflectionInternal
0x00007ffd126c0000 	/System/Library/PrivateFrameworks/RuntimeInternal.framework/Versions/A/RuntimeInternal
0x00007ff82012d000 	/System/Library/PrivateFrameworks/SoftLinking.framework/Versions/A/SoftLinking
0x00007ff91b141000 	/usr/lib/swift/libswiftCoreFoundation.dylib
0x00007ff91831e000 	/usr/lib/swift/libswiftDarwin.dylib
0x00007ff82aa50000 	/usr/lib/swift/libswiftDispatch.dylib
0x00007ff91b18f000 	/usr/lib/swift/libswiftIOKit.dylib
0x00007ffe0e934000 	/usr/lib/swift/libswiftSystem.dylib
0x00007ff91b151000 	/usr/lib/swift/libswiftXPC.dylib
0x00007ffe0e962000 	/usr/lib/swift/libswift_Builtin_float.dylib
0x00007ffe0e965000 	/usr/lib/swift/libswift_Concurrency.dylib
0x00007ffe0e9d2000 	/usr/lib/swift/libswift_DarwinFoundation1.dylib
0x00007ffe0eab9000 	/usr/lib/swift/libswift_StringProcessing.dylib
0x00007ff82d80d000 	/usr/lib/swift/libswiftos.dylib
0x00007ff81436a000 	/System/Library/PrivateFrameworks/CoreServicesInternal.framework/Versions/A/CoreServicesInternal
0x00007ff8200f0000 	/usr/lib/liboah.dylib
0x00007ff8139c6000 	/System/Library/Frameworks/Security.framework/Versions/A/Security
0x00007ff82cd47000 	/System/Library/PrivateFrameworks/DiskImages.framework/Versions/A/DiskImages
0x00007ff917de2000 	/System/Library/Frameworks/NetFS.framework/Versions/A/NetFS
0x00007ff81ab64000 	/System/Library/Frameworks/CoreServices.framework/Versions/A/Frameworks/FSEvents.framework/Versions/A/FSEvents
0x00007ff81407b000 	/System/Library/Frameworks/CoreServices.framework/Versions/A/Frameworks/CarbonCore.framework/Versions/A/CarbonCore
0x00007ff819cc1000 	/System/Library/Frameworks/CoreServices.framework/Versions/A/Frameworks/Metadata.framework/Versions/A/Metadata
0x00007ff81fbac000 	/System/Library/Frameworks/CoreServices.framework/Versions/A/Frameworks/OSServices.framework/Versions/A/OSServices
0x00007ff820256000 	/System/Library/Frameworks/CoreServices.framework/Versions/A/Frameworks/SearchKit.framework/Versions/A/SearchKit
0x00007ff81867e000 	/System/Library/Frameworks/CoreServices.framework/Versions/A/Frameworks/AE.framework/Versions/A/AE
0x00007ff810b5b000 	/System/Library/Frameworks/CoreServices.framework/Versions/A/Frameworks/LaunchServices.framework/Versions/A/LaunchServices
0x00007ff82186d000 	/System/Library/Frameworks/CoreServices.framework/Versions/A/Frameworks/DictionaryServices.framework/Versions/A/DictionaryServices
0x00007ff81ab72000 	/System/Library/Frameworks/CoreServices.framework/Versions/A/Frameworks/SharedFileList.framework/Versions/A/SharedFileList
0x00007ff8202d8000 	/usr/lib/libapple_nghttp2.dylib
0x00007ff81828f000 	/usr/lib/libsqlite3.dylib
0x00007ff82cf80000 	/System/Library/PrivateFrameworks/AppSupport.framework/Versions/A/AppSupport
0x00007ff819c2f000 	/System/Library/PrivateFrameworks/CoreAnalytics.framework/Versions/A/CoreAnalytics
0x00007ff816ead000 	/System/Library/Frameworks/CoreGraphics.framework/Versions/A/CoreGraphics
0x00007ff8249fb000 	/System/Library/Frameworks/GSS.framework/Versions/A/GSS
0x00007ff822e8d000 	/System/Library/PrivateFrameworks/InternationalSupport.framework/Versions/A/InternationalSupport
0x00007ff818616000 	/System/Library/PrivateFrameworks/RunningBoardServices.framework/Versions/A/RunningBoardServices
0x00007ff82d796000 	/System/Library/PrivateFrameworks/StreamingZip.framework/Versions/A/StreamingZip
0x00007ff8168b7000 	/usr/lib/libenergytrace.dylib
0x00007ff818708000 	/System/Library/Frameworks/Network.framework/Versions/A/Network
0x00007ff81f2cc000 	/usr/lib/libbsm.0.dylib
0x00007ff8200c3000 	/usr/lib/system/libkxld.dylib
0x00007ffb28d3e000 	/System/Library/PrivateFrameworks/AppleKeyStore.framework/Versions/A/AppleKeyStore
0x00007ffd2d05d000 	/usr/lib/libCoreEntitlements.dylib
0x00007ffc28262000 	/System/Library/PrivateFrameworks/MessageSecurity.framework/Versions/A/MessageSecurity
0x00007ff818273000 	/System/Library/PrivateFrameworks/ProtocolBuffer.framework/Versions/A/ProtocolBuffer
0x00007ff829b06000 	/System/Library/PrivateFrameworks/SymptomDiagnosticReporter.framework/Versions/A/SymptomDiagnosticReporter
0x00007ff821bac000 	/System/Library/PrivateFrameworks/CrashReporterSupport.framework/Versions/A/CrashReporterSupport
0x00007ff8168b8000 	/usr/lib/libMobileGestalt.dylib
0x00007ff81fb8b000 	/System/Library/PrivateFrameworks/AppleFSCompression.framework/Versions/A/AppleFSCompression
0x00007ff81f2b4000 	/usr/lib/libcoretls.dylib
0x00007ff8218dc000 	/usr/lib/libcoretls_cfhelpers.dylib
0x00007ff82031e000 	/usr/lib/libpam.2.dylib
0x00007ff821955000 	/usr/lib/libxar.1.dylib
0x00007ff8218de000 	/System/Library/PrivateFrameworks/APFS.framework/Versions/A/APFS
0x00007ffd1bfa8000 	/System/Library/PrivateFrameworks/SwiftASN1Internal.framework/Versions/A/SwiftASN1Internal
0x00007ff821963000 	/usr/lib/libutil.dylib
0x00007ff81dc49000 	/System/Library/PrivateFrameworks/AppleSystemInfo.framework/Versions/A/AppleSystemInfo
0x00007ff81efb5000 	/System/Library/PrivateFrameworks/IOMobileFramebuffer.framework/Versions/A/IOMobileFramebuffer
0x00007ff81c807000 	/System/Library/Frameworks/IOSurface.framework/Versions/A/IOSurface
0x00007ff91b00d000 	/System/Library/PrivateFrameworks/LoggingSupport.framework/Versions/A/LoggingSupport
0x00007ff824a53000 	/System/Library/PrivateFrameworks/MobileAsset.framework/Versions/A/MobileAsset
0x00007ff829b15000 	/System/Library/PrivateFrameworks/PowerLog.framework/Versions/A/PowerLog
0x00007ffb229fe000 	/System/Library/Frameworks/SwiftData.framework/Versions/A/SwiftData
0x00007ff815f02000 	/System/Library/Frameworks/UniformTypeIdentifiers.framework/Versions/A/UniformTypeIdentifiers
0x00007ff81ad7c000 	/System/Library/PrivateFrameworks/UserManagement.framework/Versions/A/UserManagement
0x00007ff81642b000 	/usr/lib/libboringssl.dylib
0x00007ff8186ef000 	/usr/lib/libdns_services.dylib
0x00007ff91a08a000 	/usr/lib/libquic.dylib
0x00007ff823d23000 	/usr/lib/libusrtcp.dylib
0x00007ffb29a72000 	/System/Library/PrivateFrameworks/AtomicsInternal.framework/Versions/A/AtomicsInternal
0x00007ffa20ac7000 	/System/Library/PrivateFrameworks/InternalSwiftProtobuf.framework/Versions/A/InternalSwiftProtobuf
0x00007ffe0e79f000 	/usr/lib/swift/libswiftDistributed.dylib
0x00007ffe0e7c5000 	/usr/lib/swift/libswiftObservation.dylib
0x00007ffe0e92c000 	/usr/lib/swift/libswiftSynchronization.dylib
0x00007ff81dc48000 	/System/Library/PrivateFrameworks/AggregateDictionary.framework/Versions/A/AggregateDictionary
0x00007ffb2a0ea000 	/System/Library/PrivateFrameworks/BiomeLibrary.framework/Versions/A/BiomeLibrary
0x00007ff929f95000 	/System/Library/PrivateFrameworks/BiomeStreams.framework/Versions/A/BiomeStreams
0x00007ff925eca000 	/System/Library/PrivateFrameworks/BiomeFoundation.framework/Versions/A/BiomeFoundation
0x00007ffa1047d000 	/System/Library/PrivateFrameworks/BiomePubSub.framework/Versions/A/BiomePubSub
0x00007ff817de9000 	/System/Library/Frameworks/CoreData.framework/Versions/A/CoreData
0x00007ff82e893000 	/System/Library/PrivateFrameworks/ProactiveSupport.framework/Versions/A/ProactiveSupport
0x00007ff8218bc000 	/usr/lib/liblzma.5.dylib
0x00007ff828cf9000 	/System/Library/Frameworks/Accelerate.framework/Versions/A/Accelerate
0x00007ff81f1bb000 	/System/Library/PrivateFrameworks/MobileKeyBag.framework/Versions/A/MobileKeyBag
0x00007ff82d28d000 	/System/Library/PrivateFrameworks/InternationalTextSearch.framework/Versions/A/InternationalTextSearch
0x00007ff9226ed000 	/System/Library/PrivateFrameworks/SoftwareUpdateCoreSupport.framework/Versions/A/SoftwareUpdateCoreSupport
0x00007ff92a915000 	/System/Library/PrivateFrameworks/SoftwareUpdateCoreConnect.framework/Versions/A/SoftwareUpdateCoreConnect
0x00007ff82ce30000 	/System/Library/PrivateFrameworks/RemoteServiceDiscovery.framework/Versions/A/RemoteServiceDiscovery
0x00007ff9222d0000 	/System/Library/PrivateFrameworks/MSUDataAccessor.framework/Versions/A/MSUDataAccessor
0x00007ff91d307000 	/usr/lib/libbootpolicy.dylib
0x00007ff82ce47000 	/System/Library/PrivateFrameworks/RemoteXPC.framework/Versions/A/RemoteXPC
0x00007ff929e45000 	/usr/lib/libFDR.dylib
0x00007ffa100d8000 	/usr/lib/libamsupport.dylib
0x00007ffb285dd000 	/System/Library/PrivateFrameworks/AppleDeviceQuerySupport.framework/Versions/A/AppleDeviceQuerySupport
0x00007ffa13149000 	/usr/lib/libpartition2_dynamic.dylib
0x00007ff8202b6000 	/System/Library/PrivateFrameworks/AppleSauce.framework/Versions/A/AppleSauce
0x00007ffd2cedd000 	/usr/lib/libAppleArchive.dylib
0x00007ff81fb96000 	/usr/lib/libbz2.1.0.dylib
0x00007ff819d53000 	/System/Library/Frameworks/Accelerate.framework/Versions/A/Frameworks/vImage.framework/Versions/A/vImage
0x00007ff828a5c000 	/System/Library/Frameworks/Accelerate.framework/Versions/A/Frameworks/vecLib.framework/Versions/A/vecLib
0x00007ff821998000 	/System/Library/Frameworks/Accelerate.framework/Versions/A/Frameworks/vecLib.framework/Versions/A/libvMisc.dylib
0x00007ff81106e000 	/System/Library/Frameworks/Accelerate.framework/Versions/A/Frameworks/vecLib.framework/Versions/A/libBLAS.dylib
0x00007ff82d28c000 	/System/Library/Frameworks/ApplicationServices.framework/Versions/A/ApplicationServices
0x00007ff81acc7000 	/System/Library/Frameworks/CoreVideo.framework/Versions/A/CoreVideo
0x00007ff8177c9000 	/System/Library/Frameworks/ColorSync.framework/Versions/A/ColorSync
0x00007ff812fd8000 	/System/Library/Frameworks/CoreText.framework/Versions/A/CoreText
0x00007ff81d2e8000 	/System/Library/Frameworks/ImageIO.framework/Versions/A/ImageIO
0x00007ff82460d000 	/System/Library/Frameworks/ApplicationServices.framework/Versions/A/Frameworks/ATS.framework/Versions/A/ATS
0x00007ff817974000 	/System/Library/Frameworks/ApplicationServices.framework/Versions/A/Frameworks/HIServices.framework/Versions/A/HIServices
0x00007ff822d5c000 	/System/Library/Frameworks/ApplicationServices.framework/Versions/A/Frameworks/PrintCore.framework/Versions/A/PrintCore
0x00007ff8249c5000 	/System/Library/Frameworks/ApplicationServices.framework/Versions/A/Frameworks/QD.framework/Versions/A/QD
0x00007ff8249c1000 	/System/Library/Frameworks/ApplicationServices.framework/Versions/A/Frameworks/ColorSyncLegacy.framework/Versions/A/ColorSyncLegacy
0x00007ff8245e3000 	/System/Library/Frameworks/ApplicationServices.framework/Versions/A/Frameworks/SpeechSynthesis.framework/Versions/A/SpeechSynthesis
0x00007ff81696d000 	/System/Library/PrivateFrameworks/SkyLight.framework/Versions/A/SkyLight
0x00007ff81ccec000 	/System/Library/PrivateFrameworks/FontServices.framework/libFontParser.dylib
0x00007ff818524000 	/System/Library/PrivateFrameworks/BaseBoard.framework/Versions/A/BaseBoard
0x00007ff82ad98000 	/System/Library/PrivateFrameworks/BoardServices.framework/Versions/A/BoardServices
0x00007ff82cb67000 	/System/Library/PrivateFrameworks/BackBoardServices.framework/Versions/A/BackBoardServices
0x00007ffb2a00f000 	/System/Library/PrivateFrameworks/BackBoardHIDEventFoundation.framework/Versions/A/BackBoardHIDEventFoundation
0x00007ff812ad5000 	/System/Library/Frameworks/CoreDisplay.framework/Versions/A/CoreDisplay
0x00007ff82256f000 	/System/Library/Frameworks/VideoToolbox.framework/Versions/A/VideoToolbox
0x00007ff82031c000 	/System/Library/Frameworks/MetalPerformanceShaders.framework/Versions/A/MetalPerformanceShaders
0x00007ffd10bee000 	/System/Library/PrivateFrameworks/ProDisplayLibrary.framework/Versions/A/ProDisplayLibrary
0x00007ff90e40a000 	/System/Library/PrivateFrameworks/IOSurfaceAccelerator.framework/Versions/A/IOSurfaceAccelerator
0x00007ff81c82b000 	/System/Library/Frameworks/Metal.framework/Versions/A/Metal
0x00007ff81c822000 	/System/Library/PrivateFrameworks/IOAccelerator.framework/Versions/A/IOAccelerator
0x00007ff81cb47000 	/System/Library/Frameworks/CoreMedia.framework/Versions/A/CoreMedia
0x00007ff81694b000 	/System/Library/PrivateFrameworks/TCC.framework/Versions/A/TCC
0x00007ff822529000 	/System/Library/PrivateFrameworks/WatchdogClient.framework/Versions/A/WatchdogClient
0x00007ff81a42e000 	/System/Library/Frameworks/QuartzCore.framework/Versions/A/QuartzCore
0x00007ff82252b000 	/System/Library/PrivateFrameworks/MultitouchSupport.framework/Versions/A/MultitouchSupport
0x00007ffa185b2000 	/usr/lib/swift/libswiftOSLog.dylib
0x00007ff91ed69000 	/usr/lib/swift/libswiftsimd.dylib
0x00007ffa104de000 	/System/Library/PrivateFrameworks/BiomeStorage.framework/Versions/A/BiomeStorage
0x00007ffc23257000 	/System/Library/PrivateFrameworks/IntelligencePlatformLibrary.framework/Versions/A/IntelligencePlatformLibrary
0x00007ffd1004e000 	/System/Library/PrivateFrameworks/PoirotSchematizer.framework/Versions/A/PoirotSchematizer
0x00007ffb2aa3d000 	/System/Library/PrivateFrameworks/BiomeSync.framework/Versions/A/BiomeSync
0x00007ffb2a0d1000 	/System/Library/PrivateFrameworks/BiomeDSL.framework/Versions/A/BiomeDSL
0x00007ffa28155000 	/System/Library/PrivateFrameworks/FeatureFlags.framework/Versions/A/FeatureFlags
0x00007ffd100bc000 	/System/Library/PrivateFrameworks/PoirotUDFs.framework/Versions/A/PoirotUDFs
0x00007ffd10023000 	/System/Library/PrivateFrameworks/PoirotSQLite.framework/Versions/A/PoirotSQLite
0x00007ff82b2cf000 	/System/Library/PrivateFrameworks/CoreTime.framework/Versions/A/CoreTime
0x00007ff820163000 	/usr/lib/libiconv.2.dylib
0x00007ff8200be000 	/usr/lib/libcharset.1.dylib
0x00007ffe0ea0d000 	/usr/lib/swift/libswift_RegexParser.dylib
0x00007ffb2be40000 	/System/Library/PrivateFrameworks/CascadeSets.framework/Versions/A/CascadeSets
0x00007ff824bc3000 	/System/Library/PrivateFrameworks/CorePhoneNumbers.framework/Versions/A/CorePhoneNumbers
0x00007ff8223f0000 	/System/Library/PrivateFrameworks/AppleJPEG.framework/Versions/A/AppleJPEG
0x00007ff821e0d000 	/usr/lib/libexpat.1.dylib
0x00007ff822c21000 	/System/Library/Frameworks/ImageIO.framework/Versions/A/Resources/libPng.dylib
0x00007ff822c50000 	/System/Library/Frameworks/ImageIO.framework/Versions/A/Resources/libTIFF.dylib
0x00007ff822d45000 	/System/Library/Frameworks/ImageIO.framework/Versions/A/Resources/libGIF.dylib
0x00007ff82243c000 	/System/Library/Frameworks/ImageIO.framework/Versions/A/Resources/libJP2.dylib
0x00007ff821b0d000 	/usr/lib/libate.dylib
0x00007ff822ce4000 	/System/Library/Frameworks/ImageIO.framework/Versions/A/Resources/libJPEG.dylib
0x00007ff822cdb000 	/System/Library/Frameworks/ImageIO.framework/Versions/A/Resources/libRadiance.dylib
0x00007ffc1a931000 	/System/Library/PrivateFrameworks/GPUCompiler.framework/Versions/32023/Libraries/libllvm-flatbuffers.dylib
0x00007ffc15098000 	/System/Library/PrivateFrameworks/FramePacing.framework/Versions/A/FramePacing
0x00007ffb191e3000 	/System/Library/Frameworks/OpenGL.framework/Versions/A/Libraries/libCoreFSCache.dylib
0x00007ffc16007000 	/System/Library/PrivateFrameworks/GPUCompiler.framework/Versions/32023/Libraries/libGPUCompilerUtils.dylib
0x00007ff82ae64000 	/System/Library/PrivateFrameworks/GraphicsServices.framework/Versions/A/GraphicsServices
0x00007ff92903a000 	/usr/lib/swift/libswiftMetal.dylib
0x00007ffa0e654000 	/usr/lib/swift/libswiftQuartzCore.dylib
0x00007ffa12f44000 	/usr/lib/swift/libswiftUniformTypeIdentifiers.dylib
0x00007ff81d628000 	/System/Library/Frameworks/CoreImage.framework/Versions/A/CoreImage
0x00007ffa1c2df000 	/System/Library/PrivateFrameworks/Symbolication.framework/Versions/A/Symbolication
0x00007ffd0fc49000 	/System/Library/PrivateFrameworks/PhotosensitivityProcessing.framework/Versions/A/PhotosensitivityProcessing
0x00007ffb191ef000 	/System/Library/Frameworks/OpenGL.framework/Versions/A/OpenGL
0x00007ffb1a7d8000 	/System/Library/Frameworks/OpenCL.framework/Versions/A/OpenCL
0x00007ff822038000 	/System/Library/PrivateFrameworks/GraphVisualizer.framework/Versions/A/GraphVisualizer
0x00007ffb19241000 	/System/Library/Frameworks/OpenGL.framework/Versions/A/Libraries/libGLU.dylib
0x00007ffb19202000 	/System/Library/Frameworks/OpenGL.framework/Versions/A/Libraries/libGFXShared.dylib
0x00007ffb19401000 	/System/Library/Frameworks/OpenGL.framework/Versions/A/Libraries/libGL.dylib
0x00007ffb1920b000 	/System/Library/Frameworks/OpenGL.framework/Versions/A/Libraries/libGLImage.dylib
0x00007ffb191ff000 	/System/Library/Frameworks/OpenGL.framework/Versions/A/Libraries/libCVMSPluginSupport.dylib
0x00007ffb191ea000 	/System/Library/Frameworks/OpenGL.framework/Versions/A/Libraries/libCoreVMClient.dylib
0x00007ffc14fa3000 	/System/Library/PrivateFrameworks/FontServices.framework/Versions/A/FontServices
0x00007ff82204b000 	/System/Library/PrivateFrameworks/OTSVG.framework/Versions/A/OTSVG
0x00007ff81a81d000 	/System/Library/Frameworks/ApplicationServices.framework/Versions/A/Frameworks/ATS.framework/Versions/A/Resources/libFontRegistry.dylib
0x00007ffd2d9f8000 	/usr/lib/libhvf.dylib
0x00007ffc2ce76000 	/System/Library/PrivateFrameworks/ParsingInternal.framework/Versions/A/ParsingInternal
0x00007ffc14fa7000 	/System/Library/PrivateFrameworks/FontServices.framework/libXTFontStaticRegistryData.dylib
0x00007ff81db81000 	/System/Library/Frameworks/MetalPerformanceShaders.framework/Versions/A/Frameworks/MPSCore.framework/Versions/A/MPSCore
0x00007ff81fae6000 	/System/Library/Frameworks/MetalPerformanceShaders.framework/Versions/A/Frameworks/MPSImage.framework/Versions/A/MPSImage
0x00007ff81f350000 	/System/Library/Frameworks/MetalPerformanceShaders.framework/Versions/A/Frameworks/MPSNeuralNetwork.framework/Versions/A/MPSNeuralNetwork
0x00007ff81f8ae000 	/System/Library/Frameworks/MetalPerformanceShaders.framework/Versions/A/Frameworks/MPSMatrix.framework/Versions/A/MPSMatrix
0x00007ff81f664000 	/System/Library/Frameworks/MetalPerformanceShaders.framework/Versions/A/Frameworks/MPSRayIntersector.framework/Versions/A/MPSRayIntersector
0x00007ff81f8ed000 	/System/Library/Frameworks/MetalPerformanceShaders.framework/Versions/A/Frameworks/MPSNDArray.framework/Versions/A/MPSNDArray
0x00007ffb1fa09000 	/System/Library/Frameworks/MetalPerformanceShaders.framework/Versions/A/Frameworks/MPSFunctions.framework/Versions/A/MPSFunctions
0x00007ffb1f9e9000 	/System/Library/Frameworks/MetalPerformanceShaders.framework/Versions/A/Frameworks/MPSBenchmarkLoop.framework/Versions/A/MPSBenchmarkLoop
0x00007ff810e7c000 	/System/Library/PrivateFrameworks/MetalTools.framework/Versions/A/MetalTools
0x00007ff920550000 	/System/Library/PrivateFrameworks/IOAccelMemoryInfo.framework/Versions/A/IOAccelMemoryInfo
0x00007ffa0ea5f000 	/System/Library/PrivateFrameworks/kperf.framework/Versions/A/kperf
0x00007ff91b123000 	/System/Library/PrivateFrameworks/GPURawCounter.framework/Versions/A/GPURawCounter
0x00007ff82b1b1000 	/System/Library/PrivateFrameworks/CoreSymbolication.framework/Versions/A/CoreSymbolication
0x00007ff91b0a0000 	/System/Library/PrivateFrameworks/MallocStackLogging.framework/Versions/A/MallocStackLogging
0x00007ff82b192000 	/System/Library/PrivateFrameworks/DebugSymbols.framework/Versions/A/DebugSymbols
0x00007ff92ced8000 	/System/Library/PrivateFrameworks/OSAnalytics.framework/Versions/A/OSAnalytics
0x00007ffc13214000 	/System/Library/PrivateFrameworks/DeviceRecovery.framework/Versions/A/DeviceRecovery
0x00007ffb1da8d000 	/System/Library/Frameworks/ExtensionFoundation.framework/Versions/A/ExtensionFoundation
0x00007ff822091000 	/System/Library/PrivateFrameworks/AppServerSupport.framework/Versions/A/AppServerSupport
0x00007ff821e91000 	/System/Library/PrivateFrameworks/IconServices.framework/Versions/A/IconServices
0x00007ff821cfd000 	/System/Library/PrivateFrameworks/PlugInKit.framework/Versions/A/PlugInKit
0x00007ff81f1d1000 	/System/Library/PrivateFrameworks/AssertionServices.framework/Versions/A/AssertionServices
0x00007ffa12f53000 	/usr/lib/swift/libswiftAccelerate.dylib
0x00007ff821e32000 	/System/Library/PrivateFrameworks/IconFoundation.framework/Versions/A/IconFoundation
0x00007ffc206ea000 	/System/Library/PrivateFrameworks/IconRendering.framework/Versions/A/IconRendering
0x00007ff81a86a000 	/System/Library/PrivateFrameworks/CoreUI.framework/Versions/A/CoreUI
0x00007ffd12841000 	/System/Library/PrivateFrameworks/SFSymbols.framework/Versions/A/SFSymbols
0x00007ffb1d96e000 	/System/Library/Frameworks/DeveloperToolsSupport.framework/Versions/A/DeveloperToolsSupport
0x00007ff912906000 	/System/Library/PrivateFrameworks/RenderBox.framework/Versions/A/RenderBox
0x00007ff81d2ad000 	/System/Library/PrivateFrameworks/CoreSVG.framework/Versions/A/CoreSVG
0x00007ff822dcf000 	/System/Library/PrivateFrameworks/TextureIO.framework/Versions/A/TextureIO
0x00007ff91b18e000 	/usr/lib/swift/libswiftCoreImage.dylib
0x00007ff822d16000 	/System/Library/Frameworks/ApplicationServices.framework/Versions/A/Frameworks/ATSUI.framework/Versions/A/ATSUI
0x00007ff824387000 	/System/Library/Frameworks/AudioToolbox.framework/Versions/A/AudioToolbox
0x00007ff812c03000 	/System/Library/PrivateFrameworks/AudioToolboxCore.framework/Versions/A/AudioToolboxCore
0x00007ff824551000 	/System/Library/PrivateFrameworks/AudioSession.framework/Versions/A/AudioSession
0x00007ff82fcdc000 	/System/Library/Frameworks/CoreMIDI.framework/Versions/A/CoreMIDI
0x00007ff8245cb000 	/usr/lib/libAudioStatistics.dylib
0x00007ff81cb22000 	/System/Library/PrivateFrameworks/caulk.framework/Versions/A/caulk
0x00007ff81321c000 	/System/Library/Frameworks/CoreAudio.framework/Versions/A/CoreAudio
0x00007ff822bff000 	/usr/lib/libAudioToolboxUtility.dylib
0x00007ff91b127000 	/usr/lib/swift/libswiftCoreAudio.dylib
0x00007ff921b61000 	/usr/lib/swift/libswiftCoreMIDI.dylib
0x00007ff8249cf000 	/System/Library/PrivateFrameworks/perfdata.framework/Versions/A/perfdata
0x00007ff91a17b000 	/System/Library/PrivateFrameworks/SystemPolicy.framework/Versions/A/SystemPolicy
0x00007ff824872000 	/usr/lib/libSMC.dylib
0x00007ff8249dd000 	/usr/lib/libperfcheck.dylib
0x00007ffb29b28000 	/System/Library/PrivateFrameworks/AudioAnalytics.framework/Versions/A/AudioAnalytics
0x00007ffe0e9d6000 	/usr/lib/swift/libswift_DarwinFoundation2.dylib
0x00007ffe0e9d7000 	/usr/lib/swift/libswift_DarwinFoundation3.dylib
0x00007ffa207e7000 	/System/Library/Frameworks/OSLog.framework/Versions/A/OSLog
0x00007ff91b0d0000 	/usr/lib/libmis.dylib
0x00007ff821f54000 	/System/Library/PrivateFrameworks/MediaExperience.framework/Versions/A/MediaExperience
0x00007ff824337000 	/System/Library/PrivateFrameworks/AudioSession.framework/libSessionUtility.dylib
0x00007ff822d4b000 	/System/Library/PrivateFrameworks/CMCaptureCore.framework/Versions/A/CMCaptureCore
0x00007ff82209f000 	/usr/lib/libspindump.dylib
0x00007ff8299ef000 	/System/Library/Frameworks/CoreBluetooth.framework/Versions/A/CoreBluetooth
0x00007ff81f044000 	/System/Library/PrivateFrameworks/CoreUtils.framework/Versions/A/CoreUtils
0x00007ff91361c000 	/System/Library/PrivateFrameworks/HID.framework/Versions/A/HID
0x00007ffc127cd000 	/System/Library/PrivateFrameworks/CoreUtilsExtras.framework/Versions/A/CoreUtilsExtras
0x00007ffc20647000 	/System/Library/PrivateFrameworks/IO80211.framework/Versions/A/IO80211
0x00007ff8262ca000 	/System/Library/Frameworks/IOBluetooth.framework/Versions/A/IOBluetooth
0x00007ff929047000 	/usr/lib/swift/libswiftCompression.dylib
0x00007ffb2978b000 	/System/Library/PrivateFrameworks/ArgumentParserInternal.framework/Versions/A/ArgumentParserInternal
0x00007ff821ba3000 	/usr/lib/libIOReport.dylib
0x00007ff81f1de000 	/System/Library/Frameworks/SecurityFoundation.framework/Versions/A/SecurityFoundation
0x00007ff8112d7000 	/System/Library/PrivateFrameworks/Lexicon.framework/Versions/A/Lexicon
0x00007ff82acb8000 	/System/Library/PrivateFrameworks/FrontBoardServices.framework/Versions/A/FrontBoardServices
0x00007ff81f337000 	/usr/lib/libgermantok.dylib
0x00007ff81dd60000 	/System/Library/PrivateFrameworks/LinguisticData.framework/Versions/A/LinguisticData
0x00007ff829bf8000 	/System/Library/PrivateFrameworks/MediaKit.framework/Versions/A/MediaKit
0x00007ff829b52000 	/System/Library/Frameworks/DiscRecording.framework/Versions/A/DiscRecording
0x00007ff821e29000 	/usr/lib/libheimdal-asn1.dylib
0x00007ff82d771000 	/System/Library/Frameworks/AudioUnit.framework/Versions/A/AudioUnit
0x00007ff81ab3c000 	/System/Library/Frameworks/OpenDirectory.framework/Versions/A/OpenDirectory
0x00007ff81ab48000 	/System/Library/Frameworks/OpenDirectory.framework/Versions/A/Frameworks/CFOpenDirectory.framework/Versions/A/CFOpenDirectory
0x00007ffb1c25f000 	/System/Library/Frameworks/AVFAudio.framework/Versions/A/AVFAudio
0x00007ff914563000 	/usr/lib/libAccessibility.dylib
0x00007ffc23d6b000 	/System/Library/PrivateFrameworks/IsolatedCoreAudioClient.framework/Versions/A/IsolatedCoreAudioClient
0x00007ffa16dbb000 	/usr/lib/swift/libswiftCoreMedia.dylib
0x00007ffd1f382000 	/System/Library/PrivateFrameworks/Tightbeam.framework/Versions/A/Tightbeam
0x00007ffc0e85d000 	/System/Library/PrivateFrameworks/CoreAudioOrchestration.framework/Versions/A/CoreAudioOrchestration
0x00007ffa13602000 	/System/Library/PrivateFrameworks/AFKUser.framework/Versions/A/AFKUser
0x00007ff828d46000 	/System/Library/Frameworks/MediaAccessibility.framework/Versions/A/MediaAccessibility
0x00007ffd23202000 	/System/Library/PrivateFrameworks/VideoToolboxParavirtualizationSupport.framework/Versions/A/VideoToolboxParavirtualizationSupport
0x00007ff821dbf000 	/System/Library/PrivateFrameworks/AppleVA.framework/Versions/A/AppleVA
0x00007ff822cd4000 	/System/Library/PrivateFrameworks/GPUWrangler.framework/Versions/A/GPUWrangler
0x00007ff822cb8000 	/System/Library/PrivateFrameworks/IOPresentment.framework/Versions/A/IOPresentment
0x00007ff822cde000 	/System/Library/PrivateFrameworks/DSExternalDisplay.framework/Versions/A/DSExternalDisplay
0x00007ffb295ed000 	/System/Library/PrivateFrameworks/AppleMobileFileIntegrity.framework/Versions/A/AppleMobileFileIntegrity
0x00007ffd2d381000 	/usr/lib/libTLE.dylib
0x00007ffb1132a000 	/System/Library/PrivateFrameworks/ConfigProfileHelper.framework/Versions/A/ConfigProfileHelper
0x00007ffa2625d000 	/usr/lib/libedit.3.dylib
0x00007ffc24fdf000 	/System/Library/PrivateFrameworks/MIL.framework/Versions/A/MIL
0x00007ff920515000 	/usr/lib/libncurses.5.4.dylib
0x00007ff81ef80000 	/System/Library/PrivateFrameworks/CoreEmoji.framework/Versions/A/CoreEmoji
0x00007ff81163f000 	/usr/lib/libCRFSuite.dylib
0x00007ff81dc50000 	/System/Library/PrivateFrameworks/CoreNLP.framework/Versions/A/CoreNLP
0x00007ff81f2dc000 	/usr/lib/libmecab.dylib
0x00007ff8202ae000 	/usr/lib/libThaiTokenizer.dylib
0x00007ff823196000 	/System/Library/PrivateFrameworks/DataDetectorsCore.framework/Versions/A/DataDetectorsCore
0x00007ffb1d95c000 	/System/Library/Frameworks/DataDetection.framework/Versions/A/DataDetection
0x00007ff91ef93000 	/System/Library/PrivateFrameworks/TextInput.framework/Versions/A/TextInput
0x00007ffa20c85000 	/System/Library/PrivateFrameworks/HIDDisplay.framework/Versions/A/HIDDisplay
0x00007ff824953000 	/usr/lib/libcups.2.dylib
0x00007ff8249ec000 	/System/Library/Frameworks/Kerberos.framework/Versions/A/Kerberos
0x00007ff824650000 	/usr/lib/libresolv.9.dylib
0x00007ff8220a6000 	/System/Library/PrivateFrameworks/Heimdal.framework/Versions/A/Heimdal
0x00007ff82d770000 	/System/Library/Frameworks/Kerberos.framework/Versions/A/Libraries/libHeimdalProxy.dylib
0x00007ff824a44000 	/System/Library/PrivateFrameworks/CommonAuth.framework/Versions/A/CommonAuth
0x00007ff91447f000 	/System/Library/PrivateFrameworks/AXCoreUtilities.framework/Versions/A/AXCoreUtilities
0x00007ff923de7000 	/System/Library/PrivateFrameworks/AttributeGraph.framework/Versions/A/AttributeGraph
0x00007ffd2cdfa000 	/usr/lib/libAXSafeCategoryBundle.dylib
0x00007ff81edb1000 	/System/Library/Frameworks/Accelerate.framework/Versions/A/Frameworks/vecLib.framework/Versions/A/libvDSP.dylib
0x00007ff82040b000 	/System/Library/Frameworks/Accelerate.framework/Versions/A/Frameworks/vecLib.framework/Versions/A/libLAPACK.dylib
0x00007ff81f33a000 	/System/Library/Frameworks/Accelerate.framework/Versions/A/Frameworks/vecLib.framework/Versions/A/libLinearAlgebra.dylib
0x00007ff8202f2000 	/System/Library/Frameworks/Accelerate.framework/Versions/A/Frameworks/vecLib.framework/Versions/A/libSparseBLAS.dylib
0x00007ff820405000 	/System/Library/Frameworks/Accelerate.framework/Versions/A/Frameworks/vecLib.framework/Versions/A/libQuadrature.dylib
0x00007ff81dd67000 	/System/Library/Frameworks/Accelerate.framework/Versions/A/Frameworks/vecLib.framework/Versions/A/libBNNS.dylib
0x00007ff8113e2000 	/System/Library/Frameworks/Accelerate.framework/Versions/A/Frameworks/vecLib.framework/Versions/A/libSparse.dylib
0x00007ffb1d4f8000 	/System/Library/Frameworks/CoreTransferable.framework/Versions/A/CoreTransferable
0x00007ff8249b6000 	/System/Library/PrivateFrameworks/NetAuth.framework/Versions/A/NetAuth
0x00007ff81ad3c000 	/System/Library/PrivateFrameworks/login.framework/Versions/A/Frameworks/loginsupport.framework/Versions/A/loginsupport
0x00007ff815d1c000 	/System/Library/PrivateFrameworks/UIFoundation.framework/Versions/A/UIFoundation
0x00007ff81f2aa000 	/usr/lib/libCheckFix.dylib
0x00007ff819c5f000 	/System/Library/PrivateFrameworks/MetadataUtilities.framework/Versions/A/MetadataUtilities
0x00007ffc20ff9000 	/System/Library/PrivateFrameworks/InstalledContentLibrary.framework/Versions/A/InstalledContentLibrary
0x00007ff8143ac000 	/System/Library/PrivateFrameworks/CoreServicesStore.framework/Versions/A/CoreServicesStore
0x00007ff81ab99000 	/usr/lib/libapp_launch_measurement.dylib
0x00007ffa0eb5d000 	/System/Library/PrivateFrameworks/MobileSystemServices.framework/Versions/A/MobileSystemServices
0x00007ff821967000 	/usr/lib/libxslt.1.dylib
0x00007ff81f26d000 	/System/Library/PrivateFrameworks/BackgroundTaskManagement.framework/Versions/A/BackgroundTaskManagement
0x00007ff82cef6000 	/usr/lib/libcurl.4.dylib
0x00007ffd2d719000 	/usr/lib/libcrypto.46.dylib
0x00007ffe0e4d8000 	/usr/lib/libssl.48.dylib
0x00007ff82cbd7000 	/System/Library/Frameworks/LDAP.framework/Versions/A/LDAP
0x00007ff82cc12000 	/System/Library/PrivateFrameworks/TrustEvaluationAgent.framework/Versions/A/TrustEvaluationAgent
0x00007ff82466d000 	/usr/lib/libsasl2.2.dylib
0x00007ff82feef000 	/System/Library/Frameworks/Cocoa.framework/Versions/A/Cocoa
0x00007ff814523000 	/System/Library/Frameworks/AppKit.framework/Versions/C/AppKit
0x00007ffb2cefe000 	/System/Library/PrivateFrameworks/CollectionViewCore.framework/Versions/A/CollectionViewCore
0x00007ff81d2a8000 	/System/Library/PrivateFrameworks/XCTTargetBootstrap.framework/Versions/A/XCTTargetBootstrap
0x00007ff8231df000 	/System/Library/PrivateFrameworks/UserActivity.framework/Versions/A/UserActivity
0x00007ffc150a5000 	/System/Library/PrivateFrameworks/FrontBoard.framework/Versions/A/FrontBoard
0x00007ffd2108f000 	/System/Library/PrivateFrameworks/UIIntelligenceSupport.framework/Versions/A/UIIntelligenceSupport
0x00007ffb22b4f000 	/System/Library/Frameworks/SwiftUICore.framework/Versions/A/SwiftUICore
0x00007ffd26eeb000 	/System/Library/PrivateFrameworks/WritingTools.framework/Versions/A/WritingTools
0x00007ffd25e82000 	/System/Library/PrivateFrameworks/WindowManagement.framework/Versions/A/WindowManagement
0x00007ffc14dfd000 	/System/Library/PrivateFrameworks/FocusEngine.framework/Versions/A/FocusEngine
0x00007ffc12e03000 	/System/Library/PrivateFrameworks/DesignLibrary.framework/Versions/A/DesignLibrary
0x00007ff81d295000 	/System/Library/PrivateFrameworks/DFRFoundation.framework/Versions/A/DFRFoundation
0x00007ffd21b41000 	/System/Library/PrivateFrameworks/UpdateCycle.framework/Versions/A/UpdateCycle
0x00007ff81cfb7000 	/System/Library/Frameworks/Carbon.framework/Versions/A/Frameworks/HIToolbox.framework/Versions/A/HIToolbox
0x00007ff82866e000 	/System/Library/Frameworks/Carbon.framework/Versions/A/Frameworks/SpeechRecognition.framework/Versions/A/SpeechRecognition
0x00007ff81ab31000 	/System/Library/PrivateFrameworks/PerformanceAnalysis.framework/Versions/A/PerformanceAnalysis
0x00007ff8289fd000 	/System/Library/Frameworks/Accessibility.framework/Versions/A/Accessibility
0x00007ffb23a41000 	/System/Library/Frameworks/Symbols.framework/Versions/A/Symbols
0x00007ffc1db30000 	/System/Library/PrivateFrameworks/Gestures.framework/Versions/A/Gestures
0x00007ff91831d000 	/usr/lib/swift/libswiftCoreGraphics.dylib
0x00007ff82940c000 	/usr/lib/swift/libswiftFoundation.dylib
0x00007ffb10d00000 	/usr/lib/swift/libswiftSwiftOnoneSupport.dylib
0x00007ffe0eb42000 	/usr/lib/swift/libswiftsys_time.dylib
0x00007ffa1ca03000 	/System/Library/PrivateFrameworks/CoreMaterial.framework/Versions/A/CoreMaterial
0x00007ffe0e881000 	/usr/lib/swift/libswiftSpatial.dylib
0x00007ffd2d380000 	/usr/lib/libSpatial.dylib
0x00007ffd2cd11000 	/System/Library/SubFrameworks/UIUtilities.framework/Versions/A/UIUtilities
0x000000011511e000 	/Library/Java/JavaVirtualMachines/zulu-17.jdk/Contents/Home/lib/server/libjvm.dylib
0x000000010b93b000 	/Library/Java/JavaVirtualMachines/zulu-17.jdk/Contents/Home/lib/libjimage.dylib
0x000000010b95e000 	/Library/Java/JavaVirtualMachines/zulu-17.jdk/Contents/Home/lib/libinstrument.dylib
0x000000010b9a0000 	/Library/Java/JavaVirtualMachines/zulu-17.jdk/Contents/Home/lib/libjava.dylib
0x000000010bc67000 	/Library/Java/JavaVirtualMachines/zulu-17.jdk/Contents/Home/lib/libzip.dylib
0x000000010bc96000 	/Library/Java/JavaVirtualMachines/zulu-17.jdk/Contents/Home/lib/libnio.dylib
0x000000010bcd0000 	/Library/Java/JavaVirtualMachines/zulu-17.jdk/Contents/Home/lib/libnet.dylib
0x000000010bc7b000 	/Library/Java/JavaVirtualMachines/zulu-17.jdk/Contents/Home/lib/libverify.dylib
0x000000010b990000 	/Users/juanprogramador/.gradle/native/c067742578af261105cb4f569cf0c3c89f3d7b1fecec35dd04571415982c5e48/osx-amd64/libnative-platform.dylib
0x000000010bd5e000 	/Users/juanprogramador/.gradle/native/38dada09dfb8b06ba9b0570ebf7e218e3eb74d4ef43ca46872605cf95ebc2f47/osx-amd64/libnative-platform-file-events.dylib
0x000000010bcf0000 	/Library/Java/JavaVirtualMachines/zulu-17.jdk/Contents/Home/lib/libmanagement.dylib
0x000000010bd00000 	/Library/Java/JavaVirtualMachines/zulu-17.jdk/Contents/Home/lib/libmanagement_ext.dylib
0x000000010bcc0000 	/Library/Java/JavaVirtualMachines/zulu-17.jdk/Contents/Home/lib/libextnet.dylib
0x000000010b986000 	/private/var/folders/y5/8bd85fdx22161gc_fz2h96d80000gn/T/native-platform17312811590221239379dir/libnative-platform.dylib
0x00007ff91afbd000 	/usr/lib/libstdc++.6.dylib
0x000000010bd10000 	/Library/Java/JavaVirtualMachines/zulu-17.jdk/Contents/Home/lib/librmi.dylib


VM Arguments:
jvm_args: -XX:MaxMetaspaceSize=512m -XX:+HeapDumpOnOutOfMemoryError --add-opens=java.base/java.util=ALL-UNNAMED --add-opens=java.base/java.lang=ALL-UNNAMED --add-opens=java.base/java.lang.invoke=ALL-UNNAMED --add-opens=java.prefs/java.util.prefs=ALL-UNNAMED --add-opens=java.base/java.nio.charset=ALL-UNNAMED --add-opens=java.base/java.net=ALL-UNNAMED --add-opens=java.base/java.util.concurrent.atomic=ALL-UNNAMED -Xmx4096m -Dfile.encoding=UTF-8 -Duser.country=AR -Duser.language=es -Duser.variant -javaagent:/Users/juanprogramador/.gradle/wrapper/dists/gradle-8.6-bin/afr5mpiioh2wthjmwnkmdsd5w/gradle-8.6/lib/agents/gradle-instrumentation-agent-8.6.jar 
java_command: org.gradle.launcher.daemon.bootstrap.GradleDaemon 8.6
java_class_path (initial): /Users/juanprogramador/.gradle/wrapper/dists/gradle-8.6-bin/afr5mpiioh2wthjmwnkmdsd5w/gradle-8.6/lib/gradle-launcher-8.6.jar
Launcher Type: SUN_STANDARD

[Global flags]
     intx CICompilerCount                          = 12                                        {product} {ergonomic}
   size_t CompressedClassSpaceSize                 = 436207616                                 {product} {ergonomic}
     uint ConcGCThreads                            = 3                                         {product} {ergonomic}
     uint G1ConcRefinementThreads                  = 13                                        {product} {ergonomic}
   size_t G1HeapRegionSize                         = 2097152                                   {product} {ergonomic}
    uintx GCDrainStackTargetSize                   = 64                                        {product} {ergonomic}
     bool HeapDumpOnOutOfMemoryError               = true                                   {manageable} {command line}
   size_t InitialHeapSize                          = 536870912                                 {product} {ergonomic}
   size_t MarkStackSize                            = 4194304                                   {product} {ergonomic}
   size_t MaxHeapSize                              = 4294967296                                {product} {command line}
   size_t MaxMetaspaceSize                         = 536870912                                 {product} {command line}
   size_t MaxNewSize                               = 2575302656                                {product} {ergonomic}
   size_t MinHeapDeltaBytes                        = 2097152                                   {product} {ergonomic}
   size_t MinHeapSize                              = 8388608                                   {product} {ergonomic}
    uintx NonNMethodCodeHeapSize                   = 7602480                                {pd product} {ergonomic}
    uintx NonProfiledCodeHeapSize                  = 122027880                              {pd product} {ergonomic}
    uintx ProfiledCodeHeapSize                     = 122027880                              {pd product} {ergonomic}
    uintx ReservedCodeCacheSize                    = 251658240                              {pd product} {ergonomic}
     bool SegmentedCodeCache                       = true                                      {product} {ergonomic}
   size_t SoftMaxHeapSize                          = 4294967296                             {manageable} {ergonomic}
     bool UseCompressedClassPointers               = true                           {product lp64_product} {ergonomic}
     bool UseCompressedOops                        = true                           {product lp64_product} {ergonomic}
     bool UseG1GC                                  = true                                      {product} {ergonomic}
     bool UseNUMA                                  = false                                     {product} {ergonomic}
     bool UseNUMAInterleaving                      = false                                     {product} {ergonomic}

Logging:
Log output configuration:
 #0: stdout all=warning uptime,level,tags
 #1: stderr all=off uptime,level,tags

Environment Variables:
JAVA_HOME=/Library/Java/JavaVirtualMachines/zulu-17.jdk/Contents/Home
PATH=/Users/juanprogramador/Trabajos/ticketTransfer/v2/apps/mobile/node_modules/.bin:/Users/juanprogramador/Trabajos/ticketTransfer/v2/apps/node_modules/.bin:/Users/juanprogramador/Trabajos/ticketTransfer/v2/node_modules/.bin:/Users/juanprogramador/Trabajos/ticketTransfer/node_modules/.bin:/Users/juanprogramador/Trabajos/node_modules/.bin:/Users/juanprogramador/node_modules/.bin:/Users/node_modules/.bin:/node_modules/.bin:/usr/local/Cellar/node@20/20.20.0/lib/node_modules/npm/node_modules/@npmcli/run-script/lib/node-gyp-bin:./node_modules/.bin:/Users/juanprogramador/Trabajos/ticketTransfer/v2/node_modules/.bin:/Users/juanprogramador/Trabajos/ticketTransfer/v2/apps/mobile/node_modules/.bin:/Users/juanprogramador/.cache/node/corepack/v1/pnpm/9.0.0/dist/node-gyp-bin:/Users/juanprogramador/Trabajos/ticketTransfer/v2/node_modules/.bin:/Users/juanprogramador/.antigravity/antigravity/bin:/opt/homebrew/opt/ruby/bin:/opt/homebrew/opt/ruby/bin:/opt/homebrew/opt/ruby/bin:/opt/homebrew/opt/openjdk/bin:/opt/homebrew/lib/ruby/gems/3.3.0/bin:/opt/homebrew/opt/ruby/bin:/Users/juanprogramador/Develop/flutter/bin:/usr/local/opt/node@20/bin:/Users/juanprogramador/.rbenv/shims:/usr/local/bin:/usr/local/sbin:/System/Cryptexes/App/usr/bin:/usr/bin:/bin:/usr/sbin:/sbin:/var/run/com.apple.security.cryptexd/codex.system/bootstrap/usr/local/bin:/var/run/com.apple.security.cryptexd/codex.system/bootstrap/usr/bin:/var/run/com.apple.security.cryptexd/codex.system/bootstrap/usr/appleinternal/bin:/opt/pmk/env/global/bin:/Library/Apple/usr/bin:/Users/juanprogramador/.antigravity/antigravity/bin:/opt/homebrew/opt/ruby/bin:/opt/homebrew/opt/openjdk/bin:/opt/homebrew/lib/ruby/gems/3.3.0/bin:/Users/juanprogramador/Develop/flutter/bin:/usr/local/opt/node@20/bin:/Users/juanprogramador/.rbenv/shims:/Users/juanprogramador/Library/Android/sdk/emulator:/Users/juanprogramador/Library/Android/sdk/platform-tools:/Users/juanprogramador/Library/Android/sdk/tools:/Users/juanprogramador/Library/Android/sdk/tools/bin:/Users/juanprogramador/Library/Android/sdk/emulator:/Users/juanprogramador/Library/Android/sdk/platform-tools:/Users/juanprogramador/Library/Android/sdk/tools:/Users/juanprogramador/Library/Android/sdk/tools/bin
SHELL=/bin/zsh
LANG=en_US.UTF-8
LC_ALL=en_US.UTF-8
TERM=xterm-256color
TMPDIR=/var/folders/y5/8bd85fdx22161gc_fz2h96d80000gn/T/

Active Locale:
LC_ALL=en_US.UTF-8
LC_COLLATE=en_US.UTF-8
LC_CTYPE=en_US.UTF-8
LC_MESSAGES=en_US.UTF-8
LC_MONETARY=en_US.UTF-8
LC_NUMERIC=en_US.UTF-8
LC_TIME=en_US.UTF-8

Signal Handlers:
   SIGSEGV: crash_handler in libjvm.dylib, mask=11100110000111110111111111111111, flags=SA_RESTART|SA_SIGINFO, unblocked
    SIGBUS: crash_handler in libjvm.dylib, mask=11100110000111110111111111111111, flags=SA_RESTART|SA_SIGINFO, unblocked
    SIGFPE: crash_handler in libjvm.dylib, mask=11100110000111110111111111111111, flags=SA_RESTART|SA_SIGINFO, unblocked
   SIGPIPE: javaSignalHandler in libjvm.dylib, mask=11100110000111110111111111111111, flags=SA_RESTART|SA_SIGINFO, blocked
   SIGXFSZ: javaSignalHandler in libjvm.dylib, mask=11100110000111110111111111111111, flags=SA_RESTART|SA_SIGINFO, blocked
    SIGILL: crash_handler in libjvm.dylib, mask=11100110000111110111111111111111, flags=SA_RESTART|SA_SIGINFO, unblocked
   SIGUSR2: SR_handler in libjvm.dylib, mask=00100000000000000000000000000000, flags=SA_RESTART|SA_SIGINFO, blocked
    SIGHUP: UserHandler in libjvm.dylib, mask=11100110000111110111111111111111, flags=SA_RESTART|SA_SIGINFO, blocked
    SIGINT: UserHandler in libjvm.dylib, mask=11100110000111110111111111111111, flags=SA_RESTART|SA_SIGINFO, blocked
   SIGTERM: UserHandler in libjvm.dylib, mask=11100110000111110111111111111111, flags=SA_RESTART|SA_SIGINFO, blocked
   SIGQUIT: UserHandler in libjvm.dylib, mask=11100110000111110111111111111111, flags=SA_RESTART|SA_SIGINFO, blocked
   SIGTRAP: crash_handler in libjvm.dylib, mask=11100110000111110111111111111111, flags=SA_RESTART|SA_SIGINFO, unblocked


Periodic native trim disabled


---------------  S Y S T E M  ---------------

OS:
uname: Darwin 25.1.0 Darwin Kernel Version 25.1.0: Mon Oct 20 19:26:51 PDT 2025; root:xnu-12377.41.6~2/RELEASE_X86_64 x86_64
OS uptime: 0 days 9:13 hours
rlimit (soft/hard): STACK 8192k/65532k , CORE 0k/infinity , NPROC 5568/8352 , NOFILE 1048576/infinity , AS infinity/infinity , CPU infinity/infinity , DATA infinity/infinity , FSIZE infinity/infinity , MEMLOCK infinity/infinity , RSS infinity/infinity
load average: 4.72 3.34 2.75

CPU: total 16 (initial active 16) (8 cores per cpu, 2 threads per core) family 6 model 158 stepping 13 microcode 0x104, cx8, cmov, fxsr, ht, mmx, 3dnowpref, sse, sse2, sse3, ssse3, sse4.1, sse4.2, popcnt, lzcnt, tsc, tscinvbit, avx, avx2, aes, erms, clmul, bmi1, bmi2, adx, fma, vzeroupper, clflush, clflushopt
machdep.cpu.brand_string:Intel(R) Core(TM) i9-9980HK CPU @ 2.40GHz
hw.cpufrequency:2400000000
hw.cpufrequency_min:2400000000
hw.cpufrequency_max:2400000000
hw.cachelinesize:64
hw.l1icachesize:32768
hw.l1dcachesize:32768
hw.l2cachesize:262144
hw.l3cachesize:16777216

Memory: 4k page, physical 33554432k(1708184k free), swap 2097152k(1470976k free)

vm_info: OpenJDK 64-Bit Server VM (17.0.17+10-LTS) for bsd-amd64 JRE (17.0.17+10-LTS) (Zulu17.62+17-CA), built on Oct  4 2025 07:48:03 by "tester" with clang Apple LLVM 12.0.5 (clang-1205.0.22.11)

END.
